cycle_activity.cycles_l3_miss, 0x2a3
cycle_activity.stalls_l3_miss, 0x6a3
hle_retired.aborted, 0x4c8
hle_retired.aborted_events, 0x80c8
hle_retired.aborted_mem, 0x8c8
hle_retired.aborted_memtype, 0x40c8
hle_retired.aborted_timer, 0x10c8
hle_retired.aborted_unfriendly, 0x20c8
hle_retired.commit, 0x2c8
hle_retired.start, 0x1c8
machine_clears.memory_ordering, 0x2c3
mem_trans_retired.load_latency_gt_128, 0x1cd, 0x80
mem_trans_retired.load_latency_gt_16, 0x1cd, 0x10
mem_trans_retired.load_latency_gt_256, 0x1cd, 0x100
mem_trans_retired.load_latency_gt_32, 0x1cd, 0x20
mem_trans_retired.load_latency_gt_4, 0x1cd, 0x4
mem_trans_retired.load_latency_gt_512, 0x1cd, 0x200
mem_trans_retired.load_latency_gt_64, 0x1cd, 0x40
mem_trans_retired.load_latency_gt_8, 0x1cd, 0x8
ocr.all_data_rd.l3_miss.any_snoop_0, 0x1b7, 0x3fbc000491
ocr.all_data_rd.l3_miss.any_snoop_1, 0x1bb, 0x3fbc000491
ocr.all_data_rd.l3_miss.hitm_other_core_0, 0x1b7, 0x103c000491
ocr.all_data_rd.l3_miss.hitm_other_core_1, 0x1bb, 0x103c000491
ocr.all_data_rd.l3_miss.hit_other_core_fwd_0, 0x1b7, 0x83c000491
ocr.all_data_rd.l3_miss.hit_other_core_fwd_1, 0x1bb, 0x83c000491
ocr.all_data_rd.l3_miss.hit_other_core_no_fwd_0, 0x1b7, 0x43c000491
ocr.all_data_rd.l3_miss.hit_other_core_no_fwd_1, 0x1bb, 0x43c000491
ocr.all_data_rd.l3_miss.no_snoop_needed_0, 0x1b7, 0x13c000491
ocr.all_data_rd.l3_miss.no_snoop_needed_1, 0x1bb, 0x13c000491
ocr.all_data_rd.l3_miss.remote_hitm_0, 0x1b7, 0x103fc00491
ocr.all_data_rd.l3_miss.remote_hitm_1, 0x1bb, 0x103fc00491
ocr.all_data_rd.l3_miss.remote_hit_forward_0, 0x1b7, 0x83fc00491
ocr.all_data_rd.l3_miss.remote_hit_forward_1, 0x1bb, 0x83fc00491
ocr.all_data_rd.l3_miss.snoop_miss_0, 0x1b7, 0x23c000491
ocr.all_data_rd.l3_miss.snoop_miss_1, 0x1bb, 0x23c000491
ocr.all_data_rd.l3_miss.snoop_none_0, 0x1b7, 0xbc000491
ocr.all_data_rd.l3_miss.snoop_none_1, 0x1bb, 0xbc000491
ocr.all_data_rd.l3_miss_local_dram.any_snoop_0, 0x1b7, 0x3f84000491
ocr.all_data_rd.l3_miss_local_dram.any_snoop_1, 0x1bb, 0x3f84000491
ocr.all_data_rd.l3_miss_local_dram.hitm_other_core_0, 0x1b7, 0x1004000491
ocr.all_data_rd.l3_miss_local_dram.hitm_other_core_1, 0x1bb, 0x1004000491
ocr.all_data_rd.l3_miss_local_dram.hit_other_core_fwd_0, 0x1b7, 0x804000491
ocr.all_data_rd.l3_miss_local_dram.hit_other_core_fwd_1, 0x1bb, 0x804000491
ocr.all_data_rd.l3_miss_local_dram.hit_other_core_no_fwd_0, 0x1b7, 0x404000491
ocr.all_data_rd.l3_miss_local_dram.hit_other_core_no_fwd_1, 0x1bb, 0x404000491
ocr.all_data_rd.l3_miss_local_dram.no_snoop_needed_0, 0x1b7, 0x104000491
ocr.all_data_rd.l3_miss_local_dram.no_snoop_needed_1, 0x1bb, 0x104000491
ocr.all_data_rd.l3_miss_local_dram.snoop_miss_0, 0x1b7, 0x204000491
ocr.all_data_rd.l3_miss_local_dram.snoop_miss_1, 0x1bb, 0x204000491
ocr.all_data_rd.l3_miss_local_dram.snoop_miss_or_no_fwd_0, 0x1b7, 0x604000491
ocr.all_data_rd.l3_miss_local_dram.snoop_miss_or_no_fwd_1, 0x1bb, 0x604000491
ocr.all_data_rd.l3_miss_local_dram.snoop_none_0, 0x1b7, 0x84000491
ocr.all_data_rd.l3_miss_local_dram.snoop_none_1, 0x1bb, 0x84000491
ocr.all_data_rd.l3_miss_remote_dram.snoop_miss_or_no_fwd_0, 0x1b7, 0x63b800491
ocr.all_data_rd.l3_miss_remote_dram.snoop_miss_or_no_fwd_1, 0x1bb, 0x63b800491
ocr.all_data_rd.l3_miss_remote_hop1_dram.any_snoop_0, 0x1b7, 0x3f90000491
ocr.all_data_rd.l3_miss_remote_hop1_dram.any_snoop_1, 0x1bb, 0x3f90000491
ocr.all_data_rd.l3_miss_remote_hop1_dram.hitm_other_core_0, 0x1b7, 0x1010000491
ocr.all_data_rd.l3_miss_remote_hop1_dram.hitm_other_core_1, 0x1bb, 0x1010000491
ocr.all_data_rd.l3_miss_remote_hop1_dram.hit_other_core_fwd_0, 0x1b7, 0x810000491
ocr.all_data_rd.l3_miss_remote_hop1_dram.hit_other_core_fwd_1, 0x1bb, 0x810000491
ocr.all_data_rd.l3_miss_remote_hop1_dram.hit_other_core_no_fwd_0, 0x1b7, 0x410000491
ocr.all_data_rd.l3_miss_remote_hop1_dram.hit_other_core_no_fwd_1, 0x1bb, 0x410000491
ocr.all_data_rd.l3_miss_remote_hop1_dram.no_snoop_needed_0, 0x1b7, 0x110000491
ocr.all_data_rd.l3_miss_remote_hop1_dram.no_snoop_needed_1, 0x1bb, 0x110000491
ocr.all_data_rd.l3_miss_remote_hop1_dram.snoop_miss_0, 0x1b7, 0x210000491
ocr.all_data_rd.l3_miss_remote_hop1_dram.snoop_miss_1, 0x1bb, 0x210000491
ocr.all_data_rd.l3_miss_remote_hop1_dram.snoop_none_0, 0x1b7, 0x90000491
ocr.all_data_rd.l3_miss_remote_hop1_dram.snoop_none_1, 0x1bb, 0x90000491
ocr.all_pf_data_rd.l3_miss.any_snoop_0, 0x1b7, 0x3fbc000490
ocr.all_pf_data_rd.l3_miss.any_snoop_1, 0x1bb, 0x3fbc000490
ocr.all_pf_data_rd.l3_miss.hitm_other_core_0, 0x1b7, 0x103c000490
ocr.all_pf_data_rd.l3_miss.hitm_other_core_1, 0x1bb, 0x103c000490
ocr.all_pf_data_rd.l3_miss.hit_other_core_fwd_0, 0x1b7, 0x83c000490
ocr.all_pf_data_rd.l3_miss.hit_other_core_fwd_1, 0x1bb, 0x83c000490
ocr.all_pf_data_rd.l3_miss.hit_other_core_no_fwd_0, 0x1b7, 0x43c000490
ocr.all_pf_data_rd.l3_miss.hit_other_core_no_fwd_1, 0x1bb, 0x43c000490
ocr.all_pf_data_rd.l3_miss.no_snoop_needed_0, 0x1b7, 0x13c000490
ocr.all_pf_data_rd.l3_miss.no_snoop_needed_1, 0x1bb, 0x13c000490
ocr.all_pf_data_rd.l3_miss.remote_hitm_0, 0x1b7, 0x103fc00490
ocr.all_pf_data_rd.l3_miss.remote_hitm_1, 0x1bb, 0x103fc00490
ocr.all_pf_data_rd.l3_miss.remote_hit_forward_0, 0x1b7, 0x83fc00490
ocr.all_pf_data_rd.l3_miss.remote_hit_forward_1, 0x1bb, 0x83fc00490
ocr.all_pf_data_rd.l3_miss.snoop_miss_0, 0x1b7, 0x23c000490
ocr.all_pf_data_rd.l3_miss.snoop_miss_1, 0x1bb, 0x23c000490
ocr.all_pf_data_rd.l3_miss.snoop_none_0, 0x1b7, 0xbc000490
ocr.all_pf_data_rd.l3_miss.snoop_none_1, 0x1bb, 0xbc000490
ocr.all_pf_data_rd.l3_miss_local_dram.any_snoop_0, 0x1b7, 0x3f84000490
ocr.all_pf_data_rd.l3_miss_local_dram.any_snoop_1, 0x1bb, 0x3f84000490
ocr.all_pf_data_rd.l3_miss_local_dram.hitm_other_core_0, 0x1b7, 0x1004000490
ocr.all_pf_data_rd.l3_miss_local_dram.hitm_other_core_1, 0x1bb, 0x1004000490
ocr.all_pf_data_rd.l3_miss_local_dram.hit_other_core_fwd_0, 0x1b7, 0x804000490
ocr.all_pf_data_rd.l3_miss_local_dram.hit_other_core_fwd_1, 0x1bb, 0x804000490
ocr.all_pf_data_rd.l3_miss_local_dram.hit_other_core_no_fwd_0, 0x1b7, 0x404000490
ocr.all_pf_data_rd.l3_miss_local_dram.hit_other_core_no_fwd_1, 0x1bb, 0x404000490
ocr.all_pf_data_rd.l3_miss_local_dram.no_snoop_needed_0, 0x1b7, 0x104000490
ocr.all_pf_data_rd.l3_miss_local_dram.no_snoop_needed_1, 0x1bb, 0x104000490
ocr.all_pf_data_rd.l3_miss_local_dram.snoop_miss_0, 0x1b7, 0x204000490
ocr.all_pf_data_rd.l3_miss_local_dram.snoop_miss_1, 0x1bb, 0x204000490
ocr.all_pf_data_rd.l3_miss_local_dram.snoop_miss_or_no_fwd_0, 0x1b7, 0x604000490
ocr.all_pf_data_rd.l3_miss_local_dram.snoop_miss_or_no_fwd_1, 0x1bb, 0x604000490
ocr.all_pf_data_rd.l3_miss_local_dram.snoop_none_0, 0x1b7, 0x84000490
ocr.all_pf_data_rd.l3_miss_local_dram.snoop_none_1, 0x1bb, 0x84000490
ocr.all_pf_data_rd.l3_miss_remote_dram.snoop_miss_or_no_fwd_0, 0x1b7, 0x63b800490
ocr.all_pf_data_rd.l3_miss_remote_dram.snoop_miss_or_no_fwd_1, 0x1bb, 0x63b800490
ocr.all_pf_data_rd.l3_miss_remote_hop1_dram.any_snoop_0, 0x1b7, 0x3f90000490
ocr.all_pf_data_rd.l3_miss_remote_hop1_dram.any_snoop_1, 0x1bb, 0x3f90000490
ocr.all_pf_data_rd.l3_miss_remote_hop1_dram.hitm_other_core_0, 0x1b7, 0x1010000490
ocr.all_pf_data_rd.l3_miss_remote_hop1_dram.hitm_other_core_1, 0x1bb, 0x1010000490
ocr.all_pf_data_rd.l3_miss_remote_hop1_dram.hit_other_core_fwd_0, 0x1b7, 0x810000490
ocr.all_pf_data_rd.l3_miss_remote_hop1_dram.hit_other_core_fwd_1, 0x1bb, 0x810000490
ocr.all_pf_data_rd.l3_miss_remote_hop1_dram.hit_other_core_no_fwd_0, 0x1b7, 0x410000490
ocr.all_pf_data_rd.l3_miss_remote_hop1_dram.hit_other_core_no_fwd_1, 0x1bb, 0x410000490
ocr.all_pf_data_rd.l3_miss_remote_hop1_dram.no_snoop_needed_0, 0x1b7, 0x110000490
ocr.all_pf_data_rd.l3_miss_remote_hop1_dram.no_snoop_needed_1, 0x1bb, 0x110000490
ocr.all_pf_data_rd.l3_miss_remote_hop1_dram.snoop_miss_0, 0x1b7, 0x210000490
ocr.all_pf_data_rd.l3_miss_remote_hop1_dram.snoop_miss_1, 0x1bb, 0x210000490
ocr.all_pf_data_rd.l3_miss_remote_hop1_dram.snoop_none_0, 0x1b7, 0x90000490
ocr.all_pf_data_rd.l3_miss_remote_hop1_dram.snoop_none_1, 0x1bb, 0x90000490
ocr.all_pf_rfo.l3_miss.any_snoop_0, 0x1b7, 0x3fbc000120
ocr.all_pf_rfo.l3_miss.any_snoop_1, 0x1bb, 0x3fbc000120
ocr.all_pf_rfo.l3_miss.hitm_other_core_0, 0x1b7, 0x103c000120
ocr.all_pf_rfo.l3_miss.hitm_other_core_1, 0x1bb, 0x103c000120
ocr.all_pf_rfo.l3_miss.hit_other_core_fwd_0, 0x1b7, 0x83c000120
ocr.all_pf_rfo.l3_miss.hit_other_core_fwd_1, 0x1bb, 0x83c000120
ocr.all_pf_rfo.l3_miss.hit_other_core_no_fwd_0, 0x1b7, 0x43c000120
ocr.all_pf_rfo.l3_miss.hit_other_core_no_fwd_1, 0x1bb, 0x43c000120
ocr.all_pf_rfo.l3_miss.no_snoop_needed_0, 0x1b7, 0x13c000120
ocr.all_pf_rfo.l3_miss.no_snoop_needed_1, 0x1bb, 0x13c000120
ocr.all_pf_rfo.l3_miss.remote_hitm_0, 0x1b7, 0x103fc00120
ocr.all_pf_rfo.l3_miss.remote_hitm_1, 0x1bb, 0x103fc00120
ocr.all_pf_rfo.l3_miss.remote_hit_forward_0, 0x1b7, 0x83fc00120
ocr.all_pf_rfo.l3_miss.remote_hit_forward_1, 0x1bb, 0x83fc00120
ocr.all_pf_rfo.l3_miss.snoop_miss_0, 0x1b7, 0x23c000120
ocr.all_pf_rfo.l3_miss.snoop_miss_1, 0x1bb, 0x23c000120
ocr.all_pf_rfo.l3_miss.snoop_none_0, 0x1b7, 0xbc000120
ocr.all_pf_rfo.l3_miss.snoop_none_1, 0x1bb, 0xbc000120
ocr.all_pf_rfo.l3_miss_local_dram.any_snoop_0, 0x1b7, 0x3f84000120
ocr.all_pf_rfo.l3_miss_local_dram.any_snoop_1, 0x1bb, 0x3f84000120
ocr.all_pf_rfo.l3_miss_local_dram.hitm_other_core_0, 0x1b7, 0x1004000120
ocr.all_pf_rfo.l3_miss_local_dram.hitm_other_core_1, 0x1bb, 0x1004000120
ocr.all_pf_rfo.l3_miss_local_dram.hit_other_core_fwd_0, 0x1b7, 0x804000120
ocr.all_pf_rfo.l3_miss_local_dram.hit_other_core_fwd_1, 0x1bb, 0x804000120
ocr.all_pf_rfo.l3_miss_local_dram.hit_other_core_no_fwd_0, 0x1b7, 0x404000120
ocr.all_pf_rfo.l3_miss_local_dram.hit_other_core_no_fwd_1, 0x1bb, 0x404000120
ocr.all_pf_rfo.l3_miss_local_dram.no_snoop_needed_0, 0x1b7, 0x104000120
ocr.all_pf_rfo.l3_miss_local_dram.no_snoop_needed_1, 0x1bb, 0x104000120
ocr.all_pf_rfo.l3_miss_local_dram.snoop_miss_0, 0x1b7, 0x204000120
ocr.all_pf_rfo.l3_miss_local_dram.snoop_miss_1, 0x1bb, 0x204000120
ocr.all_pf_rfo.l3_miss_local_dram.snoop_miss_or_no_fwd_0, 0x1b7, 0x604000120
ocr.all_pf_rfo.l3_miss_local_dram.snoop_miss_or_no_fwd_1, 0x1bb, 0x604000120
ocr.all_pf_rfo.l3_miss_local_dram.snoop_none_0, 0x1b7, 0x84000120
ocr.all_pf_rfo.l3_miss_local_dram.snoop_none_1, 0x1bb, 0x84000120
ocr.all_pf_rfo.l3_miss_remote_dram.snoop_miss_or_no_fwd_0, 0x1b7, 0x63b800120
ocr.all_pf_rfo.l3_miss_remote_dram.snoop_miss_or_no_fwd_1, 0x1bb, 0x63b800120
ocr.all_pf_rfo.l3_miss_remote_hop1_dram.any_snoop_0, 0x1b7, 0x3f90000120
ocr.all_pf_rfo.l3_miss_remote_hop1_dram.any_snoop_1, 0x1bb, 0x3f90000120
ocr.all_pf_rfo.l3_miss_remote_hop1_dram.hitm_other_core_0, 0x1b7, 0x1010000120
ocr.all_pf_rfo.l3_miss_remote_hop1_dram.hitm_other_core_1, 0x1bb, 0x1010000120
ocr.all_pf_rfo.l3_miss_remote_hop1_dram.hit_other_core_fwd_0, 0x1b7, 0x810000120
ocr.all_pf_rfo.l3_miss_remote_hop1_dram.hit_other_core_fwd_1, 0x1bb, 0x810000120
ocr.all_pf_rfo.l3_miss_remote_hop1_dram.hit_other_core_no_fwd_0, 0x1b7, 0x410000120
ocr.all_pf_rfo.l3_miss_remote_hop1_dram.hit_other_core_no_fwd_1, 0x1bb, 0x410000120
ocr.all_pf_rfo.l3_miss_remote_hop1_dram.no_snoop_needed_0, 0x1b7, 0x110000120
ocr.all_pf_rfo.l3_miss_remote_hop1_dram.no_snoop_needed_1, 0x1bb, 0x110000120
ocr.all_pf_rfo.l3_miss_remote_hop1_dram.snoop_miss_0, 0x1b7, 0x210000120
ocr.all_pf_rfo.l3_miss_remote_hop1_dram.snoop_miss_1, 0x1bb, 0x210000120
ocr.all_pf_rfo.l3_miss_remote_hop1_dram.snoop_none_0, 0x1b7, 0x90000120
ocr.all_pf_rfo.l3_miss_remote_hop1_dram.snoop_none_1, 0x1bb, 0x90000120
ocr.all_reads.l3_miss.any_snoop_0, 0x1b7, 0x3fbc0007f7
ocr.all_reads.l3_miss.any_snoop_1, 0x1bb, 0x3fbc0007f7
ocr.all_reads.l3_miss.hitm_other_core_0, 0x1b7, 0x103c0007f7
ocr.all_reads.l3_miss.hitm_other_core_1, 0x1bb, 0x103c0007f7
ocr.all_reads.l3_miss.hit_other_core_fwd_0, 0x1b7, 0x83c0007f7
ocr.all_reads.l3_miss.hit_other_core_fwd_1, 0x1bb, 0x83c0007f7
ocr.all_reads.l3_miss.hit_other_core_no_fwd_0, 0x1b7, 0x43c0007f7
ocr.all_reads.l3_miss.hit_other_core_no_fwd_1, 0x1bb, 0x43c0007f7
ocr.all_reads.l3_miss.no_snoop_needed_0, 0x1b7, 0x13c0007f7
ocr.all_reads.l3_miss.no_snoop_needed_1, 0x1bb, 0x13c0007f7
ocr.all_reads.l3_miss.remote_hitm_0, 0x1b7, 0x103fc007f7
ocr.all_reads.l3_miss.remote_hitm_1, 0x1bb, 0x103fc007f7
ocr.all_reads.l3_miss.remote_hit_forward_0, 0x1b7, 0x83fc007f7
ocr.all_reads.l3_miss.remote_hit_forward_1, 0x1bb, 0x83fc007f7
ocr.all_reads.l3_miss.snoop_miss_0, 0x1b7, 0x23c0007f7
ocr.all_reads.l3_miss.snoop_miss_1, 0x1bb, 0x23c0007f7
ocr.all_reads.l3_miss.snoop_none_0, 0x1b7, 0xbc0007f7
ocr.all_reads.l3_miss.snoop_none_1, 0x1bb, 0xbc0007f7
ocr.all_reads.l3_miss_local_dram.any_snoop_0, 0x1b7, 0x3f840007f7
ocr.all_reads.l3_miss_local_dram.any_snoop_1, 0x1bb, 0x3f840007f7
ocr.all_reads.l3_miss_local_dram.hitm_other_core_0, 0x1b7, 0x10040007f7
ocr.all_reads.l3_miss_local_dram.hitm_other_core_1, 0x1bb, 0x10040007f7
ocr.all_reads.l3_miss_local_dram.hit_other_core_fwd_0, 0x1b7, 0x8040007f7
ocr.all_reads.l3_miss_local_dram.hit_other_core_fwd_1, 0x1bb, 0x8040007f7
ocr.all_reads.l3_miss_local_dram.hit_other_core_no_fwd_0, 0x1b7, 0x4040007f7
ocr.all_reads.l3_miss_local_dram.hit_other_core_no_fwd_1, 0x1bb, 0x4040007f7
ocr.all_reads.l3_miss_local_dram.no_snoop_needed_0, 0x1b7, 0x1040007f7
ocr.all_reads.l3_miss_local_dram.no_snoop_needed_1, 0x1bb, 0x1040007f7
ocr.all_reads.l3_miss_local_dram.snoop_miss_0, 0x1b7, 0x2040007f7
ocr.all_reads.l3_miss_local_dram.snoop_miss_1, 0x1bb, 0x2040007f7
ocr.all_reads.l3_miss_local_dram.snoop_miss_or_no_fwd_0, 0x1b7, 0x6040007f7
ocr.all_reads.l3_miss_local_dram.snoop_miss_or_no_fwd_1, 0x1bb, 0x6040007f7
ocr.all_reads.l3_miss_local_dram.snoop_none_0, 0x1b7, 0x840007f7
ocr.all_reads.l3_miss_local_dram.snoop_none_1, 0x1bb, 0x840007f7
ocr.all_reads.l3_miss_remote_dram.snoop_miss_or_no_fwd_0, 0x1b7, 0x63b8007f7
ocr.all_reads.l3_miss_remote_dram.snoop_miss_or_no_fwd_1, 0x1bb, 0x63b8007f7
ocr.all_reads.l3_miss_remote_hop1_dram.any_snoop_0, 0x1b7, 0x3f900007f7
ocr.all_reads.l3_miss_remote_hop1_dram.any_snoop_1, 0x1bb, 0x3f900007f7
ocr.all_reads.l3_miss_remote_hop1_dram.hitm_other_core_0, 0x1b7, 0x10100007f7
ocr.all_reads.l3_miss_remote_hop1_dram.hitm_other_core_1, 0x1bb, 0x10100007f7
ocr.all_reads.l3_miss_remote_hop1_dram.hit_other_core_fwd_0, 0x1b7, 0x8100007f7
ocr.all_reads.l3_miss_remote_hop1_dram.hit_other_core_fwd_1, 0x1bb, 0x8100007f7
ocr.all_reads.l3_miss_remote_hop1_dram.hit_other_core_no_fwd_0, 0x1b7, 0x4100007f7
ocr.all_reads.l3_miss_remote_hop1_dram.hit_other_core_no_fwd_1, 0x1bb, 0x4100007f7
ocr.all_reads.l3_miss_remote_hop1_dram.no_snoop_needed_0, 0x1b7, 0x1100007f7
ocr.all_reads.l3_miss_remote_hop1_dram.no_snoop_needed_1, 0x1bb, 0x1100007f7
ocr.all_reads.l3_miss_remote_hop1_dram.snoop_miss_0, 0x1b7, 0x2100007f7
ocr.all_reads.l3_miss_remote_hop1_dram.snoop_miss_1, 0x1bb, 0x2100007f7
ocr.all_reads.l3_miss_remote_hop1_dram.snoop_none_0, 0x1b7, 0x900007f7
ocr.all_reads.l3_miss_remote_hop1_dram.snoop_none_1, 0x1bb, 0x900007f7
ocr.all_rfo.l3_miss.any_snoop_0, 0x1b7, 0x3fbc000122
ocr.all_rfo.l3_miss.any_snoop_1, 0x1bb, 0x3fbc000122
ocr.all_rfo.l3_miss.hitm_other_core_0, 0x1b7, 0x103c000122
ocr.all_rfo.l3_miss.hitm_other_core_1, 0x1bb, 0x103c000122
ocr.all_rfo.l3_miss.hit_other_core_fwd_0, 0x1b7, 0x83c000122
ocr.all_rfo.l3_miss.hit_other_core_fwd_1, 0x1bb, 0x83c000122
ocr.all_rfo.l3_miss.hit_other_core_no_fwd_0, 0x1b7, 0x43c000122
ocr.all_rfo.l3_miss.hit_other_core_no_fwd_1, 0x1bb, 0x43c000122
ocr.all_rfo.l3_miss.no_snoop_needed_0, 0x1b7, 0x13c000122
ocr.all_rfo.l3_miss.no_snoop_needed_1, 0x1bb, 0x13c000122
ocr.all_rfo.l3_miss.remote_hitm_0, 0x1b7, 0x103fc00122
ocr.all_rfo.l3_miss.remote_hitm_1, 0x1bb, 0x103fc00122
ocr.all_rfo.l3_miss.remote_hit_forward_0, 0x1b7, 0x83fc00122
ocr.all_rfo.l3_miss.remote_hit_forward_1, 0x1bb, 0x83fc00122
ocr.all_rfo.l3_miss.snoop_miss_0, 0x1b7, 0x23c000122
ocr.all_rfo.l3_miss.snoop_miss_1, 0x1bb, 0x23c000122
ocr.all_rfo.l3_miss.snoop_none_0, 0x1b7, 0xbc000122
ocr.all_rfo.l3_miss.snoop_none_1, 0x1bb, 0xbc000122
ocr.all_rfo.l3_miss_local_dram.any_snoop_0, 0x1b7, 0x3f84000122
ocr.all_rfo.l3_miss_local_dram.any_snoop_1, 0x1bb, 0x3f84000122
ocr.all_rfo.l3_miss_local_dram.hitm_other_core_0, 0x1b7, 0x1004000122
ocr.all_rfo.l3_miss_local_dram.hitm_other_core_1, 0x1bb, 0x1004000122
ocr.all_rfo.l3_miss_local_dram.hit_other_core_fwd_0, 0x1b7, 0x804000122
ocr.all_rfo.l3_miss_local_dram.hit_other_core_fwd_1, 0x1bb, 0x804000122
ocr.all_rfo.l3_miss_local_dram.hit_other_core_no_fwd_0, 0x1b7, 0x404000122
ocr.all_rfo.l3_miss_local_dram.hit_other_core_no_fwd_1, 0x1bb, 0x404000122
ocr.all_rfo.l3_miss_local_dram.no_snoop_needed_0, 0x1b7, 0x104000122
ocr.all_rfo.l3_miss_local_dram.no_snoop_needed_1, 0x1bb, 0x104000122
ocr.all_rfo.l3_miss_local_dram.snoop_miss_0, 0x1b7, 0x204000122
ocr.all_rfo.l3_miss_local_dram.snoop_miss_1, 0x1bb, 0x204000122
ocr.all_rfo.l3_miss_local_dram.snoop_miss_or_no_fwd_0, 0x1b7, 0x604000122
ocr.all_rfo.l3_miss_local_dram.snoop_miss_or_no_fwd_1, 0x1bb, 0x604000122
ocr.all_rfo.l3_miss_local_dram.snoop_none_0, 0x1b7, 0x84000122
ocr.all_rfo.l3_miss_local_dram.snoop_none_1, 0x1bb, 0x84000122
ocr.all_rfo.l3_miss_remote_dram.snoop_miss_or_no_fwd_0, 0x1b7, 0x63b800122
ocr.all_rfo.l3_miss_remote_dram.snoop_miss_or_no_fwd_1, 0x1bb, 0x63b800122
ocr.all_rfo.l3_miss_remote_hop1_dram.any_snoop_0, 0x1b7, 0x3f90000122
ocr.all_rfo.l3_miss_remote_hop1_dram.any_snoop_1, 0x1bb, 0x3f90000122
ocr.all_rfo.l3_miss_remote_hop1_dram.hitm_other_core_0, 0x1b7, 0x1010000122
ocr.all_rfo.l3_miss_remote_hop1_dram.hitm_other_core_1, 0x1bb, 0x1010000122
ocr.all_rfo.l3_miss_remote_hop1_dram.hit_other_core_fwd_0, 0x1b7, 0x810000122
ocr.all_rfo.l3_miss_remote_hop1_dram.hit_other_core_fwd_1, 0x1bb, 0x810000122
ocr.all_rfo.l3_miss_remote_hop1_dram.hit_other_core_no_fwd_0, 0x1b7, 0x410000122
ocr.all_rfo.l3_miss_remote_hop1_dram.hit_other_core_no_fwd_1, 0x1bb, 0x410000122
ocr.all_rfo.l3_miss_remote_hop1_dram.no_snoop_needed_0, 0x1b7, 0x110000122
ocr.all_rfo.l3_miss_remote_hop1_dram.no_snoop_needed_1, 0x1bb, 0x110000122
ocr.all_rfo.l3_miss_remote_hop1_dram.snoop_miss_0, 0x1b7, 0x210000122
ocr.all_rfo.l3_miss_remote_hop1_dram.snoop_miss_1, 0x1bb, 0x210000122
ocr.all_rfo.l3_miss_remote_hop1_dram.snoop_none_0, 0x1b7, 0x90000122
ocr.all_rfo.l3_miss_remote_hop1_dram.snoop_none_1, 0x1bb, 0x90000122
ocr.demand_code_rd.l3_miss.any_snoop_0, 0x1b7, 0x3fbc000004
ocr.demand_code_rd.l3_miss.any_snoop_1, 0x1bb, 0x3fbc000004
ocr.demand_code_rd.l3_miss.hitm_other_core_0, 0x1b7, 0x103c000004
ocr.demand_code_rd.l3_miss.hitm_other_core_1, 0x1bb, 0x103c000004
ocr.demand_code_rd.l3_miss.hit_other_core_fwd_0, 0x1b7, 0x83c000004
ocr.demand_code_rd.l3_miss.hit_other_core_fwd_1, 0x1bb, 0x83c000004
ocr.demand_code_rd.l3_miss.hit_other_core_no_fwd_0, 0x1b7, 0x43c000004
ocr.demand_code_rd.l3_miss.hit_other_core_no_fwd_1, 0x1bb, 0x43c000004
ocr.demand_code_rd.l3_miss.no_snoop_needed_0, 0x1b7, 0x13c000004
ocr.demand_code_rd.l3_miss.no_snoop_needed_1, 0x1bb, 0x13c000004
ocr.demand_code_rd.l3_miss.remote_hitm_0, 0x1b7, 0x103fc00004
ocr.demand_code_rd.l3_miss.remote_hitm_1, 0x1bb, 0x103fc00004
ocr.demand_code_rd.l3_miss.remote_hit_forward_0, 0x1b7, 0x83fc00004
ocr.demand_code_rd.l3_miss.remote_hit_forward_1, 0x1bb, 0x83fc00004
ocr.demand_code_rd.l3_miss.snoop_miss_0, 0x1b7, 0x23c000004
ocr.demand_code_rd.l3_miss.snoop_miss_1, 0x1bb, 0x23c000004
ocr.demand_code_rd.l3_miss.snoop_none_0, 0x1b7, 0xbc000004
ocr.demand_code_rd.l3_miss.snoop_none_1, 0x1bb, 0xbc000004
ocr.demand_code_rd.l3_miss_local_dram.any_snoop_0, 0x1b7, 0x3f84000004
ocr.demand_code_rd.l3_miss_local_dram.any_snoop_1, 0x1bb, 0x3f84000004
ocr.demand_code_rd.l3_miss_local_dram.hitm_other_core_0, 0x1b7, 0x1004000004
ocr.demand_code_rd.l3_miss_local_dram.hitm_other_core_1, 0x1bb, 0x1004000004
ocr.demand_code_rd.l3_miss_local_dram.hit_other_core_fwd_0, 0x1b7, 0x804000004
ocr.demand_code_rd.l3_miss_local_dram.hit_other_core_fwd_1, 0x1bb, 0x804000004
ocr.demand_code_rd.l3_miss_local_dram.hit_other_core_no_fwd_0, 0x1b7, 0x404000004
ocr.demand_code_rd.l3_miss_local_dram.hit_other_core_no_fwd_1, 0x1bb, 0x404000004
ocr.demand_code_rd.l3_miss_local_dram.no_snoop_needed_0, 0x1b7, 0x104000004
ocr.demand_code_rd.l3_miss_local_dram.no_snoop_needed_1, 0x1bb, 0x104000004
ocr.demand_code_rd.l3_miss_local_dram.snoop_miss_0, 0x1b7, 0x204000004
ocr.demand_code_rd.l3_miss_local_dram.snoop_miss_1, 0x1bb, 0x204000004
ocr.demand_code_rd.l3_miss_local_dram.snoop_miss_or_no_fwd_0, 0x1b7, 0x604000004
ocr.demand_code_rd.l3_miss_local_dram.snoop_miss_or_no_fwd_1, 0x1bb, 0x604000004
ocr.demand_code_rd.l3_miss_local_dram.snoop_none_0, 0x1b7, 0x84000004
ocr.demand_code_rd.l3_miss_local_dram.snoop_none_1, 0x1bb, 0x84000004
ocr.demand_code_rd.l3_miss_remote_dram.snoop_miss_or_no_fwd_0, 0x1b7, 0x63b800004
ocr.demand_code_rd.l3_miss_remote_dram.snoop_miss_or_no_fwd_1, 0x1bb, 0x63b800004
ocr.demand_code_rd.l3_miss_remote_hop1_dram.any_snoop_0, 0x1b7, 0x3f90000004
ocr.demand_code_rd.l3_miss_remote_hop1_dram.any_snoop_1, 0x1bb, 0x3f90000004
ocr.demand_code_rd.l3_miss_remote_hop1_dram.hitm_other_core_0, 0x1b7, 0x1010000004
ocr.demand_code_rd.l3_miss_remote_hop1_dram.hitm_other_core_1, 0x1bb, 0x1010000004
ocr.demand_code_rd.l3_miss_remote_hop1_dram.hit_other_core_fwd_0, 0x1b7, 0x810000004
ocr.demand_code_rd.l3_miss_remote_hop1_dram.hit_other_core_fwd_1, 0x1bb, 0x810000004
ocr.demand_code_rd.l3_miss_remote_hop1_dram.hit_other_core_no_fwd_0, 0x1b7, 0x410000004
ocr.demand_code_rd.l3_miss_remote_hop1_dram.hit_other_core_no_fwd_1, 0x1bb, 0x410000004
ocr.demand_code_rd.l3_miss_remote_hop1_dram.no_snoop_needed_0, 0x1b7, 0x110000004
ocr.demand_code_rd.l3_miss_remote_hop1_dram.no_snoop_needed_1, 0x1bb, 0x110000004
ocr.demand_code_rd.l3_miss_remote_hop1_dram.snoop_miss_0, 0x1b7, 0x210000004
ocr.demand_code_rd.l3_miss_remote_hop1_dram.snoop_miss_1, 0x1bb, 0x210000004
ocr.demand_code_rd.l3_miss_remote_hop1_dram.snoop_none_0, 0x1b7, 0x90000004
ocr.demand_code_rd.l3_miss_remote_hop1_dram.snoop_none_1, 0x1bb, 0x90000004
ocr.demand_data_rd.l3_miss.any_snoop_0, 0x1b7, 0x3fbc000001
ocr.demand_data_rd.l3_miss.any_snoop_1, 0x1bb, 0x3fbc000001
ocr.demand_data_rd.l3_miss.hitm_other_core_0, 0x1b7, 0x103c000001
ocr.demand_data_rd.l3_miss.hitm_other_core_1, 0x1bb, 0x103c000001
ocr.demand_data_rd.l3_miss.hit_other_core_fwd_0, 0x1b7, 0x83c000001
ocr.demand_data_rd.l3_miss.hit_other_core_fwd_1, 0x1bb, 0x83c000001
ocr.demand_data_rd.l3_miss.hit_other_core_no_fwd_0, 0x1b7, 0x43c000001
ocr.demand_data_rd.l3_miss.hit_other_core_no_fwd_1, 0x1bb, 0x43c000001
ocr.demand_data_rd.l3_miss.no_snoop_needed_0, 0x1b7, 0x13c000001
ocr.demand_data_rd.l3_miss.no_snoop_needed_1, 0x1bb, 0x13c000001
ocr.demand_data_rd.l3_miss.remote_hitm_0, 0x1b7, 0x103fc00001
ocr.demand_data_rd.l3_miss.remote_hitm_1, 0x1bb, 0x103fc00001
ocr.demand_data_rd.l3_miss.remote_hit_forward_0, 0x1b7, 0x83fc00001
ocr.demand_data_rd.l3_miss.remote_hit_forward_1, 0x1bb, 0x83fc00001
ocr.demand_data_rd.l3_miss.snoop_miss_0, 0x1b7, 0x23c000001
ocr.demand_data_rd.l3_miss.snoop_miss_1, 0x1bb, 0x23c000001
ocr.demand_data_rd.l3_miss.snoop_none_0, 0x1b7, 0xbc000001
ocr.demand_data_rd.l3_miss.snoop_none_1, 0x1bb, 0xbc000001
ocr.demand_data_rd.l3_miss_local_dram.any_snoop_0, 0x1b7, 0x3f84000001
ocr.demand_data_rd.l3_miss_local_dram.any_snoop_1, 0x1bb, 0x3f84000001
ocr.demand_data_rd.l3_miss_local_dram.hitm_other_core_0, 0x1b7, 0x1004000001
ocr.demand_data_rd.l3_miss_local_dram.hitm_other_core_1, 0x1bb, 0x1004000001
ocr.demand_data_rd.l3_miss_local_dram.hit_other_core_fwd_0, 0x1b7, 0x804000001
ocr.demand_data_rd.l3_miss_local_dram.hit_other_core_fwd_1, 0x1bb, 0x804000001
ocr.demand_data_rd.l3_miss_local_dram.hit_other_core_no_fwd_0, 0x1b7, 0x404000001
ocr.demand_data_rd.l3_miss_local_dram.hit_other_core_no_fwd_1, 0x1bb, 0x404000001
ocr.demand_data_rd.l3_miss_local_dram.no_snoop_needed_0, 0x1b7, 0x104000001
ocr.demand_data_rd.l3_miss_local_dram.no_snoop_needed_1, 0x1bb, 0x104000001
ocr.demand_data_rd.l3_miss_local_dram.snoop_miss_0, 0x1b7, 0x204000001
ocr.demand_data_rd.l3_miss_local_dram.snoop_miss_1, 0x1bb, 0x204000001
ocr.demand_data_rd.l3_miss_local_dram.snoop_miss_or_no_fwd_0, 0x1b7, 0x604000001
ocr.demand_data_rd.l3_miss_local_dram.snoop_miss_or_no_fwd_1, 0x1bb, 0x604000001
ocr.demand_data_rd.l3_miss_local_dram.snoop_none_0, 0x1b7, 0x84000001
ocr.demand_data_rd.l3_miss_local_dram.snoop_none_1, 0x1bb, 0x84000001
ocr.demand_data_rd.l3_miss_remote_dram.snoop_miss_or_no_fwd_0, 0x1b7, 0x63b800001
ocr.demand_data_rd.l3_miss_remote_dram.snoop_miss_or_no_fwd_1, 0x1bb, 0x63b800001
ocr.demand_data_rd.l3_miss_remote_hop1_dram.any_snoop_0, 0x1b7, 0x3f90000001
ocr.demand_data_rd.l3_miss_remote_hop1_dram.any_snoop_1, 0x1bb, 0x3f90000001
ocr.demand_data_rd.l3_miss_remote_hop1_dram.hitm_other_core_0, 0x1b7, 0x1010000001
ocr.demand_data_rd.l3_miss_remote_hop1_dram.hitm_other_core_1, 0x1bb, 0x1010000001
ocr.demand_data_rd.l3_miss_remote_hop1_dram.hit_other_core_fwd_0, 0x1b7, 0x810000001
ocr.demand_data_rd.l3_miss_remote_hop1_dram.hit_other_core_fwd_1, 0x1bb, 0x810000001
ocr.demand_data_rd.l3_miss_remote_hop1_dram.hit_other_core_no_fwd_0, 0x1b7, 0x410000001
ocr.demand_data_rd.l3_miss_remote_hop1_dram.hit_other_core_no_fwd_1, 0x1bb, 0x410000001
ocr.demand_data_rd.l3_miss_remote_hop1_dram.no_snoop_needed_0, 0x1b7, 0x110000001
ocr.demand_data_rd.l3_miss_remote_hop1_dram.no_snoop_needed_1, 0x1bb, 0x110000001
ocr.demand_data_rd.l3_miss_remote_hop1_dram.snoop_miss_0, 0x1b7, 0x210000001
ocr.demand_data_rd.l3_miss_remote_hop1_dram.snoop_miss_1, 0x1bb, 0x210000001
ocr.demand_data_rd.l3_miss_remote_hop1_dram.snoop_none_0, 0x1b7, 0x90000001
ocr.demand_data_rd.l3_miss_remote_hop1_dram.snoop_none_1, 0x1bb, 0x90000001
ocr.demand_rfo.l3_miss.any_snoop_0, 0x1b7, 0x3fbc000002
ocr.demand_rfo.l3_miss.any_snoop_1, 0x1bb, 0x3fbc000002
ocr.demand_rfo.l3_miss.hitm_other_core_0, 0x1b7, 0x103c000002
ocr.demand_rfo.l3_miss.hitm_other_core_1, 0x1bb, 0x103c000002
ocr.demand_rfo.l3_miss.hit_other_core_fwd_0, 0x1b7, 0x83c000002
ocr.demand_rfo.l3_miss.hit_other_core_fwd_1, 0x1bb, 0x83c000002
ocr.demand_rfo.l3_miss.hit_other_core_no_fwd_0, 0x1b7, 0x43c000002
ocr.demand_rfo.l3_miss.hit_other_core_no_fwd_1, 0x1bb, 0x43c000002
ocr.demand_rfo.l3_miss.no_snoop_needed_0, 0x1b7, 0x13c000002
ocr.demand_rfo.l3_miss.no_snoop_needed_1, 0x1bb, 0x13c000002
ocr.demand_rfo.l3_miss.remote_hitm_0, 0x1b7, 0x103fc00002
ocr.demand_rfo.l3_miss.remote_hitm_1, 0x1bb, 0x103fc00002
ocr.demand_rfo.l3_miss.remote_hit_forward_0, 0x1b7, 0x83fc00002
ocr.demand_rfo.l3_miss.remote_hit_forward_1, 0x1bb, 0x83fc00002
ocr.demand_rfo.l3_miss.snoop_miss_0, 0x1b7, 0x23c000002
ocr.demand_rfo.l3_miss.snoop_miss_1, 0x1bb, 0x23c000002
ocr.demand_rfo.l3_miss.snoop_none_0, 0x1b7, 0xbc000002
ocr.demand_rfo.l3_miss.snoop_none_1, 0x1bb, 0xbc000002
ocr.demand_rfo.l3_miss_local_dram.any_snoop_0, 0x1b7, 0x3f84000002
ocr.demand_rfo.l3_miss_local_dram.any_snoop_1, 0x1bb, 0x3f84000002
ocr.demand_rfo.l3_miss_local_dram.hitm_other_core_0, 0x1b7, 0x1004000002
ocr.demand_rfo.l3_miss_local_dram.hitm_other_core_1, 0x1bb, 0x1004000002
ocr.demand_rfo.l3_miss_local_dram.hit_other_core_fwd_0, 0x1b7, 0x804000002
ocr.demand_rfo.l3_miss_local_dram.hit_other_core_fwd_1, 0x1bb, 0x804000002
ocr.demand_rfo.l3_miss_local_dram.hit_other_core_no_fwd_0, 0x1b7, 0x404000002
ocr.demand_rfo.l3_miss_local_dram.hit_other_core_no_fwd_1, 0x1bb, 0x404000002
ocr.demand_rfo.l3_miss_local_dram.no_snoop_needed_0, 0x1b7, 0x104000002
ocr.demand_rfo.l3_miss_local_dram.no_snoop_needed_1, 0x1bb, 0x104000002
ocr.demand_rfo.l3_miss_local_dram.snoop_miss_0, 0x1b7, 0x204000002
ocr.demand_rfo.l3_miss_local_dram.snoop_miss_1, 0x1bb, 0x204000002
ocr.demand_rfo.l3_miss_local_dram.snoop_miss_or_no_fwd_0, 0x1b7, 0x604000002
ocr.demand_rfo.l3_miss_local_dram.snoop_miss_or_no_fwd_1, 0x1bb, 0x604000002
ocr.demand_rfo.l3_miss_local_dram.snoop_none_0, 0x1b7, 0x84000002
ocr.demand_rfo.l3_miss_local_dram.snoop_none_1, 0x1bb, 0x84000002
ocr.demand_rfo.l3_miss_remote_dram.snoop_miss_or_no_fwd_0, 0x1b7, 0x63b800002
ocr.demand_rfo.l3_miss_remote_dram.snoop_miss_or_no_fwd_1, 0x1bb, 0x63b800002
ocr.demand_rfo.l3_miss_remote_hop1_dram.any_snoop_0, 0x1b7, 0x3f90000002
ocr.demand_rfo.l3_miss_remote_hop1_dram.any_snoop_1, 0x1bb, 0x3f90000002
ocr.demand_rfo.l3_miss_remote_hop1_dram.hitm_other_core_0, 0x1b7, 0x1010000002
ocr.demand_rfo.l3_miss_remote_hop1_dram.hitm_other_core_1, 0x1bb, 0x1010000002
ocr.demand_rfo.l3_miss_remote_hop1_dram.hit_other_core_fwd_0, 0x1b7, 0x810000002
ocr.demand_rfo.l3_miss_remote_hop1_dram.hit_other_core_fwd_1, 0x1bb, 0x810000002
ocr.demand_rfo.l3_miss_remote_hop1_dram.hit_other_core_no_fwd_0, 0x1b7, 0x410000002
ocr.demand_rfo.l3_miss_remote_hop1_dram.hit_other_core_no_fwd_1, 0x1bb, 0x410000002
ocr.demand_rfo.l3_miss_remote_hop1_dram.no_snoop_needed_0, 0x1b7, 0x110000002
ocr.demand_rfo.l3_miss_remote_hop1_dram.no_snoop_needed_1, 0x1bb, 0x110000002
ocr.demand_rfo.l3_miss_remote_hop1_dram.snoop_miss_0, 0x1b7, 0x210000002
ocr.demand_rfo.l3_miss_remote_hop1_dram.snoop_miss_1, 0x1bb, 0x210000002
ocr.demand_rfo.l3_miss_remote_hop1_dram.snoop_none_0, 0x1b7, 0x90000002
ocr.demand_rfo.l3_miss_remote_hop1_dram.snoop_none_1, 0x1bb, 0x90000002
ocr.other.l3_miss.any_snoop_0, 0x1b7, 0x3fbc008000
ocr.other.l3_miss.any_snoop_1, 0x1bb, 0x3fbc008000
ocr.other.l3_miss.hitm_other_core_0, 0x1b7, 0x103c008000
ocr.other.l3_miss.hitm_other_core_1, 0x1bb, 0x103c008000
ocr.other.l3_miss.hit_other_core_fwd_0, 0x1b7, 0x83c008000
ocr.other.l3_miss.hit_other_core_fwd_1, 0x1bb, 0x83c008000
ocr.other.l3_miss.hit_other_core_no_fwd_0, 0x1b7, 0x43c008000
ocr.other.l3_miss.hit_other_core_no_fwd_1, 0x1bb, 0x43c008000
ocr.other.l3_miss.no_snoop_needed_0, 0x1b7, 0x13c008000
ocr.other.l3_miss.no_snoop_needed_1, 0x1bb, 0x13c008000
ocr.other.l3_miss.remote_hitm_0, 0x1b7, 0x103fc08000
ocr.other.l3_miss.remote_hitm_1, 0x1bb, 0x103fc08000
ocr.other.l3_miss.remote_hit_forward_0, 0x1b7, 0x83fc08000
ocr.other.l3_miss.remote_hit_forward_1, 0x1bb, 0x83fc08000
ocr.other.l3_miss.snoop_miss_0, 0x1b7, 0x23c008000
ocr.other.l3_miss.snoop_miss_1, 0x1bb, 0x23c008000
ocr.other.l3_miss.snoop_none_0, 0x1b7, 0xbc008000
ocr.other.l3_miss.snoop_none_1, 0x1bb, 0xbc008000
ocr.other.l3_miss_local_dram.any_snoop_0, 0x1b7, 0x3f84008000
ocr.other.l3_miss_local_dram.any_snoop_1, 0x1bb, 0x3f84008000
ocr.other.l3_miss_local_dram.hitm_other_core_0, 0x1b7, 0x1004008000
ocr.other.l3_miss_local_dram.hitm_other_core_1, 0x1bb, 0x1004008000
ocr.other.l3_miss_local_dram.hit_other_core_fwd_0, 0x1b7, 0x804008000
ocr.other.l3_miss_local_dram.hit_other_core_fwd_1, 0x1bb, 0x804008000
ocr.other.l3_miss_local_dram.hit_other_core_no_fwd_0, 0x1b7, 0x404008000
ocr.other.l3_miss_local_dram.hit_other_core_no_fwd_1, 0x1bb, 0x404008000
ocr.other.l3_miss_local_dram.no_snoop_needed_0, 0x1b7, 0x104008000
ocr.other.l3_miss_local_dram.no_snoop_needed_1, 0x1bb, 0x104008000
ocr.other.l3_miss_local_dram.snoop_miss_0, 0x1b7, 0x204008000
ocr.other.l3_miss_local_dram.snoop_miss_1, 0x1bb, 0x204008000
ocr.other.l3_miss_local_dram.snoop_miss_or_no_fwd_0, 0x1b7, 0x604008000
ocr.other.l3_miss_local_dram.snoop_miss_or_no_fwd_1, 0x1bb, 0x604008000
ocr.other.l3_miss_local_dram.snoop_none_0, 0x1b7, 0x84008000
ocr.other.l3_miss_local_dram.snoop_none_1, 0x1bb, 0x84008000
ocr.other.l3_miss_remote_dram.snoop_miss_or_no_fwd_0, 0x1b7, 0x63b808000
ocr.other.l3_miss_remote_dram.snoop_miss_or_no_fwd_1, 0x1bb, 0x63b808000
ocr.other.l3_miss_remote_hop1_dram.any_snoop_0, 0x1b7, 0x3f90008000
ocr.other.l3_miss_remote_hop1_dram.any_snoop_1, 0x1bb, 0x3f90008000
ocr.other.l3_miss_remote_hop1_dram.hitm_other_core_0, 0x1b7, 0x1010008000
ocr.other.l3_miss_remote_hop1_dram.hitm_other_core_1, 0x1bb, 0x1010008000
ocr.other.l3_miss_remote_hop1_dram.hit_other_core_fwd_0, 0x1b7, 0x810008000
ocr.other.l3_miss_remote_hop1_dram.hit_other_core_fwd_1, 0x1bb, 0x810008000
ocr.other.l3_miss_remote_hop1_dram.hit_other_core_no_fwd_0, 0x1b7, 0x410008000
ocr.other.l3_miss_remote_hop1_dram.hit_other_core_no_fwd_1, 0x1bb, 0x410008000
ocr.other.l3_miss_remote_hop1_dram.no_snoop_needed_0, 0x1b7, 0x110008000
ocr.other.l3_miss_remote_hop1_dram.no_snoop_needed_1, 0x1bb, 0x110008000
ocr.other.l3_miss_remote_hop1_dram.snoop_miss_0, 0x1b7, 0x210008000
ocr.other.l3_miss_remote_hop1_dram.snoop_miss_1, 0x1bb, 0x210008000
ocr.other.l3_miss_remote_hop1_dram.snoop_none_0, 0x1b7, 0x90008000
ocr.other.l3_miss_remote_hop1_dram.snoop_none_1, 0x1bb, 0x90008000
ocr.pf_l1d_and_sw.l3_miss.any_snoop_0, 0x1b7, 0x3fbc000400
ocr.pf_l1d_and_sw.l3_miss.any_snoop_1, 0x1bb, 0x3fbc000400
ocr.pf_l1d_and_sw.l3_miss.hitm_other_core_0, 0x1b7, 0x103c000400
ocr.pf_l1d_and_sw.l3_miss.hitm_other_core_1, 0x1bb, 0x103c000400
ocr.pf_l1d_and_sw.l3_miss.hit_other_core_fwd_0, 0x1b7, 0x83c000400
ocr.pf_l1d_and_sw.l3_miss.hit_other_core_fwd_1, 0x1bb, 0x83c000400
ocr.pf_l1d_and_sw.l3_miss.hit_other_core_no_fwd_0, 0x1b7, 0x43c000400
ocr.pf_l1d_and_sw.l3_miss.hit_other_core_no_fwd_1, 0x1bb, 0x43c000400
ocr.pf_l1d_and_sw.l3_miss.no_snoop_needed_0, 0x1b7, 0x13c000400
ocr.pf_l1d_and_sw.l3_miss.no_snoop_needed_1, 0x1bb, 0x13c000400
ocr.pf_l1d_and_sw.l3_miss.remote_hitm_0, 0x1b7, 0x103fc00400
ocr.pf_l1d_and_sw.l3_miss.remote_hitm_1, 0x1bb, 0x103fc00400
ocr.pf_l1d_and_sw.l3_miss.remote_hit_forward_0, 0x1b7, 0x83fc00400
ocr.pf_l1d_and_sw.l3_miss.remote_hit_forward_1, 0x1bb, 0x83fc00400
ocr.pf_l1d_and_sw.l3_miss.snoop_miss_0, 0x1b7, 0x23c000400
ocr.pf_l1d_and_sw.l3_miss.snoop_miss_1, 0x1bb, 0x23c000400
ocr.pf_l1d_and_sw.l3_miss.snoop_none_0, 0x1b7, 0xbc000400
ocr.pf_l1d_and_sw.l3_miss.snoop_none_1, 0x1bb, 0xbc000400
ocr.pf_l1d_and_sw.l3_miss_local_dram.any_snoop_0, 0x1b7, 0x3f84000400
ocr.pf_l1d_and_sw.l3_miss_local_dram.any_snoop_1, 0x1bb, 0x3f84000400
ocr.pf_l1d_and_sw.l3_miss_local_dram.hitm_other_core_0, 0x1b7, 0x1004000400
ocr.pf_l1d_and_sw.l3_miss_local_dram.hitm_other_core_1, 0x1bb, 0x1004000400
ocr.pf_l1d_and_sw.l3_miss_local_dram.hit_other_core_fwd_0, 0x1b7, 0x804000400
ocr.pf_l1d_and_sw.l3_miss_local_dram.hit_other_core_fwd_1, 0x1bb, 0x804000400
ocr.pf_l1d_and_sw.l3_miss_local_dram.hit_other_core_no_fwd_0, 0x1b7, 0x404000400
ocr.pf_l1d_and_sw.l3_miss_local_dram.hit_other_core_no_fwd_1, 0x1bb, 0x404000400
ocr.pf_l1d_and_sw.l3_miss_local_dram.no_snoop_needed_0, 0x1b7, 0x104000400
ocr.pf_l1d_and_sw.l3_miss_local_dram.no_snoop_needed_1, 0x1bb, 0x104000400
ocr.pf_l1d_and_sw.l3_miss_local_dram.snoop_miss_0, 0x1b7, 0x204000400
ocr.pf_l1d_and_sw.l3_miss_local_dram.snoop_miss_1, 0x1bb, 0x204000400
ocr.pf_l1d_and_sw.l3_miss_local_dram.snoop_miss_or_no_fwd_0, 0x1b7, 0x604000400
ocr.pf_l1d_and_sw.l3_miss_local_dram.snoop_miss_or_no_fwd_1, 0x1bb, 0x604000400
ocr.pf_l1d_and_sw.l3_miss_local_dram.snoop_none_0, 0x1b7, 0x84000400
ocr.pf_l1d_and_sw.l3_miss_local_dram.snoop_none_1, 0x1bb, 0x84000400
ocr.pf_l1d_and_sw.l3_miss_remote_dram.snoop_miss_or_no_fwd_0, 0x1b7, 0x63b800400
ocr.pf_l1d_and_sw.l3_miss_remote_dram.snoop_miss_or_no_fwd_1, 0x1bb, 0x63b800400
ocr.pf_l1d_and_sw.l3_miss_remote_hop1_dram.any_snoop_0, 0x1b7, 0x3f90000400
ocr.pf_l1d_and_sw.l3_miss_remote_hop1_dram.any_snoop_1, 0x1bb, 0x3f90000400
ocr.pf_l1d_and_sw.l3_miss_remote_hop1_dram.hitm_other_core_0, 0x1b7, 0x1010000400
ocr.pf_l1d_and_sw.l3_miss_remote_hop1_dram.hitm_other_core_1, 0x1bb, 0x1010000400
ocr.pf_l1d_and_sw.l3_miss_remote_hop1_dram.hit_other_core_fwd_0, 0x1b7, 0x810000400
ocr.pf_l1d_and_sw.l3_miss_remote_hop1_dram.hit_other_core_fwd_1, 0x1bb, 0x810000400
ocr.pf_l1d_and_sw.l3_miss_remote_hop1_dram.hit_other_core_no_fwd_0, 0x1b7, 0x410000400
ocr.pf_l1d_and_sw.l3_miss_remote_hop1_dram.hit_other_core_no_fwd_1, 0x1bb, 0x410000400
ocr.pf_l1d_and_sw.l3_miss_remote_hop1_dram.no_snoop_needed_0, 0x1b7, 0x110000400
ocr.pf_l1d_and_sw.l3_miss_remote_hop1_dram.no_snoop_needed_1, 0x1bb, 0x110000400
ocr.pf_l1d_and_sw.l3_miss_remote_hop1_dram.snoop_miss_0, 0x1b7, 0x210000400
ocr.pf_l1d_and_sw.l3_miss_remote_hop1_dram.snoop_miss_1, 0x1bb, 0x210000400
ocr.pf_l1d_and_sw.l3_miss_remote_hop1_dram.snoop_none_0, 0x1b7, 0x90000400
ocr.pf_l1d_and_sw.l3_miss_remote_hop1_dram.snoop_none_1, 0x1bb, 0x90000400
ocr.pf_l2_data_rd.l3_miss.any_snoop_0, 0x1b7, 0x3fbc000010
ocr.pf_l2_data_rd.l3_miss.any_snoop_1, 0x1bb, 0x3fbc000010
ocr.pf_l2_data_rd.l3_miss.hitm_other_core_0, 0x1b7, 0x103c000010
ocr.pf_l2_data_rd.l3_miss.hitm_other_core_1, 0x1bb, 0x103c000010
ocr.pf_l2_data_rd.l3_miss.hit_other_core_fwd_0, 0x1b7, 0x83c000010
ocr.pf_l2_data_rd.l3_miss.hit_other_core_fwd_1, 0x1bb, 0x83c000010
ocr.pf_l2_data_rd.l3_miss.hit_other_core_no_fwd_0, 0x1b7, 0x43c000010
ocr.pf_l2_data_rd.l3_miss.hit_other_core_no_fwd_1, 0x1bb, 0x43c000010
ocr.pf_l2_data_rd.l3_miss.no_snoop_needed_0, 0x1b7, 0x13c000010
ocr.pf_l2_data_rd.l3_miss.no_snoop_needed_1, 0x1bb, 0x13c000010
ocr.pf_l2_data_rd.l3_miss.remote_hitm_0, 0x1b7, 0x103fc00010
ocr.pf_l2_data_rd.l3_miss.remote_hitm_1, 0x1bb, 0x103fc00010
ocr.pf_l2_data_rd.l3_miss.remote_hit_forward_0, 0x1b7, 0x83fc00010
ocr.pf_l2_data_rd.l3_miss.remote_hit_forward_1, 0x1bb, 0x83fc00010
ocr.pf_l2_data_rd.l3_miss.snoop_miss_0, 0x1b7, 0x23c000010
ocr.pf_l2_data_rd.l3_miss.snoop_miss_1, 0x1bb, 0x23c000010
ocr.pf_l2_data_rd.l3_miss.snoop_none_0, 0x1b7, 0xbc000010
ocr.pf_l2_data_rd.l3_miss.snoop_none_1, 0x1bb, 0xbc000010
ocr.pf_l2_data_rd.l3_miss_local_dram.any_snoop_0, 0x1b7, 0x3f84000010
ocr.pf_l2_data_rd.l3_miss_local_dram.any_snoop_1, 0x1bb, 0x3f84000010
ocr.pf_l2_data_rd.l3_miss_local_dram.hitm_other_core_0, 0x1b7, 0x1004000010
ocr.pf_l2_data_rd.l3_miss_local_dram.hitm_other_core_1, 0x1bb, 0x1004000010
ocr.pf_l2_data_rd.l3_miss_local_dram.hit_other_core_fwd_0, 0x1b7, 0x804000010
ocr.pf_l2_data_rd.l3_miss_local_dram.hit_other_core_fwd_1, 0x1bb, 0x804000010
ocr.pf_l2_data_rd.l3_miss_local_dram.hit_other_core_no_fwd_0, 0x1b7, 0x404000010
ocr.pf_l2_data_rd.l3_miss_local_dram.hit_other_core_no_fwd_1, 0x1bb, 0x404000010
ocr.pf_l2_data_rd.l3_miss_local_dram.no_snoop_needed_0, 0x1b7, 0x104000010
ocr.pf_l2_data_rd.l3_miss_local_dram.no_snoop_needed_1, 0x1bb, 0x104000010
ocr.pf_l2_data_rd.l3_miss_local_dram.snoop_miss_0, 0x1b7, 0x204000010
ocr.pf_l2_data_rd.l3_miss_local_dram.snoop_miss_1, 0x1bb, 0x204000010
ocr.pf_l2_data_rd.l3_miss_local_dram.snoop_miss_or_no_fwd_0, 0x1b7, 0x604000010
ocr.pf_l2_data_rd.l3_miss_local_dram.snoop_miss_or_no_fwd_1, 0x1bb, 0x604000010
ocr.pf_l2_data_rd.l3_miss_local_dram.snoop_none_0, 0x1b7, 0x84000010
ocr.pf_l2_data_rd.l3_miss_local_dram.snoop_none_1, 0x1bb, 0x84000010
ocr.pf_l2_data_rd.l3_miss_remote_dram.snoop_miss_or_no_fwd_0, 0x1b7, 0x63b800010
ocr.pf_l2_data_rd.l3_miss_remote_dram.snoop_miss_or_no_fwd_1, 0x1bb, 0x63b800010
ocr.pf_l2_data_rd.l3_miss_remote_hop1_dram.any_snoop_0, 0x1b7, 0x3f90000010
ocr.pf_l2_data_rd.l3_miss_remote_hop1_dram.any_snoop_1, 0x1bb, 0x3f90000010
ocr.pf_l2_data_rd.l3_miss_remote_hop1_dram.hitm_other_core_0, 0x1b7, 0x1010000010
ocr.pf_l2_data_rd.l3_miss_remote_hop1_dram.hitm_other_core_1, 0x1bb, 0x1010000010
ocr.pf_l2_data_rd.l3_miss_remote_hop1_dram.hit_other_core_fwd_0, 0x1b7, 0x810000010
ocr.pf_l2_data_rd.l3_miss_remote_hop1_dram.hit_other_core_fwd_1, 0x1bb, 0x810000010
ocr.pf_l2_data_rd.l3_miss_remote_hop1_dram.hit_other_core_no_fwd_0, 0x1b7, 0x410000010
ocr.pf_l2_data_rd.l3_miss_remote_hop1_dram.hit_other_core_no_fwd_1, 0x1bb, 0x410000010
ocr.pf_l2_data_rd.l3_miss_remote_hop1_dram.no_snoop_needed_0, 0x1b7, 0x110000010
ocr.pf_l2_data_rd.l3_miss_remote_hop1_dram.no_snoop_needed_1, 0x1bb, 0x110000010
ocr.pf_l2_data_rd.l3_miss_remote_hop1_dram.snoop_miss_0, 0x1b7, 0x210000010
ocr.pf_l2_data_rd.l3_miss_remote_hop1_dram.snoop_miss_1, 0x1bb, 0x210000010
ocr.pf_l2_data_rd.l3_miss_remote_hop1_dram.snoop_none_0, 0x1b7, 0x90000010
ocr.pf_l2_data_rd.l3_miss_remote_hop1_dram.snoop_none_1, 0x1bb, 0x90000010
ocr.pf_l2_rfo.l3_miss.any_snoop_0, 0x1b7, 0x3fbc000020
ocr.pf_l2_rfo.l3_miss.any_snoop_1, 0x1bb, 0x3fbc000020
ocr.pf_l2_rfo.l3_miss.hitm_other_core_0, 0x1b7, 0x103c000020
ocr.pf_l2_rfo.l3_miss.hitm_other_core_1, 0x1bb, 0x103c000020
ocr.pf_l2_rfo.l3_miss.hit_other_core_fwd_0, 0x1b7, 0x83c000020
ocr.pf_l2_rfo.l3_miss.hit_other_core_fwd_1, 0x1bb, 0x83c000020
ocr.pf_l2_rfo.l3_miss.hit_other_core_no_fwd_0, 0x1b7, 0x43c000020
ocr.pf_l2_rfo.l3_miss.hit_other_core_no_fwd_1, 0x1bb, 0x43c000020
ocr.pf_l2_rfo.l3_miss.no_snoop_needed_0, 0x1b7, 0x13c000020
ocr.pf_l2_rfo.l3_miss.no_snoop_needed_1, 0x1bb, 0x13c000020
ocr.pf_l2_rfo.l3_miss.remote_hitm_0, 0x1b7, 0x103fc00020
ocr.pf_l2_rfo.l3_miss.remote_hitm_1, 0x1bb, 0x103fc00020
ocr.pf_l2_rfo.l3_miss.remote_hit_forward_0, 0x1b7, 0x83fc00020
ocr.pf_l2_rfo.l3_miss.remote_hit_forward_1, 0x1bb, 0x83fc00020
ocr.pf_l2_rfo.l3_miss.snoop_miss_0, 0x1b7, 0x23c000020
ocr.pf_l2_rfo.l3_miss.snoop_miss_1, 0x1bb, 0x23c000020
ocr.pf_l2_rfo.l3_miss.snoop_none_0, 0x1b7, 0xbc000020
ocr.pf_l2_rfo.l3_miss.snoop_none_1, 0x1bb, 0xbc000020
ocr.pf_l2_rfo.l3_miss_local_dram.any_snoop_0, 0x1b7, 0x3f84000020
ocr.pf_l2_rfo.l3_miss_local_dram.any_snoop_1, 0x1bb, 0x3f84000020
ocr.pf_l2_rfo.l3_miss_local_dram.hitm_other_core_0, 0x1b7, 0x1004000020
ocr.pf_l2_rfo.l3_miss_local_dram.hitm_other_core_1, 0x1bb, 0x1004000020
ocr.pf_l2_rfo.l3_miss_local_dram.hit_other_core_fwd_0, 0x1b7, 0x804000020
ocr.pf_l2_rfo.l3_miss_local_dram.hit_other_core_fwd_1, 0x1bb, 0x804000020
ocr.pf_l2_rfo.l3_miss_local_dram.hit_other_core_no_fwd_0, 0x1b7, 0x404000020
ocr.pf_l2_rfo.l3_miss_local_dram.hit_other_core_no_fwd_1, 0x1bb, 0x404000020
ocr.pf_l2_rfo.l3_miss_local_dram.no_snoop_needed_0, 0x1b7, 0x104000020
ocr.pf_l2_rfo.l3_miss_local_dram.no_snoop_needed_1, 0x1bb, 0x104000020
ocr.pf_l2_rfo.l3_miss_local_dram.snoop_miss_0, 0x1b7, 0x204000020
ocr.pf_l2_rfo.l3_miss_local_dram.snoop_miss_1, 0x1bb, 0x204000020
ocr.pf_l2_rfo.l3_miss_local_dram.snoop_miss_or_no_fwd_0, 0x1b7, 0x604000020
ocr.pf_l2_rfo.l3_miss_local_dram.snoop_miss_or_no_fwd_1, 0x1bb, 0x604000020
ocr.pf_l2_rfo.l3_miss_local_dram.snoop_none_0, 0x1b7, 0x84000020
ocr.pf_l2_rfo.l3_miss_local_dram.snoop_none_1, 0x1bb, 0x84000020
ocr.pf_l2_rfo.l3_miss_remote_dram.snoop_miss_or_no_fwd_0, 0x1b7, 0x63b800020
ocr.pf_l2_rfo.l3_miss_remote_dram.snoop_miss_or_no_fwd_1, 0x1bb, 0x63b800020
ocr.pf_l2_rfo.l3_miss_remote_hop1_dram.any_snoop_0, 0x1b7, 0x3f90000020
ocr.pf_l2_rfo.l3_miss_remote_hop1_dram.any_snoop_1, 0x1bb, 0x3f90000020
ocr.pf_l2_rfo.l3_miss_remote_hop1_dram.hitm_other_core_0, 0x1b7, 0x1010000020
ocr.pf_l2_rfo.l3_miss_remote_hop1_dram.hitm_other_core_1, 0x1bb, 0x1010000020
ocr.pf_l2_rfo.l3_miss_remote_hop1_dram.hit_other_core_fwd_0, 0x1b7, 0x810000020
ocr.pf_l2_rfo.l3_miss_remote_hop1_dram.hit_other_core_fwd_1, 0x1bb, 0x810000020
ocr.pf_l2_rfo.l3_miss_remote_hop1_dram.hit_other_core_no_fwd_0, 0x1b7, 0x410000020
ocr.pf_l2_rfo.l3_miss_remote_hop1_dram.hit_other_core_no_fwd_1, 0x1bb, 0x410000020
ocr.pf_l2_rfo.l3_miss_remote_hop1_dram.no_snoop_needed_0, 0x1b7, 0x110000020
ocr.pf_l2_rfo.l3_miss_remote_hop1_dram.no_snoop_needed_1, 0x1bb, 0x110000020
ocr.pf_l2_rfo.l3_miss_remote_hop1_dram.snoop_miss_0, 0x1b7, 0x210000020
ocr.pf_l2_rfo.l3_miss_remote_hop1_dram.snoop_miss_1, 0x1bb, 0x210000020
ocr.pf_l2_rfo.l3_miss_remote_hop1_dram.snoop_none_0, 0x1b7, 0x90000020
ocr.pf_l2_rfo.l3_miss_remote_hop1_dram.snoop_none_1, 0x1bb, 0x90000020
ocr.pf_l3_data_rd.l3_miss.any_snoop_0, 0x1b7, 0x3fbc000080
ocr.pf_l3_data_rd.l3_miss.any_snoop_1, 0x1bb, 0x3fbc000080
ocr.pf_l3_data_rd.l3_miss.hitm_other_core_0, 0x1b7, 0x103c000080
ocr.pf_l3_data_rd.l3_miss.hitm_other_core_1, 0x1bb, 0x103c000080
ocr.pf_l3_data_rd.l3_miss.hit_other_core_fwd_0, 0x1b7, 0x83c000080
ocr.pf_l3_data_rd.l3_miss.hit_other_core_fwd_1, 0x1bb, 0x83c000080
ocr.pf_l3_data_rd.l3_miss.hit_other_core_no_fwd_0, 0x1b7, 0x43c000080
ocr.pf_l3_data_rd.l3_miss.hit_other_core_no_fwd_1, 0x1bb, 0x43c000080
ocr.pf_l3_data_rd.l3_miss.no_snoop_needed_0, 0x1b7, 0x13c000080
ocr.pf_l3_data_rd.l3_miss.no_snoop_needed_1, 0x1bb, 0x13c000080
ocr.pf_l3_data_rd.l3_miss.remote_hitm_0, 0x1b7, 0x103fc00080
ocr.pf_l3_data_rd.l3_miss.remote_hitm_1, 0x1bb, 0x103fc00080
ocr.pf_l3_data_rd.l3_miss.remote_hit_forward_0, 0x1b7, 0x83fc00080
ocr.pf_l3_data_rd.l3_miss.remote_hit_forward_1, 0x1bb, 0x83fc00080
ocr.pf_l3_data_rd.l3_miss.snoop_miss_0, 0x1b7, 0x23c000080
ocr.pf_l3_data_rd.l3_miss.snoop_miss_1, 0x1bb, 0x23c000080
ocr.pf_l3_data_rd.l3_miss.snoop_none_0, 0x1b7, 0xbc000080
ocr.pf_l3_data_rd.l3_miss.snoop_none_1, 0x1bb, 0xbc000080
ocr.pf_l3_data_rd.l3_miss_local_dram.any_snoop_0, 0x1b7, 0x3f84000080
ocr.pf_l3_data_rd.l3_miss_local_dram.any_snoop_1, 0x1bb, 0x3f84000080
ocr.pf_l3_data_rd.l3_miss_local_dram.hitm_other_core_0, 0x1b7, 0x1004000080
ocr.pf_l3_data_rd.l3_miss_local_dram.hitm_other_core_1, 0x1bb, 0x1004000080
ocr.pf_l3_data_rd.l3_miss_local_dram.hit_other_core_fwd_0, 0x1b7, 0x804000080
ocr.pf_l3_data_rd.l3_miss_local_dram.hit_other_core_fwd_1, 0x1bb, 0x804000080
ocr.pf_l3_data_rd.l3_miss_local_dram.hit_other_core_no_fwd_0, 0x1b7, 0x404000080
ocr.pf_l3_data_rd.l3_miss_local_dram.hit_other_core_no_fwd_1, 0x1bb, 0x404000080
ocr.pf_l3_data_rd.l3_miss_local_dram.no_snoop_needed_0, 0x1b7, 0x104000080
ocr.pf_l3_data_rd.l3_miss_local_dram.no_snoop_needed_1, 0x1bb, 0x104000080
ocr.pf_l3_data_rd.l3_miss_local_dram.snoop_miss_0, 0x1b7, 0x204000080
ocr.pf_l3_data_rd.l3_miss_local_dram.snoop_miss_1, 0x1bb, 0x204000080
ocr.pf_l3_data_rd.l3_miss_local_dram.snoop_miss_or_no_fwd_0, 0x1b7, 0x604000080
ocr.pf_l3_data_rd.l3_miss_local_dram.snoop_miss_or_no_fwd_1, 0x1bb, 0x604000080
ocr.pf_l3_data_rd.l3_miss_local_dram.snoop_none_0, 0x1b7, 0x84000080
ocr.pf_l3_data_rd.l3_miss_local_dram.snoop_none_1, 0x1bb, 0x84000080
ocr.pf_l3_data_rd.l3_miss_remote_dram.snoop_miss_or_no_fwd_0, 0x1b7, 0x63b800080
ocr.pf_l3_data_rd.l3_miss_remote_dram.snoop_miss_or_no_fwd_1, 0x1bb, 0x63b800080
ocr.pf_l3_data_rd.l3_miss_remote_hop1_dram.any_snoop_0, 0x1b7, 0x3f90000080
ocr.pf_l3_data_rd.l3_miss_remote_hop1_dram.any_snoop_1, 0x1bb, 0x3f90000080
ocr.pf_l3_data_rd.l3_miss_remote_hop1_dram.hitm_other_core_0, 0x1b7, 0x1010000080
ocr.pf_l3_data_rd.l3_miss_remote_hop1_dram.hitm_other_core_1, 0x1bb, 0x1010000080
ocr.pf_l3_data_rd.l3_miss_remote_hop1_dram.hit_other_core_fwd_0, 0x1b7, 0x810000080
ocr.pf_l3_data_rd.l3_miss_remote_hop1_dram.hit_other_core_fwd_1, 0x1bb, 0x810000080
ocr.pf_l3_data_rd.l3_miss_remote_hop1_dram.hit_other_core_no_fwd_0, 0x1b7, 0x410000080
ocr.pf_l3_data_rd.l3_miss_remote_hop1_dram.hit_other_core_no_fwd_1, 0x1bb, 0x410000080
ocr.pf_l3_data_rd.l3_miss_remote_hop1_dram.no_snoop_needed_0, 0x1b7, 0x110000080
ocr.pf_l3_data_rd.l3_miss_remote_hop1_dram.no_snoop_needed_1, 0x1bb, 0x110000080
ocr.pf_l3_data_rd.l3_miss_remote_hop1_dram.snoop_miss_0, 0x1b7, 0x210000080
ocr.pf_l3_data_rd.l3_miss_remote_hop1_dram.snoop_miss_1, 0x1bb, 0x210000080
ocr.pf_l3_data_rd.l3_miss_remote_hop1_dram.snoop_none_0, 0x1b7, 0x90000080
ocr.pf_l3_data_rd.l3_miss_remote_hop1_dram.snoop_none_1, 0x1bb, 0x90000080
ocr.pf_l3_rfo.l3_miss.any_snoop_0, 0x1b7, 0x3fbc000100
ocr.pf_l3_rfo.l3_miss.any_snoop_1, 0x1bb, 0x3fbc000100
ocr.pf_l3_rfo.l3_miss.hitm_other_core_0, 0x1b7, 0x103c000100
ocr.pf_l3_rfo.l3_miss.hitm_other_core_1, 0x1bb, 0x103c000100
ocr.pf_l3_rfo.l3_miss.hit_other_core_fwd_0, 0x1b7, 0x83c000100
ocr.pf_l3_rfo.l3_miss.hit_other_core_fwd_1, 0x1bb, 0x83c000100
ocr.pf_l3_rfo.l3_miss.hit_other_core_no_fwd_0, 0x1b7, 0x43c000100
ocr.pf_l3_rfo.l3_miss.hit_other_core_no_fwd_1, 0x1bb, 0x43c000100
ocr.pf_l3_rfo.l3_miss.no_snoop_needed_0, 0x1b7, 0x13c000100
ocr.pf_l3_rfo.l3_miss.no_snoop_needed_1, 0x1bb, 0x13c000100
ocr.pf_l3_rfo.l3_miss.remote_hitm_0, 0x1b7, 0x103fc00100
ocr.pf_l3_rfo.l3_miss.remote_hitm_1, 0x1bb, 0x103fc00100
ocr.pf_l3_rfo.l3_miss.remote_hit_forward_0, 0x1b7, 0x83fc00100
ocr.pf_l3_rfo.l3_miss.remote_hit_forward_1, 0x1bb, 0x83fc00100
ocr.pf_l3_rfo.l3_miss.snoop_miss_0, 0x1b7, 0x23c000100
ocr.pf_l3_rfo.l3_miss.snoop_miss_1, 0x1bb, 0x23c000100
ocr.pf_l3_rfo.l3_miss.snoop_none_0, 0x1b7, 0xbc000100
ocr.pf_l3_rfo.l3_miss.snoop_none_1, 0x1bb, 0xbc000100
ocr.pf_l3_rfo.l3_miss_local_dram.any_snoop_0, 0x1b7, 0x3f84000100
ocr.pf_l3_rfo.l3_miss_local_dram.any_snoop_1, 0x1bb, 0x3f84000100
ocr.pf_l3_rfo.l3_miss_local_dram.hitm_other_core_0, 0x1b7, 0x1004000100
ocr.pf_l3_rfo.l3_miss_local_dram.hitm_other_core_1, 0x1bb, 0x1004000100
ocr.pf_l3_rfo.l3_miss_local_dram.hit_other_core_fwd_0, 0x1b7, 0x804000100
ocr.pf_l3_rfo.l3_miss_local_dram.hit_other_core_fwd_1, 0x1bb, 0x804000100
ocr.pf_l3_rfo.l3_miss_local_dram.hit_other_core_no_fwd_0, 0x1b7, 0x404000100
ocr.pf_l3_rfo.l3_miss_local_dram.hit_other_core_no_fwd_1, 0x1bb, 0x404000100
ocr.pf_l3_rfo.l3_miss_local_dram.no_snoop_needed_0, 0x1b7, 0x104000100
ocr.pf_l3_rfo.l3_miss_local_dram.no_snoop_needed_1, 0x1bb, 0x104000100
ocr.pf_l3_rfo.l3_miss_local_dram.snoop_miss_0, 0x1b7, 0x204000100
ocr.pf_l3_rfo.l3_miss_local_dram.snoop_miss_1, 0x1bb, 0x204000100
ocr.pf_l3_rfo.l3_miss_local_dram.snoop_miss_or_no_fwd_0, 0x1b7, 0x604000100
ocr.pf_l3_rfo.l3_miss_local_dram.snoop_miss_or_no_fwd_1, 0x1bb, 0x604000100
ocr.pf_l3_rfo.l3_miss_local_dram.snoop_none_0, 0x1b7, 0x84000100
ocr.pf_l3_rfo.l3_miss_local_dram.snoop_none_1, 0x1bb, 0x84000100
ocr.pf_l3_rfo.l3_miss_remote_dram.snoop_miss_or_no_fwd_0, 0x1b7, 0x63b800100
ocr.pf_l3_rfo.l3_miss_remote_dram.snoop_miss_or_no_fwd_1, 0x1bb, 0x63b800100
ocr.pf_l3_rfo.l3_miss_remote_hop1_dram.any_snoop_0, 0x1b7, 0x3f90000100
ocr.pf_l3_rfo.l3_miss_remote_hop1_dram.any_snoop_1, 0x1bb, 0x3f90000100
ocr.pf_l3_rfo.l3_miss_remote_hop1_dram.hitm_other_core_0, 0x1b7, 0x1010000100
ocr.pf_l3_rfo.l3_miss_remote_hop1_dram.hitm_other_core_1, 0x1bb, 0x1010000100
ocr.pf_l3_rfo.l3_miss_remote_hop1_dram.hit_other_core_fwd_0, 0x1b7, 0x810000100
ocr.pf_l3_rfo.l3_miss_remote_hop1_dram.hit_other_core_fwd_1, 0x1bb, 0x810000100
ocr.pf_l3_rfo.l3_miss_remote_hop1_dram.hit_other_core_no_fwd_0, 0x1b7, 0x410000100
ocr.pf_l3_rfo.l3_miss_remote_hop1_dram.hit_other_core_no_fwd_1, 0x1bb, 0x410000100
ocr.pf_l3_rfo.l3_miss_remote_hop1_dram.no_snoop_needed_0, 0x1b7, 0x110000100
ocr.pf_l3_rfo.l3_miss_remote_hop1_dram.no_snoop_needed_1, 0x1bb, 0x110000100
ocr.pf_l3_rfo.l3_miss_remote_hop1_dram.snoop_miss_0, 0x1b7, 0x210000100
ocr.pf_l3_rfo.l3_miss_remote_hop1_dram.snoop_miss_1, 0x1bb, 0x210000100
ocr.pf_l3_rfo.l3_miss_remote_hop1_dram.snoop_none_0, 0x1b7, 0x90000100
ocr.pf_l3_rfo.l3_miss_remote_hop1_dram.snoop_none_1, 0x1bb, 0x90000100
offcore_requests.l3_miss_demand_data_rd, 0x10b0
offcore_requests_outstanding.cycles_with_l3_miss_demand_data_rd, 0x1060
offcore_requests_outstanding.l3_miss_demand_data_rd, 0x1060
offcore_requests_outstanding.l3_miss_demand_data_rd_ge_6, 0x1060
offcore_response.all_data_rd.l3_miss.any_snoop_0, 0x1b7, 0x3fbc000491
offcore_response.all_data_rd.l3_miss.any_snoop_1, 0x1bb, 0x3fbc000491
offcore_response.all_data_rd.l3_miss.hitm_other_core_0, 0x1b7, 0x103c000491
offcore_response.all_data_rd.l3_miss.hitm_other_core_1, 0x1bb, 0x103c000491
offcore_response.all_data_rd.l3_miss.hit_other_core_fwd_0, 0x1b7, 0x83c000491
offcore_response.all_data_rd.l3_miss.hit_other_core_fwd_1, 0x1bb, 0x83c000491
offcore_response.all_data_rd.l3_miss.hit_other_core_no_fwd_0, 0x1b7, 0x43c000491
offcore_response.all_data_rd.l3_miss.hit_other_core_no_fwd_1, 0x1bb, 0x43c000491
offcore_response.all_data_rd.l3_miss.no_snoop_needed_0, 0x1b7, 0x13c000491
offcore_response.all_data_rd.l3_miss.no_snoop_needed_1, 0x1bb, 0x13c000491
offcore_response.all_data_rd.l3_miss.remote_hitm_0, 0x1b7, 0x103fc00491
offcore_response.all_data_rd.l3_miss.remote_hitm_1, 0x1bb, 0x103fc00491
offcore_response.all_data_rd.l3_miss.remote_hit_forward_0, 0x1b7, 0x83fc00491
offcore_response.all_data_rd.l3_miss.remote_hit_forward_1, 0x1bb, 0x83fc00491
offcore_response.all_data_rd.l3_miss.snoop_miss_0, 0x1b7, 0x23c000491
offcore_response.all_data_rd.l3_miss.snoop_miss_1, 0x1bb, 0x23c000491
offcore_response.all_data_rd.l3_miss.snoop_none_0, 0x1b7, 0xbc000491
offcore_response.all_data_rd.l3_miss.snoop_none_1, 0x1bb, 0xbc000491
offcore_response.all_data_rd.l3_miss_local_dram.any_snoop_0, 0x1b7, 0x3f84000491
offcore_response.all_data_rd.l3_miss_local_dram.any_snoop_1, 0x1bb, 0x3f84000491
offcore_response.all_data_rd.l3_miss_local_dram.hitm_other_core_0, 0x1b7, 0x1004000491
offcore_response.all_data_rd.l3_miss_local_dram.hitm_other_core_1, 0x1bb, 0x1004000491
offcore_response.all_data_rd.l3_miss_local_dram.hit_other_core_fwd_0, 0x1b7, 0x804000491
offcore_response.all_data_rd.l3_miss_local_dram.hit_other_core_fwd_1, 0x1bb, 0x804000491
offcore_response.all_data_rd.l3_miss_local_dram.hit_other_core_no_fwd_0, 0x1b7, 0x404000491
offcore_response.all_data_rd.l3_miss_local_dram.hit_other_core_no_fwd_1, 0x1bb, 0x404000491
offcore_response.all_data_rd.l3_miss_local_dram.no_snoop_needed_0, 0x1b7, 0x104000491
offcore_response.all_data_rd.l3_miss_local_dram.no_snoop_needed_1, 0x1bb, 0x104000491
offcore_response.all_data_rd.l3_miss_local_dram.snoop_miss_0, 0x1b7, 0x204000491
offcore_response.all_data_rd.l3_miss_local_dram.snoop_miss_1, 0x1bb, 0x204000491
offcore_response.all_data_rd.l3_miss_local_dram.snoop_miss_or_no_fwd_0, 0x1b7, 0x604000491
offcore_response.all_data_rd.l3_miss_local_dram.snoop_miss_or_no_fwd_1, 0x1bb, 0x604000491
offcore_response.all_data_rd.l3_miss_local_dram.snoop_none_0, 0x1b7, 0x84000491
offcore_response.all_data_rd.l3_miss_local_dram.snoop_none_1, 0x1bb, 0x84000491
offcore_response.all_data_rd.l3_miss_remote_dram.snoop_miss_or_no_fwd_0, 0x1b7, 0x63b800491
offcore_response.all_data_rd.l3_miss_remote_dram.snoop_miss_or_no_fwd_1, 0x1bb, 0x63b800491
offcore_response.all_data_rd.l3_miss_remote_hop1_dram.any_snoop_0, 0x1b7, 0x3f90000491
offcore_response.all_data_rd.l3_miss_remote_hop1_dram.any_snoop_1, 0x1bb, 0x3f90000491
offcore_response.all_data_rd.l3_miss_remote_hop1_dram.hitm_other_core_0, 0x1b7, 0x1010000491
offcore_response.all_data_rd.l3_miss_remote_hop1_dram.hitm_other_core_1, 0x1bb, 0x1010000491
offcore_response.all_data_rd.l3_miss_remote_hop1_dram.hit_other_core_fwd_0, 0x1b7, 0x810000491
offcore_response.all_data_rd.l3_miss_remote_hop1_dram.hit_other_core_fwd_1, 0x1bb, 0x810000491
offcore_response.all_data_rd.l3_miss_remote_hop1_dram.hit_other_core_no_fwd_0, 0x1b7, 0x410000491
offcore_response.all_data_rd.l3_miss_remote_hop1_dram.hit_other_core_no_fwd_1, 0x1bb, 0x410000491
offcore_response.all_data_rd.l3_miss_remote_hop1_dram.no_snoop_needed_0, 0x1b7, 0x110000491
offcore_response.all_data_rd.l3_miss_remote_hop1_dram.no_snoop_needed_1, 0x1bb, 0x110000491
offcore_response.all_data_rd.l3_miss_remote_hop1_dram.snoop_miss_0, 0x1b7, 0x210000491
offcore_response.all_data_rd.l3_miss_remote_hop1_dram.snoop_miss_1, 0x1bb, 0x210000491
offcore_response.all_data_rd.l3_miss_remote_hop1_dram.snoop_none_0, 0x1b7, 0x90000491
offcore_response.all_data_rd.l3_miss_remote_hop1_dram.snoop_none_1, 0x1bb, 0x90000491
offcore_response.all_pf_data_rd.l3_miss.any_snoop_0, 0x1b7, 0x3fbc000490
offcore_response.all_pf_data_rd.l3_miss.any_snoop_1, 0x1bb, 0x3fbc000490
offcore_response.all_pf_data_rd.l3_miss.hitm_other_core_0, 0x1b7, 0x103c000490
offcore_response.all_pf_data_rd.l3_miss.hitm_other_core_1, 0x1bb, 0x103c000490
offcore_response.all_pf_data_rd.l3_miss.hit_other_core_fwd_0, 0x1b7, 0x83c000490
offcore_response.all_pf_data_rd.l3_miss.hit_other_core_fwd_1, 0x1bb, 0x83c000490
offcore_response.all_pf_data_rd.l3_miss.hit_other_core_no_fwd_0, 0x1b7, 0x43c000490
offcore_response.all_pf_data_rd.l3_miss.hit_other_core_no_fwd_1, 0x1bb, 0x43c000490
offcore_response.all_pf_data_rd.l3_miss.no_snoop_needed_0, 0x1b7, 0x13c000490
offcore_response.all_pf_data_rd.l3_miss.no_snoop_needed_1, 0x1bb, 0x13c000490
offcore_response.all_pf_data_rd.l3_miss.remote_hitm_0, 0x1b7, 0x103fc00490
offcore_response.all_pf_data_rd.l3_miss.remote_hitm_1, 0x1bb, 0x103fc00490
offcore_response.all_pf_data_rd.l3_miss.remote_hit_forward_0, 0x1b7, 0x83fc00490
offcore_response.all_pf_data_rd.l3_miss.remote_hit_forward_1, 0x1bb, 0x83fc00490
offcore_response.all_pf_data_rd.l3_miss.snoop_miss_0, 0x1b7, 0x23c000490
offcore_response.all_pf_data_rd.l3_miss.snoop_miss_1, 0x1bb, 0x23c000490
offcore_response.all_pf_data_rd.l3_miss.snoop_none_0, 0x1b7, 0xbc000490
offcore_response.all_pf_data_rd.l3_miss.snoop_none_1, 0x1bb, 0xbc000490
offcore_response.all_pf_data_rd.l3_miss_local_dram.any_snoop_0, 0x1b7, 0x3f84000490
offcore_response.all_pf_data_rd.l3_miss_local_dram.any_snoop_1, 0x1bb, 0x3f84000490
offcore_response.all_pf_data_rd.l3_miss_local_dram.hitm_other_core_0, 0x1b7, 0x1004000490
offcore_response.all_pf_data_rd.l3_miss_local_dram.hitm_other_core_1, 0x1bb, 0x1004000490
offcore_response.all_pf_data_rd.l3_miss_local_dram.hit_other_core_fwd_0, 0x1b7, 0x804000490
offcore_response.all_pf_data_rd.l3_miss_local_dram.hit_other_core_fwd_1, 0x1bb, 0x804000490
offcore_response.all_pf_data_rd.l3_miss_local_dram.hit_other_core_no_fwd_0, 0x1b7, 0x404000490
offcore_response.all_pf_data_rd.l3_miss_local_dram.hit_other_core_no_fwd_1, 0x1bb, 0x404000490
offcore_response.all_pf_data_rd.l3_miss_local_dram.no_snoop_needed_0, 0x1b7, 0x104000490
offcore_response.all_pf_data_rd.l3_miss_local_dram.no_snoop_needed_1, 0x1bb, 0x104000490
offcore_response.all_pf_data_rd.l3_miss_local_dram.snoop_miss_0, 0x1b7, 0x204000490
offcore_response.all_pf_data_rd.l3_miss_local_dram.snoop_miss_1, 0x1bb, 0x204000490
offcore_response.all_pf_data_rd.l3_miss_local_dram.snoop_miss_or_no_fwd_0, 0x1b7, 0x604000490
offcore_response.all_pf_data_rd.l3_miss_local_dram.snoop_miss_or_no_fwd_1, 0x1bb, 0x604000490
offcore_response.all_pf_data_rd.l3_miss_local_dram.snoop_none_0, 0x1b7, 0x84000490
offcore_response.all_pf_data_rd.l3_miss_local_dram.snoop_none_1, 0x1bb, 0x84000490
offcore_response.all_pf_data_rd.l3_miss_remote_dram.snoop_miss_or_no_fwd_0, 0x1b7, 0x63b800490
offcore_response.all_pf_data_rd.l3_miss_remote_dram.snoop_miss_or_no_fwd_1, 0x1bb, 0x63b800490
offcore_response.all_pf_data_rd.l3_miss_remote_hop1_dram.any_snoop_0, 0x1b7, 0x3f90000490
offcore_response.all_pf_data_rd.l3_miss_remote_hop1_dram.any_snoop_1, 0x1bb, 0x3f90000490
offcore_response.all_pf_data_rd.l3_miss_remote_hop1_dram.hitm_other_core_0, 0x1b7, 0x1010000490
offcore_response.all_pf_data_rd.l3_miss_remote_hop1_dram.hitm_other_core_1, 0x1bb, 0x1010000490
offcore_response.all_pf_data_rd.l3_miss_remote_hop1_dram.hit_other_core_fwd_0, 0x1b7, 0x810000490
offcore_response.all_pf_data_rd.l3_miss_remote_hop1_dram.hit_other_core_fwd_1, 0x1bb, 0x810000490
offcore_response.all_pf_data_rd.l3_miss_remote_hop1_dram.hit_other_core_no_fwd_0, 0x1b7, 0x410000490
offcore_response.all_pf_data_rd.l3_miss_remote_hop1_dram.hit_other_core_no_fwd_1, 0x1bb, 0x410000490
offcore_response.all_pf_data_rd.l3_miss_remote_hop1_dram.no_snoop_needed_0, 0x1b7, 0x110000490
offcore_response.all_pf_data_rd.l3_miss_remote_hop1_dram.no_snoop_needed_1, 0x1bb, 0x110000490
offcore_response.all_pf_data_rd.l3_miss_remote_hop1_dram.snoop_miss_0, 0x1b7, 0x210000490
offcore_response.all_pf_data_rd.l3_miss_remote_hop1_dram.snoop_miss_1, 0x1bb, 0x210000490
offcore_response.all_pf_data_rd.l3_miss_remote_hop1_dram.snoop_none_0, 0x1b7, 0x90000490
offcore_response.all_pf_data_rd.l3_miss_remote_hop1_dram.snoop_none_1, 0x1bb, 0x90000490
offcore_response.all_pf_rfo.l3_miss.any_snoop_0, 0x1b7, 0x3fbc000120
offcore_response.all_pf_rfo.l3_miss.any_snoop_1, 0x1bb, 0x3fbc000120
offcore_response.all_pf_rfo.l3_miss.hitm_other_core_0, 0x1b7, 0x103c000120
offcore_response.all_pf_rfo.l3_miss.hitm_other_core_1, 0x1bb, 0x103c000120
offcore_response.all_pf_rfo.l3_miss.hit_other_core_fwd_0, 0x1b7, 0x83c000120
offcore_response.all_pf_rfo.l3_miss.hit_other_core_fwd_1, 0x1bb, 0x83c000120
offcore_response.all_pf_rfo.l3_miss.hit_other_core_no_fwd_0, 0x1b7, 0x43c000120
offcore_response.all_pf_rfo.l3_miss.hit_other_core_no_fwd_1, 0x1bb, 0x43c000120
offcore_response.all_pf_rfo.l3_miss.no_snoop_needed_0, 0x1b7, 0x13c000120
offcore_response.all_pf_rfo.l3_miss.no_snoop_needed_1, 0x1bb, 0x13c000120
offcore_response.all_pf_rfo.l3_miss.remote_hitm_0, 0x1b7, 0x103fc00120
offcore_response.all_pf_rfo.l3_miss.remote_hitm_1, 0x1bb, 0x103fc00120
offcore_response.all_pf_rfo.l3_miss.remote_hit_forward_0, 0x1b7, 0x83fc00120
offcore_response.all_pf_rfo.l3_miss.remote_hit_forward_1, 0x1bb, 0x83fc00120
offcore_response.all_pf_rfo.l3_miss.snoop_miss_0, 0x1b7, 0x23c000120
offcore_response.all_pf_rfo.l3_miss.snoop_miss_1, 0x1bb, 0x23c000120
offcore_response.all_pf_rfo.l3_miss.snoop_none_0, 0x1b7, 0xbc000120
offcore_response.all_pf_rfo.l3_miss.snoop_none_1, 0x1bb, 0xbc000120
offcore_response.all_pf_rfo.l3_miss_local_dram.any_snoop_0, 0x1b7, 0x3f84000120
offcore_response.all_pf_rfo.l3_miss_local_dram.any_snoop_1, 0x1bb, 0x3f84000120
offcore_response.all_pf_rfo.l3_miss_local_dram.hitm_other_core_0, 0x1b7, 0x1004000120
offcore_response.all_pf_rfo.l3_miss_local_dram.hitm_other_core_1, 0x1bb, 0x1004000120
offcore_response.all_pf_rfo.l3_miss_local_dram.hit_other_core_fwd_0, 0x1b7, 0x804000120
offcore_response.all_pf_rfo.l3_miss_local_dram.hit_other_core_fwd_1, 0x1bb, 0x804000120
offcore_response.all_pf_rfo.l3_miss_local_dram.hit_other_core_no_fwd_0, 0x1b7, 0x404000120
offcore_response.all_pf_rfo.l3_miss_local_dram.hit_other_core_no_fwd_1, 0x1bb, 0x404000120
offcore_response.all_pf_rfo.l3_miss_local_dram.no_snoop_needed_0, 0x1b7, 0x104000120
offcore_response.all_pf_rfo.l3_miss_local_dram.no_snoop_needed_1, 0x1bb, 0x104000120
offcore_response.all_pf_rfo.l3_miss_local_dram.snoop_miss_0, 0x1b7, 0x204000120
offcore_response.all_pf_rfo.l3_miss_local_dram.snoop_miss_1, 0x1bb, 0x204000120
offcore_response.all_pf_rfo.l3_miss_local_dram.snoop_miss_or_no_fwd_0, 0x1b7, 0x604000120
offcore_response.all_pf_rfo.l3_miss_local_dram.snoop_miss_or_no_fwd_1, 0x1bb, 0x604000120
offcore_response.all_pf_rfo.l3_miss_local_dram.snoop_none_0, 0x1b7, 0x84000120
offcore_response.all_pf_rfo.l3_miss_local_dram.snoop_none_1, 0x1bb, 0x84000120
offcore_response.all_pf_rfo.l3_miss_remote_dram.snoop_miss_or_no_fwd_0, 0x1b7, 0x63b800120
offcore_response.all_pf_rfo.l3_miss_remote_dram.snoop_miss_or_no_fwd_1, 0x1bb, 0x63b800120
offcore_response.all_pf_rfo.l3_miss_remote_hop1_dram.any_snoop_0, 0x1b7, 0x3f90000120
offcore_response.all_pf_rfo.l3_miss_remote_hop1_dram.any_snoop_1, 0x1bb, 0x3f90000120
offcore_response.all_pf_rfo.l3_miss_remote_hop1_dram.hitm_other_core_0, 0x1b7, 0x1010000120
offcore_response.all_pf_rfo.l3_miss_remote_hop1_dram.hitm_other_core_1, 0x1bb, 0x1010000120
offcore_response.all_pf_rfo.l3_miss_remote_hop1_dram.hit_other_core_fwd_0, 0x1b7, 0x810000120
offcore_response.all_pf_rfo.l3_miss_remote_hop1_dram.hit_other_core_fwd_1, 0x1bb, 0x810000120
offcore_response.all_pf_rfo.l3_miss_remote_hop1_dram.hit_other_core_no_fwd_0, 0x1b7, 0x410000120
offcore_response.all_pf_rfo.l3_miss_remote_hop1_dram.hit_other_core_no_fwd_1, 0x1bb, 0x410000120
offcore_response.all_pf_rfo.l3_miss_remote_hop1_dram.no_snoop_needed_0, 0x1b7, 0x110000120
offcore_response.all_pf_rfo.l3_miss_remote_hop1_dram.no_snoop_needed_1, 0x1bb, 0x110000120
offcore_response.all_pf_rfo.l3_miss_remote_hop1_dram.snoop_miss_0, 0x1b7, 0x210000120
offcore_response.all_pf_rfo.l3_miss_remote_hop1_dram.snoop_miss_1, 0x1bb, 0x210000120
offcore_response.all_pf_rfo.l3_miss_remote_hop1_dram.snoop_none_0, 0x1b7, 0x90000120
offcore_response.all_pf_rfo.l3_miss_remote_hop1_dram.snoop_none_1, 0x1bb, 0x90000120
offcore_response.all_reads.l3_miss.any_snoop_0, 0x1b7, 0x3fbc0007f7
offcore_response.all_reads.l3_miss.any_snoop_1, 0x1bb, 0x3fbc0007f7
offcore_response.all_reads.l3_miss.hitm_other_core_0, 0x1b7, 0x103c0007f7
offcore_response.all_reads.l3_miss.hitm_other_core_1, 0x1bb, 0x103c0007f7
offcore_response.all_reads.l3_miss.hit_other_core_fwd_0, 0x1b7, 0x83c0007f7
offcore_response.all_reads.l3_miss.hit_other_core_fwd_1, 0x1bb, 0x83c0007f7
offcore_response.all_reads.l3_miss.hit_other_core_no_fwd_0, 0x1b7, 0x43c0007f7
offcore_response.all_reads.l3_miss.hit_other_core_no_fwd_1, 0x1bb, 0x43c0007f7
offcore_response.all_reads.l3_miss.no_snoop_needed_0, 0x1b7, 0x13c0007f7
offcore_response.all_reads.l3_miss.no_snoop_needed_1, 0x1bb, 0x13c0007f7
offcore_response.all_reads.l3_miss.remote_hitm_0, 0x1b7, 0x103fc007f7
offcore_response.all_reads.l3_miss.remote_hitm_1, 0x1bb, 0x103fc007f7
offcore_response.all_reads.l3_miss.remote_hit_forward_0, 0x1b7, 0x83fc007f7
offcore_response.all_reads.l3_miss.remote_hit_forward_1, 0x1bb, 0x83fc007f7
offcore_response.all_reads.l3_miss.snoop_miss_0, 0x1b7, 0x23c0007f7
offcore_response.all_reads.l3_miss.snoop_miss_1, 0x1bb, 0x23c0007f7
offcore_response.all_reads.l3_miss.snoop_none_0, 0x1b7, 0xbc0007f7
offcore_response.all_reads.l3_miss.snoop_none_1, 0x1bb, 0xbc0007f7
offcore_response.all_reads.l3_miss_local_dram.any_snoop_0, 0x1b7, 0x3f840007f7
offcore_response.all_reads.l3_miss_local_dram.any_snoop_1, 0x1bb, 0x3f840007f7
offcore_response.all_reads.l3_miss_local_dram.hitm_other_core_0, 0x1b7, 0x10040007f7
offcore_response.all_reads.l3_miss_local_dram.hitm_other_core_1, 0x1bb, 0x10040007f7
offcore_response.all_reads.l3_miss_local_dram.hit_other_core_fwd_0, 0x1b7, 0x8040007f7
offcore_response.all_reads.l3_miss_local_dram.hit_other_core_fwd_1, 0x1bb, 0x8040007f7
offcore_response.all_reads.l3_miss_local_dram.hit_other_core_no_fwd_0, 0x1b7, 0x4040007f7
offcore_response.all_reads.l3_miss_local_dram.hit_other_core_no_fwd_1, 0x1bb, 0x4040007f7
offcore_response.all_reads.l3_miss_local_dram.no_snoop_needed_0, 0x1b7, 0x1040007f7
offcore_response.all_reads.l3_miss_local_dram.no_snoop_needed_1, 0x1bb, 0x1040007f7
offcore_response.all_reads.l3_miss_local_dram.snoop_miss_0, 0x1b7, 0x2040007f7
offcore_response.all_reads.l3_miss_local_dram.snoop_miss_1, 0x1bb, 0x2040007f7
offcore_response.all_reads.l3_miss_local_dram.snoop_miss_or_no_fwd_0, 0x1b7, 0x6040007f7
offcore_response.all_reads.l3_miss_local_dram.snoop_miss_or_no_fwd_1, 0x1bb, 0x6040007f7
offcore_response.all_reads.l3_miss_local_dram.snoop_none_0, 0x1b7, 0x840007f7
offcore_response.all_reads.l3_miss_local_dram.snoop_none_1, 0x1bb, 0x840007f7
offcore_response.all_reads.l3_miss_remote_dram.snoop_miss_or_no_fwd_0, 0x1b7, 0x63b8007f7
offcore_response.all_reads.l3_miss_remote_dram.snoop_miss_or_no_fwd_1, 0x1bb, 0x63b8007f7
offcore_response.all_reads.l3_miss_remote_hop1_dram.any_snoop_0, 0x1b7, 0x3f900007f7
offcore_response.all_reads.l3_miss_remote_hop1_dram.any_snoop_1, 0x1bb, 0x3f900007f7
offcore_response.all_reads.l3_miss_remote_hop1_dram.hitm_other_core_0, 0x1b7, 0x10100007f7
offcore_response.all_reads.l3_miss_remote_hop1_dram.hitm_other_core_1, 0x1bb, 0x10100007f7
offcore_response.all_reads.l3_miss_remote_hop1_dram.hit_other_core_fwd_0, 0x1b7, 0x8100007f7
offcore_response.all_reads.l3_miss_remote_hop1_dram.hit_other_core_fwd_1, 0x1bb, 0x8100007f7
offcore_response.all_reads.l3_miss_remote_hop1_dram.hit_other_core_no_fwd_0, 0x1b7, 0x4100007f7
offcore_response.all_reads.l3_miss_remote_hop1_dram.hit_other_core_no_fwd_1, 0x1bb, 0x4100007f7
offcore_response.all_reads.l3_miss_remote_hop1_dram.no_snoop_needed_0, 0x1b7, 0x1100007f7
offcore_response.all_reads.l3_miss_remote_hop1_dram.no_snoop_needed_1, 0x1bb, 0x1100007f7
offcore_response.all_reads.l3_miss_remote_hop1_dram.snoop_miss_0, 0x1b7, 0x2100007f7
offcore_response.all_reads.l3_miss_remote_hop1_dram.snoop_miss_1, 0x1bb, 0x2100007f7
offcore_response.all_reads.l3_miss_remote_hop1_dram.snoop_none_0, 0x1b7, 0x900007f7
offcore_response.all_reads.l3_miss_remote_hop1_dram.snoop_none_1, 0x1bb, 0x900007f7
offcore_response.all_rfo.l3_miss.any_snoop_0, 0x1b7, 0x3fbc000122
offcore_response.all_rfo.l3_miss.any_snoop_1, 0x1bb, 0x3fbc000122
offcore_response.all_rfo.l3_miss.hitm_other_core_0, 0x1b7, 0x103c000122
offcore_response.all_rfo.l3_miss.hitm_other_core_1, 0x1bb, 0x103c000122
offcore_response.all_rfo.l3_miss.hit_other_core_fwd_0, 0x1b7, 0x83c000122
offcore_response.all_rfo.l3_miss.hit_other_core_fwd_1, 0x1bb, 0x83c000122
offcore_response.all_rfo.l3_miss.hit_other_core_no_fwd_0, 0x1b7, 0x43c000122
offcore_response.all_rfo.l3_miss.hit_other_core_no_fwd_1, 0x1bb, 0x43c000122
offcore_response.all_rfo.l3_miss.no_snoop_needed_0, 0x1b7, 0x13c000122
offcore_response.all_rfo.l3_miss.no_snoop_needed_1, 0x1bb, 0x13c000122
offcore_response.all_rfo.l3_miss.remote_hitm_0, 0x1b7, 0x103fc00122
offcore_response.all_rfo.l3_miss.remote_hitm_1, 0x1bb, 0x103fc00122
offcore_response.all_rfo.l3_miss.remote_hit_forward_0, 0x1b7, 0x83fc00122
offcore_response.all_rfo.l3_miss.remote_hit_forward_1, 0x1bb, 0x83fc00122
offcore_response.all_rfo.l3_miss.snoop_miss_0, 0x1b7, 0x23c000122
offcore_response.all_rfo.l3_miss.snoop_miss_1, 0x1bb, 0x23c000122
offcore_response.all_rfo.l3_miss.snoop_none_0, 0x1b7, 0xbc000122
offcore_response.all_rfo.l3_miss.snoop_none_1, 0x1bb, 0xbc000122
offcore_response.all_rfo.l3_miss_local_dram.any_snoop_0, 0x1b7, 0x3f84000122
offcore_response.all_rfo.l3_miss_local_dram.any_snoop_1, 0x1bb, 0x3f84000122
offcore_response.all_rfo.l3_miss_local_dram.hitm_other_core_0, 0x1b7, 0x1004000122
offcore_response.all_rfo.l3_miss_local_dram.hitm_other_core_1, 0x1bb, 0x1004000122
offcore_response.all_rfo.l3_miss_local_dram.hit_other_core_fwd_0, 0x1b7, 0x804000122
offcore_response.all_rfo.l3_miss_local_dram.hit_other_core_fwd_1, 0x1bb, 0x804000122
offcore_response.all_rfo.l3_miss_local_dram.hit_other_core_no_fwd_0, 0x1b7, 0x404000122
offcore_response.all_rfo.l3_miss_local_dram.hit_other_core_no_fwd_1, 0x1bb, 0x404000122
offcore_response.all_rfo.l3_miss_local_dram.no_snoop_needed_0, 0x1b7, 0x104000122
offcore_response.all_rfo.l3_miss_local_dram.no_snoop_needed_1, 0x1bb, 0x104000122
offcore_response.all_rfo.l3_miss_local_dram.snoop_miss_0, 0x1b7, 0x204000122
offcore_response.all_rfo.l3_miss_local_dram.snoop_miss_1, 0x1bb, 0x204000122
offcore_response.all_rfo.l3_miss_local_dram.snoop_miss_or_no_fwd_0, 0x1b7, 0x604000122
offcore_response.all_rfo.l3_miss_local_dram.snoop_miss_or_no_fwd_1, 0x1bb, 0x604000122
offcore_response.all_rfo.l3_miss_local_dram.snoop_none_0, 0x1b7, 0x84000122
offcore_response.all_rfo.l3_miss_local_dram.snoop_none_1, 0x1bb, 0x84000122
offcore_response.all_rfo.l3_miss_remote_dram.snoop_miss_or_no_fwd_0, 0x1b7, 0x63b800122
offcore_response.all_rfo.l3_miss_remote_dram.snoop_miss_or_no_fwd_1, 0x1bb, 0x63b800122
offcore_response.all_rfo.l3_miss_remote_hop1_dram.any_snoop_0, 0x1b7, 0x3f90000122
offcore_response.all_rfo.l3_miss_remote_hop1_dram.any_snoop_1, 0x1bb, 0x3f90000122
offcore_response.all_rfo.l3_miss_remote_hop1_dram.hitm_other_core_0, 0x1b7, 0x1010000122
offcore_response.all_rfo.l3_miss_remote_hop1_dram.hitm_other_core_1, 0x1bb, 0x1010000122
offcore_response.all_rfo.l3_miss_remote_hop1_dram.hit_other_core_fwd_0, 0x1b7, 0x810000122
offcore_response.all_rfo.l3_miss_remote_hop1_dram.hit_other_core_fwd_1, 0x1bb, 0x810000122
offcore_response.all_rfo.l3_miss_remote_hop1_dram.hit_other_core_no_fwd_0, 0x1b7, 0x410000122
offcore_response.all_rfo.l3_miss_remote_hop1_dram.hit_other_core_no_fwd_1, 0x1bb, 0x410000122
offcore_response.all_rfo.l3_miss_remote_hop1_dram.no_snoop_needed_0, 0x1b7, 0x110000122
offcore_response.all_rfo.l3_miss_remote_hop1_dram.no_snoop_needed_1, 0x1bb, 0x110000122
offcore_response.all_rfo.l3_miss_remote_hop1_dram.snoop_miss_0, 0x1b7, 0x210000122
offcore_response.all_rfo.l3_miss_remote_hop1_dram.snoop_miss_1, 0x1bb, 0x210000122
offcore_response.all_rfo.l3_miss_remote_hop1_dram.snoop_none_0, 0x1b7, 0x90000122
offcore_response.all_rfo.l3_miss_remote_hop1_dram.snoop_none_1, 0x1bb, 0x90000122
offcore_response.demand_code_rd.l3_miss.any_snoop_0, 0x1b7, 0x3fbc000004
offcore_response.demand_code_rd.l3_miss.any_snoop_1, 0x1bb, 0x3fbc000004
offcore_response.demand_code_rd.l3_miss.hitm_other_core_0, 0x1b7, 0x103c000004
offcore_response.demand_code_rd.l3_miss.hitm_other_core_1, 0x1bb, 0x103c000004
offcore_response.demand_code_rd.l3_miss.hit_other_core_fwd_0, 0x1b7, 0x83c000004
offcore_response.demand_code_rd.l3_miss.hit_other_core_fwd_1, 0x1bb, 0x83c000004
offcore_response.demand_code_rd.l3_miss.hit_other_core_no_fwd_0, 0x1b7, 0x43c000004
offcore_response.demand_code_rd.l3_miss.hit_other_core_no_fwd_1, 0x1bb, 0x43c000004
offcore_response.demand_code_rd.l3_miss.no_snoop_needed_0, 0x1b7, 0x13c000004
offcore_response.demand_code_rd.l3_miss.no_snoop_needed_1, 0x1bb, 0x13c000004
offcore_response.demand_code_rd.l3_miss.remote_hitm_0, 0x1b7, 0x103fc00004
offcore_response.demand_code_rd.l3_miss.remote_hitm_1, 0x1bb, 0x103fc00004
offcore_response.demand_code_rd.l3_miss.remote_hit_forward_0, 0x1b7, 0x83fc00004
offcore_response.demand_code_rd.l3_miss.remote_hit_forward_1, 0x1bb, 0x83fc00004
offcore_response.demand_code_rd.l3_miss.snoop_miss_0, 0x1b7, 0x23c000004
offcore_response.demand_code_rd.l3_miss.snoop_miss_1, 0x1bb, 0x23c000004
offcore_response.demand_code_rd.l3_miss.snoop_none_0, 0x1b7, 0xbc000004
offcore_response.demand_code_rd.l3_miss.snoop_none_1, 0x1bb, 0xbc000004
offcore_response.demand_code_rd.l3_miss_local_dram.any_snoop_0, 0x1b7, 0x3f84000004
offcore_response.demand_code_rd.l3_miss_local_dram.any_snoop_1, 0x1bb, 0x3f84000004
offcore_response.demand_code_rd.l3_miss_local_dram.hitm_other_core_0, 0x1b7, 0x1004000004
offcore_response.demand_code_rd.l3_miss_local_dram.hitm_other_core_1, 0x1bb, 0x1004000004
offcore_response.demand_code_rd.l3_miss_local_dram.hit_other_core_fwd_0, 0x1b7, 0x804000004
offcore_response.demand_code_rd.l3_miss_local_dram.hit_other_core_fwd_1, 0x1bb, 0x804000004
offcore_response.demand_code_rd.l3_miss_local_dram.hit_other_core_no_fwd_0, 0x1b7, 0x404000004
offcore_response.demand_code_rd.l3_miss_local_dram.hit_other_core_no_fwd_1, 0x1bb, 0x404000004
offcore_response.demand_code_rd.l3_miss_local_dram.no_snoop_needed_0, 0x1b7, 0x104000004
offcore_response.demand_code_rd.l3_miss_local_dram.no_snoop_needed_1, 0x1bb, 0x104000004
offcore_response.demand_code_rd.l3_miss_local_dram.snoop_miss_0, 0x1b7, 0x204000004
offcore_response.demand_code_rd.l3_miss_local_dram.snoop_miss_1, 0x1bb, 0x204000004
offcore_response.demand_code_rd.l3_miss_local_dram.snoop_miss_or_no_fwd_0, 0x1b7, 0x604000004
offcore_response.demand_code_rd.l3_miss_local_dram.snoop_miss_or_no_fwd_1, 0x1bb, 0x604000004
offcore_response.demand_code_rd.l3_miss_local_dram.snoop_none_0, 0x1b7, 0x84000004
offcore_response.demand_code_rd.l3_miss_local_dram.snoop_none_1, 0x1bb, 0x84000004
offcore_response.demand_code_rd.l3_miss_remote_dram.snoop_miss_or_no_fwd_0, 0x1b7, 0x63b800004
offcore_response.demand_code_rd.l3_miss_remote_dram.snoop_miss_or_no_fwd_1, 0x1bb, 0x63b800004
offcore_response.demand_code_rd.l3_miss_remote_hop1_dram.any_snoop_0, 0x1b7, 0x3f90000004
offcore_response.demand_code_rd.l3_miss_remote_hop1_dram.any_snoop_1, 0x1bb, 0x3f90000004
offcore_response.demand_code_rd.l3_miss_remote_hop1_dram.hitm_other_core_0, 0x1b7, 0x1010000004
offcore_response.demand_code_rd.l3_miss_remote_hop1_dram.hitm_other_core_1, 0x1bb, 0x1010000004
offcore_response.demand_code_rd.l3_miss_remote_hop1_dram.hit_other_core_fwd_0, 0x1b7, 0x810000004
offcore_response.demand_code_rd.l3_miss_remote_hop1_dram.hit_other_core_fwd_1, 0x1bb, 0x810000004
offcore_response.demand_code_rd.l3_miss_remote_hop1_dram.hit_other_core_no_fwd_0, 0x1b7, 0x410000004
offcore_response.demand_code_rd.l3_miss_remote_hop1_dram.hit_other_core_no_fwd_1, 0x1bb, 0x410000004
offcore_response.demand_code_rd.l3_miss_remote_hop1_dram.no_snoop_needed_0, 0x1b7, 0x110000004
offcore_response.demand_code_rd.l3_miss_remote_hop1_dram.no_snoop_needed_1, 0x1bb, 0x110000004
offcore_response.demand_code_rd.l3_miss_remote_hop1_dram.snoop_miss_0, 0x1b7, 0x210000004
offcore_response.demand_code_rd.l3_miss_remote_hop1_dram.snoop_miss_1, 0x1bb, 0x210000004
offcore_response.demand_code_rd.l3_miss_remote_hop1_dram.snoop_none_0, 0x1b7, 0x90000004
offcore_response.demand_code_rd.l3_miss_remote_hop1_dram.snoop_none_1, 0x1bb, 0x90000004
offcore_response.demand_data_rd.l3_miss.any_snoop_0, 0x1b7, 0x3fbc000001
offcore_response.demand_data_rd.l3_miss.any_snoop_1, 0x1bb, 0x3fbc000001
offcore_response.demand_data_rd.l3_miss.hitm_other_core_0, 0x1b7, 0x103c000001
offcore_response.demand_data_rd.l3_miss.hitm_other_core_1, 0x1bb, 0x103c000001
offcore_response.demand_data_rd.l3_miss.hit_other_core_fwd_0, 0x1b7, 0x83c000001
offcore_response.demand_data_rd.l3_miss.hit_other_core_fwd_1, 0x1bb, 0x83c000001
offcore_response.demand_data_rd.l3_miss.hit_other_core_no_fwd_0, 0x1b7, 0x43c000001
offcore_response.demand_data_rd.l3_miss.hit_other_core_no_fwd_1, 0x1bb, 0x43c000001
offcore_response.demand_data_rd.l3_miss.no_snoop_needed_0, 0x1b7, 0x13c000001
offcore_response.demand_data_rd.l3_miss.no_snoop_needed_1, 0x1bb, 0x13c000001
offcore_response.demand_data_rd.l3_miss.remote_hitm_0, 0x1b7, 0x103fc00001
offcore_response.demand_data_rd.l3_miss.remote_hitm_1, 0x1bb, 0x103fc00001
offcore_response.demand_data_rd.l3_miss.remote_hit_forward_0, 0x1b7, 0x83fc00001
offcore_response.demand_data_rd.l3_miss.remote_hit_forward_1, 0x1bb, 0x83fc00001
offcore_response.demand_data_rd.l3_miss.snoop_miss_0, 0x1b7, 0x23c000001
offcore_response.demand_data_rd.l3_miss.snoop_miss_1, 0x1bb, 0x23c000001
offcore_response.demand_data_rd.l3_miss.snoop_none_0, 0x1b7, 0xbc000001
offcore_response.demand_data_rd.l3_miss.snoop_none_1, 0x1bb, 0xbc000001
offcore_response.demand_data_rd.l3_miss_local_dram.any_snoop_0, 0x1b7, 0x3f84000001
offcore_response.demand_data_rd.l3_miss_local_dram.any_snoop_1, 0x1bb, 0x3f84000001
offcore_response.demand_data_rd.l3_miss_local_dram.hitm_other_core_0, 0x1b7, 0x1004000001
offcore_response.demand_data_rd.l3_miss_local_dram.hitm_other_core_1, 0x1bb, 0x1004000001
offcore_response.demand_data_rd.l3_miss_local_dram.hit_other_core_fwd_0, 0x1b7, 0x804000001
offcore_response.demand_data_rd.l3_miss_local_dram.hit_other_core_fwd_1, 0x1bb, 0x804000001
offcore_response.demand_data_rd.l3_miss_local_dram.hit_other_core_no_fwd_0, 0x1b7, 0x404000001
offcore_response.demand_data_rd.l3_miss_local_dram.hit_other_core_no_fwd_1, 0x1bb, 0x404000001
offcore_response.demand_data_rd.l3_miss_local_dram.no_snoop_needed_0, 0x1b7, 0x104000001
offcore_response.demand_data_rd.l3_miss_local_dram.no_snoop_needed_1, 0x1bb, 0x104000001
offcore_response.demand_data_rd.l3_miss_local_dram.snoop_miss_0, 0x1b7, 0x204000001
offcore_response.demand_data_rd.l3_miss_local_dram.snoop_miss_1, 0x1bb, 0x204000001
offcore_response.demand_data_rd.l3_miss_local_dram.snoop_miss_or_no_fwd_0, 0x1b7, 0x604000001
offcore_response.demand_data_rd.l3_miss_local_dram.snoop_miss_or_no_fwd_1, 0x1bb, 0x604000001
offcore_response.demand_data_rd.l3_miss_local_dram.snoop_none_0, 0x1b7, 0x84000001
offcore_response.demand_data_rd.l3_miss_local_dram.snoop_none_1, 0x1bb, 0x84000001
offcore_response.demand_data_rd.l3_miss_remote_dram.snoop_miss_or_no_fwd_0, 0x1b7, 0x63b800001
offcore_response.demand_data_rd.l3_miss_remote_dram.snoop_miss_or_no_fwd_1, 0x1bb, 0x63b800001
offcore_response.demand_data_rd.l3_miss_remote_hop1_dram.any_snoop_0, 0x1b7, 0x3f90000001
offcore_response.demand_data_rd.l3_miss_remote_hop1_dram.any_snoop_1, 0x1bb, 0x3f90000001
offcore_response.demand_data_rd.l3_miss_remote_hop1_dram.hitm_other_core_0, 0x1b7, 0x1010000001
offcore_response.demand_data_rd.l3_miss_remote_hop1_dram.hitm_other_core_1, 0x1bb, 0x1010000001
offcore_response.demand_data_rd.l3_miss_remote_hop1_dram.hit_other_core_fwd_0, 0x1b7, 0x810000001
offcore_response.demand_data_rd.l3_miss_remote_hop1_dram.hit_other_core_fwd_1, 0x1bb, 0x810000001
offcore_response.demand_data_rd.l3_miss_remote_hop1_dram.hit_other_core_no_fwd_0, 0x1b7, 0x410000001
offcore_response.demand_data_rd.l3_miss_remote_hop1_dram.hit_other_core_no_fwd_1, 0x1bb, 0x410000001
offcore_response.demand_data_rd.l3_miss_remote_hop1_dram.no_snoop_needed_0, 0x1b7, 0x110000001
offcore_response.demand_data_rd.l3_miss_remote_hop1_dram.no_snoop_needed_1, 0x1bb, 0x110000001
offcore_response.demand_data_rd.l3_miss_remote_hop1_dram.snoop_miss_0, 0x1b7, 0x210000001
offcore_response.demand_data_rd.l3_miss_remote_hop1_dram.snoop_miss_1, 0x1bb, 0x210000001
offcore_response.demand_data_rd.l3_miss_remote_hop1_dram.snoop_none_0, 0x1b7, 0x90000001
offcore_response.demand_data_rd.l3_miss_remote_hop1_dram.snoop_none_1, 0x1bb, 0x90000001
offcore_response.demand_rfo.l3_miss.any_snoop_0, 0x1b7, 0x3fbc000002
offcore_response.demand_rfo.l3_miss.any_snoop_1, 0x1bb, 0x3fbc000002
offcore_response.demand_rfo.l3_miss.hitm_other_core_0, 0x1b7, 0x103c000002
offcore_response.demand_rfo.l3_miss.hitm_other_core_1, 0x1bb, 0x103c000002
offcore_response.demand_rfo.l3_miss.hit_other_core_fwd_0, 0x1b7, 0x83c000002
offcore_response.demand_rfo.l3_miss.hit_other_core_fwd_1, 0x1bb, 0x83c000002
offcore_response.demand_rfo.l3_miss.hit_other_core_no_fwd_0, 0x1b7, 0x43c000002
offcore_response.demand_rfo.l3_miss.hit_other_core_no_fwd_1, 0x1bb, 0x43c000002
offcore_response.demand_rfo.l3_miss.no_snoop_needed_0, 0x1b7, 0x13c000002
offcore_response.demand_rfo.l3_miss.no_snoop_needed_1, 0x1bb, 0x13c000002
offcore_response.demand_rfo.l3_miss.remote_hitm_0, 0x1b7, 0x103fc00002
offcore_response.demand_rfo.l3_miss.remote_hitm_1, 0x1bb, 0x103fc00002
offcore_response.demand_rfo.l3_miss.remote_hit_forward_0, 0x1b7, 0x83fc00002
offcore_response.demand_rfo.l3_miss.remote_hit_forward_1, 0x1bb, 0x83fc00002
offcore_response.demand_rfo.l3_miss.snoop_miss_0, 0x1b7, 0x23c000002
offcore_response.demand_rfo.l3_miss.snoop_miss_1, 0x1bb, 0x23c000002
offcore_response.demand_rfo.l3_miss.snoop_none_0, 0x1b7, 0xbc000002
offcore_response.demand_rfo.l3_miss.snoop_none_1, 0x1bb, 0xbc000002
offcore_response.demand_rfo.l3_miss_local_dram.any_snoop_0, 0x1b7, 0x3f84000002
offcore_response.demand_rfo.l3_miss_local_dram.any_snoop_1, 0x1bb, 0x3f84000002
offcore_response.demand_rfo.l3_miss_local_dram.hitm_other_core_0, 0x1b7, 0x1004000002
offcore_response.demand_rfo.l3_miss_local_dram.hitm_other_core_1, 0x1bb, 0x1004000002
offcore_response.demand_rfo.l3_miss_local_dram.hit_other_core_fwd_0, 0x1b7, 0x804000002
offcore_response.demand_rfo.l3_miss_local_dram.hit_other_core_fwd_1, 0x1bb, 0x804000002
offcore_response.demand_rfo.l3_miss_local_dram.hit_other_core_no_fwd_0, 0x1b7, 0x404000002
offcore_response.demand_rfo.l3_miss_local_dram.hit_other_core_no_fwd_1, 0x1bb, 0x404000002
offcore_response.demand_rfo.l3_miss_local_dram.no_snoop_needed_0, 0x1b7, 0x104000002
offcore_response.demand_rfo.l3_miss_local_dram.no_snoop_needed_1, 0x1bb, 0x104000002
offcore_response.demand_rfo.l3_miss_local_dram.snoop_miss_0, 0x1b7, 0x204000002
offcore_response.demand_rfo.l3_miss_local_dram.snoop_miss_1, 0x1bb, 0x204000002
offcore_response.demand_rfo.l3_miss_local_dram.snoop_miss_or_no_fwd_0, 0x1b7, 0x604000002
offcore_response.demand_rfo.l3_miss_local_dram.snoop_miss_or_no_fwd_1, 0x1bb, 0x604000002
offcore_response.demand_rfo.l3_miss_local_dram.snoop_none_0, 0x1b7, 0x84000002
offcore_response.demand_rfo.l3_miss_local_dram.snoop_none_1, 0x1bb, 0x84000002
offcore_response.demand_rfo.l3_miss_remote_dram.snoop_miss_or_no_fwd_0, 0x1b7, 0x63b800002
offcore_response.demand_rfo.l3_miss_remote_dram.snoop_miss_or_no_fwd_1, 0x1bb, 0x63b800002
offcore_response.demand_rfo.l3_miss_remote_hop1_dram.any_snoop_0, 0x1b7, 0x3f90000002
offcore_response.demand_rfo.l3_miss_remote_hop1_dram.any_snoop_1, 0x1bb, 0x3f90000002
offcore_response.demand_rfo.l3_miss_remote_hop1_dram.hitm_other_core_0, 0x1b7, 0x1010000002
offcore_response.demand_rfo.l3_miss_remote_hop1_dram.hitm_other_core_1, 0x1bb, 0x1010000002
offcore_response.demand_rfo.l3_miss_remote_hop1_dram.hit_other_core_fwd_0, 0x1b7, 0x810000002
offcore_response.demand_rfo.l3_miss_remote_hop1_dram.hit_other_core_fwd_1, 0x1bb, 0x810000002
offcore_response.demand_rfo.l3_miss_remote_hop1_dram.hit_other_core_no_fwd_0, 0x1b7, 0x410000002
offcore_response.demand_rfo.l3_miss_remote_hop1_dram.hit_other_core_no_fwd_1, 0x1bb, 0x410000002
offcore_response.demand_rfo.l3_miss_remote_hop1_dram.no_snoop_needed_0, 0x1b7, 0x110000002
offcore_response.demand_rfo.l3_miss_remote_hop1_dram.no_snoop_needed_1, 0x1bb, 0x110000002
offcore_response.demand_rfo.l3_miss_remote_hop1_dram.snoop_miss_0, 0x1b7, 0x210000002
offcore_response.demand_rfo.l3_miss_remote_hop1_dram.snoop_miss_1, 0x1bb, 0x210000002
offcore_response.demand_rfo.l3_miss_remote_hop1_dram.snoop_none_0, 0x1b7, 0x90000002
offcore_response.demand_rfo.l3_miss_remote_hop1_dram.snoop_none_1, 0x1bb, 0x90000002
offcore_response.other.l3_miss.any_snoop_0, 0x1b7, 0x3fbc008000
offcore_response.other.l3_miss.any_snoop_1, 0x1bb, 0x3fbc008000
offcore_response.other.l3_miss.hitm_other_core_0, 0x1b7, 0x103c008000
offcore_response.other.l3_miss.hitm_other_core_1, 0x1bb, 0x103c008000
offcore_response.other.l3_miss.hit_other_core_fwd_0, 0x1b7, 0x83c008000
offcore_response.other.l3_miss.hit_other_core_fwd_1, 0x1bb, 0x83c008000
offcore_response.other.l3_miss.hit_other_core_no_fwd_0, 0x1b7, 0x43c008000
offcore_response.other.l3_miss.hit_other_core_no_fwd_1, 0x1bb, 0x43c008000
offcore_response.other.l3_miss.no_snoop_needed_0, 0x1b7, 0x13c008000
offcore_response.other.l3_miss.no_snoop_needed_1, 0x1bb, 0x13c008000
offcore_response.other.l3_miss.remote_hitm_0, 0x1b7, 0x103fc08000
offcore_response.other.l3_miss.remote_hitm_1, 0x1bb, 0x103fc08000
offcore_response.other.l3_miss.remote_hit_forward_0, 0x1b7, 0x83fc08000
offcore_response.other.l3_miss.remote_hit_forward_1, 0x1bb, 0x83fc08000
offcore_response.other.l3_miss.snoop_miss_0, 0x1b7, 0x23c008000
offcore_response.other.l3_miss.snoop_miss_1, 0x1bb, 0x23c008000
offcore_response.other.l3_miss.snoop_none_0, 0x1b7, 0xbc008000
offcore_response.other.l3_miss.snoop_none_1, 0x1bb, 0xbc008000
offcore_response.other.l3_miss_local_dram.any_snoop_0, 0x1b7, 0x3f84008000
offcore_response.other.l3_miss_local_dram.any_snoop_1, 0x1bb, 0x3f84008000
offcore_response.other.l3_miss_local_dram.hitm_other_core_0, 0x1b7, 0x1004008000
offcore_response.other.l3_miss_local_dram.hitm_other_core_1, 0x1bb, 0x1004008000
offcore_response.other.l3_miss_local_dram.hit_other_core_fwd_0, 0x1b7, 0x804008000
offcore_response.other.l3_miss_local_dram.hit_other_core_fwd_1, 0x1bb, 0x804008000
offcore_response.other.l3_miss_local_dram.hit_other_core_no_fwd_0, 0x1b7, 0x404008000
offcore_response.other.l3_miss_local_dram.hit_other_core_no_fwd_1, 0x1bb, 0x404008000
offcore_response.other.l3_miss_local_dram.no_snoop_needed_0, 0x1b7, 0x104008000
offcore_response.other.l3_miss_local_dram.no_snoop_needed_1, 0x1bb, 0x104008000
offcore_response.other.l3_miss_local_dram.snoop_miss_0, 0x1b7, 0x204008000
offcore_response.other.l3_miss_local_dram.snoop_miss_1, 0x1bb, 0x204008000
offcore_response.other.l3_miss_local_dram.snoop_miss_or_no_fwd_0, 0x1b7, 0x604008000
offcore_response.other.l3_miss_local_dram.snoop_miss_or_no_fwd_1, 0x1bb, 0x604008000
offcore_response.other.l3_miss_local_dram.snoop_none_0, 0x1b7, 0x84008000
offcore_response.other.l3_miss_local_dram.snoop_none_1, 0x1bb, 0x84008000
offcore_response.other.l3_miss_remote_dram.snoop_miss_or_no_fwd_0, 0x1b7, 0x63b808000
offcore_response.other.l3_miss_remote_dram.snoop_miss_or_no_fwd_1, 0x1bb, 0x63b808000
offcore_response.other.l3_miss_remote_hop1_dram.any_snoop_0, 0x1b7, 0x3f90008000
offcore_response.other.l3_miss_remote_hop1_dram.any_snoop_1, 0x1bb, 0x3f90008000
offcore_response.other.l3_miss_remote_hop1_dram.hitm_other_core_0, 0x1b7, 0x1010008000
offcore_response.other.l3_miss_remote_hop1_dram.hitm_other_core_1, 0x1bb, 0x1010008000
offcore_response.other.l3_miss_remote_hop1_dram.hit_other_core_fwd_0, 0x1b7, 0x810008000
offcore_response.other.l3_miss_remote_hop1_dram.hit_other_core_fwd_1, 0x1bb, 0x810008000
offcore_response.other.l3_miss_remote_hop1_dram.hit_other_core_no_fwd_0, 0x1b7, 0x410008000
offcore_response.other.l3_miss_remote_hop1_dram.hit_other_core_no_fwd_1, 0x1bb, 0x410008000
offcore_response.other.l3_miss_remote_hop1_dram.no_snoop_needed_0, 0x1b7, 0x110008000
offcore_response.other.l3_miss_remote_hop1_dram.no_snoop_needed_1, 0x1bb, 0x110008000
offcore_response.other.l3_miss_remote_hop1_dram.snoop_miss_0, 0x1b7, 0x210008000
offcore_response.other.l3_miss_remote_hop1_dram.snoop_miss_1, 0x1bb, 0x210008000
offcore_response.other.l3_miss_remote_hop1_dram.snoop_none_0, 0x1b7, 0x90008000
offcore_response.other.l3_miss_remote_hop1_dram.snoop_none_1, 0x1bb, 0x90008000
offcore_response.pf_l1d_and_sw.l3_miss.any_snoop_0, 0x1b7, 0x3fbc000400
offcore_response.pf_l1d_and_sw.l3_miss.any_snoop_1, 0x1bb, 0x3fbc000400
offcore_response.pf_l1d_and_sw.l3_miss.hitm_other_core_0, 0x1b7, 0x103c000400
offcore_response.pf_l1d_and_sw.l3_miss.hitm_other_core_1, 0x1bb, 0x103c000400
offcore_response.pf_l1d_and_sw.l3_miss.hit_other_core_fwd_0, 0x1b7, 0x83c000400
offcore_response.pf_l1d_and_sw.l3_miss.hit_other_core_fwd_1, 0x1bb, 0x83c000400
offcore_response.pf_l1d_and_sw.l3_miss.hit_other_core_no_fwd_0, 0x1b7, 0x43c000400
offcore_response.pf_l1d_and_sw.l3_miss.hit_other_core_no_fwd_1, 0x1bb, 0x43c000400
offcore_response.pf_l1d_and_sw.l3_miss.no_snoop_needed_0, 0x1b7, 0x13c000400
offcore_response.pf_l1d_and_sw.l3_miss.no_snoop_needed_1, 0x1bb, 0x13c000400
offcore_response.pf_l1d_and_sw.l3_miss.remote_hitm_0, 0x1b7, 0x103fc00400
offcore_response.pf_l1d_and_sw.l3_miss.remote_hitm_1, 0x1bb, 0x103fc00400
offcore_response.pf_l1d_and_sw.l3_miss.remote_hit_forward_0, 0x1b7, 0x83fc00400
offcore_response.pf_l1d_and_sw.l3_miss.remote_hit_forward_1, 0x1bb, 0x83fc00400
offcore_response.pf_l1d_and_sw.l3_miss.snoop_miss_0, 0x1b7, 0x23c000400
offcore_response.pf_l1d_and_sw.l3_miss.snoop_miss_1, 0x1bb, 0x23c000400
offcore_response.pf_l1d_and_sw.l3_miss.snoop_none_0, 0x1b7, 0xbc000400
offcore_response.pf_l1d_and_sw.l3_miss.snoop_none_1, 0x1bb, 0xbc000400
offcore_response.pf_l1d_and_sw.l3_miss_local_dram.any_snoop_0, 0x1b7, 0x3f84000400
offcore_response.pf_l1d_and_sw.l3_miss_local_dram.any_snoop_1, 0x1bb, 0x3f84000400
offcore_response.pf_l1d_and_sw.l3_miss_local_dram.hitm_other_core_0, 0x1b7, 0x1004000400
offcore_response.pf_l1d_and_sw.l3_miss_local_dram.hitm_other_core_1, 0x1bb, 0x1004000400
offcore_response.pf_l1d_and_sw.l3_miss_local_dram.hit_other_core_fwd_0, 0x1b7, 0x804000400
offcore_response.pf_l1d_and_sw.l3_miss_local_dram.hit_other_core_fwd_1, 0x1bb, 0x804000400
offcore_response.pf_l1d_and_sw.l3_miss_local_dram.hit_other_core_no_fwd_0, 0x1b7, 0x404000400
offcore_response.pf_l1d_and_sw.l3_miss_local_dram.hit_other_core_no_fwd_1, 0x1bb, 0x404000400
offcore_response.pf_l1d_and_sw.l3_miss_local_dram.no_snoop_needed_0, 0x1b7, 0x104000400
offcore_response.pf_l1d_and_sw.l3_miss_local_dram.no_snoop_needed_1, 0x1bb, 0x104000400
offcore_response.pf_l1d_and_sw.l3_miss_local_dram.snoop_miss_0, 0x1b7, 0x204000400
offcore_response.pf_l1d_and_sw.l3_miss_local_dram.snoop_miss_1, 0x1bb, 0x204000400
offcore_response.pf_l1d_and_sw.l3_miss_local_dram.snoop_miss_or_no_fwd_0, 0x1b7, 0x604000400
offcore_response.pf_l1d_and_sw.l3_miss_local_dram.snoop_miss_or_no_fwd_1, 0x1bb, 0x604000400
offcore_response.pf_l1d_and_sw.l3_miss_local_dram.snoop_none_0, 0x1b7, 0x84000400
offcore_response.pf_l1d_and_sw.l3_miss_local_dram.snoop_none_1, 0x1bb, 0x84000400
offcore_response.pf_l1d_and_sw.l3_miss_remote_dram.snoop_miss_or_no_fwd_0, 0x1b7, 0x63b800400
offcore_response.pf_l1d_and_sw.l3_miss_remote_dram.snoop_miss_or_no_fwd_1, 0x1bb, 0x63b800400
offcore_response.pf_l1d_and_sw.l3_miss_remote_hop1_dram.any_snoop_0, 0x1b7, 0x3f90000400
offcore_response.pf_l1d_and_sw.l3_miss_remote_hop1_dram.any_snoop_1, 0x1bb, 0x3f90000400
offcore_response.pf_l1d_and_sw.l3_miss_remote_hop1_dram.hitm_other_core_0, 0x1b7, 0x1010000400
offcore_response.pf_l1d_and_sw.l3_miss_remote_hop1_dram.hitm_other_core_1, 0x1bb, 0x1010000400
offcore_response.pf_l1d_and_sw.l3_miss_remote_hop1_dram.hit_other_core_fwd_0, 0x1b7, 0x810000400
offcore_response.pf_l1d_and_sw.l3_miss_remote_hop1_dram.hit_other_core_fwd_1, 0x1bb, 0x810000400
offcore_response.pf_l1d_and_sw.l3_miss_remote_hop1_dram.hit_other_core_no_fwd_0, 0x1b7, 0x410000400
offcore_response.pf_l1d_and_sw.l3_miss_remote_hop1_dram.hit_other_core_no_fwd_1, 0x1bb, 0x410000400
offcore_response.pf_l1d_and_sw.l3_miss_remote_hop1_dram.no_snoop_needed_0, 0x1b7, 0x110000400
offcore_response.pf_l1d_and_sw.l3_miss_remote_hop1_dram.no_snoop_needed_1, 0x1bb, 0x110000400
offcore_response.pf_l1d_and_sw.l3_miss_remote_hop1_dram.snoop_miss_0, 0x1b7, 0x210000400
offcore_response.pf_l1d_and_sw.l3_miss_remote_hop1_dram.snoop_miss_1, 0x1bb, 0x210000400
offcore_response.pf_l1d_and_sw.l3_miss_remote_hop1_dram.snoop_none_0, 0x1b7, 0x90000400
offcore_response.pf_l1d_and_sw.l3_miss_remote_hop1_dram.snoop_none_1, 0x1bb, 0x90000400
offcore_response.pf_l2_data_rd.l3_miss.any_snoop_0, 0x1b7, 0x3fbc000010
offcore_response.pf_l2_data_rd.l3_miss.any_snoop_1, 0x1bb, 0x3fbc000010
offcore_response.pf_l2_data_rd.l3_miss.hitm_other_core_0, 0x1b7, 0x103c000010
offcore_response.pf_l2_data_rd.l3_miss.hitm_other_core_1, 0x1bb, 0x103c000010
offcore_response.pf_l2_data_rd.l3_miss.hit_other_core_fwd_0, 0x1b7, 0x83c000010
offcore_response.pf_l2_data_rd.l3_miss.hit_other_core_fwd_1, 0x1bb, 0x83c000010
offcore_response.pf_l2_data_rd.l3_miss.hit_other_core_no_fwd_0, 0x1b7, 0x43c000010
offcore_response.pf_l2_data_rd.l3_miss.hit_other_core_no_fwd_1, 0x1bb, 0x43c000010
offcore_response.pf_l2_data_rd.l3_miss.no_snoop_needed_0, 0x1b7, 0x13c000010
offcore_response.pf_l2_data_rd.l3_miss.no_snoop_needed_1, 0x1bb, 0x13c000010
offcore_response.pf_l2_data_rd.l3_miss.remote_hitm_0, 0x1b7, 0x103fc00010
offcore_response.pf_l2_data_rd.l3_miss.remote_hitm_1, 0x1bb, 0x103fc00010
offcore_response.pf_l2_data_rd.l3_miss.remote_hit_forward_0, 0x1b7, 0x83fc00010
offcore_response.pf_l2_data_rd.l3_miss.remote_hit_forward_1, 0x1bb, 0x83fc00010
offcore_response.pf_l2_data_rd.l3_miss.snoop_miss_0, 0x1b7, 0x23c000010
offcore_response.pf_l2_data_rd.l3_miss.snoop_miss_1, 0x1bb, 0x23c000010
offcore_response.pf_l2_data_rd.l3_miss.snoop_none_0, 0x1b7, 0xbc000010
offcore_response.pf_l2_data_rd.l3_miss.snoop_none_1, 0x1bb, 0xbc000010
offcore_response.pf_l2_data_rd.l3_miss_local_dram.any_snoop_0, 0x1b7, 0x3f84000010
offcore_response.pf_l2_data_rd.l3_miss_local_dram.any_snoop_1, 0x1bb, 0x3f84000010
offcore_response.pf_l2_data_rd.l3_miss_local_dram.hitm_other_core_0, 0x1b7, 0x1004000010
offcore_response.pf_l2_data_rd.l3_miss_local_dram.hitm_other_core_1, 0x1bb, 0x1004000010
offcore_response.pf_l2_data_rd.l3_miss_local_dram.hit_other_core_fwd_0, 0x1b7, 0x804000010
offcore_response.pf_l2_data_rd.l3_miss_local_dram.hit_other_core_fwd_1, 0x1bb, 0x804000010
offcore_response.pf_l2_data_rd.l3_miss_local_dram.hit_other_core_no_fwd_0, 0x1b7, 0x404000010
offcore_response.pf_l2_data_rd.l3_miss_local_dram.hit_other_core_no_fwd_1, 0x1bb, 0x404000010
offcore_response.pf_l2_data_rd.l3_miss_local_dram.no_snoop_needed_0, 0x1b7, 0x104000010
offcore_response.pf_l2_data_rd.l3_miss_local_dram.no_snoop_needed_1, 0x1bb, 0x104000010
offcore_response.pf_l2_data_rd.l3_miss_local_dram.snoop_miss_0, 0x1b7, 0x204000010
offcore_response.pf_l2_data_rd.l3_miss_local_dram.snoop_miss_1, 0x1bb, 0x204000010
offcore_response.pf_l2_data_rd.l3_miss_local_dram.snoop_miss_or_no_fwd_0, 0x1b7, 0x604000010
offcore_response.pf_l2_data_rd.l3_miss_local_dram.snoop_miss_or_no_fwd_1, 0x1bb, 0x604000010
offcore_response.pf_l2_data_rd.l3_miss_local_dram.snoop_none_0, 0x1b7, 0x84000010
offcore_response.pf_l2_data_rd.l3_miss_local_dram.snoop_none_1, 0x1bb, 0x84000010
offcore_response.pf_l2_data_rd.l3_miss_remote_dram.snoop_miss_or_no_fwd_0, 0x1b7, 0x63b800010
offcore_response.pf_l2_data_rd.l3_miss_remote_dram.snoop_miss_or_no_fwd_1, 0x1bb, 0x63b800010
offcore_response.pf_l2_data_rd.l3_miss_remote_hop1_dram.any_snoop_0, 0x1b7, 0x3f90000010
offcore_response.pf_l2_data_rd.l3_miss_remote_hop1_dram.any_snoop_1, 0x1bb, 0x3f90000010
offcore_response.pf_l2_data_rd.l3_miss_remote_hop1_dram.hitm_other_core_0, 0x1b7, 0x1010000010
offcore_response.pf_l2_data_rd.l3_miss_remote_hop1_dram.hitm_other_core_1, 0x1bb, 0x1010000010
offcore_response.pf_l2_data_rd.l3_miss_remote_hop1_dram.hit_other_core_fwd_0, 0x1b7, 0x810000010
offcore_response.pf_l2_data_rd.l3_miss_remote_hop1_dram.hit_other_core_fwd_1, 0x1bb, 0x810000010
offcore_response.pf_l2_data_rd.l3_miss_remote_hop1_dram.hit_other_core_no_fwd_0, 0x1b7, 0x410000010
offcore_response.pf_l2_data_rd.l3_miss_remote_hop1_dram.hit_other_core_no_fwd_1, 0x1bb, 0x410000010
offcore_response.pf_l2_data_rd.l3_miss_remote_hop1_dram.no_snoop_needed_0, 0x1b7, 0x110000010
offcore_response.pf_l2_data_rd.l3_miss_remote_hop1_dram.no_snoop_needed_1, 0x1bb, 0x110000010
offcore_response.pf_l2_data_rd.l3_miss_remote_hop1_dram.snoop_miss_0, 0x1b7, 0x210000010
offcore_response.pf_l2_data_rd.l3_miss_remote_hop1_dram.snoop_miss_1, 0x1bb, 0x210000010
offcore_response.pf_l2_data_rd.l3_miss_remote_hop1_dram.snoop_none_0, 0x1b7, 0x90000010
offcore_response.pf_l2_data_rd.l3_miss_remote_hop1_dram.snoop_none_1, 0x1bb, 0x90000010
offcore_response.pf_l2_rfo.l3_miss.any_snoop_0, 0x1b7, 0x3fbc000020
offcore_response.pf_l2_rfo.l3_miss.any_snoop_1, 0x1bb, 0x3fbc000020
offcore_response.pf_l2_rfo.l3_miss.hitm_other_core_0, 0x1b7, 0x103c000020
offcore_response.pf_l2_rfo.l3_miss.hitm_other_core_1, 0x1bb, 0x103c000020
offcore_response.pf_l2_rfo.l3_miss.hit_other_core_fwd_0, 0x1b7, 0x83c000020
offcore_response.pf_l2_rfo.l3_miss.hit_other_core_fwd_1, 0x1bb, 0x83c000020
offcore_response.pf_l2_rfo.l3_miss.hit_other_core_no_fwd_0, 0x1b7, 0x43c000020
offcore_response.pf_l2_rfo.l3_miss.hit_other_core_no_fwd_1, 0x1bb, 0x43c000020
offcore_response.pf_l2_rfo.l3_miss.no_snoop_needed_0, 0x1b7, 0x13c000020
offcore_response.pf_l2_rfo.l3_miss.no_snoop_needed_1, 0x1bb, 0x13c000020
offcore_response.pf_l2_rfo.l3_miss.remote_hitm_0, 0x1b7, 0x103fc00020
offcore_response.pf_l2_rfo.l3_miss.remote_hitm_1, 0x1bb, 0x103fc00020
offcore_response.pf_l2_rfo.l3_miss.remote_hit_forward_0, 0x1b7, 0x83fc00020
offcore_response.pf_l2_rfo.l3_miss.remote_hit_forward_1, 0x1bb, 0x83fc00020
offcore_response.pf_l2_rfo.l3_miss.snoop_miss_0, 0x1b7, 0x23c000020
offcore_response.pf_l2_rfo.l3_miss.snoop_miss_1, 0x1bb, 0x23c000020
offcore_response.pf_l2_rfo.l3_miss.snoop_none_0, 0x1b7, 0xbc000020
offcore_response.pf_l2_rfo.l3_miss.snoop_none_1, 0x1bb, 0xbc000020
offcore_response.pf_l2_rfo.l3_miss_local_dram.any_snoop_0, 0x1b7, 0x3f84000020
offcore_response.pf_l2_rfo.l3_miss_local_dram.any_snoop_1, 0x1bb, 0x3f84000020
offcore_response.pf_l2_rfo.l3_miss_local_dram.hitm_other_core_0, 0x1b7, 0x1004000020
offcore_response.pf_l2_rfo.l3_miss_local_dram.hitm_other_core_1, 0x1bb, 0x1004000020
offcore_response.pf_l2_rfo.l3_miss_local_dram.hit_other_core_fwd_0, 0x1b7, 0x804000020
offcore_response.pf_l2_rfo.l3_miss_local_dram.hit_other_core_fwd_1, 0x1bb, 0x804000020
offcore_response.pf_l2_rfo.l3_miss_local_dram.hit_other_core_no_fwd_0, 0x1b7, 0x404000020
offcore_response.pf_l2_rfo.l3_miss_local_dram.hit_other_core_no_fwd_1, 0x1bb, 0x404000020
offcore_response.pf_l2_rfo.l3_miss_local_dram.no_snoop_needed_0, 0x1b7, 0x104000020
offcore_response.pf_l2_rfo.l3_miss_local_dram.no_snoop_needed_1, 0x1bb, 0x104000020
offcore_response.pf_l2_rfo.l3_miss_local_dram.snoop_miss_0, 0x1b7, 0x204000020
offcore_response.pf_l2_rfo.l3_miss_local_dram.snoop_miss_1, 0x1bb, 0x204000020
offcore_response.pf_l2_rfo.l3_miss_local_dram.snoop_miss_or_no_fwd_0, 0x1b7, 0x604000020
offcore_response.pf_l2_rfo.l3_miss_local_dram.snoop_miss_or_no_fwd_1, 0x1bb, 0x604000020
offcore_response.pf_l2_rfo.l3_miss_local_dram.snoop_none_0, 0x1b7, 0x84000020
offcore_response.pf_l2_rfo.l3_miss_local_dram.snoop_none_1, 0x1bb, 0x84000020
offcore_response.pf_l2_rfo.l3_miss_remote_dram.snoop_miss_or_no_fwd_0, 0x1b7, 0x63b800020
offcore_response.pf_l2_rfo.l3_miss_remote_dram.snoop_miss_or_no_fwd_1, 0x1bb, 0x63b800020
offcore_response.pf_l2_rfo.l3_miss_remote_hop1_dram.any_snoop_0, 0x1b7, 0x3f90000020
offcore_response.pf_l2_rfo.l3_miss_remote_hop1_dram.any_snoop_1, 0x1bb, 0x3f90000020
offcore_response.pf_l2_rfo.l3_miss_remote_hop1_dram.hitm_other_core_0, 0x1b7, 0x1010000020
offcore_response.pf_l2_rfo.l3_miss_remote_hop1_dram.hitm_other_core_1, 0x1bb, 0x1010000020
offcore_response.pf_l2_rfo.l3_miss_remote_hop1_dram.hit_other_core_fwd_0, 0x1b7, 0x810000020
offcore_response.pf_l2_rfo.l3_miss_remote_hop1_dram.hit_other_core_fwd_1, 0x1bb, 0x810000020
offcore_response.pf_l2_rfo.l3_miss_remote_hop1_dram.hit_other_core_no_fwd_0, 0x1b7, 0x410000020
offcore_response.pf_l2_rfo.l3_miss_remote_hop1_dram.hit_other_core_no_fwd_1, 0x1bb, 0x410000020
offcore_response.pf_l2_rfo.l3_miss_remote_hop1_dram.no_snoop_needed_0, 0x1b7, 0x110000020
offcore_response.pf_l2_rfo.l3_miss_remote_hop1_dram.no_snoop_needed_1, 0x1bb, 0x110000020
offcore_response.pf_l2_rfo.l3_miss_remote_hop1_dram.snoop_miss_0, 0x1b7, 0x210000020
offcore_response.pf_l2_rfo.l3_miss_remote_hop1_dram.snoop_miss_1, 0x1bb, 0x210000020
offcore_response.pf_l2_rfo.l3_miss_remote_hop1_dram.snoop_none_0, 0x1b7, 0x90000020
offcore_response.pf_l2_rfo.l3_miss_remote_hop1_dram.snoop_none_1, 0x1bb, 0x90000020
offcore_response.pf_l3_data_rd.l3_miss.any_snoop_0, 0x1b7, 0x3fbc000080
offcore_response.pf_l3_data_rd.l3_miss.any_snoop_1, 0x1bb, 0x3fbc000080
offcore_response.pf_l3_data_rd.l3_miss.hitm_other_core_0, 0x1b7, 0x103c000080
offcore_response.pf_l3_data_rd.l3_miss.hitm_other_core_1, 0x1bb, 0x103c000080
offcore_response.pf_l3_data_rd.l3_miss.hit_other_core_fwd_0, 0x1b7, 0x83c000080
offcore_response.pf_l3_data_rd.l3_miss.hit_other_core_fwd_1, 0x1bb, 0x83c000080
offcore_response.pf_l3_data_rd.l3_miss.hit_other_core_no_fwd_0, 0x1b7, 0x43c000080
offcore_response.pf_l3_data_rd.l3_miss.hit_other_core_no_fwd_1, 0x1bb, 0x43c000080
offcore_response.pf_l3_data_rd.l3_miss.no_snoop_needed_0, 0x1b7, 0x13c000080
offcore_response.pf_l3_data_rd.l3_miss.no_snoop_needed_1, 0x1bb, 0x13c000080
offcore_response.pf_l3_data_rd.l3_miss.remote_hitm_0, 0x1b7, 0x103fc00080
offcore_response.pf_l3_data_rd.l3_miss.remote_hitm_1, 0x1bb, 0x103fc00080
offcore_response.pf_l3_data_rd.l3_miss.remote_hit_forward_0, 0x1b7, 0x83fc00080
offcore_response.pf_l3_data_rd.l3_miss.remote_hit_forward_1, 0x1bb, 0x83fc00080
offcore_response.pf_l3_data_rd.l3_miss.snoop_miss_0, 0x1b7, 0x23c000080
offcore_response.pf_l3_data_rd.l3_miss.snoop_miss_1, 0x1bb, 0x23c000080
offcore_response.pf_l3_data_rd.l3_miss.snoop_none_0, 0x1b7, 0xbc000080
offcore_response.pf_l3_data_rd.l3_miss.snoop_none_1, 0x1bb, 0xbc000080
offcore_response.pf_l3_data_rd.l3_miss_local_dram.any_snoop_0, 0x1b7, 0x3f84000080
offcore_response.pf_l3_data_rd.l3_miss_local_dram.any_snoop_1, 0x1bb, 0x3f84000080
offcore_response.pf_l3_data_rd.l3_miss_local_dram.hitm_other_core_0, 0x1b7, 0x1004000080
offcore_response.pf_l3_data_rd.l3_miss_local_dram.hitm_other_core_1, 0x1bb, 0x1004000080
offcore_response.pf_l3_data_rd.l3_miss_local_dram.hit_other_core_fwd_0, 0x1b7, 0x804000080
offcore_response.pf_l3_data_rd.l3_miss_local_dram.hit_other_core_fwd_1, 0x1bb, 0x804000080
offcore_response.pf_l3_data_rd.l3_miss_local_dram.hit_other_core_no_fwd_0, 0x1b7, 0x404000080
offcore_response.pf_l3_data_rd.l3_miss_local_dram.hit_other_core_no_fwd_1, 0x1bb, 0x404000080
offcore_response.pf_l3_data_rd.l3_miss_local_dram.no_snoop_needed_0, 0x1b7, 0x104000080
offcore_response.pf_l3_data_rd.l3_miss_local_dram.no_snoop_needed_1, 0x1bb, 0x104000080
offcore_response.pf_l3_data_rd.l3_miss_local_dram.snoop_miss_0, 0x1b7, 0x204000080
offcore_response.pf_l3_data_rd.l3_miss_local_dram.snoop_miss_1, 0x1bb, 0x204000080
offcore_response.pf_l3_data_rd.l3_miss_local_dram.snoop_miss_or_no_fwd_0, 0x1b7, 0x604000080
offcore_response.pf_l3_data_rd.l3_miss_local_dram.snoop_miss_or_no_fwd_1, 0x1bb, 0x604000080
offcore_response.pf_l3_data_rd.l3_miss_local_dram.snoop_none_0, 0x1b7, 0x84000080
offcore_response.pf_l3_data_rd.l3_miss_local_dram.snoop_none_1, 0x1bb, 0x84000080
offcore_response.pf_l3_data_rd.l3_miss_remote_dram.snoop_miss_or_no_fwd_0, 0x1b7, 0x63b800080
offcore_response.pf_l3_data_rd.l3_miss_remote_dram.snoop_miss_or_no_fwd_1, 0x1bb, 0x63b800080
offcore_response.pf_l3_data_rd.l3_miss_remote_hop1_dram.any_snoop_0, 0x1b7, 0x3f90000080
offcore_response.pf_l3_data_rd.l3_miss_remote_hop1_dram.any_snoop_1, 0x1bb, 0x3f90000080
offcore_response.pf_l3_data_rd.l3_miss_remote_hop1_dram.hitm_other_core_0, 0x1b7, 0x1010000080
offcore_response.pf_l3_data_rd.l3_miss_remote_hop1_dram.hitm_other_core_1, 0x1bb, 0x1010000080
offcore_response.pf_l3_data_rd.l3_miss_remote_hop1_dram.hit_other_core_fwd_0, 0x1b7, 0x810000080
offcore_response.pf_l3_data_rd.l3_miss_remote_hop1_dram.hit_other_core_fwd_1, 0x1bb, 0x810000080
offcore_response.pf_l3_data_rd.l3_miss_remote_hop1_dram.hit_other_core_no_fwd_0, 0x1b7, 0x410000080
offcore_response.pf_l3_data_rd.l3_miss_remote_hop1_dram.hit_other_core_no_fwd_1, 0x1bb, 0x410000080
offcore_response.pf_l3_data_rd.l3_miss_remote_hop1_dram.no_snoop_needed_0, 0x1b7, 0x110000080
offcore_response.pf_l3_data_rd.l3_miss_remote_hop1_dram.no_snoop_needed_1, 0x1bb, 0x110000080
offcore_response.pf_l3_data_rd.l3_miss_remote_hop1_dram.snoop_miss_0, 0x1b7, 0x210000080
offcore_response.pf_l3_data_rd.l3_miss_remote_hop1_dram.snoop_miss_1, 0x1bb, 0x210000080
offcore_response.pf_l3_data_rd.l3_miss_remote_hop1_dram.snoop_none_0, 0x1b7, 0x90000080
offcore_response.pf_l3_data_rd.l3_miss_remote_hop1_dram.snoop_none_1, 0x1bb, 0x90000080
offcore_response.pf_l3_rfo.l3_miss.any_snoop_0, 0x1b7, 0x3fbc000100
offcore_response.pf_l3_rfo.l3_miss.any_snoop_1, 0x1bb, 0x3fbc000100
offcore_response.pf_l3_rfo.l3_miss.hitm_other_core_0, 0x1b7, 0x103c000100
offcore_response.pf_l3_rfo.l3_miss.hitm_other_core_1, 0x1bb, 0x103c000100
offcore_response.pf_l3_rfo.l3_miss.hit_other_core_fwd_0, 0x1b7, 0x83c000100
offcore_response.pf_l3_rfo.l3_miss.hit_other_core_fwd_1, 0x1bb, 0x83c000100
offcore_response.pf_l3_rfo.l3_miss.hit_other_core_no_fwd_0, 0x1b7, 0x43c000100
offcore_response.pf_l3_rfo.l3_miss.hit_other_core_no_fwd_1, 0x1bb, 0x43c000100
offcore_response.pf_l3_rfo.l3_miss.no_snoop_needed_0, 0x1b7, 0x13c000100
offcore_response.pf_l3_rfo.l3_miss.no_snoop_needed_1, 0x1bb, 0x13c000100
offcore_response.pf_l3_rfo.l3_miss.remote_hitm_0, 0x1b7, 0x103fc00100
offcore_response.pf_l3_rfo.l3_miss.remote_hitm_1, 0x1bb, 0x103fc00100
offcore_response.pf_l3_rfo.l3_miss.remote_hit_forward_0, 0x1b7, 0x83fc00100
offcore_response.pf_l3_rfo.l3_miss.remote_hit_forward_1, 0x1bb, 0x83fc00100
offcore_response.pf_l3_rfo.l3_miss.snoop_miss_0, 0x1b7, 0x23c000100
offcore_response.pf_l3_rfo.l3_miss.snoop_miss_1, 0x1bb, 0x23c000100
offcore_response.pf_l3_rfo.l3_miss.snoop_none_0, 0x1b7, 0xbc000100
offcore_response.pf_l3_rfo.l3_miss.snoop_none_1, 0x1bb, 0xbc000100
offcore_response.pf_l3_rfo.l3_miss_local_dram.any_snoop_0, 0x1b7, 0x3f84000100
offcore_response.pf_l3_rfo.l3_miss_local_dram.any_snoop_1, 0x1bb, 0x3f84000100
offcore_response.pf_l3_rfo.l3_miss_local_dram.hitm_other_core_0, 0x1b7, 0x1004000100
offcore_response.pf_l3_rfo.l3_miss_local_dram.hitm_other_core_1, 0x1bb, 0x1004000100
offcore_response.pf_l3_rfo.l3_miss_local_dram.hit_other_core_fwd_0, 0x1b7, 0x804000100
offcore_response.pf_l3_rfo.l3_miss_local_dram.hit_other_core_fwd_1, 0x1bb, 0x804000100
offcore_response.pf_l3_rfo.l3_miss_local_dram.hit_other_core_no_fwd_0, 0x1b7, 0x404000100
offcore_response.pf_l3_rfo.l3_miss_local_dram.hit_other_core_no_fwd_1, 0x1bb, 0x404000100
offcore_response.pf_l3_rfo.l3_miss_local_dram.no_snoop_needed_0, 0x1b7, 0x104000100
offcore_response.pf_l3_rfo.l3_miss_local_dram.no_snoop_needed_1, 0x1bb, 0x104000100
offcore_response.pf_l3_rfo.l3_miss_local_dram.snoop_miss_0, 0x1b7, 0x204000100
offcore_response.pf_l3_rfo.l3_miss_local_dram.snoop_miss_1, 0x1bb, 0x204000100
offcore_response.pf_l3_rfo.l3_miss_local_dram.snoop_miss_or_no_fwd_0, 0x1b7, 0x604000100
offcore_response.pf_l3_rfo.l3_miss_local_dram.snoop_miss_or_no_fwd_1, 0x1bb, 0x604000100
offcore_response.pf_l3_rfo.l3_miss_local_dram.snoop_none_0, 0x1b7, 0x84000100
offcore_response.pf_l3_rfo.l3_miss_local_dram.snoop_none_1, 0x1bb, 0x84000100
offcore_response.pf_l3_rfo.l3_miss_remote_dram.snoop_miss_or_no_fwd_0, 0x1b7, 0x63b800100
offcore_response.pf_l3_rfo.l3_miss_remote_dram.snoop_miss_or_no_fwd_1, 0x1bb, 0x63b800100
offcore_response.pf_l3_rfo.l3_miss_remote_hop1_dram.any_snoop_0, 0x1b7, 0x3f90000100
offcore_response.pf_l3_rfo.l3_miss_remote_hop1_dram.any_snoop_1, 0x1bb, 0x3f90000100
offcore_response.pf_l3_rfo.l3_miss_remote_hop1_dram.hitm_other_core_0, 0x1b7, 0x1010000100
offcore_response.pf_l3_rfo.l3_miss_remote_hop1_dram.hitm_other_core_1, 0x1bb, 0x1010000100
offcore_response.pf_l3_rfo.l3_miss_remote_hop1_dram.hit_other_core_fwd_0, 0x1b7, 0x810000100
offcore_response.pf_l3_rfo.l3_miss_remote_hop1_dram.hit_other_core_fwd_1, 0x1bb, 0x810000100
offcore_response.pf_l3_rfo.l3_miss_remote_hop1_dram.hit_other_core_no_fwd_0, 0x1b7, 0x410000100
offcore_response.pf_l3_rfo.l3_miss_remote_hop1_dram.hit_other_core_no_fwd_1, 0x1bb, 0x410000100
offcore_response.pf_l3_rfo.l3_miss_remote_hop1_dram.no_snoop_needed_0, 0x1b7, 0x110000100
offcore_response.pf_l3_rfo.l3_miss_remote_hop1_dram.no_snoop_needed_1, 0x1bb, 0x110000100
offcore_response.pf_l3_rfo.l3_miss_remote_hop1_dram.snoop_miss_0, 0x1b7, 0x210000100
offcore_response.pf_l3_rfo.l3_miss_remote_hop1_dram.snoop_miss_1, 0x1bb, 0x210000100
offcore_response.pf_l3_rfo.l3_miss_remote_hop1_dram.snoop_none_0, 0x1b7, 0x90000100
offcore_response.pf_l3_rfo.l3_miss_remote_hop1_dram.snoop_none_1, 0x1bb, 0x90000100
rtm_retired.aborted, 0x4c9
rtm_retired.aborted_events, 0x80c9
rtm_retired.aborted_mem, 0x8c9
rtm_retired.aborted_memtype, 0x40c9
rtm_retired.aborted_timer, 0x10c9
rtm_retired.aborted_unfriendly, 0x20c9
rtm_retired.commit, 0x2c9
rtm_retired.start, 0x1c9
tx_exec.misc1, 0x15d
tx_exec.misc2, 0x25d
tx_exec.misc3, 0x45d
tx_exec.misc4, 0x85d
tx_exec.misc5, 0x105d
tx_mem.abort_capacity, 0x254
tx_mem.abort_conflict, 0x154
tx_mem.abort_hle_elision_buffer_mismatch, 0x1054
tx_mem.abort_hle_elision_buffer_not_empty, 0x854
tx_mem.abort_hle_elision_buffer_unsupported_alignment, 0x2054
tx_mem.abort_hle_store_to_elided_lock, 0x454
tx_mem.hle_elision_buffer_full, 0x4054
dtlb_load_misses.miss_causes_a_walk, 0x108
dtlb_load_misses.stlb_hit, 0x2008
dtlb_load_misses.walk_active, 0x1008
dtlb_load_misses.walk_completed, 0xe08
dtlb_load_misses.walk_completed_1g, 0x808
dtlb_load_misses.walk_completed_2m_4m, 0x408
dtlb_load_misses.walk_completed_4k, 0x208
dtlb_load_misses.walk_pending, 0x1008
dtlb_store_misses.miss_causes_a_walk, 0x149
dtlb_store_misses.stlb_hit, 0x2049
dtlb_store_misses.walk_active, 0x1049
dtlb_store_misses.walk_completed, 0xe49
dtlb_store_misses.walk_completed_1g, 0x849
dtlb_store_misses.walk_completed_2m_4m, 0x449
dtlb_store_misses.walk_completed_4k, 0x249
dtlb_store_misses.walk_pending, 0x1049
ept.walk_pending, 0x104f
itlb.itlb_flush, 0x1ae
itlb_misses.miss_causes_a_walk, 0x185
itlb_misses.stlb_hit, 0x2085
itlb_misses.walk_active, 0x1085
itlb_misses.walk_completed, 0xe85
itlb_misses.walk_completed_1g, 0x885
itlb_misses.walk_completed_2m_4m, 0x485
itlb_misses.walk_completed_4k, 0x285
itlb_misses.walk_pending, 0x1085
tlb_flush.dtlb_thread, 0x1bd
tlb_flush.stlb_any, 0x20bd
fp_arith_inst_retired.128b_packed_double, 0x4c7
fp_arith_inst_retired.128b_packed_single, 0x8c7
fp_arith_inst_retired.256b_packed_double, 0x10c7
fp_arith_inst_retired.256b_packed_single, 0x20c7
fp_arith_inst_retired.4_flops, 0x18c7
fp_arith_inst_retired.512b_packed_double, 0x40c7
fp_arith_inst_retired.512b_packed_single, 0x80c7
fp_arith_inst_retired.8_flops, 0x18c7
fp_arith_inst_retired.scalar, 0x3c7
fp_arith_inst_retired.scalar_double, 0x1c7
fp_arith_inst_retired.scalar_single, 0x2c7
fp_arith_inst_retired.vector, 0xfcc7
fp_arith_inst_retired2.128bit_packed_bf16, 0x20cf
fp_arith_inst_retired2.256bit_packed_bf16, 0x40cf
fp_arith_inst_retired2.512bit_packed_bf16, 0x80cf
fp_assist.any, 0x1eca
unc_p_core_transition_cycles, 0x60
unc_p_demotions, 0x30
unc_p_fivr_ps_ps0_cycles, 0x75
unc_p_fivr_ps_ps1_cycles, 0x76
unc_p_fivr_ps_ps2_cycles, 0x77
unc_p_fivr_ps_ps3_cycles, 0x78
unc_p_freq_max_limit_thermal_cycles, 0x4
unc_p_freq_max_power_cycles, 0x5
unc_p_freq_min_io_p_cycles, 0x73
unc_p_freq_trans_cycles, 0x74
unc_p_mcp_prochot_cycles, 0x6
unc_p_memory_phase_shedding_cycles, 0x2f
unc_p_pkg_residency_c0_cycles, 0x2a
unc_p_pkg_residency_c2e_cycles, 0x2b
unc_p_pkg_residency_c3_cycles, 0x2c
unc_p_pkg_residency_c6_cycles, 0x2d
unc_p_pmax_throttled_cycles, 0x7
unc_p_power_state_occupancy.cores_c0, 0x4080
unc_p_power_state_occupancy.cores_c3, 0x8080
unc_p_power_state_occupancy.cores_c6, 0xc080
unc_p_prochot_external_cycles, 0xa
unc_p_prochot_internal_cycles, 0x9
unc_p_total_transition_cycles, 0x72
unc_p_vr_hot_cycles, 0x42
llc_misses.mmio_read, 0x2135, 0x40040e33
llc_misses.mmio_write, 0x2135, 0x40041e33
llc_misses.uncacheable, 0x2135, 0x40e33
llc_references.streaming_full, 0x2135, 0x41833
llc_references.streaming_partial, 0x2135, 0x41a33
unc_cha_ag0_ad_crd_acquired.tgr0, 0x180
unc_cha_ag0_ad_crd_acquired.tgr1, 0x280
unc_cha_ag0_ad_crd_acquired.tgr2, 0x480
unc_cha_ag0_ad_crd_acquired.tgr3, 0x880
unc_cha_ag0_ad_crd_acquired.tgr4, 0x1080
unc_cha_ag0_ad_crd_acquired.tgr5, 0x2080
unc_cha_ag0_ad_crd_occupancy.tgr0, 0x182
unc_cha_ag0_ad_crd_occupancy.tgr1, 0x282
unc_cha_ag0_ad_crd_occupancy.tgr2, 0x482
unc_cha_ag0_ad_crd_occupancy.tgr3, 0x882
unc_cha_ag0_ad_crd_occupancy.tgr4, 0x1082
unc_cha_ag0_ad_crd_occupancy.tgr5, 0x2082
unc_cha_ag0_bl_crd_acquired.tgr0, 0x188
unc_cha_ag0_bl_crd_acquired.tgr1, 0x288
unc_cha_ag0_bl_crd_acquired.tgr2, 0x488
unc_cha_ag0_bl_crd_acquired.tgr3, 0x888
unc_cha_ag0_bl_crd_acquired.tgr4, 0x1088
unc_cha_ag0_bl_crd_acquired.tgr5, 0x2088
unc_cha_ag0_bl_crd_occupancy.tgr0, 0x18a
unc_cha_ag0_bl_crd_occupancy.tgr1, 0x28a
unc_cha_ag0_bl_crd_occupancy.tgr2, 0x48a
unc_cha_ag0_bl_crd_occupancy.tgr3, 0x88a
unc_cha_ag0_bl_crd_occupancy.tgr4, 0x108a
unc_cha_ag0_bl_crd_occupancy.tgr5, 0x208a
unc_cha_ag1_ad_crd_acquired.tgr0, 0x184
unc_cha_ag1_ad_crd_acquired.tgr1, 0x284
unc_cha_ag1_ad_crd_acquired.tgr2, 0x484
unc_cha_ag1_ad_crd_acquired.tgr3, 0x884
unc_cha_ag1_ad_crd_acquired.tgr4, 0x1084
unc_cha_ag1_ad_crd_acquired.tgr5, 0x2084
unc_cha_ag1_ad_crd_occupancy.tgr0, 0x186
unc_cha_ag1_ad_crd_occupancy.tgr1, 0x286
unc_cha_ag1_ad_crd_occupancy.tgr2, 0x486
unc_cha_ag1_ad_crd_occupancy.tgr3, 0x886
unc_cha_ag1_ad_crd_occupancy.tgr4, 0x1086
unc_cha_ag1_ad_crd_occupancy.tgr5, 0x2086
unc_cha_ag1_bl_crd_occupancy.tgr0, 0x18e
unc_cha_ag1_bl_crd_occupancy.tgr1, 0x28e
unc_cha_ag1_bl_crd_occupancy.tgr2, 0x48e
unc_cha_ag1_bl_crd_occupancy.tgr3, 0x88e
unc_cha_ag1_bl_crd_occupancy.tgr4, 0x108e
unc_cha_ag1_bl_crd_occupancy.tgr5, 0x208e
unc_cha_ag1_bl_credits_acquired.tgr0, 0x18c
unc_cha_ag1_bl_credits_acquired.tgr1, 0x28c
unc_cha_ag1_bl_credits_acquired.tgr2, 0x48c
unc_cha_ag1_bl_credits_acquired.tgr3, 0x88c
unc_cha_ag1_bl_credits_acquired.tgr4, 0x108c
unc_cha_ag1_bl_credits_acquired.tgr5, 0x208c
unc_cha_bypass_cha_imc.intermediate, 0x257
unc_cha_bypass_cha_imc.not_taken, 0x457
unc_cha_bypass_cha_imc.taken, 0x157
unc_cha_cms_clockticks, 0xc0
unc_cha_core_pma.c1_state, 0x117
unc_cha_core_pma.c1_transition, 0x217
unc_cha_core_pma.c6_state, 0x417
unc_cha_core_pma.c6_transition, 0x817
unc_cha_core_pma.gv, 0x1017
unc_cha_core_snp.any_gtone, 0xe233
unc_cha_core_snp.any_one, 0xe133
unc_cha_core_snp.any_remote, 0xe433
unc_cha_core_snp.core_gtone, 0x4233
unc_cha_core_snp.core_one, 0x4133
unc_cha_core_snp.core_remote, 0x4433
unc_cha_core_snp.evict_gtone, 0x8233
unc_cha_core_snp.evict_one, 0x8133
unc_cha_core_snp.evict_remote, 0x8433
unc_cha_core_snp.ext_gtone, 0x2233
unc_cha_core_snp.ext_one, 0x2133
unc_cha_core_snp.ext_remote, 0x2433
unc_cha_counter0_occupancy, 0x1f
unc_cha_dir_lookup.no_snp, 0x253
unc_cha_dir_lookup.snp, 0x153
unc_cha_dir_update.ha, 0x154
unc_cha_dir_update.tor, 0x254
unc_cha_egress_ordering.iv_snoopgo_dn, 0x4ae
unc_cha_egress_ordering.iv_snoopgo_up, 0x1ae
unc_cha_fast_asserted.horz, 0x2a5
unc_cha_fast_asserted.vert, 0x1a5
unc_cha_hitme_hit.ex_rds, 0x15f
unc_cha_hitme_hit.shared_ownreq, 0x45f
unc_cha_hitme_hit.wbmtoe, 0x85f
unc_cha_hitme_hit.wbmtoi_or_s, 0x105f
unc_cha_hitme_lookup.read, 0x15e
unc_cha_hitme_lookup.write, 0x25e
unc_cha_hitme_miss.notshared_rdinvown, 0x4060
unc_cha_hitme_miss.read_or_inv, 0x8060
unc_cha_hitme_miss.shared_rdinvown, 0x2060
unc_cha_hitme_update.deallocate, 0x1061
unc_cha_hitme_update.deallocate_rspfwdi_loc, 0x161
unc_cha_hitme_update.rdinvown, 0x861
unc_cha_hitme_update.rspfwdi_rem, 0x261
unc_cha_hitme_update.shared, 0x461
unc_cha_horz_ring_ad_in_use.left_even, 0x1a7
unc_cha_horz_ring_ad_in_use.left_odd, 0x2a7
unc_cha_horz_ring_ad_in_use.right_even, 0x4a7
unc_cha_horz_ring_ad_in_use.right_odd, 0x8a7
unc_cha_horz_ring_ak_in_use.left_even, 0x1a9
unc_cha_horz_ring_ak_in_use.left_odd, 0x2a9
unc_cha_horz_ring_ak_in_use.right_even, 0x4a9
unc_cha_horz_ring_ak_in_use.right_odd, 0x8a9
unc_cha_horz_ring_bl_in_use.left_even, 0x1ab
unc_cha_horz_ring_bl_in_use.left_odd, 0x2ab
unc_cha_horz_ring_bl_in_use.right_even, 0x4ab
unc_cha_horz_ring_bl_in_use.right_odd, 0x8ab
unc_cha_horz_ring_iv_in_use.left, 0x1ad
unc_cha_horz_ring_iv_in_use.right, 0x4ad
unc_cha_imc_reads_count.normal, 0x159
unc_cha_imc_reads_count.priority, 0x259
unc_cha_imc_writes_count.full, 0x15b
unc_cha_imc_writes_count.full_mig, 0x105b
unc_cha_imc_writes_count.full_priority, 0x45b
unc_cha_imc_writes_count.partial, 0x25b
unc_cha_imc_writes_count.partial_mig, 0x205b
unc_cha_imc_writes_count.partial_priority, 0x85b
unc_cha_iodc_alloc.invitom, 0x162
unc_cha_iodc_alloc.iodcfull, 0x262
unc_cha_iodc_alloc.osbgated, 0x462
unc_cha_iodc_dealloc.all, 0x1063
unc_cha_iodc_dealloc.snpout, 0x863
unc_cha_iodc_dealloc.wbmtoe, 0x163
unc_cha_iodc_dealloc.wbmtoi, 0x263
unc_cha_iodc_dealloc.wbpushmtoi, 0x463
unc_cha_llc_lookup.any, 0x1134
unc_cha_llc_lookup.data_read, 0x334
unc_cha_llc_lookup.local, 0x3134
unc_cha_llc_lookup.remote, 0x9134
unc_cha_llc_lookup.remote_snoop, 0x934
unc_cha_llc_lookup.write, 0x534
unc_cha_llc_victims.e_state, 0x237
unc_cha_llc_victims.f_state, 0x837
unc_cha_llc_victims.local, 0x2037
unc_cha_llc_victims.local_all, 0x2f37
unc_cha_llc_victims.local_e, 0x2237
unc_cha_llc_victims.local_f, 0x2837
unc_cha_llc_victims.local_m, 0x2137
unc_cha_llc_victims.local_s, 0x2437
unc_cha_llc_victims.m_state, 0x137
unc_cha_llc_victims.remote, 0x8037
unc_cha_llc_victims.remote_all, 0x8f37
unc_cha_llc_victims.remote_e, 0x8237
unc_cha_llc_victims.remote_f, 0x8837
unc_cha_llc_victims.remote_m, 0x8137
unc_cha_llc_victims.remote_s, 0x8437
unc_cha_llc_victims.s_state, 0x437
unc_cha_llc_victims.total_e, 0x237
unc_cha_llc_victims.total_f, 0x837
unc_cha_llc_victims.total_m, 0x137
unc_cha_llc_victims.total_s, 0x437
unc_cha_misc.cv0_pref_miss, 0x2039
unc_cha_misc.cv0_pref_vic, 0x1039
unc_cha_misc.rfo_hit_s, 0x839
unc_cha_misc.rspi_was_fse, 0x139
unc_cha_misc.wc_aliasing, 0x239
unc_cha_osb, 0x55
unc_cha_pmm_memmode_nm_setconflicts.iodc, 0x1064
unc_cha_pmm_memmode_nm_setconflicts.llc, 0x264
unc_cha_pmm_memmode_nm_setconflicts.sf, 0x164
unc_cha_pmm_memmode_nm_setconflicts.tor, 0x464
unc_cha_pmm_memmode_nm_setconflicts.tor_reject, 0x864
unc_cha_read_no_credits.edc0_smi2, 0x458
unc_cha_read_no_credits.edc1_smi3, 0x858
unc_cha_read_no_credits.edc2_smi4, 0x1058
unc_cha_read_no_credits.edc3_smi5, 0x2058
unc_cha_read_no_credits.mc0_smi0, 0x158
unc_cha_read_no_credits.mc1_smi1, 0x258
unc_cha_requests.invitoe_local, 0x1050
unc_cha_requests.invitoe_remote, 0x2050
unc_cha_requests.reads, 0x350
unc_cha_requests.reads_local, 0x150
unc_cha_requests.reads_remote, 0x250
unc_cha_requests.writes, 0xc50
unc_cha_requests.writes_local, 0x450
unc_cha_requests.writes_remote, 0x850
unc_cha_ring_bounces_horz.ad, 0x1a1
unc_cha_ring_bounces_horz.ak, 0x2a1
unc_cha_ring_bounces_horz.bl, 0x4a1
unc_cha_ring_bounces_horz.iv, 0x8a1
unc_cha_ring_bounces_vert.ad, 0x1a0
unc_cha_ring_bounces_vert.ak, 0x2a0
unc_cha_ring_bounces_vert.bl, 0x4a0
unc_cha_ring_bounces_vert.iv, 0x8a0
unc_cha_ring_sink_starved_horz.ad, 0x1a3
unc_cha_ring_sink_starved_horz.ak, 0x2a3
unc_cha_ring_sink_starved_horz.ak_ag1, 0x20a3
unc_cha_ring_sink_starved_horz.bl, 0x4a3
unc_cha_ring_sink_starved_horz.iv, 0x8a3
unc_cha_ring_sink_starved_vert.ad, 0x1a2
unc_cha_ring_sink_starved_vert.ak, 0x2a2
unc_cha_ring_sink_starved_vert.bl, 0x4a2
unc_cha_ring_sink_starved_vert.iv, 0x8a2
unc_cha_ring_src_thrtl, 0xa4
unc_cha_rxc_inserts.ipq, 0x413
unc_cha_rxc_inserts.irq, 0x113
unc_cha_rxc_inserts.irq_rej, 0x213
unc_cha_rxc_inserts.prq, 0x1013
unc_cha_rxc_inserts.prq_rej, 0x2013
unc_cha_rxc_inserts.rrq, 0x4013
unc_cha_rxc_inserts.wbq, 0x8013
unc_cha_rxc_ipq0_reject.ad_req_vn0, 0x122
unc_cha_rxc_ipq0_reject.ad_rsp_vn0, 0x222
unc_cha_rxc_ipq0_reject.ak_non_upi, 0x4022
unc_cha_rxc_ipq0_reject.bl_ncb_vn0, 0x1022
unc_cha_rxc_ipq0_reject.bl_ncs_vn0, 0x2022
unc_cha_rxc_ipq0_reject.bl_rsp_vn0, 0x422
unc_cha_rxc_ipq0_reject.bl_wb_vn0, 0x822
unc_cha_rxc_ipq0_reject.iv_non_upi, 0x8022
unc_cha_rxc_ipq1_reject.allow_snp, 0x4023
unc_cha_rxc_ipq1_reject.any0, 0x123
unc_cha_rxc_ipq1_reject.ha, 0x223
unc_cha_rxc_ipq1_reject.llc_or_sf_way, 0x2023
unc_cha_rxc_ipq1_reject.llc_victim, 0x423
unc_cha_rxc_ipq1_reject.pa_match, 0x8023
unc_cha_rxc_ipq1_reject.sf_victim, 0x823
unc_cha_rxc_ipq1_reject.victim, 0x1023
unc_cha_rxc_irq0_reject.ad_req_vn0, 0x118
unc_cha_rxc_irq0_reject.ad_rsp_vn0, 0x218
unc_cha_rxc_irq0_reject.ak_non_upi, 0x4018
unc_cha_rxc_irq0_reject.bl_ncb_vn0, 0x1018
unc_cha_rxc_irq0_reject.bl_ncs_vn0, 0x2018
unc_cha_rxc_irq0_reject.bl_rsp_vn0, 0x418
unc_cha_rxc_irq0_reject.bl_wb_vn0, 0x818
unc_cha_rxc_irq0_reject.iv_non_upi, 0x8018
unc_cha_rxc_irq1_reject.allow_snp, 0x4019
unc_cha_rxc_irq1_reject.any0, 0x119
unc_cha_rxc_irq1_reject.ha, 0x219
unc_cha_rxc_irq1_reject.llc_or_sf_way, 0x2019
unc_cha_rxc_irq1_reject.llc_victim, 0x419
unc_cha_rxc_irq1_reject.pa_match, 0x8019
unc_cha_rxc_irq1_reject.sf_victim, 0x819
unc_cha_rxc_irq1_reject.victim, 0x1019
unc_cha_rxc_ismq0_reject.ad_req_vn0, 0x124
unc_cha_rxc_ismq0_reject.ad_rsp_vn0, 0x224
unc_cha_rxc_ismq0_reject.ak_non_upi, 0x4024
unc_cha_rxc_ismq0_reject.bl_ncb_vn0, 0x1024
unc_cha_rxc_ismq0_reject.bl_ncs_vn0, 0x2024
unc_cha_rxc_ismq0_reject.bl_rsp_vn0, 0x424
unc_cha_rxc_ismq0_reject.bl_wb_vn0, 0x824
unc_cha_rxc_ismq0_reject.iv_non_upi, 0x8024
unc_cha_rxc_ismq0_retry.ad_req_vn0, 0x12c
unc_cha_rxc_ismq0_retry.ad_rsp_vn0, 0x22c
unc_cha_rxc_ismq0_retry.ak_non_upi, 0x402c
unc_cha_rxc_ismq0_retry.bl_ncb_vn0, 0x102c
unc_cha_rxc_ismq0_retry.bl_ncs_vn0, 0x202c
unc_cha_rxc_ismq0_retry.bl_rsp_vn0, 0x42c
unc_cha_rxc_ismq0_retry.bl_wb_vn0, 0x82c
unc_cha_rxc_ismq0_retry.iv_non_upi, 0x802c
unc_cha_rxc_ismq1_reject.any0, 0x125
unc_cha_rxc_ismq1_reject.ha, 0x225
unc_cha_rxc_ismq1_retry.any0, 0x12d
unc_cha_rxc_ismq1_retry.ha, 0x22d
unc_cha_rxc_occupancy.ipq, 0x411
unc_cha_rxc_occupancy.irq, 0x111
unc_cha_rxc_occupancy.rrq, 0x4011
unc_cha_rxc_occupancy.wbq, 0x8011
unc_cha_rxc_other0_retry.ad_req_vn0, 0x12e
unc_cha_rxc_other0_retry.ad_rsp_vn0, 0x22e
unc_cha_rxc_other0_retry.ak_non_upi, 0x402e
unc_cha_rxc_other0_retry.bl_ncb_vn0, 0x102e
unc_cha_rxc_other0_retry.bl_ncs_vn0, 0x202e
unc_cha_rxc_other0_retry.bl_rsp_vn0, 0x42e
unc_cha_rxc_other0_retry.bl_wb_vn0, 0x82e
unc_cha_rxc_other0_retry.iv_non_upi, 0x802e
unc_cha_rxc_other1_retry.allow_snp, 0x402f
unc_cha_rxc_other1_retry.any0, 0x12f
unc_cha_rxc_other1_retry.ha, 0x22f
unc_cha_rxc_other1_retry.llc_or_sf_way, 0x202f
unc_cha_rxc_other1_retry.llc_victim, 0x42f
unc_cha_rxc_other1_retry.pa_match, 0x802f
unc_cha_rxc_other1_retry.sf_victim, 0x82f
unc_cha_rxc_other1_retry.victim, 0x102f
unc_cha_rxc_prq0_reject.ad_req_vn0, 0x120
unc_cha_rxc_prq0_reject.ad_rsp_vn0, 0x220
unc_cha_rxc_prq0_reject.ak_non_upi, 0x4020
unc_cha_rxc_prq0_reject.bl_ncb_vn0, 0x1020
unc_cha_rxc_prq0_reject.bl_ncs_vn0, 0x2020
unc_cha_rxc_prq0_reject.bl_rsp_vn0, 0x420
unc_cha_rxc_prq0_reject.bl_wb_vn0, 0x820
unc_cha_rxc_prq0_reject.iv_non_upi, 0x8020
unc_cha_rxc_prq1_reject.allow_snp, 0x4021
unc_cha_rxc_prq1_reject.any0, 0x121
unc_cha_rxc_prq1_reject.ha, 0x221
unc_cha_rxc_prq1_reject.llc_or_sf_way, 0x2021
unc_cha_rxc_prq1_reject.llc_victim, 0x421
unc_cha_rxc_prq1_reject.pa_match, 0x8021
unc_cha_rxc_prq1_reject.sf_victim, 0x821
unc_cha_rxc_prq1_reject.victim, 0x1021
unc_cha_rxc_req_q0_retry.ad_req_vn0, 0x12a
unc_cha_rxc_req_q0_retry.ad_rsp_vn0, 0x22a
unc_cha_rxc_req_q0_retry.ak_non_upi, 0x402a
unc_cha_rxc_req_q0_retry.bl_ncb_vn0, 0x102a
unc_cha_rxc_req_q0_retry.bl_ncs_vn0, 0x202a
unc_cha_rxc_req_q0_retry.bl_rsp_vn0, 0x42a
unc_cha_rxc_req_q0_retry.bl_wb_vn0, 0x82a
unc_cha_rxc_req_q0_retry.iv_non_upi, 0x802a
unc_cha_rxc_req_q1_retry.allow_snp, 0x402b
unc_cha_rxc_req_q1_retry.any0, 0x12b
unc_cha_rxc_req_q1_retry.ha, 0x22b
unc_cha_rxc_req_q1_retry.llc_or_sf_way, 0x202b
unc_cha_rxc_req_q1_retry.llc_victim, 0x42b
unc_cha_rxc_req_q1_retry.pa_match, 0x802b
unc_cha_rxc_req_q1_retry.sf_victim, 0x82b
unc_cha_rxc_req_q1_retry.victim, 0x102b
unc_cha_rxc_rrq0_reject.ad_req_vn0, 0x126
unc_cha_rxc_rrq0_reject.ad_rsp_vn0, 0x226
unc_cha_rxc_rrq0_reject.ak_non_upi, 0x4026
unc_cha_rxc_rrq0_reject.bl_ncb_vn0, 0x1026
unc_cha_rxc_rrq0_reject.bl_ncs_vn0, 0x2026
unc_cha_rxc_rrq0_reject.bl_rsp_vn0, 0x426
unc_cha_rxc_rrq0_reject.bl_wb_vn0, 0x826
unc_cha_rxc_rrq0_reject.iv_non_upi, 0x8026
unc_cha_rxc_rrq1_reject.allow_snp, 0x4027
unc_cha_rxc_rrq1_reject.any0, 0x127
unc_cha_rxc_rrq1_reject.ha, 0x227
unc_cha_rxc_rrq1_reject.llc_or_sf_way, 0x2027
unc_cha_rxc_rrq1_reject.llc_victim, 0x427
unc_cha_rxc_rrq1_reject.pa_match, 0x8027
unc_cha_rxc_rrq1_reject.sf_victim, 0x827
unc_cha_rxc_rrq1_reject.victim, 0x1027
unc_cha_rxc_wbq0_reject.ad_req_vn0, 0x128
unc_cha_rxc_wbq0_reject.ad_rsp_vn0, 0x228
unc_cha_rxc_wbq0_reject.ak_non_upi, 0x4028
unc_cha_rxc_wbq0_reject.bl_ncb_vn0, 0x1028
unc_cha_rxc_wbq0_reject.bl_ncs_vn0, 0x2028
unc_cha_rxc_wbq0_reject.bl_rsp_vn0, 0x428
unc_cha_rxc_wbq0_reject.bl_wb_vn0, 0x828
unc_cha_rxc_wbq0_reject.iv_non_upi, 0x8028
unc_cha_rxc_wbq1_reject.allow_snp, 0x4029
unc_cha_rxc_wbq1_reject.any0, 0x129
unc_cha_rxc_wbq1_reject.ha, 0x229
unc_cha_rxc_wbq1_reject.llc_or_sf_way, 0x2029
unc_cha_rxc_wbq1_reject.llc_victim, 0x429
unc_cha_rxc_wbq1_reject.pa_match, 0x8029
unc_cha_rxc_wbq1_reject.sf_victim, 0x829
unc_cha_rxc_wbq1_reject.victim, 0x1029
unc_cha_rxr_busy_starved.ad_bnc, 0x1b4
unc_cha_rxr_busy_starved.ad_crd, 0x10b4
unc_cha_rxr_busy_starved.bl_bnc, 0x4b4
unc_cha_rxr_busy_starved.bl_crd, 0x40b4
unc_cha_rxr_bypass.ad_bnc, 0x1b2
unc_cha_rxr_bypass.ad_crd, 0x10b2
unc_cha_rxr_bypass.ak_bnc, 0x2b2
unc_cha_rxr_bypass.bl_bnc, 0x4b2
unc_cha_rxr_bypass.bl_crd, 0x40b2
unc_cha_rxr_bypass.iv_bnc, 0x8b2
unc_cha_rxr_crd_starved.ad_bnc, 0x1b3
unc_cha_rxr_crd_starved.ad_crd, 0x10b3
unc_cha_rxr_crd_starved.ak_bnc, 0x2b3
unc_cha_rxr_crd_starved.bl_bnc, 0x4b3
unc_cha_rxr_crd_starved.bl_crd, 0x40b3
unc_cha_rxr_crd_starved.ifv, 0x80b3
unc_cha_rxr_crd_starved.iv_bnc, 0x8b3
unc_cha_rxr_inserts.ad_bnc, 0x1b1
unc_cha_rxr_inserts.ad_crd, 0x10b1
unc_cha_rxr_inserts.ak_bnc, 0x2b1
unc_cha_rxr_inserts.bl_bnc, 0x4b1
unc_cha_rxr_inserts.bl_crd, 0x40b1
unc_cha_rxr_inserts.iv_bnc, 0x8b1
unc_cha_rxr_occupancy.ad_bnc, 0x1b0
unc_cha_rxr_occupancy.ad_crd, 0x10b0
unc_cha_rxr_occupancy.ak_bnc, 0x2b0
unc_cha_rxr_occupancy.bl_bnc, 0x4b0
unc_cha_rxr_occupancy.bl_crd, 0x40b0
unc_cha_rxr_occupancy.iv_bnc, 0x8b0
unc_cha_sf_eviction.e_state, 0x23d
unc_cha_sf_eviction.m_state, 0x13d
unc_cha_sf_eviction.s_state, 0x43d
unc_cha_snoops_sent.all, 0x151
unc_cha_snoops_sent.bcst_local, 0x1051
unc_cha_snoops_sent.bcst_remote, 0x2051
unc_cha_snoops_sent.direct_local, 0x4051
unc_cha_snoops_sent.direct_remote, 0x8051
unc_cha_snoops_sent.local, 0x451
unc_cha_snoops_sent.remote, 0x851
unc_cha_snoop_resp.rspcnflcts, 0x405c
unc_cha_snoop_resp.rspfwd, 0x805c
unc_cha_snoop_resp.rspi, 0x15c
unc_cha_snoop_resp.rspifwd, 0x45c
unc_cha_snoop_resp.rsps, 0x25c
unc_cha_snoop_resp.rspsfwd, 0x85c
unc_cha_snoop_resp.rsp_fwd_wb, 0x205c
unc_cha_snoop_resp.rsp_wbwb, 0x105c
unc_cha_snoop_resp_local.rspcnflct, 0x405d
unc_cha_snoop_resp_local.rspfwd, 0x805d
unc_cha_snoop_resp_local.rspi, 0x15d
unc_cha_snoop_resp_local.rspifwd, 0x45d
unc_cha_snoop_resp_local.rsps, 0x25d
unc_cha_snoop_resp_local.rspsfwd, 0x85d
unc_cha_snoop_resp_local.rsp_fwd_wb, 0x205d
unc_cha_snoop_resp_local.rsp_wb, 0x105d
unc_cha_stall_no_txr_horz_crd_ad_ag0.tgr0, 0x1d0
unc_cha_stall_no_txr_horz_crd_ad_ag0.tgr1, 0x2d0
unc_cha_stall_no_txr_horz_crd_ad_ag0.tgr2, 0x4d0
unc_cha_stall_no_txr_horz_crd_ad_ag0.tgr3, 0x8d0
unc_cha_stall_no_txr_horz_crd_ad_ag0.tgr4, 0x10d0
unc_cha_stall_no_txr_horz_crd_ad_ag0.tgr5, 0x20d0
unc_cha_stall_no_txr_horz_crd_ad_ag1.tgr0, 0x1d2
unc_cha_stall_no_txr_horz_crd_ad_ag1.tgr1, 0x2d2
unc_cha_stall_no_txr_horz_crd_ad_ag1.tgr2, 0x4d2
unc_cha_stall_no_txr_horz_crd_ad_ag1.tgr3, 0x8d2
unc_cha_stall_no_txr_horz_crd_ad_ag1.tgr4, 0x10d2
unc_cha_stall_no_txr_horz_crd_ad_ag1.tgr5, 0x20d2
unc_cha_stall_no_txr_horz_crd_bl_ag0.tgr0, 0x1d4
unc_cha_stall_no_txr_horz_crd_bl_ag0.tgr1, 0x2d4
unc_cha_stall_no_txr_horz_crd_bl_ag0.tgr2, 0x4d4
unc_cha_stall_no_txr_horz_crd_bl_ag0.tgr3, 0x8d4
unc_cha_stall_no_txr_horz_crd_bl_ag0.tgr4, 0x10d4
unc_cha_stall_no_txr_horz_crd_bl_ag0.tgr5, 0x20d4
unc_cha_stall_no_txr_horz_crd_bl_ag1.tgr0, 0x1d6
unc_cha_stall_no_txr_horz_crd_bl_ag1.tgr1, 0x2d6
unc_cha_stall_no_txr_horz_crd_bl_ag1.tgr2, 0x4d6
unc_cha_stall_no_txr_horz_crd_bl_ag1.tgr3, 0x8d6
unc_cha_stall_no_txr_horz_crd_bl_ag1.tgr4, 0x10d6
unc_cha_stall_no_txr_horz_crd_bl_ag1.tgr5, 0x20d6
unc_cha_tor_inserts.all, 0xff35
unc_cha_tor_inserts.all_hit, 0x1535
unc_cha_tor_inserts.all_io_ia, 0x3535
unc_cha_tor_inserts.all_miss, 0x2535
unc_cha_tor_inserts.evict, 0x235
unc_cha_tor_inserts.hit, 0x1035
unc_cha_tor_inserts.ia, 0x3135
unc_cha_tor_inserts.ia_hit, 0x1135
unc_cha_tor_inserts.ia_hit_crd, 0x1135, 0x40233
unc_cha_tor_inserts.ia_hit_drd, 0x1135, 0x40433
unc_cha_tor_inserts.ia_hit_llcprefcrd, 0x1135, 0x4b233
unc_cha_tor_inserts.ia_hit_llcprefdrd, 0x1135, 0x4b433
unc_cha_tor_inserts.ia_hit_llcprefrfo, 0x1135, 0x4b033
unc_cha_tor_inserts.ia_hit_rfo, 0x1135, 0x40033
unc_cha_tor_inserts.ia_miss, 0x2135
unc_cha_tor_inserts.ia_miss_crd, 0x2135, 0x40233
unc_cha_tor_inserts.ia_miss_drd, 0x2135, 0x40433
unc_cha_tor_inserts.ia_miss_llcprefcrd, 0x2135, 0x4b233
unc_cha_tor_inserts.ia_miss_llcprefdrd, 0x2135, 0x4b433
unc_cha_tor_inserts.ia_miss_llcprefrfo, 0x2135, 0x4b033
unc_cha_tor_inserts.ia_miss_rfo, 0x2135, 0x40033
unc_cha_tor_inserts.io, 0x3435
unc_cha_tor_inserts.io_hit, 0x1435
unc_cha_tor_inserts.io_miss, 0x2435
unc_cha_tor_inserts.io_miss_itom, 0x2435, 0x49033
unc_cha_tor_inserts.io_miss_rdcur, 0x2435, 0x43c33
unc_cha_tor_inserts.io_miss_rfo, 0x2435, 0x40033
unc_cha_tor_inserts.ipq, 0x835
unc_cha_tor_inserts.ipq_hit, 0x1835
unc_cha_tor_inserts.ipq_miss, 0x2835
unc_cha_tor_inserts.irq, 0x135
unc_cha_tor_inserts.loc_all, 0x3735
unc_cha_tor_inserts.miss, 0x2035
unc_cha_tor_inserts.prq, 0x435
unc_cha_tor_inserts.rem_all, 0x3035
unc_cha_tor_inserts.rrq_hit, 0x5035
unc_cha_tor_inserts.rrq_miss, 0x6035
unc_cha_tor_inserts.wbq_hit, 0x9035
unc_cha_tor_inserts.wbq_miss, 0xa035
unc_cha_tor_occupancy.all, 0xff36
unc_cha_tor_occupancy.all_from_loc, 0x3736
unc_cha_tor_occupancy.all_hit, 0x1736
unc_cha_tor_occupancy.all_miss, 0x2736
unc_cha_tor_occupancy.evict, 0x236
unc_cha_tor_occupancy.hit, 0x1036
unc_cha_tor_occupancy.ia, 0x3136
unc_cha_tor_occupancy.ia_hit, 0x1136
unc_cha_tor_occupancy.ia_hit_crd, 0x1136, 0x40233
unc_cha_tor_occupancy.ia_hit_drd, 0x1136, 0x40433
unc_cha_tor_occupancy.ia_hit_llcprefcrd, 0x1136, 0x4b233
unc_cha_tor_occupancy.ia_hit_llcprefdrd, 0x1136, 0x4b433
unc_cha_tor_occupancy.ia_hit_llcprefrfo, 0x1136, 0x4b033
unc_cha_tor_occupancy.ia_hit_rfo, 0x1136, 0x40033
unc_cha_tor_occupancy.ia_miss, 0x2136
unc_cha_tor_occupancy.ia_miss_crd, 0x2136, 0x40233
unc_cha_tor_occupancy.ia_miss_drd, 0x2136, 0x40433
unc_cha_tor_occupancy.ia_miss_llcprefcrd, 0x2136, 0x4b233
unc_cha_tor_occupancy.ia_miss_llcprefdrd, 0x2136, 0x4b433
unc_cha_tor_occupancy.ia_miss_llcprefrfo, 0x2136, 0x4b033
unc_cha_tor_occupancy.ia_miss_rfo, 0x2136, 0x40033
unc_cha_tor_occupancy.io, 0x3436
unc_cha_tor_occupancy.io_hit, 0x1436
unc_cha_tor_occupancy.io_miss, 0x2436
unc_cha_tor_occupancy.io_miss_itom, 0x2436, 0x49033
unc_cha_tor_occupancy.io_miss_rdcur, 0x2436, 0x43c33
unc_cha_tor_occupancy.io_miss_rfo, 0x2436, 0x40033
unc_cha_tor_occupancy.ipq, 0x836
unc_cha_tor_occupancy.ipq_hit, 0x1836
unc_cha_tor_occupancy.ipq_miss, 0x2836
unc_cha_tor_occupancy.irq, 0x136
unc_cha_tor_occupancy.loc_all, 0x3736
unc_cha_tor_occupancy.miss, 0x2036
unc_cha_tor_occupancy.prq, 0x436
unc_cha_txr_horz_ads_used.ad_bnc, 0x19d
unc_cha_txr_horz_ads_used.ad_crd, 0x109d
unc_cha_txr_horz_ads_used.ak_bnc, 0x29d
unc_cha_txr_horz_ads_used.bl_bnc, 0x49d
unc_cha_txr_horz_ads_used.bl_crd, 0x409d
unc_cha_txr_horz_bypass.ad_bnc, 0x19f
unc_cha_txr_horz_bypass.ad_crd, 0x109f
unc_cha_txr_horz_bypass.ak_bnc, 0x29f
unc_cha_txr_horz_bypass.bl_bnc, 0x49f
unc_cha_txr_horz_bypass.bl_crd, 0x409f
unc_cha_txr_horz_bypass.iv_bnc, 0x89f
unc_cha_txr_horz_cycles_full.ad_bnc, 0x196
unc_cha_txr_horz_cycles_full.ad_crd, 0x1096
unc_cha_txr_horz_cycles_full.ak_bnc, 0x296
unc_cha_txr_horz_cycles_full.bl_bnc, 0x496
unc_cha_txr_horz_cycles_full.bl_crd, 0x4096
unc_cha_txr_horz_cycles_full.iv_bnc, 0x896
unc_cha_txr_horz_cycles_ne.ad_bnc, 0x197
unc_cha_txr_horz_cycles_ne.ad_crd, 0x1097
unc_cha_txr_horz_cycles_ne.ak_bnc, 0x297
unc_cha_txr_horz_cycles_ne.bl_bnc, 0x497
unc_cha_txr_horz_cycles_ne.bl_crd, 0x4097
unc_cha_txr_horz_cycles_ne.iv_bnc, 0x897
unc_cha_txr_horz_inserts.ad_bnc, 0x195
unc_cha_txr_horz_inserts.ad_crd, 0x1095
unc_cha_txr_horz_inserts.ak_bnc, 0x295
unc_cha_txr_horz_inserts.bl_bnc, 0x495
unc_cha_txr_horz_inserts.bl_crd, 0x4095
unc_cha_txr_horz_inserts.iv_bnc, 0x895
unc_cha_txr_horz_nack.ad_bnc, 0x199
unc_cha_txr_horz_nack.ad_crd, 0x2099
unc_cha_txr_horz_nack.ak_bnc, 0x299
unc_cha_txr_horz_nack.bl_bnc, 0x499
unc_cha_txr_horz_nack.bl_crd, 0x4099
unc_cha_txr_horz_nack.iv_bnc, 0x899
unc_cha_txr_horz_occupancy.ad_bnc, 0x194
unc_cha_txr_horz_occupancy.ad_crd, 0x1094
unc_cha_txr_horz_occupancy.ak_bnc, 0x294
unc_cha_txr_horz_occupancy.bl_bnc, 0x494
unc_cha_txr_horz_occupancy.bl_crd, 0x4094
unc_cha_txr_horz_occupancy.iv_bnc, 0x894
unc_cha_txr_horz_starved.ad_bnc, 0x19b
unc_cha_txr_horz_starved.ak_bnc, 0x29b
unc_cha_txr_horz_starved.bl_bnc, 0x49b
unc_cha_txr_horz_starved.iv_bnc, 0x89b
unc_cha_txr_vert_ads_used.ad_ag0, 0x19c
unc_cha_txr_vert_ads_used.ad_ag1, 0x109c
unc_cha_txr_vert_ads_used.ak_ag0, 0x29c
unc_cha_txr_vert_ads_used.ak_ag1, 0x209c
unc_cha_txr_vert_ads_used.bl_ag0, 0x49c
unc_cha_txr_vert_ads_used.bl_ag1, 0x409c
unc_cha_txr_vert_bypass.ad_ag0, 0x19e
unc_cha_txr_vert_bypass.ad_ag1, 0x109e
unc_cha_txr_vert_bypass.ak_ag0, 0x29e
unc_cha_txr_vert_bypass.ak_ag1, 0x209e
unc_cha_txr_vert_bypass.bl_ag0, 0x49e
unc_cha_txr_vert_bypass.bl_ag1, 0x409e
unc_cha_txr_vert_bypass.iv, 0x89e
unc_cha_txr_vert_cycles_full.ad_ag0, 0x192
unc_cha_txr_vert_cycles_full.ad_ag1, 0x1092
unc_cha_txr_vert_cycles_full.ak_ag0, 0x292
unc_cha_txr_vert_cycles_full.ak_ag1, 0x2092
unc_cha_txr_vert_cycles_full.bl_ag0, 0x492
unc_cha_txr_vert_cycles_full.bl_ag1, 0x4092
unc_cha_txr_vert_cycles_full.iv, 0x892
unc_cha_txr_vert_cycles_ne.ad_ag0, 0x193
unc_cha_txr_vert_cycles_ne.ad_ag1, 0x1093
unc_cha_txr_vert_cycles_ne.ak_ag0, 0x293
unc_cha_txr_vert_cycles_ne.ak_ag1, 0x2093
unc_cha_txr_vert_cycles_ne.bl_ag0, 0x493
unc_cha_txr_vert_cycles_ne.bl_ag1, 0x4093
unc_cha_txr_vert_cycles_ne.iv, 0x893
unc_cha_txr_vert_inserts.ad_ag0, 0x191
unc_cha_txr_vert_inserts.ad_ag1, 0x1091
unc_cha_txr_vert_inserts.ak_ag0, 0x291
unc_cha_txr_vert_inserts.ak_ag1, 0x2091
unc_cha_txr_vert_inserts.bl_ag0, 0x491
unc_cha_txr_vert_inserts.bl_ag1, 0x4091
unc_cha_txr_vert_inserts.iv, 0x891
unc_cha_txr_vert_nack.ad_ag0, 0x198
unc_cha_txr_vert_nack.ad_ag1, 0x1098
unc_cha_txr_vert_nack.ak_ag0, 0x298
unc_cha_txr_vert_nack.ak_ag1, 0x2098
unc_cha_txr_vert_nack.bl_ag0, 0x498
unc_cha_txr_vert_nack.bl_ag1, 0x4098
unc_cha_txr_vert_nack.iv, 0x898
unc_cha_txr_vert_occupancy.ad_ag0, 0x190
unc_cha_txr_vert_occupancy.ad_ag1, 0x1090
unc_cha_txr_vert_occupancy.ak_ag0, 0x290
unc_cha_txr_vert_occupancy.ak_ag1, 0x2090
unc_cha_txr_vert_occupancy.bl_ag0, 0x490
unc_cha_txr_vert_occupancy.bl_ag1, 0x4090
unc_cha_txr_vert_occupancy.iv, 0x890
unc_cha_txr_vert_starved.ad_ag0, 0x19a
unc_cha_txr_vert_starved.ad_ag1, 0x109a
unc_cha_txr_vert_starved.ak_ag0, 0x29a
unc_cha_txr_vert_starved.ak_ag1, 0x209a
unc_cha_txr_vert_starved.bl_ag0, 0x49a
unc_cha_txr_vert_starved.bl_ag1, 0x409a
unc_cha_txr_vert_starved.iv, 0x89a
unc_cha_upi_credits_acquired.ad_req, 0x438
unc_cha_upi_credits_acquired.ad_rsp, 0x838
unc_cha_upi_credits_acquired.bl_ncb, 0x4038
unc_cha_upi_credits_acquired.bl_ncs, 0x8038
unc_cha_upi_credits_acquired.bl_rsp, 0x1038
unc_cha_upi_credits_acquired.bl_wb, 0x2038
unc_cha_upi_credits_acquired.vn0, 0x238
unc_cha_upi_credits_acquired.vna, 0x138
unc_cha_upi_credit_occupancy.vn0_ad_req, 0x43b
unc_cha_upi_credit_occupancy.vn0_ad_rsp, 0x83b
unc_cha_upi_credit_occupancy.vn0_bl_ncb, 0x403b
unc_cha_upi_credit_occupancy.vn0_bl_ncs, 0x803b
unc_cha_upi_credit_occupancy.vn0_bl_rsp, 0x103b
unc_cha_upi_credit_occupancy.vn0_bl_wb, 0x203b
unc_cha_upi_credit_occupancy.vna_ad, 0x13b
unc_cha_upi_credit_occupancy.vna_bl, 0x23b
unc_cha_vert_ring_ad_in_use.dn_even, 0x4a6
unc_cha_vert_ring_ad_in_use.dn_odd, 0x8a6
unc_cha_vert_ring_ad_in_use.up_even, 0x1a6
unc_cha_vert_ring_ad_in_use.up_odd, 0x2a6
unc_cha_vert_ring_ak_in_use.dn_even, 0x4a8
unc_cha_vert_ring_ak_in_use.dn_odd, 0x8a8
unc_cha_vert_ring_ak_in_use.up_even, 0x1a8
unc_cha_vert_ring_ak_in_use.up_odd, 0x2a8
unc_cha_vert_ring_bl_in_use.dn_even, 0x4aa
unc_cha_vert_ring_bl_in_use.dn_odd, 0x8aa
unc_cha_vert_ring_bl_in_use.up_even, 0x1aa
unc_cha_vert_ring_bl_in_use.up_odd, 0x2aa
unc_cha_vert_ring_iv_in_use.dn, 0x4ac
unc_cha_vert_ring_iv_in_use.up, 0x1ac
unc_cha_wb_push_mtoi.llc, 0x156
unc_cha_wb_push_mtoi.mem, 0x256
unc_cha_write_no_credits.edc0_smi2, 0x45a
unc_cha_write_no_credits.edc1_smi3, 0x85a
unc_cha_write_no_credits.edc2_smi4, 0x105a
unc_cha_write_no_credits.edc3_smi5, 0x205a
unc_cha_write_no_credits.mc0_smi0, 0x15a
unc_cha_write_no_credits.mc1_smi1, 0x25a
unc_cha_xsnp_resp.any_rspi_fwdfe, 0xe432
unc_cha_xsnp_resp.any_rspi_fwdm, 0xf032
unc_cha_xsnp_resp.any_rsps_fwdfe, 0xe232
unc_cha_xsnp_resp.any_rsps_fwdm, 0xe832
unc_cha_xsnp_resp.any_rsp_hitfse, 0xe132
unc_cha_xsnp_resp.core_rspi_fwdfe, 0x4432
unc_cha_xsnp_resp.core_rspi_fwdm, 0x5032
unc_cha_xsnp_resp.core_rsps_fwdfe, 0x4232
unc_cha_xsnp_resp.core_rsps_fwdm, 0x4832
unc_cha_xsnp_resp.core_rsp_hitfse, 0x4132
unc_cha_xsnp_resp.evict_rspi_fwdfe, 0x8432
unc_cha_xsnp_resp.evict_rspi_fwdm, 0x9032
unc_cha_xsnp_resp.evict_rsps_fwdfe, 0x8232
unc_cha_xsnp_resp.evict_rsps_fwdm, 0x8832
unc_cha_xsnp_resp.evict_rsp_hitfse, 0x8132
unc_cha_xsnp_resp.ext_rspi_fwdfe, 0x2432
unc_cha_xsnp_resp.ext_rspi_fwdm, 0x3032
unc_cha_xsnp_resp.ext_rsps_fwdfe, 0x2232
unc_cha_xsnp_resp.ext_rsps_fwdm, 0x2832
unc_cha_xsnp_resp.ext_rsp_hitfse, 0x2132
unc_c_fast_asserted, 0x2a5
unc_c_llc_lookup.any, 0x1134
unc_c_llc_lookup.data_read, 0x334
unc_c_llc_lookup.local, 0x3134
unc_c_llc_lookup.remote, 0x9134
unc_c_llc_lookup.remote_snoop, 0x934
unc_c_llc_lookup.write, 0x534
unc_c_llc_victims.e_state, 0x237
unc_c_llc_victims.f_state, 0x837
unc_c_llc_victims.local, 0x2f37
unc_c_llc_victims.m_state, 0x137
unc_c_llc_victims.remote, 0x8037
unc_c_llc_victims.s_state, 0x437
unc_c_ring_src_thrtl, 0xa4
unc_c_tor_inserts.evict, 0x235
unc_c_tor_inserts.hit, 0x1035
unc_c_tor_inserts.ipq, 0x835
unc_c_tor_inserts.ipq_hit, 0x1835
unc_c_tor_inserts.ipq_miss, 0x2835
unc_c_tor_inserts.irq, 0x3135
unc_c_tor_inserts.irq_hit, 0x1135
unc_c_tor_inserts.irq_miss, 0x2135
unc_c_tor_inserts.loc_all, 0x3735
unc_c_tor_inserts.loc_ia, 0x3135
unc_c_tor_inserts.loc_io, 0x3435
unc_c_tor_inserts.miss, 0x2035
unc_c_tor_inserts.prq, 0x435
unc_c_tor_inserts.prq_hit, 0x1435
unc_c_tor_inserts.prq_miss, 0x2435
unc_c_tor_inserts.rem_all, 0x3035
unc_c_tor_inserts.rrq_hit, 0x5035
unc_c_tor_inserts.rrq_miss, 0x6035
unc_c_tor_inserts.wbq_hit, 0x9035
unc_c_tor_inserts.wbq_miss, 0xa035
unc_c_tor_occupancy.evict, 0x236
unc_c_tor_occupancy.hit, 0x1036
unc_c_tor_occupancy.ipq, 0x836
unc_c_tor_occupancy.ipq_hit, 0x1836
unc_c_tor_occupancy.ipq_miss, 0x2836
unc_c_tor_occupancy.irq, 0x3136
unc_c_tor_occupancy.irq_hit, 0x1136
unc_c_tor_occupancy.irq_miss, 0x2136
unc_c_tor_occupancy.loc_all, 0x3736
unc_c_tor_occupancy.loc_ia, 0x3136
unc_c_tor_occupancy.loc_io, 0x3436
unc_c_tor_occupancy.miss, 0x2036
unc_c_tor_occupancy.prq, 0x436
unc_c_tor_occupancy.prq_hit, 0x1436
unc_c_tor_occupancy.prq_miss, 0x2436
unc_h_ag0_ad_crd_acquired.tgr0, 0x180
unc_h_ag0_ad_crd_acquired.tgr1, 0x280
unc_h_ag0_ad_crd_acquired.tgr2, 0x480
unc_h_ag0_ad_crd_acquired.tgr3, 0x880
unc_h_ag0_ad_crd_acquired.tgr4, 0x1080
unc_h_ag0_ad_crd_acquired.tgr5, 0x2080
unc_h_ag0_ad_crd_occupancy.tgr0, 0x182
unc_h_ag0_ad_crd_occupancy.tgr1, 0x282
unc_h_ag0_ad_crd_occupancy.tgr2, 0x482
unc_h_ag0_ad_crd_occupancy.tgr3, 0x882
unc_h_ag0_ad_crd_occupancy.tgr4, 0x1082
unc_h_ag0_ad_crd_occupancy.tgr5, 0x2082
unc_h_ag0_bl_crd_acquired.tgr0, 0x188
unc_h_ag0_bl_crd_acquired.tgr1, 0x288
unc_h_ag0_bl_crd_acquired.tgr2, 0x488
unc_h_ag0_bl_crd_acquired.tgr3, 0x888
unc_h_ag0_bl_crd_acquired.tgr4, 0x1088
unc_h_ag0_bl_crd_acquired.tgr5, 0x2088
unc_h_ag0_bl_crd_occupancy.tgr0, 0x18a
unc_h_ag0_bl_crd_occupancy.tgr1, 0x28a
unc_h_ag0_bl_crd_occupancy.tgr2, 0x48a
unc_h_ag0_bl_crd_occupancy.tgr3, 0x88a
unc_h_ag0_bl_crd_occupancy.tgr4, 0x108a
unc_h_ag0_bl_crd_occupancy.tgr5, 0x208a
unc_h_ag1_ad_crd_acquired.tgr0, 0x184
unc_h_ag1_ad_crd_acquired.tgr1, 0x284
unc_h_ag1_ad_crd_acquired.tgr2, 0x484
unc_h_ag1_ad_crd_acquired.tgr3, 0x884
unc_h_ag1_ad_crd_acquired.tgr4, 0x1084
unc_h_ag1_ad_crd_acquired.tgr5, 0x2084
unc_h_ag1_ad_crd_occupancy.tgr0, 0x186
unc_h_ag1_ad_crd_occupancy.tgr1, 0x286
unc_h_ag1_ad_crd_occupancy.tgr2, 0x486
unc_h_ag1_ad_crd_occupancy.tgr3, 0x886
unc_h_ag1_ad_crd_occupancy.tgr4, 0x1086
unc_h_ag1_ad_crd_occupancy.tgr5, 0x2086
unc_h_ag1_bl_crd_occupancy.tgr0, 0x18e
unc_h_ag1_bl_crd_occupancy.tgr1, 0x28e
unc_h_ag1_bl_crd_occupancy.tgr2, 0x48e
unc_h_ag1_bl_crd_occupancy.tgr3, 0x88e
unc_h_ag1_bl_crd_occupancy.tgr4, 0x108e
unc_h_ag1_bl_crd_occupancy.tgr5, 0x208e
unc_h_ag1_bl_credits_acquired.tgr0, 0x18c
unc_h_ag1_bl_credits_acquired.tgr1, 0x28c
unc_h_ag1_bl_credits_acquired.tgr2, 0x48c
unc_h_ag1_bl_credits_acquired.tgr3, 0x88c
unc_h_ag1_bl_credits_acquired.tgr4, 0x108c
unc_h_ag1_bl_credits_acquired.tgr5, 0x208c
unc_h_bypass_cha_imc.intermediate, 0x257
unc_h_bypass_cha_imc.not_taken, 0x457
unc_h_bypass_cha_imc.taken, 0x157
unc_h_clock, 0xc0
unc_h_core_pma.c1_state, 0x117
unc_h_core_pma.c1_transition, 0x217
unc_h_core_pma.c6_state, 0x417
unc_h_core_pma.c6_transition, 0x817
unc_h_core_pma.gv, 0x1017
unc_h_core_snp.any_gtone, 0xe233
unc_h_core_snp.any_one, 0xe133
unc_h_core_snp.any_remote, 0xe433
unc_h_core_snp.core_gtone, 0x4233
unc_h_core_snp.core_one, 0x4133
unc_h_core_snp.core_remote, 0x4433
unc_h_core_snp.evict_gtone, 0x8233
unc_h_core_snp.evict_one, 0x8133
unc_h_core_snp.evict_remote, 0x8433
unc_h_core_snp.ext_gtone, 0x2233
unc_h_core_snp.ext_one, 0x2133
unc_h_core_snp.ext_remote, 0x2433
unc_h_counter0_occupancy, 0x1f
unc_h_dir_lookup.no_snp, 0x253
unc_h_dir_lookup.snp, 0x153
unc_h_dir_update.ha, 0x154
unc_h_dir_update.tor, 0x254
unc_h_egress_ordering.iv_snoopgo_dn, 0x4ae
unc_h_egress_ordering.iv_snoopgo_up, 0x1ae
unc_h_hitme_hit.ex_rds, 0x15f
unc_h_hitme_hit.shared_ownreq, 0x45f
unc_h_hitme_hit.wbmtoe, 0x85f
unc_h_hitme_hit.wbmtoi_or_s, 0x105f
unc_h_hitme_lookup.read, 0x15e
unc_h_hitme_lookup.write, 0x25e
unc_h_hitme_miss.notshared_rdinvown, 0x4060
unc_h_hitme_miss.read_or_inv, 0x8060
unc_h_hitme_miss.shared_rdinvown, 0x2060
unc_h_hitme_update.deallocate, 0x1061
unc_h_hitme_update.deallocate_rspfwdi_loc, 0x161
unc_h_hitme_update.rdinvown, 0x861
unc_h_hitme_update.rspfwdi_rem, 0x261
unc_h_hitme_update.shared, 0x461
unc_h_horz_ring_ad_in_use.left_even, 0x1a7
unc_h_horz_ring_ad_in_use.left_odd, 0x2a7
unc_h_horz_ring_ad_in_use.right_even, 0x4a7
unc_h_horz_ring_ad_in_use.right_odd, 0x8a7
unc_h_horz_ring_ak_in_use.left_even, 0x1a9
unc_h_horz_ring_ak_in_use.left_odd, 0x2a9
unc_h_horz_ring_ak_in_use.right_even, 0x4a9
unc_h_horz_ring_ak_in_use.right_odd, 0x8a9
unc_h_horz_ring_bl_in_use.left_even, 0x1ab
unc_h_horz_ring_bl_in_use.left_odd, 0x2ab
unc_h_horz_ring_bl_in_use.right_even, 0x4ab
unc_h_horz_ring_bl_in_use.right_odd, 0x8ab
unc_h_horz_ring_iv_in_use.left, 0x1ad
unc_h_horz_ring_iv_in_use.right, 0x4ad
unc_h_imc_reads_count.normal, 0x159
unc_h_imc_reads_count.priority, 0x259
unc_h_imc_writes_count.full, 0x15b
unc_h_imc_writes_count.full_mig, 0x105b
unc_h_imc_writes_count.full_priority, 0x45b
unc_h_imc_writes_count.partial, 0x25b
unc_h_imc_writes_count.partial_mig, 0x205b
unc_h_imc_writes_count.partial_priority, 0x85b
unc_h_iodc_alloc.invitom, 0x162
unc_h_iodc_alloc.iodcfull, 0x262
unc_h_iodc_alloc.osbgated, 0x462
unc_h_iodc_dealloc.all, 0x1063
unc_h_iodc_dealloc.snpout, 0x863
unc_h_iodc_dealloc.wbmtoe, 0x163
unc_h_iodc_dealloc.wbmtoi, 0x263
unc_h_iodc_dealloc.wbpushmtoi, 0x463
unc_h_misc.cv0_pref_miss, 0x2039
unc_h_misc.cv0_pref_vic, 0x1039
unc_h_misc.rfo_hit_s, 0x839
unc_h_misc.rspi_was_fse, 0x139
unc_h_misc.wc_aliasing, 0x239
unc_h_osb, 0x55
unc_h_read_no_credits.edc0_smi2, 0x458
unc_h_read_no_credits.edc1_smi3, 0x858
unc_h_read_no_credits.edc2_smi4, 0x1058
unc_h_read_no_credits.edc3_smi5, 0x2058
unc_h_read_no_credits.mc0_smi0, 0x158
unc_h_read_no_credits.mc1_smi1, 0x258
unc_h_requests.invitoe_local, 0x1050
unc_h_requests.invitoe_remote, 0x2050
unc_h_requests.reads, 0x350
unc_h_requests.reads_local, 0x150
unc_h_requests.reads_remote, 0x250
unc_h_requests.writes, 0xc50
unc_h_requests.writes_local, 0x450
unc_h_requests.writes_remote, 0x850
unc_h_ring_bounces_horz.ad, 0x1a1
unc_h_ring_bounces_horz.ak, 0x2a1
unc_h_ring_bounces_horz.bl, 0x4a1
unc_h_ring_bounces_horz.iv, 0x8a1
unc_h_ring_bounces_vert.ad, 0x1a0
unc_h_ring_bounces_vert.ak, 0x2a0
unc_h_ring_bounces_vert.bl, 0x4a0
unc_h_ring_bounces_vert.iv, 0x8a0
unc_h_ring_sink_starved_horz.ad, 0x1a3
unc_h_ring_sink_starved_horz.ak, 0x2a3
unc_h_ring_sink_starved_horz.ak_ag1, 0x20a3
unc_h_ring_sink_starved_horz.bl, 0x4a3
unc_h_ring_sink_starved_horz.iv, 0x8a3
unc_h_ring_sink_starved_vert.ad, 0x1a2
unc_h_ring_sink_starved_vert.ak, 0x2a2
unc_h_ring_sink_starved_vert.bl, 0x4a2
unc_h_ring_sink_starved_vert.iv, 0x8a2
unc_h_rxc_inserts.ipq, 0x413
unc_h_rxc_inserts.irq, 0x113
unc_h_rxc_inserts.irq_rej, 0x213
unc_h_rxc_inserts.prq, 0x1013
unc_h_rxc_inserts.prq_rej, 0x2013
unc_h_rxc_inserts.rrq, 0x4013
unc_h_rxc_inserts.wbq, 0x8013
unc_h_rxc_ipq0_reject.ad_req_vn0, 0x122
unc_h_rxc_ipq0_reject.ad_rsp_vn0, 0x222
unc_h_rxc_ipq0_reject.bl_ncb_vn0, 0x1022
unc_h_rxc_ipq0_reject.bl_ncs_vn0, 0x2022
unc_h_rxc_ipq0_reject.bl_rsp_vn0, 0x422
unc_h_rxc_ipq0_reject.bl_wb_vn0, 0x822
unc_h_rxc_ipq1_reject.allow_snp, 0x4023
unc_h_rxc_ipq1_reject.any_ipq0, 0x123
unc_h_rxc_ipq1_reject.ha, 0x223
unc_h_rxc_ipq1_reject.llc_or_sf_way, 0x2023
unc_h_rxc_ipq1_reject.llc_victim, 0x423
unc_h_rxc_ipq1_reject.pa_match, 0x8023
unc_h_rxc_ipq1_reject.sf_victim, 0x823
unc_h_rxc_ipq1_reject.victim, 0x1023
unc_h_rxc_irq0_reject.ad_req_vn0, 0x118
unc_h_rxc_irq0_reject.ad_rsp_vn0, 0x218
unc_h_rxc_irq0_reject.bl_ncb_vn0, 0x1018
unc_h_rxc_irq0_reject.bl_ncs_vn0, 0x2018
unc_h_rxc_irq0_reject.bl_rsp_vn0, 0x418
unc_h_rxc_irq0_reject.bl_wb_vn0, 0x818
unc_h_rxc_irq1_reject.allow_snp, 0x4019
unc_h_rxc_irq1_reject.any_reject_irq0, 0x119
unc_h_rxc_irq1_reject.ha, 0x219
unc_h_rxc_irq1_reject.llc_or_sf_way, 0x2019
unc_h_rxc_irq1_reject.llc_victim, 0x419
unc_h_rxc_irq1_reject.pa_match, 0x8019
unc_h_rxc_irq1_reject.sf_victim, 0x819
unc_h_rxc_irq1_reject.victim, 0x1019
unc_h_rxc_ismq0_reject.ad_req_vn0, 0x124
unc_h_rxc_ismq0_reject.ad_rsp_vn0, 0x224
unc_h_rxc_ismq0_reject.bl_ncb_vn0, 0x1024
unc_h_rxc_ismq0_reject.bl_ncs_vn0, 0x2024
unc_h_rxc_ismq0_reject.bl_rsp_vn0, 0x424
unc_h_rxc_ismq0_reject.bl_wb_vn0, 0x824
unc_h_rxc_ismq0_retry.ad_req_vn0, 0x12c
unc_h_rxc_ismq0_retry.ad_rsp_vn0, 0x22c
unc_h_rxc_ismq0_retry.bl_ncb_vn0, 0x102c
unc_h_rxc_ismq0_retry.bl_ncs_vn0, 0x202c
unc_h_rxc_ismq0_retry.bl_rsp_vn0, 0x42c
unc_h_rxc_ismq0_retry.bl_wb_vn0, 0x82c
unc_h_rxc_ismq1_reject.any_ismq0, 0x125
unc_h_rxc_ismq1_reject.ha, 0x225
unc_h_rxc_ismq1_retry.any, 0x12d
unc_h_rxc_ismq1_retry.ha, 0x22d
unc_h_rxc_occupancy.ipq, 0x411
unc_h_rxc_occupancy.irq, 0x111
unc_h_rxc_occupancy.rrq, 0x4011
unc_h_rxc_occupancy.wbq, 0x8011
unc_h_rxc_other0_retry.ad_req_vn0, 0x12e
unc_h_rxc_other0_retry.ad_rsp_vn0, 0x22e
unc_h_rxc_other0_retry.bl_ncb_vn0, 0x102e
unc_h_rxc_other0_retry.bl_ncs_vn0, 0x202e
unc_h_rxc_other0_retry.bl_rsp_vn0, 0x42e
unc_h_rxc_other0_retry.bl_wb_vn0, 0x82e
unc_h_rxc_other1_retry.allow_snp, 0x402f
unc_h_rxc_other1_retry.any, 0x12f
unc_h_rxc_other1_retry.ha, 0x22f
unc_h_rxc_other1_retry.llc_or_sf_way, 0x202f
unc_h_rxc_other1_retry.llc_victim, 0x42f
unc_h_rxc_other1_retry.pa_match, 0x802f
unc_h_rxc_other1_retry.sf_victim, 0x82f
unc_h_rxc_other1_retry.victim, 0x102f
unc_h_rxc_prq0_reject.ad_req_vn0, 0x120
unc_h_rxc_prq0_reject.ad_rsp_vn0, 0x220
unc_h_rxc_prq0_reject.bl_ncb_vn0, 0x1020
unc_h_rxc_prq0_reject.bl_ncs_vn0, 0x2020
unc_h_rxc_prq0_reject.bl_rsp_vn0, 0x420
unc_h_rxc_prq0_reject.bl_wb_vn0, 0x820
unc_h_rxc_prq1_reject.allow_snp, 0x4021
unc_h_rxc_prq1_reject.any_prq0, 0x121
unc_h_rxc_prq1_reject.ha, 0x221
unc_h_rxc_prq1_reject.llc_or_sf_way, 0x2021
unc_h_rxc_prq1_reject.llc_victim, 0x421
unc_h_rxc_prq1_reject.pa_match, 0x8021
unc_h_rxc_prq1_reject.sf_victim, 0x821
unc_h_rxc_prq1_reject.victim, 0x1021
unc_h_rxc_req_q0_retry.ad_req_vn0, 0x12a
unc_h_rxc_req_q0_retry.ad_rsp_vn0, 0x22a
unc_h_rxc_req_q0_retry.bl_ncb_vn0, 0x102a
unc_h_rxc_req_q0_retry.bl_ncs_vn0, 0x202a
unc_h_rxc_req_q0_retry.bl_rsp_vn0, 0x42a
unc_h_rxc_req_q0_retry.bl_wb_vn0, 0x82a
unc_h_rxc_req_q1_retry.allow_snp, 0x402b
unc_h_rxc_req_q1_retry.any, 0x12b
unc_h_rxc_req_q1_retry.ha, 0x22b
unc_h_rxc_req_q1_retry.llc_or_sf_way, 0x202b
unc_h_rxc_req_q1_retry.llc_victim, 0x42b
unc_h_rxc_req_q1_retry.pa_match, 0x802b
unc_h_rxc_req_q1_retry.sf_victim, 0x82b
unc_h_rxc_req_q1_retry.victim, 0x102b
unc_h_rxc_rrq0_reject.ad_req_vn0, 0x126
unc_h_rxc_rrq0_reject.ad_rsp_vn0, 0x226
unc_h_rxc_rrq0_reject.bl_ncb_vn0, 0x1026
unc_h_rxc_rrq0_reject.bl_ncs_vn0, 0x2026
unc_h_rxc_rrq0_reject.bl_rsp_vn0, 0x426
unc_h_rxc_rrq0_reject.bl_wb_vn0, 0x826
unc_h_rxc_rrq1_reject.allow_snp, 0x4027
unc_h_rxc_rrq1_reject.any_rrq0, 0x127
unc_h_rxc_rrq1_reject.ha, 0x227
unc_h_rxc_rrq1_reject.llc_or_sf_way, 0x2027
unc_h_rxc_rrq1_reject.llc_victim, 0x427
unc_h_rxc_rrq1_reject.pa_match, 0x8027
unc_h_rxc_rrq1_reject.sf_victim, 0x827
unc_h_rxc_rrq1_reject.victim, 0x1027
unc_h_rxc_wbq0_reject.ad_req_vn0, 0x128
unc_h_rxc_wbq0_reject.ad_rsp_vn0, 0x228
unc_h_rxc_wbq0_reject.bl_ncb_vn0, 0x1028
unc_h_rxc_wbq0_reject.bl_ncs_vn0, 0x2028
unc_h_rxc_wbq0_reject.bl_rsp_vn0, 0x428
unc_h_rxc_wbq0_reject.bl_wb_vn0, 0x828
unc_h_rxc_wbq1_reject.allow_snp, 0x4029
unc_h_rxc_wbq1_reject.any_wbq0, 0x129
unc_h_rxc_wbq1_reject.ha, 0x229
unc_h_rxc_wbq1_reject.llc_or_sf_way, 0x2029
unc_h_rxc_wbq1_reject.llc_victim, 0x429
unc_h_rxc_wbq1_reject.pa_match, 0x8029
unc_h_rxc_wbq1_reject.sf_victim, 0x829
unc_h_rxc_wbq1_reject.victim, 0x1029
unc_h_rxr_busy_starved.ad_bnc, 0x1b4
unc_h_rxr_busy_starved.ad_crd, 0x10b4
unc_h_rxr_busy_starved.bl_bnc, 0x4b4
unc_h_rxr_busy_starved.bl_crd, 0x40b4
unc_h_rxr_bypass.ad_bnc, 0x1b2
unc_h_rxr_bypass.ad_crd, 0x10b2
unc_h_rxr_bypass.ak_bnc, 0x2b2
unc_h_rxr_bypass.bl_bnc, 0x4b2
unc_h_rxr_bypass.bl_crd, 0x40b2
unc_h_rxr_bypass.iv_bnc, 0x8b2
unc_h_rxr_crd_starved.ad_bnc, 0x1b3
unc_h_rxr_crd_starved.ad_crd, 0x10b3
unc_h_rxr_crd_starved.ak_bnc, 0x2b3
unc_h_rxr_crd_starved.bl_bnc, 0x4b3
unc_h_rxr_crd_starved.bl_crd, 0x40b3
unc_h_rxr_crd_starved.ifv, 0x80b3
unc_h_rxr_crd_starved.iv_bnc, 0x8b3
unc_h_rxr_inserts.ad_bnc, 0x1b1
unc_h_rxr_inserts.ad_crd, 0x10b1
unc_h_rxr_inserts.ak_bnc, 0x2b1
unc_h_rxr_inserts.bl_bnc, 0x4b1
unc_h_rxr_inserts.bl_crd, 0x40b1
unc_h_rxr_inserts.iv_bnc, 0x8b1
unc_h_rxr_occupancy.ad_bnc, 0x1b0
unc_h_rxr_occupancy.ad_crd, 0x10b0
unc_h_rxr_occupancy.ak_bnc, 0x2b0
unc_h_rxr_occupancy.bl_bnc, 0x4b0
unc_h_rxr_occupancy.bl_crd, 0x40b0
unc_h_rxr_occupancy.iv_bnc, 0x8b0
unc_h_sf_eviction.e_state, 0x23d
unc_h_sf_eviction.m_state, 0x13d
unc_h_sf_eviction.s_state, 0x43d
unc_h_snoops_sent., 0x151
unc_h_snoops_sent.bcst_loc, 0x1051
unc_h_snoops_sent.bcst_rem, 0x2051
unc_h_snoops_sent.direct_loc, 0x4051
unc_h_snoops_sent.direct_rem, 0x8051
unc_h_snoops_sent.local, 0x451
unc_h_snoops_sent.remote, 0x851
unc_h_snoop_resp.rspcnflct, 0x405c
unc_h_snoop_resp.rspfwd, 0x805c
unc_h_snoop_resp.rspi, 0x15c
unc_h_snoop_resp.rspifwd, 0x45c
unc_h_snoop_resp.rsps, 0x25c
unc_h_snoop_resp.rspsfwd, 0x85c
unc_h_snoop_resp.rsp_fwd_wb, 0x205c
unc_h_snoop_resp.rsp_wb, 0x105c
unc_h_snp_rsp_rcv_local.rspcnflct, 0x405d
unc_h_snp_rsp_rcv_local.rspfwd, 0x805d
unc_h_snp_rsp_rcv_local.rspi, 0x15d
unc_h_snp_rsp_rcv_local.rspifwd, 0x45d
unc_h_snp_rsp_rcv_local.rsps, 0x25d
unc_h_snp_rsp_rcv_local.rspsfwd, 0x85d
unc_h_snp_rsp_rcv_local.rsp_fwd_wb, 0x205d
unc_h_snp_rsp_rcv_local.rsp_wb, 0x105d
unc_h_stall_no_txr_horz_crd_ad_ag0.tgr0, 0x1d0
unc_h_stall_no_txr_horz_crd_ad_ag0.tgr1, 0x2d0
unc_h_stall_no_txr_horz_crd_ad_ag0.tgr2, 0x4d0
unc_h_stall_no_txr_horz_crd_ad_ag0.tgr3, 0x8d0
unc_h_stall_no_txr_horz_crd_ad_ag0.tgr4, 0x10d0
unc_h_stall_no_txr_horz_crd_ad_ag0.tgr5, 0x20d0
unc_h_stall_no_txr_horz_crd_ad_ag1.tgr0, 0x1d2
unc_h_stall_no_txr_horz_crd_ad_ag1.tgr1, 0x2d2
unc_h_stall_no_txr_horz_crd_ad_ag1.tgr2, 0x4d2
unc_h_stall_no_txr_horz_crd_ad_ag1.tgr3, 0x8d2
unc_h_stall_no_txr_horz_crd_ad_ag1.tgr4, 0x10d2
unc_h_stall_no_txr_horz_crd_ad_ag1.tgr5, 0x20d2
unc_h_stall_no_txr_horz_crd_bl_ag0.tgr0, 0x1d4
unc_h_stall_no_txr_horz_crd_bl_ag0.tgr1, 0x2d4
unc_h_stall_no_txr_horz_crd_bl_ag0.tgr2, 0x4d4
unc_h_stall_no_txr_horz_crd_bl_ag0.tgr3, 0x8d4
unc_h_stall_no_txr_horz_crd_bl_ag0.tgr4, 0x10d4
unc_h_stall_no_txr_horz_crd_bl_ag0.tgr5, 0x20d4
unc_h_stall_no_txr_horz_crd_bl_ag1.tgr0, 0x1d6
unc_h_stall_no_txr_horz_crd_bl_ag1.tgr1, 0x2d6
unc_h_stall_no_txr_horz_crd_bl_ag1.tgr2, 0x4d6
unc_h_stall_no_txr_horz_crd_bl_ag1.tgr3, 0x8d6
unc_h_stall_no_txr_horz_crd_bl_ag1.tgr4, 0x10d6
unc_h_stall_no_txr_horz_crd_bl_ag1.tgr5, 0x20d6
unc_h_txr_horz_ads_used.ad_bnc, 0x19d
unc_h_txr_horz_ads_used.ad_crd, 0x109d
unc_h_txr_horz_ads_used.ak_bnc, 0x29d
unc_h_txr_horz_ads_used.bl_bnc, 0x49d
unc_h_txr_horz_ads_used.bl_crd, 0x409d
unc_h_txr_horz_bypass.ad_bnc, 0x19f
unc_h_txr_horz_bypass.ad_crd, 0x109f
unc_h_txr_horz_bypass.ak_bnc, 0x29f
unc_h_txr_horz_bypass.bl_bnc, 0x49f
unc_h_txr_horz_bypass.bl_crd, 0x409f
unc_h_txr_horz_bypass.iv_bnc, 0x89f
unc_h_txr_horz_cycles_full.ad_bnc, 0x196
unc_h_txr_horz_cycles_full.ad_crd, 0x1096
unc_h_txr_horz_cycles_full.ak_bnc, 0x296
unc_h_txr_horz_cycles_full.bl_bnc, 0x496
unc_h_txr_horz_cycles_full.bl_crd, 0x4096
unc_h_txr_horz_cycles_full.iv_bnc, 0x896
unc_h_txr_horz_cycles_ne.ad_bnc, 0x197
unc_h_txr_horz_cycles_ne.ad_crd, 0x1097
unc_h_txr_horz_cycles_ne.ak_bnc, 0x297
unc_h_txr_horz_cycles_ne.bl_bnc, 0x497
unc_h_txr_horz_cycles_ne.bl_crd, 0x4097
unc_h_txr_horz_cycles_ne.iv_bnc, 0x897
unc_h_txr_horz_inserts.ad_bnc, 0x195
unc_h_txr_horz_inserts.ad_crd, 0x1095
unc_h_txr_horz_inserts.ak_bnc, 0x295
unc_h_txr_horz_inserts.bl_bnc, 0x495
unc_h_txr_horz_inserts.bl_crd, 0x4095
unc_h_txr_horz_inserts.iv_bnc, 0x895
unc_h_txr_horz_nack.ad_bnc, 0x199
unc_h_txr_horz_nack.ad_crd, 0x2099
unc_h_txr_horz_nack.ak_bnc, 0x299
unc_h_txr_horz_nack.bl_bnc, 0x499
unc_h_txr_horz_nack.bl_crd, 0x4099
unc_h_txr_horz_nack.iv_bnc, 0x899
unc_h_txr_horz_occupancy.ad_bnc, 0x194
unc_h_txr_horz_occupancy.ad_crd, 0x1094
unc_h_txr_horz_occupancy.ak_bnc, 0x294
unc_h_txr_horz_occupancy.bl_bnc, 0x494
unc_h_txr_horz_occupancy.bl_crd, 0x4094
unc_h_txr_horz_occupancy.iv_bnc, 0x894
unc_h_txr_horz_starved.ad_bnc, 0x19b
unc_h_txr_horz_starved.ak_bnc, 0x29b
unc_h_txr_horz_starved.bl_bnc, 0x49b
unc_h_txr_horz_starved.iv_bnc, 0x89b
unc_h_txr_vert_ads_used.ad_ag0, 0x19c
unc_h_txr_vert_ads_used.ad_ag1, 0x109c
unc_h_txr_vert_ads_used.ak_ag0, 0x29c
unc_h_txr_vert_ads_used.ak_ag1, 0x209c
unc_h_txr_vert_ads_used.bl_ag0, 0x49c
unc_h_txr_vert_ads_used.bl_ag1, 0x409c
unc_h_txr_vert_bypass.ad_ag0, 0x19e
unc_h_txr_vert_bypass.ad_ag1, 0x109e
unc_h_txr_vert_bypass.ak_ag0, 0x29e
unc_h_txr_vert_bypass.ak_ag1, 0x209e
unc_h_txr_vert_bypass.bl_ag0, 0x49e
unc_h_txr_vert_bypass.bl_ag1, 0x409e
unc_h_txr_vert_bypass.iv_ag1, 0x89e
unc_h_txr_vert_cycles_full.ad_ag0, 0x192
unc_h_txr_vert_cycles_full.ad_ag1, 0x1092
unc_h_txr_vert_cycles_full.ak_ag0, 0x292
unc_h_txr_vert_cycles_full.ak_ag1, 0x2092
unc_h_txr_vert_cycles_full.bl_ag0, 0x492
unc_h_txr_vert_cycles_full.bl_ag1, 0x4092
unc_h_txr_vert_cycles_full.iv_ag0, 0x892
unc_h_txr_vert_cycles_ne.ad_ag0, 0x193
unc_h_txr_vert_cycles_ne.ad_ag1, 0x1093
unc_h_txr_vert_cycles_ne.ak_ag0, 0x293
unc_h_txr_vert_cycles_ne.ak_ag1, 0x2093
unc_h_txr_vert_cycles_ne.bl_ag0, 0x493
unc_h_txr_vert_cycles_ne.bl_ag1, 0x4093
unc_h_txr_vert_cycles_ne.iv_ag0, 0x893
unc_h_txr_vert_inserts.ad_ag0, 0x191
unc_h_txr_vert_inserts.ad_ag1, 0x1091
unc_h_txr_vert_inserts.ak_ag0, 0x291
unc_h_txr_vert_inserts.ak_ag1, 0x2091
unc_h_txr_vert_inserts.bl_ag0, 0x491
unc_h_txr_vert_inserts.bl_ag1, 0x4091
unc_h_txr_vert_inserts.iv_ag0, 0x891
unc_h_txr_vert_nack.ad_ag0, 0x198
unc_h_txr_vert_nack.ad_ag1, 0x1098
unc_h_txr_vert_nack.ak_ag0, 0x298
unc_h_txr_vert_nack.ak_ag1, 0x2098
unc_h_txr_vert_nack.bl_ag0, 0x498
unc_h_txr_vert_nack.bl_ag1, 0x4098
unc_h_txr_vert_nack.iv, 0x898
unc_h_txr_vert_occupancy.ad_ag0, 0x190
unc_h_txr_vert_occupancy.ad_ag1, 0x1090
unc_h_txr_vert_occupancy.ak_ag0, 0x290
unc_h_txr_vert_occupancy.ak_ag1, 0x2090
unc_h_txr_vert_occupancy.bl_ag0, 0x490
unc_h_txr_vert_occupancy.bl_ag1, 0x4090
unc_h_txr_vert_occupancy.iv_ag0, 0x890
unc_h_txr_vert_starved.ad_ag0, 0x19a
unc_h_txr_vert_starved.ad_ag1, 0x109a
unc_h_txr_vert_starved.ak_ag0, 0x29a
unc_h_txr_vert_starved.ak_ag1, 0x209a
unc_h_txr_vert_starved.bl_ag0, 0x49a
unc_h_txr_vert_starved.bl_ag1, 0x409a
unc_h_txr_vert_starved.iv, 0x89a
unc_h_vert_ring_ad_in_use.dn_even, 0x4a6
unc_h_vert_ring_ad_in_use.dn_odd, 0x8a6
unc_h_vert_ring_ad_in_use.up_even, 0x1a6
unc_h_vert_ring_ad_in_use.up_odd, 0x2a6
unc_h_vert_ring_ak_in_use.dn_even, 0x4a8
unc_h_vert_ring_ak_in_use.dn_odd, 0x8a8
unc_h_vert_ring_ak_in_use.up_even, 0x1a8
unc_h_vert_ring_ak_in_use.up_odd, 0x2a8
unc_h_vert_ring_bl_in_use.dn_even, 0x4aa
unc_h_vert_ring_bl_in_use.dn_odd, 0x8aa
unc_h_vert_ring_bl_in_use.up_even, 0x1aa
unc_h_vert_ring_bl_in_use.up_odd, 0x2aa
unc_h_vert_ring_iv_in_use.dn, 0x4ac
unc_h_vert_ring_iv_in_use.up, 0x1ac
unc_h_wb_push_mtoi.llc, 0x156
unc_h_wb_push_mtoi.mem, 0x256
unc_h_write_no_credits.edc0_smi2, 0x45a
unc_h_write_no_credits.edc1_smi3, 0x85a
unc_h_write_no_credits.edc2_smi4, 0x105a
unc_h_write_no_credits.edc3_smi5, 0x205a
unc_h_write_no_credits.mc0_smi0, 0x15a
unc_h_write_no_credits.mc1_smi1, 0x25a
unc_h_xsnp_resp.any_rspi_fwdfe, 0xe432
unc_h_xsnp_resp.any_rspi_fwdm, 0xf032
unc_h_xsnp_resp.any_rsps_fwdfe, 0xe232
unc_h_xsnp_resp.any_rsps_fwdm, 0xe832
unc_h_xsnp_resp.any_rsp_hitfse, 0xe132
unc_h_xsnp_resp.core_rspi_fwdfe, 0x4432
unc_h_xsnp_resp.core_rspi_fwdm, 0x5032
unc_h_xsnp_resp.core_rsps_fwdfe, 0x4232
unc_h_xsnp_resp.core_rsps_fwdm, 0x4832
unc_h_xsnp_resp.core_rsp_hitfse, 0x4132
unc_h_xsnp_resp.evict_rspi_fwdfe, 0x8432
unc_h_xsnp_resp.evict_rspi_fwdm, 0x9032
unc_h_xsnp_resp.evict_rsps_fwdfe, 0x8232
unc_h_xsnp_resp.evict_rsps_fwdm, 0x8832
unc_h_xsnp_resp.evict_rsp_hitfse, 0x8132
unc_h_xsnp_resp.ext_rspi_fwdfe, 0x2432
unc_h_xsnp_resp.ext_rspi_fwdm, 0x3032
unc_h_xsnp_resp.ext_rsps_fwdfe, 0x2232
unc_h_xsnp_resp.ext_rsps_fwdm, 0x2832
unc_h_xsnp_resp.ext_rsp_hitfse, 0x2132
core_power.lvl0_turbo_license, 0x728
core_power.lvl1_turbo_license, 0x1828
core_power.lvl2_turbo_license, 0x2028
core_power.throttle, 0x4028
hw_interrupts.received, 0x1cb
ocr.all_data_rd.any_response_0, 0x1b7, 0x10491
ocr.all_data_rd.any_response_1, 0x1bb, 0x10491
ocr.all_data_rd.pmm_hit_local_pmm.any_snoop_0, 0x1b7, 0x3f80400491
ocr.all_data_rd.pmm_hit_local_pmm.any_snoop_1, 0x1bb, 0x3f80400491
ocr.all_data_rd.pmm_hit_local_pmm.snoop_none_0, 0x1b7, 0x80400491
ocr.all_data_rd.pmm_hit_local_pmm.snoop_none_1, 0x1bb, 0x80400491
ocr.all_data_rd.pmm_hit_local_pmm.snoop_not_needed_0, 0x1b7, 0x100400491
ocr.all_data_rd.pmm_hit_local_pmm.snoop_not_needed_1, 0x1bb, 0x100400491
ocr.all_data_rd.supplier_none.any_snoop_0, 0x1b7, 0x3f80020491
ocr.all_data_rd.supplier_none.any_snoop_1, 0x1bb, 0x3f80020491
ocr.all_data_rd.supplier_none.hitm_other_core_0, 0x1b7, 0x1000020491
ocr.all_data_rd.supplier_none.hitm_other_core_1, 0x1bb, 0x1000020491
ocr.all_data_rd.supplier_none.hit_other_core_fwd_0, 0x1b7, 0x800020491
ocr.all_data_rd.supplier_none.hit_other_core_fwd_1, 0x1bb, 0x800020491
ocr.all_data_rd.supplier_none.hit_other_core_no_fwd_0, 0x1b7, 0x400020491
ocr.all_data_rd.supplier_none.hit_other_core_no_fwd_1, 0x1bb, 0x400020491
ocr.all_data_rd.supplier_none.no_snoop_needed_0, 0x1b7, 0x100020491
ocr.all_data_rd.supplier_none.no_snoop_needed_1, 0x1bb, 0x100020491
ocr.all_data_rd.supplier_none.snoop_miss_0, 0x1b7, 0x200020491
ocr.all_data_rd.supplier_none.snoop_miss_1, 0x1bb, 0x200020491
ocr.all_data_rd.supplier_none.snoop_none_0, 0x1b7, 0x80020491
ocr.all_data_rd.supplier_none.snoop_none_1, 0x1bb, 0x80020491
ocr.all_pf_data_rd.any_response_0, 0x1b7, 0x10490
ocr.all_pf_data_rd.any_response_1, 0x1bb, 0x10490
ocr.all_pf_data_rd.pmm_hit_local_pmm.any_snoop_0, 0x1b7, 0x3f80400490
ocr.all_pf_data_rd.pmm_hit_local_pmm.any_snoop_1, 0x1bb, 0x3f80400490
ocr.all_pf_data_rd.pmm_hit_local_pmm.snoop_none_0, 0x1b7, 0x80400490
ocr.all_pf_data_rd.pmm_hit_local_pmm.snoop_none_1, 0x1bb, 0x80400490
ocr.all_pf_data_rd.pmm_hit_local_pmm.snoop_not_needed_0, 0x1b7, 0x100400490
ocr.all_pf_data_rd.pmm_hit_local_pmm.snoop_not_needed_1, 0x1bb, 0x100400490
ocr.all_pf_data_rd.supplier_none.any_snoop_0, 0x1b7, 0x3f80020490
ocr.all_pf_data_rd.supplier_none.any_snoop_1, 0x1bb, 0x3f80020490
ocr.all_pf_data_rd.supplier_none.hitm_other_core_0, 0x1b7, 0x1000020490
ocr.all_pf_data_rd.supplier_none.hitm_other_core_1, 0x1bb, 0x1000020490
ocr.all_pf_data_rd.supplier_none.hit_other_core_fwd_0, 0x1b7, 0x800020490
ocr.all_pf_data_rd.supplier_none.hit_other_core_fwd_1, 0x1bb, 0x800020490
ocr.all_pf_data_rd.supplier_none.hit_other_core_no_fwd_0, 0x1b7, 0x400020490
ocr.all_pf_data_rd.supplier_none.hit_other_core_no_fwd_1, 0x1bb, 0x400020490
ocr.all_pf_data_rd.supplier_none.no_snoop_needed_0, 0x1b7, 0x100020490
ocr.all_pf_data_rd.supplier_none.no_snoop_needed_1, 0x1bb, 0x100020490
ocr.all_pf_data_rd.supplier_none.snoop_miss_0, 0x1b7, 0x200020490
ocr.all_pf_data_rd.supplier_none.snoop_miss_1, 0x1bb, 0x200020490
ocr.all_pf_data_rd.supplier_none.snoop_none_0, 0x1b7, 0x80020490
ocr.all_pf_data_rd.supplier_none.snoop_none_1, 0x1bb, 0x80020490
ocr.all_pf_rfo.any_response_0, 0x1b7, 0x10120
ocr.all_pf_rfo.any_response_1, 0x1bb, 0x10120
ocr.all_pf_rfo.pmm_hit_local_pmm.any_snoop_0, 0x1b7, 0x3f80400120
ocr.all_pf_rfo.pmm_hit_local_pmm.any_snoop_1, 0x1bb, 0x3f80400120
ocr.all_pf_rfo.pmm_hit_local_pmm.snoop_none_0, 0x1b7, 0x80400120
ocr.all_pf_rfo.pmm_hit_local_pmm.snoop_none_1, 0x1bb, 0x80400120
ocr.all_pf_rfo.pmm_hit_local_pmm.snoop_not_needed_0, 0x1b7, 0x100400120
ocr.all_pf_rfo.pmm_hit_local_pmm.snoop_not_needed_1, 0x1bb, 0x100400120
ocr.all_pf_rfo.supplier_none.any_snoop_0, 0x1b7, 0x3f80020120
ocr.all_pf_rfo.supplier_none.any_snoop_1, 0x1bb, 0x3f80020120
ocr.all_pf_rfo.supplier_none.hitm_other_core_0, 0x1b7, 0x1000020120
ocr.all_pf_rfo.supplier_none.hitm_other_core_1, 0x1bb, 0x1000020120
ocr.all_pf_rfo.supplier_none.hit_other_core_fwd_0, 0x1b7, 0x800020120
ocr.all_pf_rfo.supplier_none.hit_other_core_fwd_1, 0x1bb, 0x800020120
ocr.all_pf_rfo.supplier_none.hit_other_core_no_fwd_0, 0x1b7, 0x400020120
ocr.all_pf_rfo.supplier_none.hit_other_core_no_fwd_1, 0x1bb, 0x400020120
ocr.all_pf_rfo.supplier_none.no_snoop_needed_0, 0x1b7, 0x100020120
ocr.all_pf_rfo.supplier_none.no_snoop_needed_1, 0x1bb, 0x100020120
ocr.all_pf_rfo.supplier_none.snoop_miss_0, 0x1b7, 0x200020120
ocr.all_pf_rfo.supplier_none.snoop_miss_1, 0x1bb, 0x200020120
ocr.all_pf_rfo.supplier_none.snoop_none_0, 0x1b7, 0x80020120
ocr.all_pf_rfo.supplier_none.snoop_none_1, 0x1bb, 0x80020120
ocr.all_reads.any_response_0, 0x1b7, 0x107f7
ocr.all_reads.any_response_1, 0x1bb, 0x107f7
ocr.all_reads.pmm_hit_local_pmm.any_snoop_0, 0x1b7, 0x3f804007f7
ocr.all_reads.pmm_hit_local_pmm.any_snoop_1, 0x1bb, 0x3f804007f7
ocr.all_reads.pmm_hit_local_pmm.snoop_none_0, 0x1b7, 0x804007f7
ocr.all_reads.pmm_hit_local_pmm.snoop_none_1, 0x1bb, 0x804007f7
ocr.all_reads.pmm_hit_local_pmm.snoop_not_needed_0, 0x1b7, 0x1004007f7
ocr.all_reads.pmm_hit_local_pmm.snoop_not_needed_1, 0x1bb, 0x1004007f7
ocr.all_reads.supplier_none.any_snoop_0, 0x1b7, 0x3f800207f7
ocr.all_reads.supplier_none.any_snoop_1, 0x1bb, 0x3f800207f7
ocr.all_reads.supplier_none.hitm_other_core_0, 0x1b7, 0x10000207f7
ocr.all_reads.supplier_none.hitm_other_core_1, 0x1bb, 0x10000207f7
ocr.all_reads.supplier_none.hit_other_core_fwd_0, 0x1b7, 0x8000207f7
ocr.all_reads.supplier_none.hit_other_core_fwd_1, 0x1bb, 0x8000207f7
ocr.all_reads.supplier_none.hit_other_core_no_fwd_0, 0x1b7, 0x4000207f7
ocr.all_reads.supplier_none.hit_other_core_no_fwd_1, 0x1bb, 0x4000207f7
ocr.all_reads.supplier_none.no_snoop_needed_0, 0x1b7, 0x1000207f7
ocr.all_reads.supplier_none.no_snoop_needed_1, 0x1bb, 0x1000207f7
ocr.all_reads.supplier_none.snoop_miss_0, 0x1b7, 0x2000207f7
ocr.all_reads.supplier_none.snoop_miss_1, 0x1bb, 0x2000207f7
ocr.all_reads.supplier_none.snoop_none_0, 0x1b7, 0x800207f7
ocr.all_reads.supplier_none.snoop_none_1, 0x1bb, 0x800207f7
ocr.all_rfo.any_response_0, 0x1b7, 0x10122
ocr.all_rfo.any_response_1, 0x1bb, 0x10122
ocr.all_rfo.pmm_hit_local_pmm.any_snoop_0, 0x1b7, 0x3f80400122
ocr.all_rfo.pmm_hit_local_pmm.any_snoop_1, 0x1bb, 0x3f80400122
ocr.all_rfo.pmm_hit_local_pmm.snoop_none_0, 0x1b7, 0x80400122
ocr.all_rfo.pmm_hit_local_pmm.snoop_none_1, 0x1bb, 0x80400122
ocr.all_rfo.pmm_hit_local_pmm.snoop_not_needed_0, 0x1b7, 0x100400122
ocr.all_rfo.pmm_hit_local_pmm.snoop_not_needed_1, 0x1bb, 0x100400122
ocr.all_rfo.supplier_none.any_snoop_0, 0x1b7, 0x3f80020122
ocr.all_rfo.supplier_none.any_snoop_1, 0x1bb, 0x3f80020122
ocr.all_rfo.supplier_none.hitm_other_core_0, 0x1b7, 0x1000020122
ocr.all_rfo.supplier_none.hitm_other_core_1, 0x1bb, 0x1000020122
ocr.all_rfo.supplier_none.hit_other_core_fwd_0, 0x1b7, 0x800020122
ocr.all_rfo.supplier_none.hit_other_core_fwd_1, 0x1bb, 0x800020122
ocr.all_rfo.supplier_none.hit_other_core_no_fwd_0, 0x1b7, 0x400020122
ocr.all_rfo.supplier_none.hit_other_core_no_fwd_1, 0x1bb, 0x400020122
ocr.all_rfo.supplier_none.no_snoop_needed_0, 0x1b7, 0x100020122
ocr.all_rfo.supplier_none.no_snoop_needed_1, 0x1bb, 0x100020122
ocr.all_rfo.supplier_none.snoop_miss_0, 0x1b7, 0x200020122
ocr.all_rfo.supplier_none.snoop_miss_1, 0x1bb, 0x200020122
ocr.all_rfo.supplier_none.snoop_none_0, 0x1b7, 0x80020122
ocr.all_rfo.supplier_none.snoop_none_1, 0x1bb, 0x80020122
ocr.other.any_response_0, 0x1b7, 0x18000
ocr.other.any_response_1, 0x1bb, 0x18000
ocr.other.pmm_hit_local_pmm.any_snoop_0, 0x1b7, 0x3f80408000
ocr.other.pmm_hit_local_pmm.any_snoop_1, 0x1bb, 0x3f80408000
ocr.other.pmm_hit_local_pmm.snoop_none_0, 0x1b7, 0x80408000
ocr.other.pmm_hit_local_pmm.snoop_none_1, 0x1bb, 0x80408000
ocr.other.pmm_hit_local_pmm.snoop_not_needed_0, 0x1b7, 0x100408000
ocr.other.pmm_hit_local_pmm.snoop_not_needed_1, 0x1bb, 0x100408000
ocr.other.supplier_none.any_snoop_0, 0x1b7, 0x3f80028000
ocr.other.supplier_none.any_snoop_1, 0x1bb, 0x3f80028000
ocr.other.supplier_none.hitm_other_core_0, 0x1b7, 0x1000028000
ocr.other.supplier_none.hitm_other_core_1, 0x1bb, 0x1000028000
ocr.other.supplier_none.hit_other_core_fwd_0, 0x1b7, 0x800028000
ocr.other.supplier_none.hit_other_core_fwd_1, 0x1bb, 0x800028000
ocr.other.supplier_none.hit_other_core_no_fwd_0, 0x1b7, 0x400028000
ocr.other.supplier_none.hit_other_core_no_fwd_1, 0x1bb, 0x400028000
ocr.other.supplier_none.no_snoop_needed_0, 0x1b7, 0x100028000
ocr.other.supplier_none.no_snoop_needed_1, 0x1bb, 0x100028000
ocr.other.supplier_none.snoop_miss_0, 0x1b7, 0x200028000
ocr.other.supplier_none.snoop_miss_1, 0x1bb, 0x200028000
ocr.other.supplier_none.snoop_none_0, 0x1b7, 0x80028000
ocr.other.supplier_none.snoop_none_1, 0x1bb, 0x80028000
ocr.pf_l1d_and_sw.any_response_0, 0x1b7, 0x10400
ocr.pf_l1d_and_sw.any_response_1, 0x1bb, 0x10400
ocr.pf_l1d_and_sw.pmm_hit_local_pmm.any_snoop_0, 0x1b7, 0x3f80400400
ocr.pf_l1d_and_sw.pmm_hit_local_pmm.any_snoop_1, 0x1bb, 0x3f80400400
ocr.pf_l1d_and_sw.pmm_hit_local_pmm.snoop_none_0, 0x1b7, 0x80400400
ocr.pf_l1d_and_sw.pmm_hit_local_pmm.snoop_none_1, 0x1bb, 0x80400400
ocr.pf_l1d_and_sw.pmm_hit_local_pmm.snoop_not_needed_0, 0x1b7, 0x100400400
ocr.pf_l1d_and_sw.pmm_hit_local_pmm.snoop_not_needed_1, 0x1bb, 0x100400400
ocr.pf_l1d_and_sw.supplier_none.any_snoop_0, 0x1b7, 0x3f80020400
ocr.pf_l1d_and_sw.supplier_none.any_snoop_1, 0x1bb, 0x3f80020400
ocr.pf_l1d_and_sw.supplier_none.hitm_other_core_0, 0x1b7, 0x1000020400
ocr.pf_l1d_and_sw.supplier_none.hitm_other_core_1, 0x1bb, 0x1000020400
ocr.pf_l1d_and_sw.supplier_none.hit_other_core_fwd_0, 0x1b7, 0x800020400
ocr.pf_l1d_and_sw.supplier_none.hit_other_core_fwd_1, 0x1bb, 0x800020400
ocr.pf_l1d_and_sw.supplier_none.hit_other_core_no_fwd_0, 0x1b7, 0x400020400
ocr.pf_l1d_and_sw.supplier_none.hit_other_core_no_fwd_1, 0x1bb, 0x400020400
ocr.pf_l1d_and_sw.supplier_none.no_snoop_needed_0, 0x1b7, 0x100020400
ocr.pf_l1d_and_sw.supplier_none.no_snoop_needed_1, 0x1bb, 0x100020400
ocr.pf_l1d_and_sw.supplier_none.snoop_miss_0, 0x1b7, 0x200020400
ocr.pf_l1d_and_sw.supplier_none.snoop_miss_1, 0x1bb, 0x200020400
ocr.pf_l1d_and_sw.supplier_none.snoop_none_0, 0x1b7, 0x80020400
ocr.pf_l1d_and_sw.supplier_none.snoop_none_1, 0x1bb, 0x80020400
ocr.pf_l2_data_rd.any_response_0, 0x1b7, 0x10010
ocr.pf_l2_data_rd.any_response_1, 0x1bb, 0x10010
ocr.pf_l2_data_rd.pmm_hit_local_pmm.any_snoop_0, 0x1b7, 0x3f80400010
ocr.pf_l2_data_rd.pmm_hit_local_pmm.any_snoop_1, 0x1bb, 0x3f80400010
ocr.pf_l2_data_rd.pmm_hit_local_pmm.snoop_none_0, 0x1b7, 0x80400010
ocr.pf_l2_data_rd.pmm_hit_local_pmm.snoop_none_1, 0x1bb, 0x80400010
ocr.pf_l2_data_rd.pmm_hit_local_pmm.snoop_not_needed_0, 0x1b7, 0x100400010
ocr.pf_l2_data_rd.pmm_hit_local_pmm.snoop_not_needed_1, 0x1bb, 0x100400010
ocr.pf_l2_data_rd.supplier_none.any_snoop_0, 0x1b7, 0x3f80020010
ocr.pf_l2_data_rd.supplier_none.any_snoop_1, 0x1bb, 0x3f80020010
ocr.pf_l2_data_rd.supplier_none.hitm_other_core_0, 0x1b7, 0x1000020010
ocr.pf_l2_data_rd.supplier_none.hitm_other_core_1, 0x1bb, 0x1000020010
ocr.pf_l2_data_rd.supplier_none.hit_other_core_fwd_0, 0x1b7, 0x800020010
ocr.pf_l2_data_rd.supplier_none.hit_other_core_fwd_1, 0x1bb, 0x800020010
ocr.pf_l2_data_rd.supplier_none.hit_other_core_no_fwd_0, 0x1b7, 0x400020010
ocr.pf_l2_data_rd.supplier_none.hit_other_core_no_fwd_1, 0x1bb, 0x400020010
ocr.pf_l2_data_rd.supplier_none.no_snoop_needed_0, 0x1b7, 0x100020010
ocr.pf_l2_data_rd.supplier_none.no_snoop_needed_1, 0x1bb, 0x100020010
ocr.pf_l2_data_rd.supplier_none.snoop_miss_0, 0x1b7, 0x200020010
ocr.pf_l2_data_rd.supplier_none.snoop_miss_1, 0x1bb, 0x200020010
ocr.pf_l2_data_rd.supplier_none.snoop_none_0, 0x1b7, 0x80020010
ocr.pf_l2_data_rd.supplier_none.snoop_none_1, 0x1bb, 0x80020010
ocr.pf_l2_rfo.any_response_0, 0x1b7, 0x10020
ocr.pf_l2_rfo.any_response_1, 0x1bb, 0x10020
ocr.pf_l2_rfo.pmm_hit_local_pmm.any_snoop_0, 0x1b7, 0x3f80400020
ocr.pf_l2_rfo.pmm_hit_local_pmm.any_snoop_1, 0x1bb, 0x3f80400020
ocr.pf_l2_rfo.pmm_hit_local_pmm.snoop_none_0, 0x1b7, 0x80400020
ocr.pf_l2_rfo.pmm_hit_local_pmm.snoop_none_1, 0x1bb, 0x80400020
ocr.pf_l2_rfo.pmm_hit_local_pmm.snoop_not_needed_0, 0x1b7, 0x100400020
ocr.pf_l2_rfo.pmm_hit_local_pmm.snoop_not_needed_1, 0x1bb, 0x100400020
ocr.pf_l2_rfo.supplier_none.any_snoop_0, 0x1b7, 0x3f80020020
ocr.pf_l2_rfo.supplier_none.any_snoop_1, 0x1bb, 0x3f80020020
ocr.pf_l2_rfo.supplier_none.hitm_other_core_0, 0x1b7, 0x1000020020
ocr.pf_l2_rfo.supplier_none.hitm_other_core_1, 0x1bb, 0x1000020020
ocr.pf_l2_rfo.supplier_none.hit_other_core_fwd_0, 0x1b7, 0x800020020
ocr.pf_l2_rfo.supplier_none.hit_other_core_fwd_1, 0x1bb, 0x800020020
ocr.pf_l2_rfo.supplier_none.hit_other_core_no_fwd_0, 0x1b7, 0x400020020
ocr.pf_l2_rfo.supplier_none.hit_other_core_no_fwd_1, 0x1bb, 0x400020020
ocr.pf_l2_rfo.supplier_none.no_snoop_needed_0, 0x1b7, 0x100020020
ocr.pf_l2_rfo.supplier_none.no_snoop_needed_1, 0x1bb, 0x100020020
ocr.pf_l2_rfo.supplier_none.snoop_miss_0, 0x1b7, 0x200020020
ocr.pf_l2_rfo.supplier_none.snoop_miss_1, 0x1bb, 0x200020020
ocr.pf_l2_rfo.supplier_none.snoop_none_0, 0x1b7, 0x80020020
ocr.pf_l2_rfo.supplier_none.snoop_none_1, 0x1bb, 0x80020020
ocr.pf_l3_data_rd.any_response_0, 0x1b7, 0x10080
ocr.pf_l3_data_rd.any_response_1, 0x1bb, 0x10080
ocr.pf_l3_data_rd.pmm_hit_local_pmm.any_snoop_0, 0x1b7, 0x3f80400080
ocr.pf_l3_data_rd.pmm_hit_local_pmm.any_snoop_1, 0x1bb, 0x3f80400080
ocr.pf_l3_data_rd.pmm_hit_local_pmm.snoop_none_0, 0x1b7, 0x80400080
ocr.pf_l3_data_rd.pmm_hit_local_pmm.snoop_none_1, 0x1bb, 0x80400080
ocr.pf_l3_data_rd.pmm_hit_local_pmm.snoop_not_needed_0, 0x1b7, 0x100400080
ocr.pf_l3_data_rd.pmm_hit_local_pmm.snoop_not_needed_1, 0x1bb, 0x100400080
ocr.pf_l3_data_rd.supplier_none.any_snoop_0, 0x1b7, 0x3f80020080
ocr.pf_l3_data_rd.supplier_none.any_snoop_1, 0x1bb, 0x3f80020080
ocr.pf_l3_data_rd.supplier_none.hitm_other_core_0, 0x1b7, 0x1000020080
ocr.pf_l3_data_rd.supplier_none.hitm_other_core_1, 0x1bb, 0x1000020080
ocr.pf_l3_data_rd.supplier_none.hit_other_core_fwd_0, 0x1b7, 0x800020080
ocr.pf_l3_data_rd.supplier_none.hit_other_core_fwd_1, 0x1bb, 0x800020080
ocr.pf_l3_data_rd.supplier_none.hit_other_core_no_fwd_0, 0x1b7, 0x400020080
ocr.pf_l3_data_rd.supplier_none.hit_other_core_no_fwd_1, 0x1bb, 0x400020080
ocr.pf_l3_data_rd.supplier_none.no_snoop_needed_0, 0x1b7, 0x100020080
ocr.pf_l3_data_rd.supplier_none.no_snoop_needed_1, 0x1bb, 0x100020080
ocr.pf_l3_data_rd.supplier_none.snoop_miss_0, 0x1b7, 0x200020080
ocr.pf_l3_data_rd.supplier_none.snoop_miss_1, 0x1bb, 0x200020080
ocr.pf_l3_data_rd.supplier_none.snoop_none_0, 0x1b7, 0x80020080
ocr.pf_l3_data_rd.supplier_none.snoop_none_1, 0x1bb, 0x80020080
ocr.pf_l3_rfo.any_response_0, 0x1b7, 0x10100
ocr.pf_l3_rfo.any_response_1, 0x1bb, 0x10100
ocr.pf_l3_rfo.pmm_hit_local_pmm.any_snoop_0, 0x1b7, 0x3f80400100
ocr.pf_l3_rfo.pmm_hit_local_pmm.any_snoop_1, 0x1bb, 0x3f80400100
ocr.pf_l3_rfo.pmm_hit_local_pmm.snoop_none_0, 0x1b7, 0x80400100
ocr.pf_l3_rfo.pmm_hit_local_pmm.snoop_none_1, 0x1bb, 0x80400100
ocr.pf_l3_rfo.pmm_hit_local_pmm.snoop_not_needed_0, 0x1b7, 0x100400100
ocr.pf_l3_rfo.pmm_hit_local_pmm.snoop_not_needed_1, 0x1bb, 0x100400100
ocr.pf_l3_rfo.supplier_none.any_snoop_0, 0x1b7, 0x3f80020100
ocr.pf_l3_rfo.supplier_none.any_snoop_1, 0x1bb, 0x3f80020100
ocr.pf_l3_rfo.supplier_none.hitm_other_core_0, 0x1b7, 0x1000020100
ocr.pf_l3_rfo.supplier_none.hitm_other_core_1, 0x1bb, 0x1000020100
ocr.pf_l3_rfo.supplier_none.hit_other_core_fwd_0, 0x1b7, 0x800020100
ocr.pf_l3_rfo.supplier_none.hit_other_core_fwd_1, 0x1bb, 0x800020100
ocr.pf_l3_rfo.supplier_none.hit_other_core_no_fwd_0, 0x1b7, 0x400020100
ocr.pf_l3_rfo.supplier_none.hit_other_core_no_fwd_1, 0x1bb, 0x400020100
ocr.pf_l3_rfo.supplier_none.no_snoop_needed_0, 0x1b7, 0x100020100
ocr.pf_l3_rfo.supplier_none.no_snoop_needed_1, 0x1bb, 0x100020100
ocr.pf_l3_rfo.supplier_none.snoop_miss_0, 0x1b7, 0x200020100
ocr.pf_l3_rfo.supplier_none.snoop_miss_1, 0x1bb, 0x200020100
ocr.pf_l3_rfo.supplier_none.snoop_none_0, 0x1b7, 0x80020100
ocr.pf_l3_rfo.supplier_none.snoop_none_1, 0x1bb, 0x80020100
baclears.any, 0x1e6
decode.lcp, 0x187
dsb2mite_switches.count, 0x1ab
dsb2mite_switches.penalty_cycles, 0x2ab
frontend_retired.any_dsb_miss, 0x1c6, 0x1
frontend_retired.dsb_miss, 0x1c6, 0x11
frontend_retired.itlb_miss, 0x1c6, 0x14
frontend_retired.l1i_miss, 0x1c6, 0x12
frontend_retired.l2_miss, 0x1c6, 0x13
frontend_retired.latency_ge_1, 0x1c6, 0x400106
frontend_retired.latency_ge_128, 0x1c6, 0x408006
frontend_retired.latency_ge_16, 0x1c6, 0x401006
frontend_retired.latency_ge_2, 0x1c6, 0x400206
frontend_retired.latency_ge_256, 0x1c6, 0x410006
frontend_retired.latency_ge_2_bubbles_ge_1, 0x1c6, 0x100206
frontend_retired.latency_ge_2_bubbles_ge_2, 0x1c6, 0x200206
frontend_retired.latency_ge_2_bubbles_ge_3, 0x1c6, 0x300206
frontend_retired.latency_ge_32, 0x1c6, 0x402006
frontend_retired.latency_ge_4, 0x1c6, 0x400406
frontend_retired.latency_ge_512, 0x1c6, 0x420006
frontend_retired.latency_ge_64, 0x1c6, 0x404006
frontend_retired.latency_ge_8, 0x1c6, 0x400806
frontend_retired.stlb_miss, 0x1c6, 0x15
icache_16b.ifdata_stall, 0x480
icache_64b.iftag_hit, 0x183
icache_64b.iftag_miss, 0x283
icache_64b.iftag_stall, 0x483
icache_tag.stalls, 0x483
idq.all_dsb_cycles_4_uops, 0x1879
idq.all_dsb_cycles_any_uops, 0x1879
idq.all_mite_cycles_4_uops, 0x2479
idq.all_mite_cycles_any_uops, 0x2479
idq.dsb_cycles, 0x879
idq.dsb_cycles_any, 0x1879
idq.dsb_cycles_ok, 0x1879
idq.dsb_uops, 0x879
idq.mite_cycles, 0x479
idq.mite_uops, 0x479
idq.ms_cycles, 0x3079
idq.ms_dsb_cycles, 0x1079
idq.ms_mite_uops, 0x2079
idq.ms_switches, 0x3079
idq.ms_uops, 0x3079
idq_uops_not_delivered.core, 0x19c
idq_uops_not_delivered.cycles_0_uops_deliv.core, 0x19c
idq_uops_not_delivered.cycles_fe_was_ok, 0x19c
idq_uops_not_delivered.cycles_le_1_uop_deliv.core, 0x19c
idq_uops_not_delivered.cycles_le_2_uop_deliv.core, 0x19c
idq_uops_not_delivered.cycles_le_3_uop_deliv.core, 0x19c
unc_i_cache_total_occupancy.any, 0x10f
unc_i_cache_total_occupancy.iv_q, 0x20f
unc_i_cache_total_occupancy.mem, 0x40f
unc_i_clockticks, 0x1
unc_i_coherent_ops.clflush, 0x8010
unc_i_coherent_ops.crd, 0x210
unc_i_coherent_ops.drd, 0x410
unc_i_coherent_ops.pcidcahint, 0x2010
unc_i_coherent_ops.pcirdcur, 0x110
unc_i_coherent_ops.pcitom, 0x1010
unc_i_coherent_ops.rfo, 0x810
unc_i_coherent_ops.wbmtoi, 0x4010
unc_i_faf_full, 0x17
unc_i_faf_inserts, 0x18
unc_i_faf_occupancy, 0x19
unc_i_faf_transactions, 0x16
unc_i_irp_all.inbound_inserts, 0x11e
unc_i_irp_all.outbound_inserts, 0x21e
unc_i_misc0.2nd_atomic_insert, 0x101c
unc_i_misc0.2nd_rd_insert, 0x41c
unc_i_misc0.2nd_wr_insert, 0x81c
unc_i_misc0.fast_rej, 0x21c
unc_i_misc0.fast_req, 0x11c
unc_i_misc0.fast_xfer, 0x201c
unc_i_misc0.pf_ack_hint, 0x401c
unc_i_misc0.unknown, 0x801c
unc_i_misc1.lost_fwd, 0x101d
unc_i_misc1.sec_rcvd_invld, 0x201d
unc_i_misc1.sec_rcvd_vld, 0x401d
unc_i_misc1.slow_e, 0x41d
unc_i_misc1.slow_i, 0x11d
unc_i_misc1.slow_m, 0x81d
unc_i_misc1.slow_s, 0x21d
unc_i_p2p_inserts, 0x14
unc_i_p2p_occupancy, 0x15
unc_i_p2p_transactions.cmpl, 0x813
unc_i_p2p_transactions.loc, 0x4013
unc_i_p2p_transactions.loc_and_tgt_match, 0x8013
unc_i_p2p_transactions.msg, 0x413
unc_i_p2p_transactions.rd, 0x113
unc_i_p2p_transactions.rem, 0x1013
unc_i_p2p_transactions.rem_and_tgt_match, 0x2013
unc_i_p2p_transactions.wr, 0x213
unc_i_snoop_resp.all_hit, 0x7e12
unc_i_snoop_resp.all_hit_es, 0x7412
unc_i_snoop_resp.all_hit_i, 0x7212
unc_i_snoop_resp.all_hit_m, 0x7812
unc_i_snoop_resp.all_miss, 0x7112
unc_i_snoop_resp.hit_es, 0x412
unc_i_snoop_resp.hit_i, 0x212
unc_i_snoop_resp.hit_m, 0x812
unc_i_snoop_resp.miss, 0x112
unc_i_snoop_resp.snpcode, 0x1012
unc_i_snoop_resp.snpdata, 0x2012
unc_i_snoop_resp.snpinv, 0x4012
unc_i_transactions.atomic, 0x1011
unc_i_transactions.other, 0x2011
unc_i_transactions.rd_pref, 0x411
unc_i_transactions.reads, 0x111
unc_i_transactions.writes, 0x211
unc_i_transactions.wr_pref, 0x811
unc_i_txc_ak_inserts, 0xb
unc_i_txc_bl_drs_cycles_full, 0x5
unc_i_txc_bl_drs_inserts, 0x2
unc_i_txc_bl_drs_occupancy, 0x8
unc_i_txc_bl_ncb_cycles_full, 0x6
unc_i_txc_bl_ncb_inserts, 0x3
unc_i_txc_bl_ncb_occupancy, 0x9
unc_i_txc_bl_ncs_cycles_full, 0x7
unc_i_txc_bl_ncs_inserts, 0x4
unc_i_txc_bl_ncs_occupancy, 0xa
unc_i_txr2_ad_stall_credit_cycles, 0x1a
unc_i_txr2_bl_stall_credit_cycles, 0x1b
unc_i_txs_data_inserts_ncb, 0xd
unc_i_txs_data_inserts_ncs, 0xe
unc_i_txs_request_occupancy, 0xc
unc_m2m_ag0_ad_crd_acquired.tgr0, 0x180
unc_m2m_ag0_ad_crd_acquired.tgr1, 0x280
unc_m2m_ag0_ad_crd_acquired.tgr2, 0x480
unc_m2m_ag0_ad_crd_acquired.tgr3, 0x880
unc_m2m_ag0_ad_crd_acquired.tgr4, 0x1080
unc_m2m_ag0_ad_crd_acquired.tgr5, 0x2080
unc_m2m_ag0_ad_crd_occupancy.tgr0, 0x182
unc_m2m_ag0_ad_crd_occupancy.tgr1, 0x282
unc_m2m_ag0_ad_crd_occupancy.tgr2, 0x482
unc_m2m_ag0_ad_crd_occupancy.tgr3, 0x882
unc_m2m_ag0_ad_crd_occupancy.tgr4, 0x1082
unc_m2m_ag0_ad_crd_occupancy.tgr5, 0x2082
unc_m2m_ag0_bl_crd_acquired.tgr0, 0x188
unc_m2m_ag0_bl_crd_acquired.tgr1, 0x288
unc_m2m_ag0_bl_crd_acquired.tgr2, 0x488
unc_m2m_ag0_bl_crd_acquired.tgr3, 0x888
unc_m2m_ag0_bl_crd_acquired.tgr4, 0x1088
unc_m2m_ag0_bl_crd_acquired.tgr5, 0x2088
unc_m2m_ag0_bl_crd_occupancy.tgr0, 0x18a
unc_m2m_ag0_bl_crd_occupancy.tgr1, 0x28a
unc_m2m_ag0_bl_crd_occupancy.tgr2, 0x48a
unc_m2m_ag0_bl_crd_occupancy.tgr3, 0x88a
unc_m2m_ag0_bl_crd_occupancy.tgr4, 0x108a
unc_m2m_ag0_bl_crd_occupancy.tgr5, 0x208a
unc_m2m_ag1_ad_crd_acquired.tgr0, 0x184
unc_m2m_ag1_ad_crd_acquired.tgr1, 0x284
unc_m2m_ag1_ad_crd_acquired.tgr2, 0x484
unc_m2m_ag1_ad_crd_acquired.tgr3, 0x884
unc_m2m_ag1_ad_crd_acquired.tgr4, 0x1084
unc_m2m_ag1_ad_crd_acquired.tgr5, 0x2084
unc_m2m_ag1_ad_crd_occupancy.tgr0, 0x186
unc_m2m_ag1_ad_crd_occupancy.tgr1, 0x286
unc_m2m_ag1_ad_crd_occupancy.tgr2, 0x486
unc_m2m_ag1_ad_crd_occupancy.tgr3, 0x886
unc_m2m_ag1_ad_crd_occupancy.tgr4, 0x1086
unc_m2m_ag1_ad_crd_occupancy.tgr5, 0x2086
unc_m2m_ag1_bl_crd_occupancy.tgr0, 0x18e
unc_m2m_ag1_bl_crd_occupancy.tgr1, 0x28e
unc_m2m_ag1_bl_crd_occupancy.tgr2, 0x48e
unc_m2m_ag1_bl_crd_occupancy.tgr3, 0x88e
unc_m2m_ag1_bl_crd_occupancy.tgr4, 0x108e
unc_m2m_ag1_bl_crd_occupancy.tgr5, 0x208e
unc_m2m_ag1_bl_credits_acquired.tgr0, 0x18c
unc_m2m_ag1_bl_credits_acquired.tgr1, 0x28c
unc_m2m_ag1_bl_credits_acquired.tgr2, 0x48c
unc_m2m_ag1_bl_credits_acquired.tgr3, 0x88c
unc_m2m_ag1_bl_credits_acquired.tgr4, 0x108c
unc_m2m_ag1_bl_credits_acquired.tgr5, 0x208c
unc_m2m_bypass_m2m_egress.not_taken, 0x222
unc_m2m_bypass_m2m_egress.taken, 0x122
unc_m2m_bypass_m2m_ingress.not_taken, 0x221
unc_m2m_bypass_m2m_ingress.taken, 0x121
unc_m2m_cms_clockticks, 0xc0
unc_m2m_direct2core_not_taken_dirstate, 0x24
unc_m2m_direct2core_taken, 0x23
unc_m2m_direct2core_txn_override, 0x25
unc_m2m_direct2upi_not_taken_credits, 0x28
unc_m2m_direct2upi_not_taken_dirstate, 0x27
unc_m2m_direct2upi_taken, 0x26
unc_m2m_direct2upi_txn_override, 0x29
unc_m2m_directory_hit.clean_a, 0x802a
unc_m2m_directory_hit.clean_i, 0x102a
unc_m2m_directory_hit.clean_p, 0x402a
unc_m2m_directory_hit.clean_s, 0x202a
unc_m2m_directory_hit.dirty_a, 0x82a
unc_m2m_directory_hit.dirty_i, 0x12a
unc_m2m_directory_hit.dirty_p, 0x42a
unc_m2m_directory_hit.dirty_s, 0x22a
unc_m2m_directory_lookup.any, 0x12d
unc_m2m_directory_lookup.state_a, 0x82d
unc_m2m_directory_lookup.state_i, 0x22d
unc_m2m_directory_lookup.state_s, 0x42d
unc_m2m_directory_miss.clean_a, 0x802b
unc_m2m_directory_miss.clean_i, 0x102b
unc_m2m_directory_miss.clean_p, 0x402b
unc_m2m_directory_miss.clean_s, 0x202b
unc_m2m_directory_miss.dirty_a, 0x82b
unc_m2m_directory_miss.dirty_i, 0x12b
unc_m2m_directory_miss.dirty_p, 0x42b
unc_m2m_directory_miss.dirty_s, 0x22b
unc_m2m_directory_update.a2i, 0x202e
unc_m2m_directory_update.a2s, 0x402e
unc_m2m_directory_update.any, 0x12e
unc_m2m_directory_update.i2a, 0x42e
unc_m2m_directory_update.i2s, 0x22e
unc_m2m_directory_update.s2a, 0x102e
unc_m2m_directory_update.s2i, 0x82e
unc_m2m_egress_ordering.iv_snoopgo_dn, 0x4ae
unc_m2m_egress_ordering.iv_snoopgo_up, 0x1ae
unc_m2m_fast_asserted.horz, 0x2a5
unc_m2m_fast_asserted.vert, 0x1a5
unc_m2m_horz_ring_ad_in_use.left_even, 0x1a7
unc_m2m_horz_ring_ad_in_use.left_odd, 0x2a7
unc_m2m_horz_ring_ad_in_use.right_even, 0x4a7
unc_m2m_horz_ring_ad_in_use.right_odd, 0x8a7
unc_m2m_horz_ring_ak_in_use.left_even, 0x1a9
unc_m2m_horz_ring_ak_in_use.left_odd, 0x2a9
unc_m2m_horz_ring_ak_in_use.right_even, 0x4a9
unc_m2m_horz_ring_ak_in_use.right_odd, 0x8a9
unc_m2m_horz_ring_bl_in_use.left_even, 0x1ab
unc_m2m_horz_ring_bl_in_use.left_odd, 0x2ab
unc_m2m_horz_ring_bl_in_use.right_even, 0x4ab
unc_m2m_horz_ring_bl_in_use.right_odd, 0x8ab
unc_m2m_horz_ring_iv_in_use.left, 0x1ad
unc_m2m_horz_ring_iv_in_use.right, 0x4ad
unc_m2m_imc_reads.all, 0x437
unc_m2m_imc_reads.from_transgress, 0x1037
unc_m2m_imc_reads.isoch, 0x237
unc_m2m_imc_reads.normal, 0x137
unc_m2m_imc_reads.to_pmm, 0x837
unc_m2m_imc_writes.all, 0x1038
unc_m2m_imc_writes.from_transgress, 0x4038
unc_m2m_imc_writes.full, 0x138
unc_m2m_imc_writes.full_isoch, 0x438
unc_m2m_imc_writes.ni, 0x8038
unc_m2m_imc_writes.partial, 0x238
unc_m2m_imc_writes.partial_isoch, 0x838
unc_m2m_imc_writes.to_pmm, 0x2038
unc_m2m_pkt_match.mc, 0x24c
unc_m2m_pkt_match.mesh, 0x14c
unc_m2m_pmm_rpq_cycles_reg_credits.chn0, 0x14f
unc_m2m_pmm_rpq_cycles_reg_credits.chn1, 0x24f
unc_m2m_pmm_rpq_cycles_reg_credits.chn2, 0x44f
unc_m2m_pmm_wpq_cycles_reg_credits.chn0, 0x151
unc_m2m_pmm_wpq_cycles_reg_credits.chn1, 0x251
unc_m2m_pmm_wpq_cycles_reg_credits.chn2, 0x451
unc_m2m_prefcam_cycles_full, 0x53
unc_m2m_prefcam_cycles_ne, 0x54
unc_m2m_prefcam_demand_promotions, 0x56
unc_m2m_prefcam_inserts, 0x57
unc_m2m_prefcam_occupancy, 0x55
unc_m2m_ring_bounces_horz.ad, 0x1a1
unc_m2m_ring_bounces_horz.ak, 0x2a1
unc_m2m_ring_bounces_horz.bl, 0x4a1
unc_m2m_ring_bounces_horz.iv, 0x8a1
unc_m2m_ring_bounces_vert.ad, 0x1a0
unc_m2m_ring_bounces_vert.ak, 0x2a0
unc_m2m_ring_bounces_vert.bl, 0x4a0
unc_m2m_ring_bounces_vert.iv, 0x8a0
unc_m2m_ring_sink_starved_horz.ad, 0x1a3
unc_m2m_ring_sink_starved_horz.ak, 0x2a3
unc_m2m_ring_sink_starved_horz.ak_ag1, 0x20a3
unc_m2m_ring_sink_starved_horz.bl, 0x4a3
unc_m2m_ring_sink_starved_horz.iv, 0x8a3
unc_m2m_ring_sink_starved_vert.ad, 0x1a2
unc_m2m_ring_sink_starved_vert.ak, 0x2a2
unc_m2m_ring_sink_starved_vert.bl, 0x4a2
unc_m2m_ring_sink_starved_vert.iv, 0x8a2
unc_m2m_ring_src_thrtl, 0xa4
unc_m2m_rpq_cycles_no_spec_credits.chn0, 0x144
unc_m2m_rpq_cycles_no_spec_credits.chn1, 0x244
unc_m2m_rpq_cycles_no_spec_credits.chn2, 0x444
unc_m2m_rpq_cycles_reg_credits.chn0, 0x143
unc_m2m_rpq_cycles_reg_credits.chn1, 0x243
unc_m2m_rpq_cycles_reg_credits.chn2, 0x443
unc_m2m_rpq_cycles_spec_credits.chn0, 0x144
unc_m2m_rpq_cycles_spec_credits.chn1, 0x244
unc_m2m_rpq_cycles_spec_credits.chn2, 0x444
unc_m2m_rxc_ad_cycles_full, 0x4
unc_m2m_rxc_ad_cycles_ne, 0x3
unc_m2m_rxc_ad_inserts, 0x1
unc_m2m_rxc_ad_occupancy, 0x2
unc_m2m_rxc_bl_cycles_full, 0x8
unc_m2m_rxc_bl_cycles_ne, 0x7
unc_m2m_rxc_bl_inserts, 0x5
unc_m2m_rxc_bl_occupancy, 0x6
unc_m2m_rxr_busy_starved.ad_bnc, 0x1b4
unc_m2m_rxr_busy_starved.ad_crd, 0x10b4
unc_m2m_rxr_busy_starved.bl_bnc, 0x4b4
unc_m2m_rxr_busy_starved.bl_crd, 0x40b4
unc_m2m_rxr_bypass.ad_bnc, 0x1b2
unc_m2m_rxr_bypass.ad_crd, 0x10b2
unc_m2m_rxr_bypass.ak_bnc, 0x2b2
unc_m2m_rxr_bypass.bl_bnc, 0x4b2
unc_m2m_rxr_bypass.bl_crd, 0x40b2
unc_m2m_rxr_bypass.iv_bnc, 0x8b2
unc_m2m_rxr_crd_starved.ad_bnc, 0x1b3
unc_m2m_rxr_crd_starved.ad_crd, 0x10b3
unc_m2m_rxr_crd_starved.ak_bnc, 0x2b3
unc_m2m_rxr_crd_starved.bl_bnc, 0x4b3
unc_m2m_rxr_crd_starved.bl_crd, 0x40b3
unc_m2m_rxr_crd_starved.ifv, 0x80b3
unc_m2m_rxr_crd_starved.iv_bnc, 0x8b3
unc_m2m_rxr_inserts.ad_bnc, 0x1b1
unc_m2m_rxr_inserts.ad_crd, 0x10b1
unc_m2m_rxr_inserts.ak_bnc, 0x2b1
unc_m2m_rxr_inserts.bl_bnc, 0x4b1
unc_m2m_rxr_inserts.bl_crd, 0x40b1
unc_m2m_rxr_inserts.iv_bnc, 0x8b1
unc_m2m_rxr_occupancy.ad_bnc, 0x1b0
unc_m2m_rxr_occupancy.ad_crd, 0x10b0
unc_m2m_rxr_occupancy.ak_bnc, 0x2b0
unc_m2m_rxr_occupancy.bl_bnc, 0x4b0
unc_m2m_rxr_occupancy.bl_crd, 0x40b0
unc_m2m_rxr_occupancy.iv_bnc, 0x8b0
unc_m2m_stall_no_txr_horz_crd_ad_ag0.tgr0, 0x1d0
unc_m2m_stall_no_txr_horz_crd_ad_ag0.tgr1, 0x2d0
unc_m2m_stall_no_txr_horz_crd_ad_ag0.tgr2, 0x4d0
unc_m2m_stall_no_txr_horz_crd_ad_ag0.tgr3, 0x8d0
unc_m2m_stall_no_txr_horz_crd_ad_ag0.tgr4, 0x10d0
unc_m2m_stall_no_txr_horz_crd_ad_ag0.tgr5, 0x20d0
unc_m2m_stall_no_txr_horz_crd_ad_ag1.tgr0, 0x1d2
unc_m2m_stall_no_txr_horz_crd_ad_ag1.tgr1, 0x2d2
unc_m2m_stall_no_txr_horz_crd_ad_ag1.tgr2, 0x4d2
unc_m2m_stall_no_txr_horz_crd_ad_ag1.tgr3, 0x8d2
unc_m2m_stall_no_txr_horz_crd_ad_ag1.tgr4, 0x10d2
unc_m2m_stall_no_txr_horz_crd_ad_ag1.tgr5, 0x20d2
unc_m2m_stall_no_txr_horz_crd_bl_ag0.tgr0, 0x1d4
unc_m2m_stall_no_txr_horz_crd_bl_ag0.tgr1, 0x2d4
unc_m2m_stall_no_txr_horz_crd_bl_ag0.tgr2, 0x4d4
unc_m2m_stall_no_txr_horz_crd_bl_ag0.tgr3, 0x8d4
unc_m2m_stall_no_txr_horz_crd_bl_ag0.tgr4, 0x10d4
unc_m2m_stall_no_txr_horz_crd_bl_ag0.tgr5, 0x20d4
unc_m2m_stall_no_txr_horz_crd_bl_ag1.tgr0, 0x1d6
unc_m2m_stall_no_txr_horz_crd_bl_ag1.tgr1, 0x2d6
unc_m2m_stall_no_txr_horz_crd_bl_ag1.tgr2, 0x4d6
unc_m2m_stall_no_txr_horz_crd_bl_ag1.tgr3, 0x8d6
unc_m2m_stall_no_txr_horz_crd_bl_ag1.tgr4, 0x10d6
unc_m2m_stall_no_txr_horz_crd_bl_ag1.tgr5, 0x20d6
unc_m2m_tag_hit.nm_rd_hit_clean, 0x12c
unc_m2m_tag_hit.nm_rd_hit_dirty, 0x22c
unc_m2m_tag_hit.nm_ufill_hit_clean, 0x42c
unc_m2m_tag_hit.nm_ufill_hit_dirty, 0x82c
unc_m2m_tgr_ad_credits, 0x41
unc_m2m_tgr_bl_credits, 0x42
unc_m2m_tracker_cycles_full.ch0, 0x145
unc_m2m_tracker_cycles_full.ch1, 0x245
unc_m2m_tracker_cycles_full.ch2, 0x445
unc_m2m_tracker_cycles_ne.ch0, 0x146
unc_m2m_tracker_cycles_ne.ch1, 0x246
unc_m2m_tracker_cycles_ne.ch2, 0x446
unc_m2m_tracker_inserts.ch0, 0x149
unc_m2m_tracker_inserts.ch1, 0x249
unc_m2m_tracker_inserts.ch2, 0x449
unc_m2m_tracker_occupancy.ch0, 0x147
unc_m2m_tracker_occupancy.ch1, 0x247
unc_m2m_tracker_occupancy.ch2, 0x447
unc_m2m_tracker_pending_occupancy, 0x48
unc_m2m_txc_ad_credits_acquired, 0xd
unc_m2m_txc_ad_credit_occupancy, 0xe
unc_m2m_txc_ad_cycles_full, 0xc
unc_m2m_txc_ad_cycles_ne, 0xb
unc_m2m_txc_ad_inserts, 0x9
unc_m2m_txc_ad_no_credit_cycles, 0xf
unc_m2m_txc_ad_no_credit_stalled, 0x10
unc_m2m_txc_ad_occupancy, 0xa
unc_m2m_txc_ak.crd_cbo, 0x239
unc_m2m_txc_ak.ndr, 0x139
unc_m2m_txc_ak_credits_acquired.cms0, 0x11d
unc_m2m_txc_ak_credits_acquired.cms1, 0x21d
unc_m2m_txc_ak_credit_occupancy.cms0, 0x11e
unc_m2m_txc_ak_credit_occupancy.cms1, 0x21e
unc_m2m_txc_ak_cycles_full.all, 0x314
unc_m2m_txc_ak_cycles_full.cms0, 0x114
unc_m2m_txc_ak_cycles_full.cms1, 0x214
unc_m2m_txc_ak_cycles_full.rdcrd0, 0x814
unc_m2m_txc_ak_cycles_full.rdcrd1, 0x8814
unc_m2m_txc_ak_cycles_full.wrcmp0, 0x2014
unc_m2m_txc_ak_cycles_full.wrcmp1, 0xa014
unc_m2m_txc_ak_cycles_full.wrcrd0, 0x1014
unc_m2m_txc_ak_cycles_full.wrcrd1, 0x9014
unc_m2m_txc_ak_cycles_ne.all, 0x313
unc_m2m_txc_ak_cycles_ne.cms0, 0x113
unc_m2m_txc_ak_cycles_ne.cms1, 0x213
unc_m2m_txc_ak_cycles_ne.rdcrd, 0x813
unc_m2m_txc_ak_cycles_ne.wrcmp, 0x2013
unc_m2m_txc_ak_cycles_ne.wrcrd, 0x1013
unc_m2m_txc_ak_inserts.all, 0x311
unc_m2m_txc_ak_inserts.cms0, 0x111
unc_m2m_txc_ak_inserts.cms1, 0x211
unc_m2m_txc_ak_inserts.pref_rd_cam_hit, 0x4011
unc_m2m_txc_ak_inserts.rdcrd, 0x811
unc_m2m_txc_ak_inserts.wrcmp, 0x2011
unc_m2m_txc_ak_inserts.wrcrd, 0x1011
unc_m2m_txc_ak_no_credit_cycles.cms0, 0x11f
unc_m2m_txc_ak_no_credit_cycles.cms1, 0x21f
unc_m2m_txc_ak_no_credit_stalled.cms0, 0x120
unc_m2m_txc_ak_no_credit_stalled.cms1, 0x220
unc_m2m_txc_ak_occupancy.all, 0x312
unc_m2m_txc_ak_occupancy.cms0, 0x112
unc_m2m_txc_ak_occupancy.cms1, 0x212
unc_m2m_txc_ak_occupancy.rdcrd, 0x812
unc_m2m_txc_ak_occupancy.wrcmp, 0x2012
unc_m2m_txc_ak_occupancy.wrcrd, 0x1012
unc_m2m_txc_ak_sideband.rd, 0x16b
unc_m2m_txc_ak_sideband.wr, 0x26b
unc_m2m_txc_bl.drs_cache, 0x140
unc_m2m_txc_bl.drs_core, 0x240
unc_m2m_txc_bl.drs_upi, 0x440
unc_m2m_txc_bl_credits_acquired.cms0, 0x119
unc_m2m_txc_bl_credits_acquired.cms1, 0x219
unc_m2m_txc_bl_credit_occupancy.cms0, 0x11a
unc_m2m_txc_bl_credit_occupancy.cms1, 0x21a
unc_m2m_txc_bl_cycles_full.all, 0x318
unc_m2m_txc_bl_cycles_full.cms0, 0x118
unc_m2m_txc_bl_cycles_full.cms1, 0x218
unc_m2m_txc_bl_cycles_ne.all, 0x317
unc_m2m_txc_bl_cycles_ne.cms0, 0x117
unc_m2m_txc_bl_cycles_ne.cms1, 0x217
unc_m2m_txc_bl_inserts.all, 0x315
unc_m2m_txc_bl_inserts.cms0, 0x115
unc_m2m_txc_bl_inserts.cms1, 0x215
unc_m2m_txc_bl_no_credit_cycles.cms0, 0x11b
unc_m2m_txc_bl_no_credit_cycles.cms1, 0x21b
unc_m2m_txc_bl_no_credit_stalled.cms0, 0x11c
unc_m2m_txc_bl_no_credit_stalled.cms1, 0x21c
unc_m2m_txc_bl_occupancy.all, 0x316
unc_m2m_txc_bl_occupancy.cms0, 0x116
unc_m2m_txc_bl_occupancy.cms1, 0x216
unc_m2m_txr_horz_ads_used.ad_bnc, 0x19d
unc_m2m_txr_horz_ads_used.ad_crd, 0x109d
unc_m2m_txr_horz_ads_used.ak_bnc, 0x29d
unc_m2m_txr_horz_ads_used.bl_bnc, 0x49d
unc_m2m_txr_horz_ads_used.bl_crd, 0x409d
unc_m2m_txr_horz_bypass.ad_bnc, 0x19f
unc_m2m_txr_horz_bypass.ad_crd, 0x109f
unc_m2m_txr_horz_bypass.ak_bnc, 0x29f
unc_m2m_txr_horz_bypass.bl_bnc, 0x49f
unc_m2m_txr_horz_bypass.bl_crd, 0x409f
unc_m2m_txr_horz_bypass.iv_bnc, 0x89f
unc_m2m_txr_horz_cycles_full.ad_bnc, 0x196
unc_m2m_txr_horz_cycles_full.ad_crd, 0x1096
unc_m2m_txr_horz_cycles_full.ak_bnc, 0x296
unc_m2m_txr_horz_cycles_full.bl_bnc, 0x496
unc_m2m_txr_horz_cycles_full.bl_crd, 0x4096
unc_m2m_txr_horz_cycles_full.iv_bnc, 0x896
unc_m2m_txr_horz_cycles_ne.ad_bnc, 0x197
unc_m2m_txr_horz_cycles_ne.ad_crd, 0x1097
unc_m2m_txr_horz_cycles_ne.ak_bnc, 0x297
unc_m2m_txr_horz_cycles_ne.bl_bnc, 0x497
unc_m2m_txr_horz_cycles_ne.bl_crd, 0x4097
unc_m2m_txr_horz_cycles_ne.iv_bnc, 0x897
unc_m2m_txr_horz_inserts.ad_bnc, 0x195
unc_m2m_txr_horz_inserts.ad_crd, 0x1095
unc_m2m_txr_horz_inserts.ak_bnc, 0x295
unc_m2m_txr_horz_inserts.bl_bnc, 0x495
unc_m2m_txr_horz_inserts.bl_crd, 0x4095
unc_m2m_txr_horz_inserts.iv_bnc, 0x895
unc_m2m_txr_horz_nack.ad_bnc, 0x199
unc_m2m_txr_horz_nack.ad_crd, 0x2099
unc_m2m_txr_horz_nack.ak_bnc, 0x299
unc_m2m_txr_horz_nack.bl_bnc, 0x499
unc_m2m_txr_horz_nack.bl_crd, 0x4099
unc_m2m_txr_horz_nack.iv_bnc, 0x899
unc_m2m_txr_horz_occupancy.ad_bnc, 0x194
unc_m2m_txr_horz_occupancy.ad_crd, 0x1094
unc_m2m_txr_horz_occupancy.ak_bnc, 0x294
unc_m2m_txr_horz_occupancy.bl_bnc, 0x494
unc_m2m_txr_horz_occupancy.bl_crd, 0x4094
unc_m2m_txr_horz_occupancy.iv_bnc, 0x894
unc_m2m_txr_horz_starved.ad_bnc, 0x19b
unc_m2m_txr_horz_starved.ak_bnc, 0x29b
unc_m2m_txr_horz_starved.bl_bnc, 0x49b
unc_m2m_txr_horz_starved.iv_bnc, 0x89b
unc_m2m_txr_vert_ads_used.ad_ag0, 0x19c
unc_m2m_txr_vert_ads_used.ad_ag1, 0x109c
unc_m2m_txr_vert_ads_used.ak_ag0, 0x29c
unc_m2m_txr_vert_ads_used.ak_ag1, 0x209c
unc_m2m_txr_vert_ads_used.bl_ag0, 0x49c
unc_m2m_txr_vert_ads_used.bl_ag1, 0x409c
unc_m2m_txr_vert_bypass.ad_ag0, 0x19e
unc_m2m_txr_vert_bypass.ad_ag1, 0x109e
unc_m2m_txr_vert_bypass.ak_ag0, 0x29e
unc_m2m_txr_vert_bypass.ak_ag1, 0x209e
unc_m2m_txr_vert_bypass.bl_ag0, 0x49e
unc_m2m_txr_vert_bypass.bl_ag1, 0x409e
unc_m2m_txr_vert_bypass.iv, 0x89e
unc_m2m_txr_vert_cycles_full.ad_ag0, 0x192
unc_m2m_txr_vert_cycles_full.ad_ag1, 0x1092
unc_m2m_txr_vert_cycles_full.ak_ag0, 0x292
unc_m2m_txr_vert_cycles_full.ak_ag1, 0x2092
unc_m2m_txr_vert_cycles_full.bl_ag0, 0x492
unc_m2m_txr_vert_cycles_full.bl_ag1, 0x4092
unc_m2m_txr_vert_cycles_full.iv, 0x892
unc_m2m_txr_vert_cycles_ne.ad_ag0, 0x193
unc_m2m_txr_vert_cycles_ne.ad_ag1, 0x1093
unc_m2m_txr_vert_cycles_ne.ak_ag0, 0x293
unc_m2m_txr_vert_cycles_ne.ak_ag1, 0x2093
unc_m2m_txr_vert_cycles_ne.bl_ag0, 0x493
unc_m2m_txr_vert_cycles_ne.bl_ag1, 0x4093
unc_m2m_txr_vert_cycles_ne.iv, 0x893
unc_m2m_txr_vert_inserts.ad_ag0, 0x191
unc_m2m_txr_vert_inserts.ad_ag1, 0x1091
unc_m2m_txr_vert_inserts.ak_ag0, 0x291
unc_m2m_txr_vert_inserts.ak_ag1, 0x2091
unc_m2m_txr_vert_inserts.bl_ag0, 0x491
unc_m2m_txr_vert_inserts.bl_ag1, 0x4091
unc_m2m_txr_vert_inserts.iv, 0x891
unc_m2m_txr_vert_nack.ad_ag0, 0x198
unc_m2m_txr_vert_nack.ad_ag1, 0x1098
unc_m2m_txr_vert_nack.ak_ag0, 0x298
unc_m2m_txr_vert_nack.ak_ag1, 0x2098
unc_m2m_txr_vert_nack.bl_ag0, 0x498
unc_m2m_txr_vert_nack.bl_ag1, 0x4098
unc_m2m_txr_vert_nack.iv, 0x898
unc_m2m_txr_vert_occupancy.ad_ag0, 0x190
unc_m2m_txr_vert_occupancy.ad_ag1, 0x1090
unc_m2m_txr_vert_occupancy.ak_ag0, 0x290
unc_m2m_txr_vert_occupancy.ak_ag1, 0x2090
unc_m2m_txr_vert_occupancy.bl_ag0, 0x490
unc_m2m_txr_vert_occupancy.bl_ag1, 0x4090
unc_m2m_txr_vert_occupancy.iv, 0x890
unc_m2m_txr_vert_starved.ad_ag0, 0x19a
unc_m2m_txr_vert_starved.ad_ag1, 0x109a
unc_m2m_txr_vert_starved.ak_ag0, 0x29a
unc_m2m_txr_vert_starved.ak_ag1, 0x209a
unc_m2m_txr_vert_starved.bl_ag0, 0x49a
unc_m2m_txr_vert_starved.bl_ag1, 0x409a
unc_m2m_txr_vert_starved.iv, 0x89a
unc_m2m_vert_ring_ad_in_use.dn_even, 0x4a6
unc_m2m_vert_ring_ad_in_use.dn_odd, 0x8a6
unc_m2m_vert_ring_ad_in_use.up_even, 0x1a6
unc_m2m_vert_ring_ad_in_use.up_odd, 0x2a6
unc_m2m_vert_ring_ak_in_use.dn_even, 0x4a8
unc_m2m_vert_ring_ak_in_use.dn_odd, 0x8a8
unc_m2m_vert_ring_ak_in_use.up_even, 0x1a8
unc_m2m_vert_ring_ak_in_use.up_odd, 0x2a8
unc_m2m_vert_ring_bl_in_use.dn_even, 0x4aa
unc_m2m_vert_ring_bl_in_use.dn_odd, 0x8aa
unc_m2m_vert_ring_bl_in_use.up_even, 0x1aa
unc_m2m_vert_ring_bl_in_use.up_odd, 0x2aa
unc_m2m_vert_ring_iv_in_use.dn, 0x4ac
unc_m2m_vert_ring_iv_in_use.up, 0x1ac
unc_m2m_wpq_cycles_no_reg_credits.chn0, 0x14d
unc_m2m_wpq_cycles_no_reg_credits.chn1, 0x24d
unc_m2m_wpq_cycles_no_reg_credits.chn2, 0x44d
unc_m2m_wpq_cycles_reg_credits.chn0, 0x14d
unc_m2m_wpq_cycles_reg_credits.chn1, 0x24d
unc_m2m_wpq_cycles_reg_credits.chn2, 0x44d
unc_m2m_wpq_cycles_spec_credits.chn0, 0x14e
unc_m2m_wpq_cycles_spec_credits.chn1, 0x24e
unc_m2m_wpq_cycles_spec_credits.chn2, 0x44e
unc_m2m_write_tracker_cycles_full.ch0, 0x14a
unc_m2m_write_tracker_cycles_full.ch1, 0x24a
unc_m2m_write_tracker_cycles_full.ch2, 0x44a
unc_m2m_write_tracker_cycles_ne.ch0, 0x14b
unc_m2m_write_tracker_cycles_ne.ch1, 0x24b
unc_m2m_write_tracker_cycles_ne.ch2, 0x44b
unc_m2m_write_tracker_inserts.ch0, 0x161
unc_m2m_write_tracker_inserts.ch1, 0x261
unc_m2m_write_tracker_inserts.ch2, 0x461
unc_m2m_write_tracker_occupancy.ch0, 0x160
unc_m2m_write_tracker_occupancy.ch1, 0x260
unc_m2m_write_tracker_occupancy.ch2, 0x460
unc_m3upi_ag0_ad_crd_acquired.tgr0, 0x180
unc_m3upi_ag0_ad_crd_acquired.tgr1, 0x280
unc_m3upi_ag0_ad_crd_acquired.tgr2, 0x480
unc_m3upi_ag0_ad_crd_acquired.tgr3, 0x880
unc_m3upi_ag0_ad_crd_acquired.tgr4, 0x1080
unc_m3upi_ag0_ad_crd_acquired.tgr5, 0x2080
unc_m3upi_ag0_ad_crd_occupancy.tgr0, 0x182
unc_m3upi_ag0_ad_crd_occupancy.tgr1, 0x282
unc_m3upi_ag0_ad_crd_occupancy.tgr2, 0x482
unc_m3upi_ag0_ad_crd_occupancy.tgr3, 0x882
unc_m3upi_ag0_ad_crd_occupancy.tgr4, 0x1082
unc_m3upi_ag0_ad_crd_occupancy.tgr5, 0x2082
unc_m3upi_ag0_bl_crd_acquired.tgr0, 0x188
unc_m3upi_ag0_bl_crd_acquired.tgr1, 0x288
unc_m3upi_ag0_bl_crd_acquired.tgr2, 0x488
unc_m3upi_ag0_bl_crd_acquired.tgr3, 0x888
unc_m3upi_ag0_bl_crd_acquired.tgr4, 0x1088
unc_m3upi_ag0_bl_crd_acquired.tgr5, 0x2088
unc_m3upi_ag0_bl_crd_occupancy.tgr0, 0x18a
unc_m3upi_ag0_bl_crd_occupancy.tgr1, 0x28a
unc_m3upi_ag0_bl_crd_occupancy.tgr2, 0x48a
unc_m3upi_ag0_bl_crd_occupancy.tgr3, 0x88a
unc_m3upi_ag0_bl_crd_occupancy.tgr4, 0x108a
unc_m3upi_ag0_bl_crd_occupancy.tgr5, 0x208a
unc_m3upi_ag1_ad_crd_acquired.tgr0, 0x184
unc_m3upi_ag1_ad_crd_acquired.tgr1, 0x284
unc_m3upi_ag1_ad_crd_acquired.tgr2, 0x484
unc_m3upi_ag1_ad_crd_acquired.tgr3, 0x884
unc_m3upi_ag1_ad_crd_acquired.tgr4, 0x1084
unc_m3upi_ag1_ad_crd_acquired.tgr5, 0x2084
unc_m3upi_ag1_ad_crd_occupancy.tgr0, 0x186
unc_m3upi_ag1_ad_crd_occupancy.tgr1, 0x286
unc_m3upi_ag1_ad_crd_occupancy.tgr2, 0x486
unc_m3upi_ag1_ad_crd_occupancy.tgr3, 0x886
unc_m3upi_ag1_ad_crd_occupancy.tgr4, 0x1086
unc_m3upi_ag1_ad_crd_occupancy.tgr5, 0x2086
unc_m3upi_ag1_bl_crd_occupancy.tgr0, 0x18e
unc_m3upi_ag1_bl_crd_occupancy.tgr1, 0x28e
unc_m3upi_ag1_bl_crd_occupancy.tgr2, 0x48e
unc_m3upi_ag1_bl_crd_occupancy.tgr3, 0x88e
unc_m3upi_ag1_bl_crd_occupancy.tgr4, 0x108e
unc_m3upi_ag1_bl_crd_occupancy.tgr5, 0x208e
unc_m3upi_ag1_bl_credits_acquired.tgr0, 0x18c
unc_m3upi_ag1_bl_credits_acquired.tgr1, 0x28c
unc_m3upi_ag1_bl_credits_acquired.tgr2, 0x48c
unc_m3upi_ag1_bl_credits_acquired.tgr3, 0x88c
unc_m3upi_ag1_bl_credits_acquired.tgr4, 0x108c
unc_m3upi_ag1_bl_credits_acquired.tgr5, 0x208c
unc_m3upi_cha_ad_credits_empty.req, 0x422
unc_m3upi_cha_ad_credits_empty.snp, 0x822
unc_m3upi_cha_ad_credits_empty.vna, 0x122
unc_m3upi_cha_ad_credits_empty.wb, 0x222
unc_m3upi_clockticks, 0x1
unc_m3upi_cms_clockticks, 0xc0
unc_m3upi_d2c_sent, 0x2b
unc_m3upi_d2u_sent, 0x2a
unc_m3upi_egress_ordering.iv_snoopgo_dn, 0x4ae
unc_m3upi_egress_ordering.iv_snoopgo_up, 0x1ae
unc_m3upi_fast_asserted.horz, 0x2a5
unc_m3upi_fast_asserted.vert, 0x1a5
unc_m3upi_horz_ring_ad_in_use.left_even, 0x1a7
unc_m3upi_horz_ring_ad_in_use.left_odd, 0x2a7
unc_m3upi_horz_ring_ad_in_use.right_even, 0x4a7
unc_m3upi_horz_ring_ad_in_use.right_odd, 0x8a7
unc_m3upi_horz_ring_ak_in_use.left_even, 0x1a9
unc_m3upi_horz_ring_ak_in_use.left_odd, 0x2a9
unc_m3upi_horz_ring_ak_in_use.right_even, 0x4a9
unc_m3upi_horz_ring_ak_in_use.right_odd, 0x8a9
unc_m3upi_horz_ring_bl_in_use.left_even, 0x1ab
unc_m3upi_horz_ring_bl_in_use.left_odd, 0x2ab
unc_m3upi_horz_ring_bl_in_use.right_even, 0x4ab
unc_m3upi_horz_ring_bl_in_use.right_odd, 0x8ab
unc_m3upi_horz_ring_iv_in_use.left, 0x1ad
unc_m3upi_horz_ring_iv_in_use.right, 0x4ad
unc_m3upi_m2_bl_credits_empty.iio0_iio1_ncb, 0x123
unc_m3upi_m2_bl_credits_empty.iio2_ncb, 0x223
unc_m3upi_m2_bl_credits_empty.iio3_ncb, 0x423
unc_m3upi_m2_bl_credits_empty.iio4_ncb, 0x823
unc_m3upi_m2_bl_credits_empty.iio5_ncb, 0x1023
unc_m3upi_m2_bl_credits_empty.ncs, 0x2023
unc_m3upi_m2_bl_credits_empty.ncs_sel, 0x4023
unc_m3upi_multi_slot_rcvd.ad_slot0, 0x13e
unc_m3upi_multi_slot_rcvd.ad_slot1, 0x23e
unc_m3upi_multi_slot_rcvd.ad_slot2, 0x43e
unc_m3upi_multi_slot_rcvd.ak_slot0, 0x103e
unc_m3upi_multi_slot_rcvd.ak_slot2, 0x203e
unc_m3upi_multi_slot_rcvd.bl_slot0, 0x83e
unc_m3upi_ring_bounces_horz.ad, 0x1a1
unc_m3upi_ring_bounces_horz.ak, 0x2a1
unc_m3upi_ring_bounces_horz.bl, 0x4a1
unc_m3upi_ring_bounces_horz.iv, 0x8a1
unc_m3upi_ring_bounces_vert.ad, 0x1a0
unc_m3upi_ring_bounces_vert.ak, 0x2a0
unc_m3upi_ring_bounces_vert.bl, 0x4a0
unc_m3upi_ring_bounces_vert.iv, 0x8a0
unc_m3upi_ring_sink_starved_horz.ad, 0x1a3
unc_m3upi_ring_sink_starved_horz.ak, 0x2a3
unc_m3upi_ring_sink_starved_horz.ak_ag1, 0x20a3
unc_m3upi_ring_sink_starved_horz.bl, 0x4a3
unc_m3upi_ring_sink_starved_horz.iv, 0x8a3
unc_m3upi_ring_sink_starved_vert.ad, 0x1a2
unc_m3upi_ring_sink_starved_vert.ak, 0x2a2
unc_m3upi_ring_sink_starved_vert.bl, 0x4a2
unc_m3upi_ring_sink_starved_vert.iv, 0x8a2
unc_m3upi_ring_src_thrtl, 0xa4
unc_m3upi_rxc_arb_lost_vn0.ad_req, 0x14b
unc_m3upi_rxc_arb_lost_vn0.ad_rsp, 0x44b
unc_m3upi_rxc_arb_lost_vn0.ad_snp, 0x24b
unc_m3upi_rxc_arb_lost_vn0.bl_ncb, 0x204b
unc_m3upi_rxc_arb_lost_vn0.bl_ncs, 0x404b
unc_m3upi_rxc_arb_lost_vn0.bl_rsp, 0x84b
unc_m3upi_rxc_arb_lost_vn0.bl_wb, 0x104b
unc_m3upi_rxc_arb_lost_vn1.ad_req, 0x14c
unc_m3upi_rxc_arb_lost_vn1.ad_rsp, 0x44c
unc_m3upi_rxc_arb_lost_vn1.ad_snp, 0x24c
unc_m3upi_rxc_arb_lost_vn1.bl_ncb, 0x204c
unc_m3upi_rxc_arb_lost_vn1.bl_ncs, 0x404c
unc_m3upi_rxc_arb_lost_vn1.bl_rsp, 0x84c
unc_m3upi_rxc_arb_lost_vn1.bl_wb, 0x104c
unc_m3upi_rxc_arb_misc.adbl_parallel_win, 0x404d
unc_m3upi_rxc_arb_misc.no_prog_ad_vn0, 0x44d
unc_m3upi_rxc_arb_misc.no_prog_ad_vn1, 0x84d
unc_m3upi_rxc_arb_misc.no_prog_bl_vn0, 0x104d
unc_m3upi_rxc_arb_misc.no_prog_bl_vn1, 0x204d
unc_m3upi_rxc_arb_misc.par_bias_vn0, 0x14d
unc_m3upi_rxc_arb_misc.par_bias_vn1, 0x24d
unc_m3upi_rxc_arb_noad_req_vn0.ad_req, 0x149
unc_m3upi_rxc_arb_noad_req_vn0.ad_rsp, 0x449
unc_m3upi_rxc_arb_noad_req_vn0.ad_snp, 0x249
unc_m3upi_rxc_arb_noad_req_vn0.bl_ncb, 0x2049
unc_m3upi_rxc_arb_noad_req_vn0.bl_ncs, 0x4049
unc_m3upi_rxc_arb_noad_req_vn0.bl_rsp, 0x849
unc_m3upi_rxc_arb_noad_req_vn0.bl_wb, 0x1049
unc_m3upi_rxc_arb_noad_req_vn1.ad_req, 0x14a
unc_m3upi_rxc_arb_noad_req_vn1.ad_rsp, 0x44a
unc_m3upi_rxc_arb_noad_req_vn1.ad_snp, 0x24a
unc_m3upi_rxc_arb_noad_req_vn1.bl_ncb, 0x204a
unc_m3upi_rxc_arb_noad_req_vn1.bl_ncs, 0x404a
unc_m3upi_rxc_arb_noad_req_vn1.bl_rsp, 0x84a
unc_m3upi_rxc_arb_noad_req_vn1.bl_wb, 0x104a
unc_m3upi_rxc_arb_nocred_vn0.ad_req, 0x147
unc_m3upi_rxc_arb_nocred_vn0.ad_rsp, 0x447
unc_m3upi_rxc_arb_nocred_vn0.ad_snp, 0x247
unc_m3upi_rxc_arb_nocred_vn0.bl_ncb, 0x2047
unc_m3upi_rxc_arb_nocred_vn0.bl_ncs, 0x4047
unc_m3upi_rxc_arb_nocred_vn0.bl_rsp, 0x847
unc_m3upi_rxc_arb_nocred_vn0.bl_wb, 0x1047
unc_m3upi_rxc_arb_nocred_vn1.ad_req, 0x148
unc_m3upi_rxc_arb_nocred_vn1.ad_rsp, 0x448
unc_m3upi_rxc_arb_nocred_vn1.ad_snp, 0x248
unc_m3upi_rxc_arb_nocred_vn1.bl_ncb, 0x2048
unc_m3upi_rxc_arb_nocred_vn1.bl_ncs, 0x4048
unc_m3upi_rxc_arb_nocred_vn1.bl_rsp, 0x848
unc_m3upi_rxc_arb_nocred_vn1.bl_wb, 0x1048
unc_m3upi_rxc_bypassed.ad_s0_bl_arb, 0x240
unc_m3upi_rxc_bypassed.ad_s0_idle, 0x140
unc_m3upi_rxc_bypassed.ad_s1_bl_slot, 0x440
unc_m3upi_rxc_bypassed.ad_s2_bl_slot, 0x840
unc_m3upi_rxc_collision_vn0.ad_req, 0x150
unc_m3upi_rxc_collision_vn0.ad_rsp, 0x450
unc_m3upi_rxc_collision_vn0.ad_snp, 0x250
unc_m3upi_rxc_collision_vn0.bl_ncb, 0x2050
unc_m3upi_rxc_collision_vn0.bl_ncs, 0x4050
unc_m3upi_rxc_collision_vn0.bl_rsp, 0x850
unc_m3upi_rxc_collision_vn0.bl_wb, 0x1050
unc_m3upi_rxc_collision_vn1.ad_req, 0x151
unc_m3upi_rxc_collision_vn1.ad_rsp, 0x451
unc_m3upi_rxc_collision_vn1.ad_snp, 0x251
unc_m3upi_rxc_collision_vn1.bl_ncb, 0x2051
unc_m3upi_rxc_collision_vn1.bl_ncs, 0x4051
unc_m3upi_rxc_collision_vn1.bl_rsp, 0x851
unc_m3upi_rxc_collision_vn1.bl_wb, 0x1051
unc_m3upi_rxc_crd_misc.any_bgf_fifo, 0x160
unc_m3upi_rxc_crd_misc.any_bgf_path, 0x260
unc_m3upi_rxc_crd_misc.no_d2k_for_arb, 0x460
unc_m3upi_rxc_crd_occ.d2k_crd, 0x1061
unc_m3upi_rxc_crd_occ.flits_in_fifo, 0x261
unc_m3upi_rxc_crd_occ.flits_in_path, 0x461
unc_m3upi_rxc_crd_occ.p1p_fifo, 0x4061
unc_m3upi_rxc_crd_occ.p1p_total, 0x2061
unc_m3upi_rxc_crd_occ.txq_crd, 0x861
unc_m3upi_rxc_crd_occ.vna_in_use, 0x161
unc_m3upi_rxc_cycles_ne_vn0.ad_req, 0x143
unc_m3upi_rxc_cycles_ne_vn0.ad_rsp, 0x443
unc_m3upi_rxc_cycles_ne_vn0.ad_snp, 0x243
unc_m3upi_rxc_cycles_ne_vn0.bl_ncb, 0x2043
unc_m3upi_rxc_cycles_ne_vn0.bl_ncs, 0x4043
unc_m3upi_rxc_cycles_ne_vn0.bl_rsp, 0x843
unc_m3upi_rxc_cycles_ne_vn0.bl_wb, 0x1043
unc_m3upi_rxc_cycles_ne_vn1.ad_req, 0x144
unc_m3upi_rxc_cycles_ne_vn1.ad_rsp, 0x444
unc_m3upi_rxc_cycles_ne_vn1.ad_snp, 0x244
unc_m3upi_rxc_cycles_ne_vn1.bl_ncb, 0x2044
unc_m3upi_rxc_cycles_ne_vn1.bl_ncs, 0x4044
unc_m3upi_rxc_cycles_ne_vn1.bl_rsp, 0x844
unc_m3upi_rxc_cycles_ne_vn1.bl_wb, 0x1044
unc_m3upi_rxc_flits_data_not_sent.all, 0x157
unc_m3upi_rxc_flits_data_not_sent.no_bgf, 0x257
unc_m3upi_rxc_flits_data_not_sent.no_txq, 0x457
unc_m3upi_rxc_flits_gen_bl.p0_wait, 0x159
unc_m3upi_rxc_flits_gen_bl.p1p_at_limit, 0x1059
unc_m3upi_rxc_flits_gen_bl.p1p_busy, 0x859
unc_m3upi_rxc_flits_gen_bl.p1p_fifo_full, 0x4059
unc_m3upi_rxc_flits_gen_bl.p1p_hold_p0, 0x2059
unc_m3upi_rxc_flits_gen_bl.p1p_to_limbo, 0x459
unc_m3upi_rxc_flits_gen_bl.p1_wait, 0x259
unc_m3upi_rxc_flits_misc, 0x5a
unc_m3upi_rxc_flits_sent.1_msg, 0x156
unc_m3upi_rxc_flits_sent.1_msg_vnx, 0x856
unc_m3upi_rxc_flits_sent.2_msgs, 0x256
unc_m3upi_rxc_flits_sent.3_msgs, 0x456
unc_m3upi_rxc_flits_sent.slots_1, 0x1056
unc_m3upi_rxc_flits_sent.slots_2, 0x2056
unc_m3upi_rxc_flits_sent.slots_3, 0x4056
unc_m3upi_rxc_flits_slot_bl.all, 0x158
unc_m3upi_rxc_flits_slot_bl.need_data, 0x258
unc_m3upi_rxc_flits_slot_bl.p0_wait, 0x458
unc_m3upi_rxc_flits_slot_bl.p1_not_req, 0x1058
unc_m3upi_rxc_flits_slot_bl.p1_not_req_but_bubble, 0x2058
unc_m3upi_rxc_flits_slot_bl.p1_not_req_not_avail, 0x4058
unc_m3upi_rxc_flits_slot_bl.p1_wait, 0x858
unc_m3upi_rxc_flit_gen_hdr1.accum, 0x153
unc_m3upi_rxc_flit_gen_hdr1.accum_read, 0x253
unc_m3upi_rxc_flit_gen_hdr1.accum_wasted, 0x453
unc_m3upi_rxc_flit_gen_hdr1.ahead_blocked, 0x853
unc_m3upi_rxc_flit_gen_hdr1.ahead_msg, 0x1053
unc_m3upi_rxc_flit_gen_hdr1.par, 0x2053
unc_m3upi_rxc_flit_gen_hdr1.par_flit, 0x8053
unc_m3upi_rxc_flit_gen_hdr1.par_msg, 0x4053
unc_m3upi_rxc_flit_gen_hdr2.rmstall, 0x154
unc_m3upi_rxc_flit_gen_hdr2.rmstall_nomsg, 0x254
unc_m3upi_rxc_flit_not_sent.all, 0x155
unc_m3upi_rxc_flit_not_sent.no_bgf_crd, 0x255
unc_m3upi_rxc_flit_not_sent.no_bgf_no_msg, 0x855
unc_m3upi_rxc_flit_not_sent.no_txq_crd, 0x455
unc_m3upi_rxc_flit_not_sent.no_txq_no_msg, 0x1055
unc_m3upi_rxc_flit_not_sent.one_taken, 0x2055
unc_m3upi_rxc_flit_not_sent.three_taken, 0x8055
unc_m3upi_rxc_flit_not_sent.two_taken, 0x4055
unc_m3upi_rxc_held.cant_slot_ad, 0x4052
unc_m3upi_rxc_held.cant_slot_bl, 0x8052
unc_m3upi_rxc_held.parallel_ad_lost, 0x1052
unc_m3upi_rxc_held.parallel_attempt, 0x452
unc_m3upi_rxc_held.parallel_bl_lost, 0x2052
unc_m3upi_rxc_held.parallel_success, 0x852
unc_m3upi_rxc_held.vn0, 0x152
unc_m3upi_rxc_held.vn1, 0x252
unc_m3upi_rxc_inserts_vn0.ad_req, 0x141
unc_m3upi_rxc_inserts_vn0.ad_rsp, 0x441
unc_m3upi_rxc_inserts_vn0.ad_snp, 0x241
unc_m3upi_rxc_inserts_vn0.bl_ncb, 0x2041
unc_m3upi_rxc_inserts_vn0.bl_ncs, 0x4041
unc_m3upi_rxc_inserts_vn0.bl_rsp, 0x841
unc_m3upi_rxc_inserts_vn0.bl_wb, 0x1041
unc_m3upi_rxc_inserts_vn1.ad_req, 0x142
unc_m3upi_rxc_inserts_vn1.ad_rsp, 0x442
unc_m3upi_rxc_inserts_vn1.ad_snp, 0x242
unc_m3upi_rxc_inserts_vn1.bl_ncb, 0x2042
unc_m3upi_rxc_inserts_vn1.bl_ncs, 0x4042
unc_m3upi_rxc_inserts_vn1.bl_rsp, 0x842
unc_m3upi_rxc_inserts_vn1.bl_wb, 0x1042
unc_m3upi_rxc_occupancy_vn0.ad_req, 0x145
unc_m3upi_rxc_occupancy_vn0.ad_rsp, 0x445
unc_m3upi_rxc_occupancy_vn0.ad_snp, 0x245
unc_m3upi_rxc_occupancy_vn0.bl_ncb, 0x2045
unc_m3upi_rxc_occupancy_vn0.bl_ncs, 0x4045
unc_m3upi_rxc_occupancy_vn0.bl_rsp, 0x845
unc_m3upi_rxc_occupancy_vn0.bl_wb, 0x1045
unc_m3upi_rxc_occupancy_vn1.ad_req, 0x146
unc_m3upi_rxc_occupancy_vn1.ad_rsp, 0x446
unc_m3upi_rxc_occupancy_vn1.ad_snp, 0x246
unc_m3upi_rxc_occupancy_vn1.bl_ncb, 0x2046
unc_m3upi_rxc_occupancy_vn1.bl_ncs, 0x4046
unc_m3upi_rxc_occupancy_vn1.bl_rsp, 0x846
unc_m3upi_rxc_occupancy_vn1.bl_wb, 0x1046
unc_m3upi_rxc_packing_miss_vn0.ad_req, 0x14e
unc_m3upi_rxc_packing_miss_vn0.ad_rsp, 0x44e
unc_m3upi_rxc_packing_miss_vn0.ad_snp, 0x24e
unc_m3upi_rxc_packing_miss_vn0.bl_ncb, 0x204e
unc_m3upi_rxc_packing_miss_vn0.bl_ncs, 0x404e
unc_m3upi_rxc_packing_miss_vn0.bl_rsp, 0x84e
unc_m3upi_rxc_packing_miss_vn0.bl_wb, 0x104e
unc_m3upi_rxc_packing_miss_vn1.ad_req, 0x14f
unc_m3upi_rxc_packing_miss_vn1.ad_rsp, 0x44f
unc_m3upi_rxc_packing_miss_vn1.ad_snp, 0x24f
unc_m3upi_rxc_packing_miss_vn1.bl_ncb, 0x204f
unc_m3upi_rxc_packing_miss_vn1.bl_ncs, 0x404f
unc_m3upi_rxc_packing_miss_vn1.bl_rsp, 0x84f
unc_m3upi_rxc_packing_miss_vn1.bl_wb, 0x104f
unc_m3upi_rxc_smi3_pftch.arb_lost, 0x262
unc_m3upi_rxc_smi3_pftch.arrived, 0x162
unc_m3upi_rxc_smi3_pftch.drop_old, 0x862
unc_m3upi_rxc_smi3_pftch.drop_wrap, 0x1062
unc_m3upi_rxc_smi3_pftch.slotted, 0x462
unc_m3upi_rxc_vna_crd.any_in_use, 0x205b
unc_m3upi_rxc_vna_crd.corrected, 0x25b
unc_m3upi_rxc_vna_crd.lt1, 0x45b
unc_m3upi_rxc_vna_crd.lt4, 0x85b
unc_m3upi_rxc_vna_crd.lt5, 0x105b
unc_m3upi_rxc_vna_crd.used, 0x15b
unc_m3upi_rxr_busy_starved.ad_bnc, 0x1b4
unc_m3upi_rxr_busy_starved.ad_crd, 0x10b4
unc_m3upi_rxr_busy_starved.bl_bnc, 0x4b4
unc_m3upi_rxr_busy_starved.bl_crd, 0x40b4
unc_m3upi_rxr_bypass.ad_bnc, 0x1b2
unc_m3upi_rxr_bypass.ad_crd, 0x10b2
unc_m3upi_rxr_bypass.ak_bnc, 0x2b2
unc_m3upi_rxr_bypass.bl_bnc, 0x4b2
unc_m3upi_rxr_bypass.bl_crd, 0x40b2
unc_m3upi_rxr_bypass.iv_bnc, 0x8b2
unc_m3upi_rxr_crd_starved.ad_bnc, 0x1b3
unc_m3upi_rxr_crd_starved.ad_crd, 0x10b3
unc_m3upi_rxr_crd_starved.ak_bnc, 0x2b3
unc_m3upi_rxr_crd_starved.bl_bnc, 0x4b3
unc_m3upi_rxr_crd_starved.bl_crd, 0x40b3
unc_m3upi_rxr_crd_starved.ifv, 0x80b3
unc_m3upi_rxr_crd_starved.iv_bnc, 0x8b3
unc_m3upi_rxr_inserts.ad_bnc, 0x1b1
unc_m3upi_rxr_inserts.ad_crd, 0x10b1
unc_m3upi_rxr_inserts.ak_bnc, 0x2b1
unc_m3upi_rxr_inserts.bl_bnc, 0x4b1
unc_m3upi_rxr_inserts.bl_crd, 0x40b1
unc_m3upi_rxr_inserts.iv_bnc, 0x8b1
unc_m3upi_rxr_occupancy.ad_bnc, 0x1b0
unc_m3upi_rxr_occupancy.ad_crd, 0x10b0
unc_m3upi_rxr_occupancy.ak_bnc, 0x2b0
unc_m3upi_rxr_occupancy.bl_bnc, 0x4b0
unc_m3upi_rxr_occupancy.bl_crd, 0x40b0
unc_m3upi_rxr_occupancy.iv_bnc, 0x8b0
unc_m3upi_stall_no_txr_horz_crd_ad_ag0.tgr0, 0x1d0
unc_m3upi_stall_no_txr_horz_crd_ad_ag0.tgr1, 0x2d0
unc_m3upi_stall_no_txr_horz_crd_ad_ag0.tgr2, 0x4d0
unc_m3upi_stall_no_txr_horz_crd_ad_ag0.tgr3, 0x8d0
unc_m3upi_stall_no_txr_horz_crd_ad_ag0.tgr4, 0x10d0
unc_m3upi_stall_no_txr_horz_crd_ad_ag0.tgr5, 0x20d0
unc_m3upi_stall_no_txr_horz_crd_ad_ag1.tgr0, 0x1d2
unc_m3upi_stall_no_txr_horz_crd_ad_ag1.tgr1, 0x2d2
unc_m3upi_stall_no_txr_horz_crd_ad_ag1.tgr2, 0x4d2
unc_m3upi_stall_no_txr_horz_crd_ad_ag1.tgr3, 0x8d2
unc_m3upi_stall_no_txr_horz_crd_ad_ag1.tgr4, 0x10d2
unc_m3upi_stall_no_txr_horz_crd_ad_ag1.tgr5, 0x20d2
unc_m3upi_stall_no_txr_horz_crd_bl_ag0.tgr0, 0x1d4
unc_m3upi_stall_no_txr_horz_crd_bl_ag0.tgr1, 0x2d4
unc_m3upi_stall_no_txr_horz_crd_bl_ag0.tgr2, 0x4d4
unc_m3upi_stall_no_txr_horz_crd_bl_ag0.tgr3, 0x8d4
unc_m3upi_stall_no_txr_horz_crd_bl_ag0.tgr4, 0x10d4
unc_m3upi_stall_no_txr_horz_crd_bl_ag0.tgr5, 0x20d4
unc_m3upi_stall_no_txr_horz_crd_bl_ag1.tgr0, 0x1d6
unc_m3upi_stall_no_txr_horz_crd_bl_ag1.tgr1, 0x2d6
unc_m3upi_stall_no_txr_horz_crd_bl_ag1.tgr2, 0x4d6
unc_m3upi_stall_no_txr_horz_crd_bl_ag1.tgr3, 0x8d6
unc_m3upi_stall_no_txr_horz_crd_bl_ag1.tgr4, 0x10d6
unc_m3upi_stall_no_txr_horz_crd_bl_ag1.tgr5, 0x20d6
unc_m3upi_txc_ad_arb_fail.vn0_req, 0x130
unc_m3upi_txc_ad_arb_fail.vn0_rsp, 0x430
unc_m3upi_txc_ad_arb_fail.vn0_snp, 0x230
unc_m3upi_txc_ad_arb_fail.vn0_wb, 0x830
unc_m3upi_txc_ad_arb_fail.vn1_req, 0x1030
unc_m3upi_txc_ad_arb_fail.vn1_rsp, 0x4030
unc_m3upi_txc_ad_arb_fail.vn1_snp, 0x2030
unc_m3upi_txc_ad_arb_fail.vn1_wb, 0x8030
unc_m3upi_txc_ad_flq_bypass.ad_slot0, 0x12c
unc_m3upi_txc_ad_flq_bypass.ad_slot1, 0x22c
unc_m3upi_txc_ad_flq_bypass.ad_slot2, 0x42c
unc_m3upi_txc_ad_flq_bypass.bl_early_rsp, 0x82c
unc_m3upi_txc_ad_flq_cycles_ne.vn0_req, 0x127
unc_m3upi_txc_ad_flq_cycles_ne.vn0_rsp, 0x427
unc_m3upi_txc_ad_flq_cycles_ne.vn0_snp, 0x227
unc_m3upi_txc_ad_flq_cycles_ne.vn0_wb, 0x827
unc_m3upi_txc_ad_flq_cycles_ne.vn1_req, 0x1027
unc_m3upi_txc_ad_flq_cycles_ne.vn1_rsp, 0x4027
unc_m3upi_txc_ad_flq_cycles_ne.vn1_snp, 0x2027
unc_m3upi_txc_ad_flq_cycles_ne.vn1_wb, 0x8027
unc_m3upi_txc_ad_flq_inserts.vn0_req, 0x12d
unc_m3upi_txc_ad_flq_inserts.vn0_rsp, 0x42d
unc_m3upi_txc_ad_flq_inserts.vn0_snp, 0x22d
unc_m3upi_txc_ad_flq_inserts.vn0_wb, 0x82d
unc_m3upi_txc_ad_flq_inserts.vn1_req, 0x102d
unc_m3upi_txc_ad_flq_inserts.vn1_rsp, 0x402d
unc_m3upi_txc_ad_flq_inserts.vn1_snp, 0x202d
unc_m3upi_txc_ad_flq_occupancy.vn0_req, 0x11c
unc_m3upi_txc_ad_flq_occupancy.vn0_rsp, 0x41c
unc_m3upi_txc_ad_flq_occupancy.vn0_snp, 0x21c
unc_m3upi_txc_ad_flq_occupancy.vn0_wb, 0x81c
unc_m3upi_txc_ad_flq_occupancy.vn1_req, 0x101c
unc_m3upi_txc_ad_flq_occupancy.vn1_rsp, 0x401c
unc_m3upi_txc_ad_flq_occupancy.vn1_snp, 0x201c
unc_m3upi_txc_ad_snpf_grp1_vn1.vn0_cha, 0x43c
unc_m3upi_txc_ad_snpf_grp1_vn1.vn0_non_idle, 0x403c
unc_m3upi_txc_ad_snpf_grp1_vn1.vn0_peer_upi0, 0x13c
unc_m3upi_txc_ad_snpf_grp1_vn1.vn0_peer_upi1, 0x23c
unc_m3upi_txc_ad_snpf_grp1_vn1.vn1_cha, 0x203c
unc_m3upi_txc_ad_snpf_grp1_vn1.vn1_non_idle, 0x803c
unc_m3upi_txc_ad_snpf_grp1_vn1.vn1_peer_upi0, 0x83c
unc_m3upi_txc_ad_snpf_grp1_vn1.vn1_peer_upi1, 0x103c
unc_m3upi_txc_ad_snpf_grp2_vn1.vn0_snpfp_nonsnp, 0x13d
unc_m3upi_txc_ad_snpf_grp2_vn1.vn0_snpfp_vn2snp, 0x43d
unc_m3upi_txc_ad_snpf_grp2_vn1.vn1_snpfp_nonsnp, 0x23d
unc_m3upi_txc_ad_snpf_grp2_vn1.vn1_snpfp_vn0snp, 0x83d
unc_m3upi_txc_ad_spec_arb_crd_avail.vn0_req, 0x134
unc_m3upi_txc_ad_spec_arb_crd_avail.vn0_snp, 0x234
unc_m3upi_txc_ad_spec_arb_crd_avail.vn0_wb, 0x834
unc_m3upi_txc_ad_spec_arb_crd_avail.vn1_req, 0x1034
unc_m3upi_txc_ad_spec_arb_crd_avail.vn1_snp, 0x2034
unc_m3upi_txc_ad_spec_arb_crd_avail.vn1_wb, 0x8034
unc_m3upi_txc_ad_spec_arb_new_msg.vn0_req, 0x133
unc_m3upi_txc_ad_spec_arb_new_msg.vn0_snp, 0x233
unc_m3upi_txc_ad_spec_arb_new_msg.vn0_wb, 0x833
unc_m3upi_txc_ad_spec_arb_new_msg.vn1_req, 0x1033
unc_m3upi_txc_ad_spec_arb_new_msg.vn1_snp, 0x2033
unc_m3upi_txc_ad_spec_arb_new_msg.vn1_wb, 0x8033
unc_m3upi_txc_ad_spec_arb_no_other_pend.vn0_req, 0x132
unc_m3upi_txc_ad_spec_arb_no_other_pend.vn0_rsp, 0x432
unc_m3upi_txc_ad_spec_arb_no_other_pend.vn0_snp, 0x232
unc_m3upi_txc_ad_spec_arb_no_other_pend.vn0_wb, 0x832
unc_m3upi_txc_ad_spec_arb_no_other_pend.vn1_req, 0x1032
unc_m3upi_txc_ad_spec_arb_no_other_pend.vn1_rsp, 0x4032
unc_m3upi_txc_ad_spec_arb_no_other_pend.vn1_snp, 0x2032
unc_m3upi_txc_ad_spec_arb_no_other_pend.vn1_wb, 0x8032
unc_m3upi_txc_ak_flq_inserts, 0x2f
unc_m3upi_txc_ak_flq_occupancy, 0x1e
unc_m3upi_txc_bl_arb_fail.vn0_ncb, 0x435
unc_m3upi_txc_bl_arb_fail.vn0_ncs, 0x835
unc_m3upi_txc_bl_arb_fail.vn0_rsp, 0x135
unc_m3upi_txc_bl_arb_fail.vn0_wb, 0x235
unc_m3upi_txc_bl_arb_fail.vn1_ncb, 0x4035
unc_m3upi_txc_bl_arb_fail.vn1_ncs, 0x8035
unc_m3upi_txc_bl_arb_fail.vn1_rsp, 0x1035
unc_m3upi_txc_bl_arb_fail.vn1_wb, 0x2035
unc_m3upi_txc_bl_flq_cycles_ne.vn0_req, 0x128
unc_m3upi_txc_bl_flq_cycles_ne.vn0_rsp, 0x428
unc_m3upi_txc_bl_flq_cycles_ne.vn0_snp, 0x228
unc_m3upi_txc_bl_flq_cycles_ne.vn0_wb, 0x828
unc_m3upi_txc_bl_flq_cycles_ne.vn1_req, 0x1028
unc_m3upi_txc_bl_flq_cycles_ne.vn1_rsp, 0x4028
unc_m3upi_txc_bl_flq_cycles_ne.vn1_snp, 0x2028
unc_m3upi_txc_bl_flq_cycles_ne.vn1_wb, 0x8028
unc_m3upi_txc_bl_flq_inserts.vn0_ncb, 0x12e
unc_m3upi_txc_bl_flq_inserts.vn0_ncs, 0x22e
unc_m3upi_txc_bl_flq_inserts.vn0_rsp, 0x82e
unc_m3upi_txc_bl_flq_inserts.vn0_wb, 0x42e
unc_m3upi_txc_bl_flq_inserts.vn1_ncb, 0x102e
unc_m3upi_txc_bl_flq_inserts.vn1_ncs, 0x202e
unc_m3upi_txc_bl_flq_inserts.vn1_rsp, 0x802e
unc_m3upi_txc_bl_flq_inserts.vn1_wb, 0x402e
unc_m3upi_txc_bl_flq_occupancy.vn0_ncb, 0x41d
unc_m3upi_txc_bl_flq_occupancy.vn0_ncs, 0x81d
unc_m3upi_txc_bl_flq_occupancy.vn0_rsp, 0x11d
unc_m3upi_txc_bl_flq_occupancy.vn0_wb, 0x21d
unc_m3upi_txc_bl_flq_occupancy.vn1_ncb, 0x401d
unc_m3upi_txc_bl_flq_occupancy.vn1_ncs, 0x801d
unc_m3upi_txc_bl_flq_occupancy.vn1_rsp, 0x101d
unc_m3upi_txc_bl_flq_occupancy.vn1_wb, 0x201d
unc_m3upi_txc_bl_spec_arb_new_msg.vn0_ncb, 0x238
unc_m3upi_txc_bl_spec_arb_new_msg.vn0_ncs, 0x838
unc_m3upi_txc_bl_spec_arb_new_msg.vn0_wb, 0x138
unc_m3upi_txc_bl_spec_arb_new_msg.vn1_ncb, 0x2038
unc_m3upi_txc_bl_spec_arb_new_msg.vn1_ncs, 0x8038
unc_m3upi_txc_bl_spec_arb_new_msg.vn1_wb, 0x1038
unc_m3upi_txc_bl_spec_arb_no_other_pend.vn0_ncb, 0x437
unc_m3upi_txc_bl_spec_arb_no_other_pend.vn0_ncs, 0x837
unc_m3upi_txc_bl_spec_arb_no_other_pend.vn0_rsp, 0x137
unc_m3upi_txc_bl_spec_arb_no_other_pend.vn0_wb, 0x237
unc_m3upi_txc_bl_spec_arb_no_other_pend.vn1_ncb, 0x4037
unc_m3upi_txc_bl_spec_arb_no_other_pend.vn1_ncs, 0x8037
unc_m3upi_txc_bl_spec_arb_no_other_pend.vn1_rsp, 0x1037
unc_m3upi_txc_bl_spec_arb_no_other_pend.vn1_wb, 0x2037
unc_m3upi_txr_horz_ads_used.ad_bnc, 0x19d
unc_m3upi_txr_horz_ads_used.ad_crd, 0x109d
unc_m3upi_txr_horz_ads_used.ak_bnc, 0x29d
unc_m3upi_txr_horz_ads_used.bl_bnc, 0x49d
unc_m3upi_txr_horz_ads_used.bl_crd, 0x409d
unc_m3upi_txr_horz_bypass.ad_bnc, 0x19f
unc_m3upi_txr_horz_bypass.ad_crd, 0x109f
unc_m3upi_txr_horz_bypass.ak_bnc, 0x29f
unc_m3upi_txr_horz_bypass.bl_bnc, 0x49f
unc_m3upi_txr_horz_bypass.bl_crd, 0x409f
unc_m3upi_txr_horz_bypass.iv_bnc, 0x89f
unc_m3upi_txr_horz_cycles_full.ad_bnc, 0x196
unc_m3upi_txr_horz_cycles_full.ad_crd, 0x1096
unc_m3upi_txr_horz_cycles_full.ak_bnc, 0x296
unc_m3upi_txr_horz_cycles_full.bl_bnc, 0x496
unc_m3upi_txr_horz_cycles_full.bl_crd, 0x4096
unc_m3upi_txr_horz_cycles_full.iv_bnc, 0x896
unc_m3upi_txr_horz_cycles_ne.ad_bnc, 0x197
unc_m3upi_txr_horz_cycles_ne.ad_crd, 0x1097
unc_m3upi_txr_horz_cycles_ne.ak_bnc, 0x297
unc_m3upi_txr_horz_cycles_ne.bl_bnc, 0x497
unc_m3upi_txr_horz_cycles_ne.bl_crd, 0x4097
unc_m3upi_txr_horz_cycles_ne.iv_bnc, 0x897
unc_m3upi_txr_horz_inserts.ad_bnc, 0x195
unc_m3upi_txr_horz_inserts.ad_crd, 0x1095
unc_m3upi_txr_horz_inserts.ak_bnc, 0x295
unc_m3upi_txr_horz_inserts.bl_bnc, 0x495
unc_m3upi_txr_horz_inserts.bl_crd, 0x4095
unc_m3upi_txr_horz_inserts.iv_bnc, 0x895
unc_m3upi_txr_horz_nack.ad_bnc, 0x199
unc_m3upi_txr_horz_nack.ad_crd, 0x2099
unc_m3upi_txr_horz_nack.ak_bnc, 0x299
unc_m3upi_txr_horz_nack.bl_bnc, 0x499
unc_m3upi_txr_horz_nack.bl_crd, 0x4099
unc_m3upi_txr_horz_nack.iv_bnc, 0x899
unc_m3upi_txr_horz_occupancy.ad_bnc, 0x194
unc_m3upi_txr_horz_occupancy.ad_crd, 0x1094
unc_m3upi_txr_horz_occupancy.ak_bnc, 0x294
unc_m3upi_txr_horz_occupancy.bl_bnc, 0x494
unc_m3upi_txr_horz_occupancy.bl_crd, 0x4094
unc_m3upi_txr_horz_occupancy.iv_bnc, 0x894
unc_m3upi_txr_horz_starved.ad_bnc, 0x19b
unc_m3upi_txr_horz_starved.ak_bnc, 0x29b
unc_m3upi_txr_horz_starved.bl_bnc, 0x49b
unc_m3upi_txr_horz_starved.iv_bnc, 0x89b
unc_m3upi_txr_vert_ads_used.ad_ag0, 0x19c
unc_m3upi_txr_vert_ads_used.ad_ag1, 0x109c
unc_m3upi_txr_vert_ads_used.ak_ag0, 0x29c
unc_m3upi_txr_vert_ads_used.ak_ag1, 0x209c
unc_m3upi_txr_vert_ads_used.bl_ag0, 0x49c
unc_m3upi_txr_vert_ads_used.bl_ag1, 0x409c
unc_m3upi_txr_vert_bypass.ad_ag0, 0x19e
unc_m3upi_txr_vert_bypass.ad_ag1, 0x109e
unc_m3upi_txr_vert_bypass.ak_ag0, 0x29e
unc_m3upi_txr_vert_bypass.ak_ag1, 0x209e
unc_m3upi_txr_vert_bypass.bl_ag0, 0x49e
unc_m3upi_txr_vert_bypass.bl_ag1, 0x409e
unc_m3upi_txr_vert_bypass.iv, 0x89e
unc_m3upi_txr_vert_cycles_full.ad_ag0, 0x192
unc_m3upi_txr_vert_cycles_full.ad_ag1, 0x1092
unc_m3upi_txr_vert_cycles_full.ak_ag0, 0x292
unc_m3upi_txr_vert_cycles_full.ak_ag1, 0x2092
unc_m3upi_txr_vert_cycles_full.bl_ag0, 0x492
unc_m3upi_txr_vert_cycles_full.bl_ag1, 0x4092
unc_m3upi_txr_vert_cycles_full.iv, 0x892
unc_m3upi_txr_vert_cycles_ne.ad_ag0, 0x193
unc_m3upi_txr_vert_cycles_ne.ad_ag1, 0x1093
unc_m3upi_txr_vert_cycles_ne.ak_ag0, 0x293
unc_m3upi_txr_vert_cycles_ne.ak_ag1, 0x2093
unc_m3upi_txr_vert_cycles_ne.bl_ag0, 0x493
unc_m3upi_txr_vert_cycles_ne.bl_ag1, 0x4093
unc_m3upi_txr_vert_cycles_ne.iv, 0x893
unc_m3upi_txr_vert_inserts.ad_ag0, 0x191
unc_m3upi_txr_vert_inserts.ad_ag1, 0x1091
unc_m3upi_txr_vert_inserts.ak_ag0, 0x291
unc_m3upi_txr_vert_inserts.ak_ag1, 0x2091
unc_m3upi_txr_vert_inserts.bl_ag0, 0x491
unc_m3upi_txr_vert_inserts.bl_ag1, 0x4091
unc_m3upi_txr_vert_inserts.iv, 0x891
unc_m3upi_txr_vert_nack.ad_ag0, 0x198
unc_m3upi_txr_vert_nack.ad_ag1, 0x1098
unc_m3upi_txr_vert_nack.ak_ag0, 0x298
unc_m3upi_txr_vert_nack.ak_ag1, 0x2098
unc_m3upi_txr_vert_nack.bl_ag0, 0x498
unc_m3upi_txr_vert_nack.bl_ag1, 0x4098
unc_m3upi_txr_vert_nack.iv, 0x898
unc_m3upi_txr_vert_occupancy.ad_ag0, 0x190
unc_m3upi_txr_vert_occupancy.ad_ag1, 0x1090
unc_m3upi_txr_vert_occupancy.ak_ag0, 0x290
unc_m3upi_txr_vert_occupancy.ak_ag1, 0x2090
unc_m3upi_txr_vert_occupancy.bl_ag0, 0x490
unc_m3upi_txr_vert_occupancy.bl_ag1, 0x4090
unc_m3upi_txr_vert_occupancy.iv, 0x890
unc_m3upi_txr_vert_starved.ad_ag0, 0x19a
unc_m3upi_txr_vert_starved.ad_ag1, 0x109a
unc_m3upi_txr_vert_starved.ak_ag0, 0x29a
unc_m3upi_txr_vert_starved.ak_ag1, 0x209a
unc_m3upi_txr_vert_starved.bl_ag0, 0x49a
unc_m3upi_txr_vert_starved.bl_ag1, 0x409a
unc_m3upi_txr_vert_starved.iv, 0x89a
unc_m3upi_upi_peer_ad_credits_empty.vn0_req, 0x220
unc_m3upi_upi_peer_ad_credits_empty.vn0_rsp, 0x820
unc_m3upi_upi_peer_ad_credits_empty.vn0_snp, 0x420
unc_m3upi_upi_peer_ad_credits_empty.vn1_req, 0x1020
unc_m3upi_upi_peer_ad_credits_empty.vn1_rsp, 0x4020
unc_m3upi_upi_peer_ad_credits_empty.vn1_snp, 0x2020
unc_m3upi_upi_peer_ad_credits_empty.vna, 0x120
unc_m3upi_upi_peer_bl_credits_empty.vn0_ncs_ncb, 0x421
unc_m3upi_upi_peer_bl_credits_empty.vn0_rsp, 0x221
unc_m3upi_upi_peer_bl_credits_empty.vn0_wb, 0x821
unc_m3upi_upi_peer_bl_credits_empty.vn1_ncs_ncb, 0x2021
unc_m3upi_upi_peer_bl_credits_empty.vn1_rsp, 0x1021
unc_m3upi_upi_peer_bl_credits_empty.vn1_wb, 0x4021
unc_m3upi_upi_peer_bl_credits_empty.vna, 0x121
unc_m3upi_upi_prefetch_spawn, 0x29
unc_m3upi_vert_ring_ad_in_use.dn_even, 0x4a6
unc_m3upi_vert_ring_ad_in_use.dn_odd, 0x8a6
unc_m3upi_vert_ring_ad_in_use.up_even, 0x1a6
unc_m3upi_vert_ring_ad_in_use.up_odd, 0x2a6
unc_m3upi_vert_ring_ak_in_use.dn_even, 0x4a8
unc_m3upi_vert_ring_ak_in_use.dn_odd, 0x8a8
unc_m3upi_vert_ring_ak_in_use.up_even, 0x1a8
unc_m3upi_vert_ring_ak_in_use.up_odd, 0x2a8
unc_m3upi_vert_ring_bl_in_use.dn_even, 0x4aa
unc_m3upi_vert_ring_bl_in_use.dn_odd, 0x8aa
unc_m3upi_vert_ring_bl_in_use.up_even, 0x1aa
unc_m3upi_vert_ring_bl_in_use.up_odd, 0x2aa
unc_m3upi_vert_ring_iv_in_use.dn, 0x4ac
unc_m3upi_vert_ring_iv_in_use.up, 0x1ac
unc_m3upi_vn0_credits_used.ncb, 0x105c
unc_m3upi_vn0_credits_used.ncs, 0x205c
unc_m3upi_vn0_credits_used.req, 0x15c
unc_m3upi_vn0_credits_used.rsp, 0x45c
unc_m3upi_vn0_credits_used.snp, 0x25c
unc_m3upi_vn0_credits_used.wb, 0x85c
unc_m3upi_vn0_no_credits.ncb, 0x105e
unc_m3upi_vn0_no_credits.ncs, 0x205e
unc_m3upi_vn0_no_credits.req, 0x15e
unc_m3upi_vn0_no_credits.rsp, 0x45e
unc_m3upi_vn0_no_credits.snp, 0x25e
unc_m3upi_vn0_no_credits.wb, 0x85e
unc_m3upi_vn1_credits_used.ncb, 0x105d
unc_m3upi_vn1_credits_used.ncs, 0x205d
unc_m3upi_vn1_credits_used.req, 0x15d
unc_m3upi_vn1_credits_used.rsp, 0x45d
unc_m3upi_vn1_credits_used.snp, 0x25d
unc_m3upi_vn1_credits_used.wb, 0x85d
unc_m3upi_vn1_no_credits.ncb, 0x105f
unc_m3upi_vn1_no_credits.ncs, 0x205f
unc_m3upi_vn1_no_credits.req, 0x15f
unc_m3upi_vn1_no_credits.rsp, 0x45f
unc_m3upi_vn1_no_credits.snp, 0x25f
unc_m3upi_vn1_no_credits.wb, 0x85f
unc_nounit_txc_bl.drs_upi, 0x440
unc_upi_clockticks, 0x1
unc_upi_direct_attempts.d2c, 0x112
unc_upi_direct_attempts.d2k, 0x212
unc_upi_direct_attempts.d2u, 0x212
unc_upi_flowq_no_vna_crd.ad_vna_eq0, 0x118
unc_upi_flowq_no_vna_crd.ad_vna_eq1, 0x218
unc_upi_flowq_no_vna_crd.ad_vna_eq2, 0x418
unc_upi_flowq_no_vna_crd.ak_vna_eq0, 0x1018
unc_upi_flowq_no_vna_crd.ak_vna_eq1, 0x2018
unc_upi_flowq_no_vna_crd.ak_vna_eq2, 0x4018
unc_upi_flowq_no_vna_crd.ak_vna_eq3, 0x8018
unc_upi_flowq_no_vna_crd.bl_vna_eq0, 0x818
unc_upi_l1_power_cycles, 0x21
unc_upi_m3_byp_blocked.bgf_crd, 0x814
unc_upi_m3_byp_blocked.flowq_ad_vna_le2, 0x114
unc_upi_m3_byp_blocked.flowq_ak_vna_le3, 0x414
unc_upi_m3_byp_blocked.flowq_bl_vna_eq0, 0x214
unc_upi_m3_byp_blocked.gv_block, 0x1014
unc_upi_m3_crd_return_blocked, 0x16
unc_upi_m3_rxq_blocked.bgf_crd, 0x2015
unc_upi_m3_rxq_blocked.flowq_ad_vna_btw_2_thresh, 0x215
unc_upi_m3_rxq_blocked.flowq_ad_vna_le2, 0x115
unc_upi_m3_rxq_blocked.flowq_ak_vna_le3, 0x1015
unc_upi_m3_rxq_blocked.flowq_bl_vna_btw_0_thresh, 0x815
unc_upi_m3_rxq_blocked.flowq_bl_vna_eq0, 0x415
unc_upi_m3_rxq_blocked.gv_block, 0x4015
unc_upi_phy_init_cycles, 0x20
unc_upi_power_l1_nack, 0x23
unc_upi_power_l1_req, 0x22
unc_upi_req_slot2_from_m3.ack, 0x846
unc_upi_req_slot2_from_m3.vn0, 0x246
unc_upi_req_slot2_from_m3.vn1, 0x446
unc_upi_req_slot2_from_m3.vna, 0x146
unc_upi_rxl0p_power_cycles, 0x25
unc_upi_rxl0_power_cycles, 0x24
unc_upi_rxl_basic_hdr_match.ncb, 0xe05
unc_upi_rxl_basic_hdr_match.ncb_opc, 0x10e05
unc_upi_rxl_basic_hdr_match.ncs, 0xf05
unc_upi_rxl_basic_hdr_match.ncs_opc, 0x10f05
unc_upi_rxl_basic_hdr_match.req, 0x805
unc_upi_rxl_basic_hdr_match.req_opc, 0x10805
unc_upi_rxl_basic_hdr_match.rspcnflt, 0x1aa05
unc_upi_rxl_basic_hdr_match.rspi, 0x12a05
unc_upi_rxl_basic_hdr_match.rsp_data, 0xc05
unc_upi_rxl_basic_hdr_match.rsp_data_opc, 0x10c05
unc_upi_rxl_basic_hdr_match.rsp_nodata, 0xa05
unc_upi_rxl_basic_hdr_match.rsp_nodata_opc, 0x10a05
unc_upi_rxl_basic_hdr_match.snp, 0x905
unc_upi_rxl_basic_hdr_match.snp_opc, 0x10905
unc_upi_rxl_basic_hdr_match.wb, 0xd05
unc_upi_rxl_basic_hdr_match.wb_opc, 0x10d05
unc_upi_rxl_bypassed.slot0, 0x131
unc_upi_rxl_bypassed.slot1, 0x231
unc_upi_rxl_bypassed.slot2, 0x431
unc_upi_rxl_credits_consumed_vn0, 0x39
unc_upi_rxl_credits_consumed_vn1, 0x3a
unc_upi_rxl_credits_consumed_vna, 0x38
unc_upi_rxl_flits.all_data, 0xf03
unc_upi_rxl_flits.all_null, 0x2703
unc_upi_rxl_flits.data, 0x803
unc_upi_rxl_flits.idle, 0x4703
unc_upi_rxl_flits.llcrd, 0x1003
unc_upi_rxl_flits.llctrl, 0x4003
unc_upi_rxl_flits.non_data, 0x9703
unc_upi_rxl_flits.null, 0x2003
unc_upi_rxl_flits.prothdr, 0x8003
unc_upi_rxl_flits.prot_hdr, 0x8003
unc_upi_rxl_flits.slot0, 0x103
unc_upi_rxl_flits.slot1, 0x203
unc_upi_rxl_flits.slot2, 0x403
unc_upi_rxl_hdr_match.ncb, 0xc05
unc_upi_rxl_hdr_match.ncs, 0xd05
unc_upi_rxl_hdr_match.req, 0x805
unc_upi_rxl_hdr_match.rsp, 0xa05
unc_upi_rxl_hdr_match.snp, 0x905
unc_upi_rxl_hdr_match.wb, 0xb05
unc_upi_rxl_inserts.slot0, 0x130
unc_upi_rxl_inserts.slot1, 0x230
unc_upi_rxl_inserts.slot2, 0x430
unc_upi_rxl_occupancy.slot0, 0x132
unc_upi_rxl_occupancy.slot1, 0x232
unc_upi_rxl_occupancy.slot2, 0x432
unc_upi_rxl_slot_bypass.s0_rxq1, 0x133
unc_upi_rxl_slot_bypass.s0_rxq2, 0x233
unc_upi_rxl_slot_bypass.s1_rxq0, 0x433
unc_upi_rxl_slot_bypass.s1_rxq2, 0x833
unc_upi_rxl_slot_bypass.s2_rxq0, 0x1033
unc_upi_rxl_slot_bypass.s2_rxq1, 0x2033
unc_upi_txl0p_clk_active.cfg_ctl, 0x12a
unc_upi_txl0p_clk_active.dfx, 0x402a
unc_upi_txl0p_clk_active.retry, 0x202a
unc_upi_txl0p_clk_active.rxq, 0x22a
unc_upi_txl0p_clk_active.rxq_bypass, 0x42a
unc_upi_txl0p_clk_active.rxq_cred, 0x82a
unc_upi_txl0p_clk_active.spare, 0x802a
unc_upi_txl0p_clk_active.txq, 0x102a
unc_upi_txl0p_power_cycles, 0x27
unc_upi_txl0p_power_cycles_ll_enter, 0x28
unc_upi_txl0p_power_cycles_m3_exit, 0x29
unc_upi_txl0_power_cycles, 0x26
unc_upi_txl_basic_hdr_match.ncb, 0xe04
unc_upi_txl_basic_hdr_match.ncb_opc, 0x10e04
unc_upi_txl_basic_hdr_match.ncs, 0xf04
unc_upi_txl_basic_hdr_match.ncs_opc, 0x10f04
unc_upi_txl_basic_hdr_match.req, 0x804
unc_upi_txl_basic_hdr_match.req_opc, 0x10804
unc_upi_txl_basic_hdr_match.rspcnflt, 0x1aa04
unc_upi_txl_basic_hdr_match.rspi, 0x12a04
unc_upi_txl_basic_hdr_match.rsp_data, 0xc04
unc_upi_txl_basic_hdr_match.rsp_data_opc, 0x10c04
unc_upi_txl_basic_hdr_match.rsp_nodata, 0xa04
unc_upi_txl_basic_hdr_match.rsp_nodata_opc, 0x10a04
unc_upi_txl_basic_hdr_match.snp, 0x904
unc_upi_txl_basic_hdr_match.snp_opc, 0x10904
unc_upi_txl_basic_hdr_match.wb, 0xd04
unc_upi_txl_basic_hdr_match.wb_opc, 0x10d04
unc_upi_txl_bypassed, 0x41
unc_upi_txl_flits.all_data, 0xf02
unc_upi_txl_flits.all_null, 0x2702
unc_upi_txl_flits.data, 0x802
unc_upi_txl_flits.idle, 0x4702
unc_upi_txl_flits.llcrd, 0x1002
unc_upi_txl_flits.llctrl, 0x4002
unc_upi_txl_flits.non_data, 0x9702
unc_upi_txl_flits.null, 0x2002
unc_upi_txl_flits.prothdr, 0x8002
unc_upi_txl_flits.prot_hdr, 0x8002
unc_upi_txl_flits.slot0, 0x102
unc_upi_txl_flits.slot1, 0x202
unc_upi_txl_flits.slot2, 0x402
unc_upi_txl_hdr_match.data_hdr, 0x4
unc_upi_txl_hdr_match.dual_slot_hdr, 0x4
unc_upi_txl_hdr_match.loc, 0x4
unc_upi_txl_hdr_match.ncb, 0xe04
unc_upi_txl_hdr_match.ncs, 0xf04
unc_upi_txl_hdr_match.non_data_hdr, 0x4
unc_upi_txl_hdr_match.rem, 0x4
unc_upi_txl_hdr_match.req, 0x804
unc_upi_txl_hdr_match.rsp_data, 0xc04
unc_upi_txl_hdr_match.rsp_nodata, 0xa04
unc_upi_txl_hdr_match.sgl_slot_hdr, 0x4
unc_upi_txl_hdr_match.snp, 0x904
unc_upi_txl_hdr_match.wb, 0xc04
unc_upi_txl_inserts, 0x40
unc_upi_txl_occupancy, 0x42
unc_upi_vna_credit_return_blocked_vn01, 0x45
unc_upi_vna_credit_return_occupancy, 0x44
unc_u_clockticks, 0xff
unc_u_event_msg.doorbell_rcvd, 0x842
unc_u_event_msg.int_prio, 0x1042
unc_u_event_msg.ipi_rcvd, 0x442
unc_u_event_msg.msi_rcvd, 0x242
unc_u_event_msg.vlw_rcvd, 0x142
unc_u_lock_cycles, 0x44
unc_u_phold_cycles.assert_to_ack, 0x145
unc_u_racu_drng.pftch_buf_empty, 0x44c
unc_u_racu_drng.rdrand, 0x14c
unc_u_racu_drng.rdseed, 0x24c
unc_u_racu_requests, 0x46
arith.divider_active, 0x114
br_inst_retired.all_branches, 0xc4
br_inst_retired.all_branches_pebs, 0x4c4
br_inst_retired.cond, 0x1c4
br_inst_retired.conditional, 0x1c4
br_inst_retired.cond_ntaken, 0x10c4
br_inst_retired.far_branch, 0x40c4
br_inst_retired.near_call, 0x2c4
br_inst_retired.near_return, 0x8c4
br_inst_retired.near_taken, 0x20c4
br_inst_retired.not_taken, 0x10c4
br_misp_exec.all_branches, 0xff89
br_misp_exec.indirect, 0xe489
br_misp_retired.all_branches, 0xc5
br_misp_retired.all_branches_pebs, 0x4c5
br_misp_retired.conditional, 0x1c5
br_misp_retired.near_call, 0x2c5
br_misp_retired.near_taken, 0x20c5
br_misp_retired.ret, 0x8c5
cpu_clk_thread_unhalted.one_thread_active, 0x23c
cpu_clk_thread_unhalted.ref_xclk, 0x13c
cpu_clk_thread_unhalted.ref_xclk_any, 0x13c
cpu_clk_unhalted.one_thread_active, 0x23c
cpu_clk_unhalted.ref_xclk, 0x13c
cpu_clk_unhalted.ref_xclk_any, 0x13c
cpu_clk_unhalted.ring0_trans, 0x3c
cpu_clk_unhalted.thread_p, 0x3c
cpu_clk_unhalted.thread_p_any, 0x3c
cycle_activity.cycles_l1d_miss, 0x8a3
cycle_activity.cycles_l2_miss, 0x1a3
cycle_activity.cycles_mem_any, 0x10a3
cycle_activity.stalls_l1d_miss, 0xca3
cycle_activity.stalls_l2_miss, 0x5a3
cycle_activity.stalls_mem_any, 0x14a3
cycle_activity.stalls_total, 0x4a3
exe_activity.1_ports_util, 0x2a6
exe_activity.2_ports_util, 0x4a6
exe_activity.3_ports_util, 0x8a6
exe_activity.4_ports_util, 0x10a6
exe_activity.bound_on_stores, 0x40a6
exe_activity.exe_bound_0_ports, 0x1a6
ild_stall.lcp, 0x187
inst_decoded.decoders, 0x155
inst_retired.any_p, 0xc0
inst_retired.nop, 0x2c0
inst_retired.prec_dist, 0x1c0
inst_retired.total_cycles_ps, 0x1c0
int_misc.clears_count, 0x10d
int_misc.clear_resteer_cycles, 0x800d
int_misc.recovery_cycles, 0x10d
int_misc.recovery_cycles_any, 0x10d
ld_blocks.no_sr, 0x803
ld_blocks.store_forward, 0x203
ld_blocks_partial.address_alias, 0x107
load_hit_pre.sw_pf, 0x14c
lsd.cycles_4_uops, 0x1a8
lsd.cycles_active, 0x1a8
lsd.cycles_ok, 0x1a8
lsd.uops, 0x1a8
machine_clears.count, 0x1c3
machine_clears.smc, 0x4c3
other_assists.any, 0x3fc1
partial_rat_stalls.scoreboard, 0x159
resource_stalls.any, 0x1a2
resource_stalls.sb, 0x8a2
rob_misc_events.lbr_inserts, 0x20cc
rob_misc_events.pause_inst, 0x40cc
rs_events.empty_cycles, 0x15e
rs_events.empty_end, 0x15e
uops_dispatched_port.port_0, 0x1a1
uops_dispatched_port.port_1, 0x2a1
uops_dispatched_port.port_2, 0x4a1
uops_dispatched_port.port_3, 0x8a1
uops_dispatched_port.port_4, 0x10a1
uops_dispatched_port.port_5, 0x20a1
uops_dispatched_port.port_6, 0x40a1
uops_dispatched_port.port_7, 0x80a1
uops_executed.core, 0x2b1
uops_executed.core_cycles_ge_1, 0x2b1
uops_executed.core_cycles_ge_2, 0x2b1
uops_executed.core_cycles_ge_3, 0x2b1
uops_executed.core_cycles_ge_4, 0x2b1
uops_executed.core_cycles_none, 0x2b1
uops_executed.cycles_ge_1_uop_exec, 0x1b1
uops_executed.cycles_ge_2_uops_exec, 0x1b1
uops_executed.cycles_ge_3_uops_exec, 0x1b1
uops_executed.cycles_ge_4_uops_exec, 0x1b1
uops_executed.stall_cycles, 0x1b1
uops_executed.thread, 0x1b1
uops_executed.x87, 0x10b1
uops_issued.any, 0x10e
uops_issued.slow_lea, 0x200e
uops_issued.stall_cycles, 0x10e
uops_issued.vector_width_mismatch, 0x20e
uops_retired.macro_fused, 0x4c2
uops_retired.retire_slots, 0x2c2
uops_retired.stall_cycles, 0x2c2
uops_retired.total_cycles, 0x2c2
llc_misses.pcie_read, 0x483
llc_misses.pcie_write, 0x183
unc_iio_clockticks, 0x1
unc_iio_comp_buf_inserts.cmpd.all_parts, 0x3c2
unc_iio_comp_buf_inserts.cmpd.part0, 0x3c2
unc_iio_comp_buf_inserts.cmpd.part1, 0x3c2
unc_iio_comp_buf_inserts.cmpd.part2, 0x3c2
unc_iio_comp_buf_inserts.cmpd.part3, 0x3c2
unc_iio_comp_buf_inserts.port0, 0x4c2
unc_iio_comp_buf_inserts.port1, 0x4c2
unc_iio_comp_buf_inserts.port2, 0x4c2
unc_iio_comp_buf_inserts.port3, 0x4c2
unc_iio_comp_buf_occupancy.cmpd.all_parts, 0xfd5
unc_iio_comp_buf_occupancy.cmpd.part0, 0x1d5
unc_iio_comp_buf_occupancy.cmpd.part1, 0x2d5
unc_iio_comp_buf_occupancy.cmpd.part2, 0x4d5
unc_iio_comp_buf_occupancy.cmpd.part3, 0x8d5
unc_iio_data_req_by_cpu.cfg_read.part0, 0x40c0
unc_iio_data_req_by_cpu.cfg_read.part1, 0x40c0
unc_iio_data_req_by_cpu.cfg_read.part2, 0x40c0
unc_iio_data_req_by_cpu.cfg_read.part3, 0x40c0
unc_iio_data_req_by_cpu.cfg_read.vtd0, 0x40c0
unc_iio_data_req_by_cpu.cfg_read.vtd1, 0x40c0
unc_iio_data_req_by_cpu.cfg_write.part0, 0x10c0
unc_iio_data_req_by_cpu.cfg_write.part1, 0x10c0
unc_iio_data_req_by_cpu.cfg_write.part2, 0x10c0
unc_iio_data_req_by_cpu.cfg_write.part3, 0x10c0
unc_iio_data_req_by_cpu.cfg_write.vtd0, 0x10c0
unc_iio_data_req_by_cpu.cfg_write.vtd1, 0x10c0
unc_iio_data_req_by_cpu.io_read.part0, 0x80c0
unc_iio_data_req_by_cpu.io_read.part1, 0x80c0
unc_iio_data_req_by_cpu.io_read.part2, 0x80c0
unc_iio_data_req_by_cpu.io_read.part3, 0x80c0
unc_iio_data_req_by_cpu.io_read.vtd0, 0x80c0
unc_iio_data_req_by_cpu.io_read.vtd1, 0x80c0
unc_iio_data_req_by_cpu.io_write.part0, 0x20c0
unc_iio_data_req_by_cpu.io_write.part1, 0x20c0
unc_iio_data_req_by_cpu.io_write.part2, 0x20c0
unc_iio_data_req_by_cpu.io_write.part3, 0x20c0
unc_iio_data_req_by_cpu.io_write.vtd0, 0x20c0
unc_iio_data_req_by_cpu.io_write.vtd1, 0x20c0
unc_iio_data_req_by_cpu.mem_read.part0, 0x4c0
unc_iio_data_req_by_cpu.mem_read.part1, 0x4c0
unc_iio_data_req_by_cpu.mem_read.part2, 0x4c0
unc_iio_data_req_by_cpu.mem_read.part3, 0x4c0
unc_iio_data_req_by_cpu.mem_read.vtd0, 0x4c0
unc_iio_data_req_by_cpu.mem_read.vtd1, 0x4c0
unc_iio_data_req_by_cpu.mem_write.part0, 0x1c0
unc_iio_data_req_by_cpu.mem_write.part1, 0x1c0
unc_iio_data_req_by_cpu.mem_write.part2, 0x1c0
unc_iio_data_req_by_cpu.mem_write.part3, 0x1c0
unc_iio_data_req_by_cpu.mem_write.vtd0, 0x1c0
unc_iio_data_req_by_cpu.mem_write.vtd1, 0x1c0
unc_iio_data_req_by_cpu.peer_read.part0, 0x8c0
unc_iio_data_req_by_cpu.peer_read.part1, 0x8c0
unc_iio_data_req_by_cpu.peer_read.part2, 0x8c0
unc_iio_data_req_by_cpu.peer_read.part3, 0x8c0
unc_iio_data_req_by_cpu.peer_read.vtd0, 0x8c0
unc_iio_data_req_by_cpu.peer_read.vtd1, 0x8c0
unc_iio_data_req_by_cpu.peer_write.part0, 0x2c0
unc_iio_data_req_by_cpu.peer_write.part1, 0x2c0
unc_iio_data_req_by_cpu.peer_write.part2, 0x2c0
unc_iio_data_req_by_cpu.peer_write.part3, 0x2c0
unc_iio_data_req_by_cpu.peer_write.vtd0, 0x2c0
unc_iio_data_req_by_cpu.peer_write.vtd1, 0x2c0
unc_iio_data_req_of_cpu.atomic.part0, 0x1083
unc_iio_data_req_of_cpu.atomic.part1, 0x1083
unc_iio_data_req_of_cpu.atomic.part2, 0x1083
unc_iio_data_req_of_cpu.atomic.part3, 0x1083
unc_iio_data_req_of_cpu.atomic.vtd0, 0x1083
unc_iio_data_req_of_cpu.atomic.vtd1, 0x1083
unc_iio_data_req_of_cpu.atomiccmp.part0, 0x2083
unc_iio_data_req_of_cpu.atomiccmp.part1, 0x2083
unc_iio_data_req_of_cpu.atomiccmp.part2, 0x2083
unc_iio_data_req_of_cpu.atomiccmp.part3, 0x2083
unc_iio_data_req_of_cpu.mem_read.part0, 0x483
unc_iio_data_req_of_cpu.mem_read.part1, 0x483
unc_iio_data_req_of_cpu.mem_read.part2, 0x483
unc_iio_data_req_of_cpu.mem_read.part3, 0x483
unc_iio_data_req_of_cpu.mem_read.vtd0, 0x483
unc_iio_data_req_of_cpu.mem_read.vtd1, 0x483
unc_iio_data_req_of_cpu.mem_write.part0, 0x183
unc_iio_data_req_of_cpu.mem_write.part1, 0x183
unc_iio_data_req_of_cpu.mem_write.part2, 0x183
unc_iio_data_req_of_cpu.mem_write.part3, 0x183
unc_iio_data_req_of_cpu.mem_write.vtd0, 0x183
unc_iio_data_req_of_cpu.mem_write.vtd1, 0x183
unc_iio_data_req_of_cpu.msg.part0, 0x4083
unc_iio_data_req_of_cpu.msg.part1, 0x4083
unc_iio_data_req_of_cpu.msg.part2, 0x4083
unc_iio_data_req_of_cpu.msg.part3, 0x4083
unc_iio_data_req_of_cpu.msg.vtd0, 0x4083
unc_iio_data_req_of_cpu.msg.vtd1, 0x4083
unc_iio_data_req_of_cpu.peer_read.part0, 0x883
unc_iio_data_req_of_cpu.peer_read.part1, 0x883
unc_iio_data_req_of_cpu.peer_read.part2, 0x883
unc_iio_data_req_of_cpu.peer_read.part3, 0x883
unc_iio_data_req_of_cpu.peer_read.vtd0, 0x883
unc_iio_data_req_of_cpu.peer_read.vtd1, 0x883
unc_iio_data_req_of_cpu.peer_write.part0, 0x283
unc_iio_data_req_of_cpu.peer_write.part1, 0x283
unc_iio_data_req_of_cpu.peer_write.part2, 0x283
unc_iio_data_req_of_cpu.peer_write.part3, 0x283
unc_iio_data_req_of_cpu.peer_write.vtd0, 0x283
unc_iio_data_req_of_cpu.peer_write.vtd1, 0x283
unc_iio_link_num_corr_err, 0xf
unc_iio_link_num_retries, 0xe
unc_iio_mask_match, 0x21
unc_iio_mask_match_and.bus0, 0x102
unc_iio_mask_match_and.bus0_bus1, 0x802
unc_iio_mask_match_and.bus0_not_bus1, 0x402
unc_iio_mask_match_and.bus1, 0x202
unc_iio_mask_match_and.not_bus0_bus1, 0x1002
unc_iio_mask_match_and.not_bus0_not_bus1, 0x2002
unc_iio_mask_match_or.bus0, 0x103
unc_iio_mask_match_or.bus0_bus1, 0x803
unc_iio_mask_match_or.bus0_not_bus1, 0x403
unc_iio_mask_match_or.bus1, 0x203
unc_iio_mask_match_or.not_bus0_bus1, 0x1003
unc_iio_mask_match_or.not_bus0_not_bus1, 0x2003
unc_iio_payload_bytes_in.atomic.part0, 0x1083
unc_iio_payload_bytes_in.atomic.part1, 0x1083
unc_iio_payload_bytes_in.atomic.part2, 0x1083
unc_iio_payload_bytes_in.atomic.part3, 0x1083
unc_iio_payload_bytes_in.atomic.vtd0, 0x1083
unc_iio_payload_bytes_in.atomic.vtd1, 0x1083
unc_iio_payload_bytes_in.atomiccmp.part0, 0x2083
unc_iio_payload_bytes_in.atomiccmp.part1, 0x2083
unc_iio_payload_bytes_in.atomiccmp.part2, 0x2083
unc_iio_payload_bytes_in.atomiccmp.part3, 0x2083
unc_iio_payload_bytes_in.mem_read.part0, 0x483
unc_iio_payload_bytes_in.mem_read.part1, 0x483
unc_iio_payload_bytes_in.mem_read.part2, 0x483
unc_iio_payload_bytes_in.mem_read.part3, 0x483
unc_iio_payload_bytes_in.mem_read.vtd0, 0x483
unc_iio_payload_bytes_in.mem_read.vtd1, 0x483
unc_iio_payload_bytes_in.mem_write.part0, 0x183
unc_iio_payload_bytes_in.mem_write.part1, 0x183
unc_iio_payload_bytes_in.mem_write.part2, 0x183
unc_iio_payload_bytes_in.mem_write.part3, 0x183
unc_iio_payload_bytes_in.mem_write.vtd0, 0x183
unc_iio_payload_bytes_in.mem_write.vtd1, 0x183
unc_iio_payload_bytes_in.msg.part0, 0x4083
unc_iio_payload_bytes_in.msg.part1, 0x4083
unc_iio_payload_bytes_in.msg.part2, 0x4083
unc_iio_payload_bytes_in.msg.part3, 0x4083
unc_iio_payload_bytes_in.msg.vtd0, 0x4083
unc_iio_payload_bytes_in.msg.vtd1, 0x4083
unc_iio_payload_bytes_in.peer_read.part0, 0x883
unc_iio_payload_bytes_in.peer_read.part1, 0x883
unc_iio_payload_bytes_in.peer_read.part2, 0x883
unc_iio_payload_bytes_in.peer_read.part3, 0x883
unc_iio_payload_bytes_in.peer_read.vtd0, 0x883
unc_iio_payload_bytes_in.peer_read.vtd1, 0x883
unc_iio_payload_bytes_in.peer_write.part0, 0x283
unc_iio_payload_bytes_in.peer_write.part1, 0x283
unc_iio_payload_bytes_in.peer_write.part2, 0x283
unc_iio_payload_bytes_in.peer_write.part3, 0x283
unc_iio_payload_bytes_in.peer_write.vtd0, 0x283
unc_iio_payload_bytes_in.peer_write.vtd1, 0x283
unc_iio_payload_bytes_out.cfg_read.part0, 0x40c0
unc_iio_payload_bytes_out.cfg_read.part1, 0x40c0
unc_iio_payload_bytes_out.cfg_read.part2, 0x40c0
unc_iio_payload_bytes_out.cfg_read.part3, 0x40c0
unc_iio_payload_bytes_out.cfg_read.vtd0, 0x40c0
unc_iio_payload_bytes_out.cfg_read.vtd1, 0x40c0
unc_iio_payload_bytes_out.cfg_write.part0, 0x10c0
unc_iio_payload_bytes_out.cfg_write.part1, 0x10c0
unc_iio_payload_bytes_out.cfg_write.part2, 0x10c0
unc_iio_payload_bytes_out.cfg_write.part3, 0x10c0
unc_iio_payload_bytes_out.cfg_write.vtd0, 0x10c0
unc_iio_payload_bytes_out.cfg_write.vtd1, 0x10c0
unc_iio_payload_bytes_out.io_read.part0, 0x80c0
unc_iio_payload_bytes_out.io_read.part1, 0x80c0
unc_iio_payload_bytes_out.io_read.part2, 0x80c0
unc_iio_payload_bytes_out.io_read.part3, 0x80c0
unc_iio_payload_bytes_out.io_read.vtd0, 0x80c0
unc_iio_payload_bytes_out.io_read.vtd1, 0x80c0
unc_iio_payload_bytes_out.io_write.part0, 0x20c0
unc_iio_payload_bytes_out.io_write.part1, 0x20c0
unc_iio_payload_bytes_out.io_write.part2, 0x20c0
unc_iio_payload_bytes_out.io_write.part3, 0x20c0
unc_iio_payload_bytes_out.io_write.vtd0, 0x20c0
unc_iio_payload_bytes_out.io_write.vtd1, 0x20c0
unc_iio_payload_bytes_out.mem_read.part0, 0x4c0
unc_iio_payload_bytes_out.mem_read.part1, 0x4c0
unc_iio_payload_bytes_out.mem_read.part2, 0x4c0
unc_iio_payload_bytes_out.mem_read.part3, 0x4c0
unc_iio_payload_bytes_out.mem_read.vtd0, 0x4c0
unc_iio_payload_bytes_out.mem_read.vtd1, 0x4c0
unc_iio_payload_bytes_out.mem_write.part0, 0x1c0
unc_iio_payload_bytes_out.mem_write.part1, 0x1c0
unc_iio_payload_bytes_out.mem_write.part2, 0x1c0
unc_iio_payload_bytes_out.mem_write.part3, 0x1c0
unc_iio_payload_bytes_out.mem_write.vtd0, 0x1c0
unc_iio_payload_bytes_out.mem_write.vtd1, 0x1c0
unc_iio_payload_bytes_out.peer_read.part0, 0x8c0
unc_iio_payload_bytes_out.peer_read.part1, 0x8c0
unc_iio_payload_bytes_out.peer_read.part2, 0x8c0
unc_iio_payload_bytes_out.peer_read.part3, 0x8c0
unc_iio_payload_bytes_out.peer_read.vtd0, 0x8c0
unc_iio_payload_bytes_out.peer_read.vtd1, 0x8c0
unc_iio_payload_bytes_out.peer_write.part0, 0x2c0
unc_iio_payload_bytes_out.peer_write.part1, 0x2c0
unc_iio_payload_bytes_out.peer_write.part2, 0x2c0
unc_iio_payload_bytes_out.peer_write.part3, 0x2c0
unc_iio_payload_bytes_out.peer_write.vtd0, 0x2c0
unc_iio_payload_bytes_out.peer_write.vtd1, 0x2c0
unc_iio_symbol_times, 0x82
unc_iio_txn_in.atomic.part0, 0x1084
unc_iio_txn_in.atomic.part1, 0x1084
unc_iio_txn_in.atomic.part2, 0x1084
unc_iio_txn_in.atomic.part3, 0x1084
unc_iio_txn_in.atomic.vtd0, 0x1084
unc_iio_txn_in.atomic.vtd1, 0x1084
unc_iio_txn_in.atomiccmp.part0, 0x2084
unc_iio_txn_in.atomiccmp.part1, 0x2084
unc_iio_txn_in.atomiccmp.part2, 0x2084
unc_iio_txn_in.atomiccmp.part3, 0x2084
unc_iio_txn_in.mem_read.part0, 0x484
unc_iio_txn_in.mem_read.part1, 0x484
unc_iio_txn_in.mem_read.part2, 0x484
unc_iio_txn_in.mem_read.part3, 0x484
unc_iio_txn_in.mem_read.vtd0, 0x484
unc_iio_txn_in.mem_read.vtd1, 0x484
unc_iio_txn_in.mem_write.part0, 0x184
unc_iio_txn_in.mem_write.part1, 0x184
unc_iio_txn_in.mem_write.part2, 0x184
unc_iio_txn_in.mem_write.part3, 0x184
unc_iio_txn_in.mem_write.vtd0, 0x184
unc_iio_txn_in.mem_write.vtd1, 0x184
unc_iio_txn_in.msg.part0, 0x4084
unc_iio_txn_in.msg.part1, 0x4084
unc_iio_txn_in.msg.part2, 0x4084
unc_iio_txn_in.msg.part3, 0x4084
unc_iio_txn_in.msg.vtd0, 0x4084
unc_iio_txn_in.msg.vtd1, 0x4084
unc_iio_txn_in.peer_read.part0, 0x884
unc_iio_txn_in.peer_read.part1, 0x884
unc_iio_txn_in.peer_read.part2, 0x884
unc_iio_txn_in.peer_read.part3, 0x884
unc_iio_txn_in.peer_read.vtd0, 0x884
unc_iio_txn_in.peer_read.vtd1, 0x884
unc_iio_txn_in.peer_write.part0, 0x284
unc_iio_txn_in.peer_write.part1, 0x284
unc_iio_txn_in.peer_write.part2, 0x284
unc_iio_txn_in.peer_write.part3, 0x284
unc_iio_txn_in.peer_write.vtd0, 0x284
unc_iio_txn_in.peer_write.vtd1, 0x284
unc_iio_txn_out.cfg_read.part0, 0x40c1
unc_iio_txn_out.cfg_read.part1, 0x40c1
unc_iio_txn_out.cfg_read.part2, 0x40c1
unc_iio_txn_out.cfg_read.part3, 0x40c1
unc_iio_txn_out.cfg_read.vtd0, 0x40c1
unc_iio_txn_out.cfg_read.vtd1, 0x40c1
unc_iio_txn_out.cfg_write.part0, 0x10c1
unc_iio_txn_out.cfg_write.part1, 0x10c1
unc_iio_txn_out.cfg_write.part2, 0x10c1
unc_iio_txn_out.cfg_write.part3, 0x10c1
unc_iio_txn_out.cfg_write.vtd0, 0x10c1
unc_iio_txn_out.io_read.part0, 0x80c1
unc_iio_txn_out.io_read.part1, 0x80c1
unc_iio_txn_out.io_read.part2, 0x80c1
unc_iio_txn_out.io_read.part3, 0x80c1
unc_iio_txn_out.io_read.vtd0, 0x80c1
unc_iio_txn_out.io_read.vtd1, 0x80c1
unc_iio_txn_out.io_write.part0, 0x20c1
unc_iio_txn_out.io_write.part1, 0x20c1
unc_iio_txn_out.io_write.part2, 0x20c1
unc_iio_txn_out.io_write.part3, 0x20c1
unc_iio_txn_out.io_write.vtd0, 0x20c1
unc_iio_txn_out.io_write.vtd1, 0x20c1
unc_iio_txn_out.mem_read.part0, 0x4c1
unc_iio_txn_out.mem_read.part1, 0x4c1
unc_iio_txn_out.mem_read.part2, 0x4c1
unc_iio_txn_out.mem_read.part3, 0x4c1
unc_iio_txn_out.mem_read.vtd0, 0x4c1
unc_iio_txn_out.mem_read.vtd1, 0x4c1
unc_iio_txn_out.mem_write.part0, 0x1c1
unc_iio_txn_out.mem_write.part1, 0x1c1
unc_iio_txn_out.mem_write.part2, 0x1c1
unc_iio_txn_out.mem_write.part3, 0x1c1
unc_iio_txn_out.mem_write.vtd0, 0x1c1
unc_iio_txn_out.mem_write.vtd1, 0x1c1
unc_iio_txn_out.peer_read.part0, 0x8c1
unc_iio_txn_out.peer_read.part1, 0x8c1
unc_iio_txn_out.peer_read.part2, 0x8c1
unc_iio_txn_out.peer_read.part3, 0x8c1
unc_iio_txn_out.peer_read.vtd0, 0x8c1
unc_iio_txn_out.peer_read.vtd1, 0x8c1
unc_iio_txn_out.peer_write.part0, 0x2c1
unc_iio_txn_out.peer_write.part1, 0x2c1
unc_iio_txn_out.peer_write.part2, 0x2c1
unc_iio_txn_out.peer_write.part3, 0x2c1
unc_iio_txn_out.peer_write.vtd0, 0x2c1
unc_iio_txn_out.peer_write.vtd1, 0x2c1
unc_iio_txn_req_by_cpu.cfg_read.part0, 0x40c1
unc_iio_txn_req_by_cpu.cfg_read.part1, 0x40c1
unc_iio_txn_req_by_cpu.cfg_read.part2, 0x40c1
unc_iio_txn_req_by_cpu.cfg_read.part3, 0x40c1
unc_iio_txn_req_by_cpu.cfg_read.vtd0, 0x40c1
unc_iio_txn_req_by_cpu.cfg_read.vtd1, 0x40c1
unc_iio_txn_req_by_cpu.cfg_write.part0, 0x10c1
unc_iio_txn_req_by_cpu.cfg_write.part1, 0x10c1
unc_iio_txn_req_by_cpu.cfg_write.part2, 0x10c1
unc_iio_txn_req_by_cpu.cfg_write.part3, 0x10c1
unc_iio_txn_req_by_cpu.cfg_write.vtd0, 0x10c1
unc_iio_txn_req_by_cpu.cfg_write.vtd1, 0x10c1
unc_iio_txn_req_by_cpu.io_read.part0, 0x80c1
unc_iio_txn_req_by_cpu.io_read.part1, 0x80c1
unc_iio_txn_req_by_cpu.io_read.part2, 0x80c1
unc_iio_txn_req_by_cpu.io_read.part3, 0x80c1
unc_iio_txn_req_by_cpu.io_read.vtd0, 0x80c1
unc_iio_txn_req_by_cpu.io_read.vtd1, 0x80c1
unc_iio_txn_req_by_cpu.io_write.part0, 0x20c1
unc_iio_txn_req_by_cpu.io_write.part1, 0x20c1
unc_iio_txn_req_by_cpu.io_write.part2, 0x20c1
unc_iio_txn_req_by_cpu.io_write.part3, 0x20c1
unc_iio_txn_req_by_cpu.io_write.vtd0, 0x20c1
unc_iio_txn_req_by_cpu.io_write.vtd1, 0x20c1
unc_iio_txn_req_by_cpu.mem_read.part0, 0x4c1
unc_iio_txn_req_by_cpu.mem_read.part1, 0x4c1
unc_iio_txn_req_by_cpu.mem_read.part2, 0x4c1
unc_iio_txn_req_by_cpu.mem_read.part3, 0x4c1
unc_iio_txn_req_by_cpu.mem_read.vtd0, 0x4c1
unc_iio_txn_req_by_cpu.mem_read.vtd1, 0x4c1
unc_iio_txn_req_by_cpu.mem_write.part0, 0x1c1
unc_iio_txn_req_by_cpu.mem_write.part1, 0x1c1
unc_iio_txn_req_by_cpu.mem_write.part2, 0x1c1
unc_iio_txn_req_by_cpu.mem_write.part3, 0x1c1
unc_iio_txn_req_by_cpu.mem_write.vtd0, 0x1c1
unc_iio_txn_req_by_cpu.mem_write.vtd1, 0x1c1
unc_iio_txn_req_by_cpu.peer_read.part0, 0x8c1
unc_iio_txn_req_by_cpu.peer_read.part1, 0x8c1
unc_iio_txn_req_by_cpu.peer_read.part2, 0x8c1
unc_iio_txn_req_by_cpu.peer_read.part3, 0x8c1
unc_iio_txn_req_by_cpu.peer_read.vtd0, 0x8c1
unc_iio_txn_req_by_cpu.peer_read.vtd1, 0x8c1
unc_iio_txn_req_by_cpu.peer_write.part0, 0x2c1
unc_iio_txn_req_by_cpu.peer_write.part1, 0x2c1
unc_iio_txn_req_by_cpu.peer_write.part2, 0x2c1
unc_iio_txn_req_by_cpu.peer_write.part3, 0x2c1
unc_iio_txn_req_by_cpu.peer_write.vtd0, 0x2c1
unc_iio_txn_req_by_cpu.peer_write.vtd1, 0x2c1
unc_iio_txn_req_of_cpu.atomic.part0, 0x1084
unc_iio_txn_req_of_cpu.atomic.part1, 0x1084
unc_iio_txn_req_of_cpu.atomic.part2, 0x1084
unc_iio_txn_req_of_cpu.atomic.part3, 0x1084
unc_iio_txn_req_of_cpu.atomic.vtd0, 0x1084
unc_iio_txn_req_of_cpu.atomic.vtd1, 0x1084
unc_iio_txn_req_of_cpu.atomiccmp.part0, 0x2084
unc_iio_txn_req_of_cpu.atomiccmp.part1, 0x2084
unc_iio_txn_req_of_cpu.atomiccmp.part2, 0x2084
unc_iio_txn_req_of_cpu.atomiccmp.part3, 0x2084
unc_iio_txn_req_of_cpu.mem_read.part0, 0x484
unc_iio_txn_req_of_cpu.mem_read.part1, 0x484
unc_iio_txn_req_of_cpu.mem_read.part2, 0x484
unc_iio_txn_req_of_cpu.mem_read.part3, 0x484
unc_iio_txn_req_of_cpu.mem_read.vtd0, 0x484
unc_iio_txn_req_of_cpu.mem_read.vtd1, 0x484
unc_iio_txn_req_of_cpu.mem_write.part0, 0x184
unc_iio_txn_req_of_cpu.mem_write.part1, 0x184
unc_iio_txn_req_of_cpu.mem_write.part2, 0x184
unc_iio_txn_req_of_cpu.mem_write.part3, 0x184
unc_iio_txn_req_of_cpu.mem_write.vtd0, 0x184
unc_iio_txn_req_of_cpu.mem_write.vtd1, 0x184
unc_iio_txn_req_of_cpu.msg.part0, 0x4084
unc_iio_txn_req_of_cpu.msg.part1, 0x4084
unc_iio_txn_req_of_cpu.msg.part2, 0x4084
unc_iio_txn_req_of_cpu.msg.part3, 0x4084
unc_iio_txn_req_of_cpu.msg.vtd0, 0x4084
unc_iio_txn_req_of_cpu.msg.vtd1, 0x4084
unc_iio_txn_req_of_cpu.peer_read.part0, 0x884
unc_iio_txn_req_of_cpu.peer_read.part1, 0x884
unc_iio_txn_req_of_cpu.peer_read.part2, 0x884
unc_iio_txn_req_of_cpu.peer_read.part3, 0x884
unc_iio_txn_req_of_cpu.peer_read.vtd0, 0x884
unc_iio_txn_req_of_cpu.peer_read.vtd1, 0x884
unc_iio_txn_req_of_cpu.peer_write.part0, 0x284
unc_iio_txn_req_of_cpu.peer_write.part1, 0x284
unc_iio_txn_req_of_cpu.peer_write.part2, 0x284
unc_iio_txn_req_of_cpu.peer_write.part3, 0x284
unc_iio_txn_req_of_cpu.peer_write.vtd0, 0x284
unc_iio_txn_req_of_cpu.peer_write.vtd1, 0x284
unc_iio_vtd_access.ctxt_miss, 0x241
unc_iio_vtd_access.l1_miss, 0x441
unc_iio_vtd_access.l2_miss, 0x841
unc_iio_vtd_access.l3_miss, 0x1041
unc_iio_vtd_access.l4_page_hit, 0x141
unc_iio_vtd_access.tlb1_miss, 0x8041
unc_iio_vtd_access.tlb_full, 0x4041
unc_iio_vtd_access.tlb_miss, 0x2041
unc_iio_vtd_occupancy, 0x40
core_snoop_response.rsp_ifwdfe, 0x20ef
core_snoop_response.rsp_ifwdm, 0x10ef
core_snoop_response.rsp_ihitfse, 0x2ef
core_snoop_response.rsp_ihiti, 0x1ef
core_snoop_response.rsp_sfwdfe, 0x40ef
core_snoop_response.rsp_sfwdm, 0x8ef
core_snoop_response.rsp_shitfse, 0x4ef
idi_misc.wb_downgrade, 0x4fe
idi_misc.wb_upgrade, 0x2fe
l1d.replacement, 0x151
l1d_pend_miss.fb_full, 0x248
l1d_pend_miss.pending, 0x148
l1d_pend_miss.pending_cycles, 0x148
l1d_pend_miss.pending_cycles_any, 0x148
l2_lines_in.all, 0x1ff1
l2_lines_out.non_silent, 0x2f2
l2_lines_out.silent, 0x1f2
l2_lines_out.useless_hwpf, 0x4f2
l2_lines_out.useless_pref, 0x4f2
l2_rqsts.all_code_rd, 0xe424
l2_rqsts.all_demand_data_rd, 0xe124
l2_rqsts.all_demand_miss, 0x2724
l2_rqsts.all_demand_references, 0xe724
l2_rqsts.all_pf, 0xf824
l2_rqsts.all_rfo, 0xe224
l2_rqsts.code_rd_hit, 0xc424
l2_rqsts.code_rd_miss, 0x2424
l2_rqsts.demand_data_rd_hit, 0xc124
l2_rqsts.demand_data_rd_miss, 0x2124
l2_rqsts.miss, 0x3f24
l2_rqsts.pf_hit, 0xd824
l2_rqsts.pf_miss, 0x3824
l2_rqsts.references, 0xff24
l2_rqsts.rfo_hit, 0xc224
l2_rqsts.rfo_miss, 0x2224
l2_trans.l2_wb, 0x40f0
longest_lat_cache.miss, 0x412e
longest_lat_cache.reference, 0x4f2e
mem_inst_retired.all_loads, 0x81d0
mem_inst_retired.all_stores, 0x82d0
mem_inst_retired.any, 0x83d0
mem_inst_retired.lock_loads, 0x21d0
mem_inst_retired.split_loads, 0x41d0
mem_inst_retired.split_stores, 0x42d0
mem_inst_retired.stlb_miss_loads, 0x11d0
mem_inst_retired.stlb_miss_stores, 0x12d0
mem_load_l3_hit_retired.xsnp_hit, 0x2d2
mem_load_l3_hit_retired.xsnp_hitm, 0x4d2
mem_load_l3_hit_retired.xsnp_miss, 0x1d2
mem_load_l3_hit_retired.xsnp_none, 0x8d2
mem_load_l3_miss_retired.local_dram, 0x1d3
mem_load_l3_miss_retired.remote_dram, 0x2d3
mem_load_l3_miss_retired.remote_fwd, 0x8d3
mem_load_l3_miss_retired.remote_hitm, 0x4d3
mem_load_l3_miss_retired.remote_pmm, 0x10d3
mem_load_misc_retired.uc, 0x4d4
mem_load_retired.fb_hit, 0x40d1
mem_load_retired.l1_hit, 0x1d1
mem_load_retired.l1_miss, 0x8d1
mem_load_retired.l2_hit, 0x2d1
mem_load_retired.l2_miss, 0x10d1
mem_load_retired.l3_hit, 0x4d1
mem_load_retired.l3_miss, 0x20d1
mem_load_retired.local_pmm, 0x80d1
ocr.all_data_rd.l3_hit.any_snoop_0, 0x1b7, 0x3f803c0491
ocr.all_data_rd.l3_hit.any_snoop_1, 0x1bb, 0x3f803c0491
ocr.all_data_rd.l3_hit.hitm_other_core_0, 0x1b7, 0x10003c0491
ocr.all_data_rd.l3_hit.hitm_other_core_1, 0x1bb, 0x10003c0491
ocr.all_data_rd.l3_hit.hit_other_core_fwd_0, 0x1b7, 0x8003c0491
ocr.all_data_rd.l3_hit.hit_other_core_fwd_1, 0x1bb, 0x8003c0491
ocr.all_data_rd.l3_hit.hit_other_core_no_fwd_0, 0x1b7, 0x4003c0491
ocr.all_data_rd.l3_hit.hit_other_core_no_fwd_1, 0x1bb, 0x4003c0491
ocr.all_data_rd.l3_hit.no_snoop_needed_0, 0x1b7, 0x1003c0491
ocr.all_data_rd.l3_hit.no_snoop_needed_1, 0x1bb, 0x1003c0491
ocr.all_data_rd.l3_hit.snoop_hit_with_fwd_0, 0x1b7, 0x8007c0491
ocr.all_data_rd.l3_hit.snoop_hit_with_fwd_1, 0x1bb, 0x8007c0491
ocr.all_data_rd.l3_hit.snoop_miss_0, 0x1b7, 0x2003c0491
ocr.all_data_rd.l3_hit.snoop_miss_1, 0x1bb, 0x2003c0491
ocr.all_data_rd.l3_hit.snoop_none_0, 0x1b7, 0x803c0491
ocr.all_data_rd.l3_hit.snoop_none_1, 0x1bb, 0x803c0491
ocr.all_data_rd.l3_hit_e.any_snoop_0, 0x1b7, 0x3f80080491
ocr.all_data_rd.l3_hit_e.any_snoop_1, 0x1bb, 0x3f80080491
ocr.all_data_rd.l3_hit_e.hitm_other_core_0, 0x1b7, 0x1000080491
ocr.all_data_rd.l3_hit_e.hitm_other_core_1, 0x1bb, 0x1000080491
ocr.all_data_rd.l3_hit_e.hit_other_core_fwd_0, 0x1b7, 0x800080491
ocr.all_data_rd.l3_hit_e.hit_other_core_fwd_1, 0x1bb, 0x800080491
ocr.all_data_rd.l3_hit_e.hit_other_core_no_fwd_0, 0x1b7, 0x400080491
ocr.all_data_rd.l3_hit_e.hit_other_core_no_fwd_1, 0x1bb, 0x400080491
ocr.all_data_rd.l3_hit_e.no_snoop_needed_0, 0x1b7, 0x100080491
ocr.all_data_rd.l3_hit_e.no_snoop_needed_1, 0x1bb, 0x100080491
ocr.all_data_rd.l3_hit_e.snoop_miss_0, 0x1b7, 0x200080491
ocr.all_data_rd.l3_hit_e.snoop_miss_1, 0x1bb, 0x200080491
ocr.all_data_rd.l3_hit_e.snoop_none_0, 0x1b7, 0x80080491
ocr.all_data_rd.l3_hit_e.snoop_none_1, 0x1bb, 0x80080491
ocr.all_data_rd.l3_hit_f.any_snoop_0, 0x1b7, 0x3f80200491
ocr.all_data_rd.l3_hit_f.any_snoop_1, 0x1bb, 0x3f80200491
ocr.all_data_rd.l3_hit_f.hitm_other_core_0, 0x1b7, 0x1000200491
ocr.all_data_rd.l3_hit_f.hitm_other_core_1, 0x1bb, 0x1000200491
ocr.all_data_rd.l3_hit_f.hit_other_core_fwd_0, 0x1b7, 0x800200491
ocr.all_data_rd.l3_hit_f.hit_other_core_fwd_1, 0x1bb, 0x800200491
ocr.all_data_rd.l3_hit_f.hit_other_core_no_fwd_0, 0x1b7, 0x400200491
ocr.all_data_rd.l3_hit_f.hit_other_core_no_fwd_1, 0x1bb, 0x400200491
ocr.all_data_rd.l3_hit_f.no_snoop_needed_0, 0x1b7, 0x100200491
ocr.all_data_rd.l3_hit_f.no_snoop_needed_1, 0x1bb, 0x100200491
ocr.all_data_rd.l3_hit_f.snoop_miss_0, 0x1b7, 0x200200491
ocr.all_data_rd.l3_hit_f.snoop_miss_1, 0x1bb, 0x200200491
ocr.all_data_rd.l3_hit_f.snoop_none_0, 0x1b7, 0x80200491
ocr.all_data_rd.l3_hit_f.snoop_none_1, 0x1bb, 0x80200491
ocr.all_data_rd.l3_hit_m.any_snoop_0, 0x1b7, 0x3f80040491
ocr.all_data_rd.l3_hit_m.any_snoop_1, 0x1bb, 0x3f80040491
ocr.all_data_rd.l3_hit_m.hitm_other_core_0, 0x1b7, 0x1000040491
ocr.all_data_rd.l3_hit_m.hitm_other_core_1, 0x1bb, 0x1000040491
ocr.all_data_rd.l3_hit_m.hit_other_core_fwd_0, 0x1b7, 0x800040491
ocr.all_data_rd.l3_hit_m.hit_other_core_fwd_1, 0x1bb, 0x800040491
ocr.all_data_rd.l3_hit_m.hit_other_core_no_fwd_0, 0x1b7, 0x400040491
ocr.all_data_rd.l3_hit_m.hit_other_core_no_fwd_1, 0x1bb, 0x400040491
ocr.all_data_rd.l3_hit_m.no_snoop_needed_0, 0x1b7, 0x100040491
ocr.all_data_rd.l3_hit_m.no_snoop_needed_1, 0x1bb, 0x100040491
ocr.all_data_rd.l3_hit_m.snoop_miss_0, 0x1b7, 0x200040491
ocr.all_data_rd.l3_hit_m.snoop_miss_1, 0x1bb, 0x200040491
ocr.all_data_rd.l3_hit_m.snoop_none_0, 0x1b7, 0x80040491
ocr.all_data_rd.l3_hit_m.snoop_none_1, 0x1bb, 0x80040491
ocr.all_data_rd.l3_hit_s.any_snoop_0, 0x1b7, 0x3f80100491
ocr.all_data_rd.l3_hit_s.any_snoop_1, 0x1bb, 0x3f80100491
ocr.all_data_rd.l3_hit_s.hitm_other_core_0, 0x1b7, 0x1000100491
ocr.all_data_rd.l3_hit_s.hitm_other_core_1, 0x1bb, 0x1000100491
ocr.all_data_rd.l3_hit_s.hit_other_core_fwd_0, 0x1b7, 0x800100491
ocr.all_data_rd.l3_hit_s.hit_other_core_fwd_1, 0x1bb, 0x800100491
ocr.all_data_rd.l3_hit_s.hit_other_core_no_fwd_0, 0x1b7, 0x400100491
ocr.all_data_rd.l3_hit_s.hit_other_core_no_fwd_1, 0x1bb, 0x400100491
ocr.all_data_rd.l3_hit_s.no_snoop_needed_0, 0x1b7, 0x100100491
ocr.all_data_rd.l3_hit_s.no_snoop_needed_1, 0x1bb, 0x100100491
ocr.all_data_rd.l3_hit_s.snoop_miss_0, 0x1b7, 0x200100491
ocr.all_data_rd.l3_hit_s.snoop_miss_1, 0x1bb, 0x200100491
ocr.all_data_rd.l3_hit_s.snoop_none_0, 0x1b7, 0x80100491
ocr.all_data_rd.l3_hit_s.snoop_none_1, 0x1bb, 0x80100491
ocr.all_pf_data_rd.l3_hit.any_snoop_0, 0x1b7, 0x3f803c0490
ocr.all_pf_data_rd.l3_hit.any_snoop_1, 0x1bb, 0x3f803c0490
ocr.all_pf_data_rd.l3_hit.hitm_other_core_0, 0x1b7, 0x10003c0490
ocr.all_pf_data_rd.l3_hit.hitm_other_core_1, 0x1bb, 0x10003c0490
ocr.all_pf_data_rd.l3_hit.hit_other_core_fwd_0, 0x1b7, 0x8003c0490
ocr.all_pf_data_rd.l3_hit.hit_other_core_fwd_1, 0x1bb, 0x8003c0490
ocr.all_pf_data_rd.l3_hit.hit_other_core_no_fwd_0, 0x1b7, 0x4003c0490
ocr.all_pf_data_rd.l3_hit.hit_other_core_no_fwd_1, 0x1bb, 0x4003c0490
ocr.all_pf_data_rd.l3_hit.no_snoop_needed_0, 0x1b7, 0x1003c0490
ocr.all_pf_data_rd.l3_hit.no_snoop_needed_1, 0x1bb, 0x1003c0490
ocr.all_pf_data_rd.l3_hit.snoop_hit_with_fwd_0, 0x1b7, 0x8007c0490
ocr.all_pf_data_rd.l3_hit.snoop_hit_with_fwd_1, 0x1bb, 0x8007c0490
ocr.all_pf_data_rd.l3_hit.snoop_miss_0, 0x1b7, 0x2003c0490
ocr.all_pf_data_rd.l3_hit.snoop_miss_1, 0x1bb, 0x2003c0490
ocr.all_pf_data_rd.l3_hit.snoop_none_0, 0x1b7, 0x803c0490
ocr.all_pf_data_rd.l3_hit.snoop_none_1, 0x1bb, 0x803c0490
ocr.all_pf_data_rd.l3_hit_e.any_snoop_0, 0x1b7, 0x3f80080490
ocr.all_pf_data_rd.l3_hit_e.any_snoop_1, 0x1bb, 0x3f80080490
ocr.all_pf_data_rd.l3_hit_e.hitm_other_core_0, 0x1b7, 0x1000080490
ocr.all_pf_data_rd.l3_hit_e.hitm_other_core_1, 0x1bb, 0x1000080490
ocr.all_pf_data_rd.l3_hit_e.hit_other_core_fwd_0, 0x1b7, 0x800080490
ocr.all_pf_data_rd.l3_hit_e.hit_other_core_fwd_1, 0x1bb, 0x800080490
ocr.all_pf_data_rd.l3_hit_e.hit_other_core_no_fwd_0, 0x1b7, 0x400080490
ocr.all_pf_data_rd.l3_hit_e.hit_other_core_no_fwd_1, 0x1bb, 0x400080490
ocr.all_pf_data_rd.l3_hit_e.no_snoop_needed_0, 0x1b7, 0x100080490
ocr.all_pf_data_rd.l3_hit_e.no_snoop_needed_1, 0x1bb, 0x100080490
ocr.all_pf_data_rd.l3_hit_e.snoop_miss_0, 0x1b7, 0x200080490
ocr.all_pf_data_rd.l3_hit_e.snoop_miss_1, 0x1bb, 0x200080490
ocr.all_pf_data_rd.l3_hit_e.snoop_none_0, 0x1b7, 0x80080490
ocr.all_pf_data_rd.l3_hit_e.snoop_none_1, 0x1bb, 0x80080490
ocr.all_pf_data_rd.l3_hit_f.any_snoop_0, 0x1b7, 0x3f80200490
ocr.all_pf_data_rd.l3_hit_f.any_snoop_1, 0x1bb, 0x3f80200490
ocr.all_pf_data_rd.l3_hit_f.hitm_other_core_0, 0x1b7, 0x1000200490
ocr.all_pf_data_rd.l3_hit_f.hitm_other_core_1, 0x1bb, 0x1000200490
ocr.all_pf_data_rd.l3_hit_f.hit_other_core_fwd_0, 0x1b7, 0x800200490
ocr.all_pf_data_rd.l3_hit_f.hit_other_core_fwd_1, 0x1bb, 0x800200490
ocr.all_pf_data_rd.l3_hit_f.hit_other_core_no_fwd_0, 0x1b7, 0x400200490
ocr.all_pf_data_rd.l3_hit_f.hit_other_core_no_fwd_1, 0x1bb, 0x400200490
ocr.all_pf_data_rd.l3_hit_f.no_snoop_needed_0, 0x1b7, 0x100200490
ocr.all_pf_data_rd.l3_hit_f.no_snoop_needed_1, 0x1bb, 0x100200490
ocr.all_pf_data_rd.l3_hit_f.snoop_miss_0, 0x1b7, 0x200200490
ocr.all_pf_data_rd.l3_hit_f.snoop_miss_1, 0x1bb, 0x200200490
ocr.all_pf_data_rd.l3_hit_f.snoop_none_0, 0x1b7, 0x80200490
ocr.all_pf_data_rd.l3_hit_f.snoop_none_1, 0x1bb, 0x80200490
ocr.all_pf_data_rd.l3_hit_m.any_snoop_0, 0x1b7, 0x3f80040490
ocr.all_pf_data_rd.l3_hit_m.any_snoop_1, 0x1bb, 0x3f80040490
ocr.all_pf_data_rd.l3_hit_m.hitm_other_core_0, 0x1b7, 0x1000040490
ocr.all_pf_data_rd.l3_hit_m.hitm_other_core_1, 0x1bb, 0x1000040490
ocr.all_pf_data_rd.l3_hit_m.hit_other_core_fwd_0, 0x1b7, 0x800040490
ocr.all_pf_data_rd.l3_hit_m.hit_other_core_fwd_1, 0x1bb, 0x800040490
ocr.all_pf_data_rd.l3_hit_m.hit_other_core_no_fwd_0, 0x1b7, 0x400040490
ocr.all_pf_data_rd.l3_hit_m.hit_other_core_no_fwd_1, 0x1bb, 0x400040490
ocr.all_pf_data_rd.l3_hit_m.no_snoop_needed_0, 0x1b7, 0x100040490
ocr.all_pf_data_rd.l3_hit_m.no_snoop_needed_1, 0x1bb, 0x100040490
ocr.all_pf_data_rd.l3_hit_m.snoop_miss_0, 0x1b7, 0x200040490
ocr.all_pf_data_rd.l3_hit_m.snoop_miss_1, 0x1bb, 0x200040490
ocr.all_pf_data_rd.l3_hit_m.snoop_none_0, 0x1b7, 0x80040490
ocr.all_pf_data_rd.l3_hit_m.snoop_none_1, 0x1bb, 0x80040490
ocr.all_pf_data_rd.l3_hit_s.any_snoop_0, 0x1b7, 0x3f80100490
ocr.all_pf_data_rd.l3_hit_s.any_snoop_1, 0x1bb, 0x3f80100490
ocr.all_pf_data_rd.l3_hit_s.hitm_other_core_0, 0x1b7, 0x1000100490
ocr.all_pf_data_rd.l3_hit_s.hitm_other_core_1, 0x1bb, 0x1000100490
ocr.all_pf_data_rd.l3_hit_s.hit_other_core_fwd_0, 0x1b7, 0x800100490
ocr.all_pf_data_rd.l3_hit_s.hit_other_core_fwd_1, 0x1bb, 0x800100490
ocr.all_pf_data_rd.l3_hit_s.hit_other_core_no_fwd_0, 0x1b7, 0x400100490
ocr.all_pf_data_rd.l3_hit_s.hit_other_core_no_fwd_1, 0x1bb, 0x400100490
ocr.all_pf_data_rd.l3_hit_s.no_snoop_needed_0, 0x1b7, 0x100100490
ocr.all_pf_data_rd.l3_hit_s.no_snoop_needed_1, 0x1bb, 0x100100490
ocr.all_pf_data_rd.l3_hit_s.snoop_miss_0, 0x1b7, 0x200100490
ocr.all_pf_data_rd.l3_hit_s.snoop_miss_1, 0x1bb, 0x200100490
ocr.all_pf_data_rd.l3_hit_s.snoop_none_0, 0x1b7, 0x80100490
ocr.all_pf_data_rd.l3_hit_s.snoop_none_1, 0x1bb, 0x80100490
ocr.all_pf_rfo.l3_hit.any_snoop_0, 0x1b7, 0x3f803c0120
ocr.all_pf_rfo.l3_hit.any_snoop_1, 0x1bb, 0x3f803c0120
ocr.all_pf_rfo.l3_hit.hitm_other_core_0, 0x1b7, 0x10003c0120
ocr.all_pf_rfo.l3_hit.hitm_other_core_1, 0x1bb, 0x10003c0120
ocr.all_pf_rfo.l3_hit.hit_other_core_fwd_0, 0x1b7, 0x8003c0120
ocr.all_pf_rfo.l3_hit.hit_other_core_fwd_1, 0x1bb, 0x8003c0120
ocr.all_pf_rfo.l3_hit.hit_other_core_no_fwd_0, 0x1b7, 0x4003c0120
ocr.all_pf_rfo.l3_hit.hit_other_core_no_fwd_1, 0x1bb, 0x4003c0120
ocr.all_pf_rfo.l3_hit.no_snoop_needed_0, 0x1b7, 0x1003c0120
ocr.all_pf_rfo.l3_hit.no_snoop_needed_1, 0x1bb, 0x1003c0120
ocr.all_pf_rfo.l3_hit.snoop_hit_with_fwd_0, 0x1b7, 0x8007c0120
ocr.all_pf_rfo.l3_hit.snoop_hit_with_fwd_1, 0x1bb, 0x8007c0120
ocr.all_pf_rfo.l3_hit.snoop_miss_0, 0x1b7, 0x2003c0120
ocr.all_pf_rfo.l3_hit.snoop_miss_1, 0x1bb, 0x2003c0120
ocr.all_pf_rfo.l3_hit.snoop_none_0, 0x1b7, 0x803c0120
ocr.all_pf_rfo.l3_hit.snoop_none_1, 0x1bb, 0x803c0120
ocr.all_pf_rfo.l3_hit_e.any_snoop_0, 0x1b7, 0x3f80080120
ocr.all_pf_rfo.l3_hit_e.any_snoop_1, 0x1bb, 0x3f80080120
ocr.all_pf_rfo.l3_hit_e.hitm_other_core_0, 0x1b7, 0x1000080120
ocr.all_pf_rfo.l3_hit_e.hitm_other_core_1, 0x1bb, 0x1000080120
ocr.all_pf_rfo.l3_hit_e.hit_other_core_fwd_0, 0x1b7, 0x800080120
ocr.all_pf_rfo.l3_hit_e.hit_other_core_fwd_1, 0x1bb, 0x800080120
ocr.all_pf_rfo.l3_hit_e.hit_other_core_no_fwd_0, 0x1b7, 0x400080120
ocr.all_pf_rfo.l3_hit_e.hit_other_core_no_fwd_1, 0x1bb, 0x400080120
ocr.all_pf_rfo.l3_hit_e.no_snoop_needed_0, 0x1b7, 0x100080120
ocr.all_pf_rfo.l3_hit_e.no_snoop_needed_1, 0x1bb, 0x100080120
ocr.all_pf_rfo.l3_hit_e.snoop_miss_0, 0x1b7, 0x200080120
ocr.all_pf_rfo.l3_hit_e.snoop_miss_1, 0x1bb, 0x200080120
ocr.all_pf_rfo.l3_hit_e.snoop_none_0, 0x1b7, 0x80080120
ocr.all_pf_rfo.l3_hit_e.snoop_none_1, 0x1bb, 0x80080120
ocr.all_pf_rfo.l3_hit_f.any_snoop_0, 0x1b7, 0x3f80200120
ocr.all_pf_rfo.l3_hit_f.any_snoop_1, 0x1bb, 0x3f80200120
ocr.all_pf_rfo.l3_hit_f.hitm_other_core_0, 0x1b7, 0x1000200120
ocr.all_pf_rfo.l3_hit_f.hitm_other_core_1, 0x1bb, 0x1000200120
ocr.all_pf_rfo.l3_hit_f.hit_other_core_fwd_0, 0x1b7, 0x800200120
ocr.all_pf_rfo.l3_hit_f.hit_other_core_fwd_1, 0x1bb, 0x800200120
ocr.all_pf_rfo.l3_hit_f.hit_other_core_no_fwd_0, 0x1b7, 0x400200120
ocr.all_pf_rfo.l3_hit_f.hit_other_core_no_fwd_1, 0x1bb, 0x400200120
ocr.all_pf_rfo.l3_hit_f.no_snoop_needed_0, 0x1b7, 0x100200120
ocr.all_pf_rfo.l3_hit_f.no_snoop_needed_1, 0x1bb, 0x100200120
ocr.all_pf_rfo.l3_hit_f.snoop_miss_0, 0x1b7, 0x200200120
ocr.all_pf_rfo.l3_hit_f.snoop_miss_1, 0x1bb, 0x200200120
ocr.all_pf_rfo.l3_hit_f.snoop_none_0, 0x1b7, 0x80200120
ocr.all_pf_rfo.l3_hit_f.snoop_none_1, 0x1bb, 0x80200120
ocr.all_pf_rfo.l3_hit_m.any_snoop_0, 0x1b7, 0x3f80040120
ocr.all_pf_rfo.l3_hit_m.any_snoop_1, 0x1bb, 0x3f80040120
ocr.all_pf_rfo.l3_hit_m.hitm_other_core_0, 0x1b7, 0x1000040120
ocr.all_pf_rfo.l3_hit_m.hitm_other_core_1, 0x1bb, 0x1000040120
ocr.all_pf_rfo.l3_hit_m.hit_other_core_fwd_0, 0x1b7, 0x800040120
ocr.all_pf_rfo.l3_hit_m.hit_other_core_fwd_1, 0x1bb, 0x800040120
ocr.all_pf_rfo.l3_hit_m.hit_other_core_no_fwd_0, 0x1b7, 0x400040120
ocr.all_pf_rfo.l3_hit_m.hit_other_core_no_fwd_1, 0x1bb, 0x400040120
ocr.all_pf_rfo.l3_hit_m.no_snoop_needed_0, 0x1b7, 0x100040120
ocr.all_pf_rfo.l3_hit_m.no_snoop_needed_1, 0x1bb, 0x100040120
ocr.all_pf_rfo.l3_hit_m.snoop_miss_0, 0x1b7, 0x200040120
ocr.all_pf_rfo.l3_hit_m.snoop_miss_1, 0x1bb, 0x200040120
ocr.all_pf_rfo.l3_hit_m.snoop_none_0, 0x1b7, 0x80040120
ocr.all_pf_rfo.l3_hit_m.snoop_none_1, 0x1bb, 0x80040120
ocr.all_pf_rfo.l3_hit_s.any_snoop_0, 0x1b7, 0x3f80100120
ocr.all_pf_rfo.l3_hit_s.any_snoop_1, 0x1bb, 0x3f80100120
ocr.all_pf_rfo.l3_hit_s.hitm_other_core_0, 0x1b7, 0x1000100120
ocr.all_pf_rfo.l3_hit_s.hitm_other_core_1, 0x1bb, 0x1000100120
ocr.all_pf_rfo.l3_hit_s.hit_other_core_fwd_0, 0x1b7, 0x800100120
ocr.all_pf_rfo.l3_hit_s.hit_other_core_fwd_1, 0x1bb, 0x800100120
ocr.all_pf_rfo.l3_hit_s.hit_other_core_no_fwd_0, 0x1b7, 0x400100120
ocr.all_pf_rfo.l3_hit_s.hit_other_core_no_fwd_1, 0x1bb, 0x400100120
ocr.all_pf_rfo.l3_hit_s.no_snoop_needed_0, 0x1b7, 0x100100120
ocr.all_pf_rfo.l3_hit_s.no_snoop_needed_1, 0x1bb, 0x100100120
ocr.all_pf_rfo.l3_hit_s.snoop_miss_0, 0x1b7, 0x200100120
ocr.all_pf_rfo.l3_hit_s.snoop_miss_1, 0x1bb, 0x200100120
ocr.all_pf_rfo.l3_hit_s.snoop_none_0, 0x1b7, 0x80100120
ocr.all_pf_rfo.l3_hit_s.snoop_none_1, 0x1bb, 0x80100120
ocr.all_reads.l3_hit.any_snoop_0, 0x1b7, 0x3f803c07f7
ocr.all_reads.l3_hit.any_snoop_1, 0x1bb, 0x3f803c07f7
ocr.all_reads.l3_hit.hitm_other_core_0, 0x1b7, 0x10003c07f7
ocr.all_reads.l3_hit.hitm_other_core_1, 0x1bb, 0x10003c07f7
ocr.all_reads.l3_hit.hit_other_core_fwd_0, 0x1b7, 0x8003c07f7
ocr.all_reads.l3_hit.hit_other_core_fwd_1, 0x1bb, 0x8003c07f7
ocr.all_reads.l3_hit.hit_other_core_no_fwd_0, 0x1b7, 0x4003c07f7
ocr.all_reads.l3_hit.hit_other_core_no_fwd_1, 0x1bb, 0x4003c07f7
ocr.all_reads.l3_hit.no_snoop_needed_0, 0x1b7, 0x1003c07f7
ocr.all_reads.l3_hit.no_snoop_needed_1, 0x1bb, 0x1003c07f7
ocr.all_reads.l3_hit.snoop_hit_with_fwd_0, 0x1b7, 0x8007c07f7
ocr.all_reads.l3_hit.snoop_hit_with_fwd_1, 0x1bb, 0x8007c07f7
ocr.all_reads.l3_hit.snoop_miss_0, 0x1b7, 0x2003c07f7
ocr.all_reads.l3_hit.snoop_miss_1, 0x1bb, 0x2003c07f7
ocr.all_reads.l3_hit.snoop_none_0, 0x1b7, 0x803c07f7
ocr.all_reads.l3_hit.snoop_none_1, 0x1bb, 0x803c07f7
ocr.all_reads.l3_hit_e.any_snoop_0, 0x1b7, 0x3f800807f7
ocr.all_reads.l3_hit_e.any_snoop_1, 0x1bb, 0x3f800807f7
ocr.all_reads.l3_hit_e.hitm_other_core_0, 0x1b7, 0x10000807f7
ocr.all_reads.l3_hit_e.hitm_other_core_1, 0x1bb, 0x10000807f7
ocr.all_reads.l3_hit_e.hit_other_core_fwd_0, 0x1b7, 0x8000807f7
ocr.all_reads.l3_hit_e.hit_other_core_fwd_1, 0x1bb, 0x8000807f7
ocr.all_reads.l3_hit_e.hit_other_core_no_fwd_0, 0x1b7, 0x4000807f7
ocr.all_reads.l3_hit_e.hit_other_core_no_fwd_1, 0x1bb, 0x4000807f7
ocr.all_reads.l3_hit_e.no_snoop_needed_0, 0x1b7, 0x1000807f7
ocr.all_reads.l3_hit_e.no_snoop_needed_1, 0x1bb, 0x1000807f7
ocr.all_reads.l3_hit_e.snoop_miss_0, 0x1b7, 0x2000807f7
ocr.all_reads.l3_hit_e.snoop_miss_1, 0x1bb, 0x2000807f7
ocr.all_reads.l3_hit_e.snoop_none_0, 0x1b7, 0x800807f7
ocr.all_reads.l3_hit_e.snoop_none_1, 0x1bb, 0x800807f7
ocr.all_reads.l3_hit_f.any_snoop_0, 0x1b7, 0x3f802007f7
ocr.all_reads.l3_hit_f.any_snoop_1, 0x1bb, 0x3f802007f7
ocr.all_reads.l3_hit_f.hitm_other_core_0, 0x1b7, 0x10002007f7
ocr.all_reads.l3_hit_f.hitm_other_core_1, 0x1bb, 0x10002007f7
ocr.all_reads.l3_hit_f.hit_other_core_fwd_0, 0x1b7, 0x8002007f7
ocr.all_reads.l3_hit_f.hit_other_core_fwd_1, 0x1bb, 0x8002007f7
ocr.all_reads.l3_hit_f.hit_other_core_no_fwd_0, 0x1b7, 0x4002007f7
ocr.all_reads.l3_hit_f.hit_other_core_no_fwd_1, 0x1bb, 0x4002007f7
ocr.all_reads.l3_hit_f.no_snoop_needed_0, 0x1b7, 0x1002007f7
ocr.all_reads.l3_hit_f.no_snoop_needed_1, 0x1bb, 0x1002007f7
ocr.all_reads.l3_hit_f.snoop_miss_0, 0x1b7, 0x2002007f7
ocr.all_reads.l3_hit_f.snoop_miss_1, 0x1bb, 0x2002007f7
ocr.all_reads.l3_hit_f.snoop_none_0, 0x1b7, 0x802007f7
ocr.all_reads.l3_hit_f.snoop_none_1, 0x1bb, 0x802007f7
ocr.all_reads.l3_hit_m.any_snoop_0, 0x1b7, 0x3f800407f7
ocr.all_reads.l3_hit_m.any_snoop_1, 0x1bb, 0x3f800407f7
ocr.all_reads.l3_hit_m.hitm_other_core_0, 0x1b7, 0x10000407f7
ocr.all_reads.l3_hit_m.hitm_other_core_1, 0x1bb, 0x10000407f7
ocr.all_reads.l3_hit_m.hit_other_core_fwd_0, 0x1b7, 0x8000407f7
ocr.all_reads.l3_hit_m.hit_other_core_fwd_1, 0x1bb, 0x8000407f7
ocr.all_reads.l3_hit_m.hit_other_core_no_fwd_0, 0x1b7, 0x4000407f7
ocr.all_reads.l3_hit_m.hit_other_core_no_fwd_1, 0x1bb, 0x4000407f7
ocr.all_reads.l3_hit_m.no_snoop_needed_0, 0x1b7, 0x1000407f7
ocr.all_reads.l3_hit_m.no_snoop_needed_1, 0x1bb, 0x1000407f7
ocr.all_reads.l3_hit_m.snoop_miss_0, 0x1b7, 0x2000407f7
ocr.all_reads.l3_hit_m.snoop_miss_1, 0x1bb, 0x2000407f7
ocr.all_reads.l3_hit_m.snoop_none_0, 0x1b7, 0x800407f7
ocr.all_reads.l3_hit_m.snoop_none_1, 0x1bb, 0x800407f7
ocr.all_reads.l3_hit_s.any_snoop_0, 0x1b7, 0x3f801007f7
ocr.all_reads.l3_hit_s.any_snoop_1, 0x1bb, 0x3f801007f7
ocr.all_reads.l3_hit_s.hitm_other_core_0, 0x1b7, 0x10001007f7
ocr.all_reads.l3_hit_s.hitm_other_core_1, 0x1bb, 0x10001007f7
ocr.all_reads.l3_hit_s.hit_other_core_fwd_0, 0x1b7, 0x8001007f7
ocr.all_reads.l3_hit_s.hit_other_core_fwd_1, 0x1bb, 0x8001007f7
ocr.all_reads.l3_hit_s.hit_other_core_no_fwd_0, 0x1b7, 0x4001007f7
ocr.all_reads.l3_hit_s.hit_other_core_no_fwd_1, 0x1bb, 0x4001007f7
ocr.all_reads.l3_hit_s.no_snoop_needed_0, 0x1b7, 0x1001007f7
ocr.all_reads.l3_hit_s.no_snoop_needed_1, 0x1bb, 0x1001007f7
ocr.all_reads.l3_hit_s.snoop_miss_0, 0x1b7, 0x2001007f7
ocr.all_reads.l3_hit_s.snoop_miss_1, 0x1bb, 0x2001007f7
ocr.all_reads.l3_hit_s.snoop_none_0, 0x1b7, 0x801007f7
ocr.all_reads.l3_hit_s.snoop_none_1, 0x1bb, 0x801007f7
ocr.all_rfo.l3_hit.any_snoop_0, 0x1b7, 0x3f803c0122
ocr.all_rfo.l3_hit.any_snoop_1, 0x1bb, 0x3f803c0122
ocr.all_rfo.l3_hit.hitm_other_core_0, 0x1b7, 0x10003c0122
ocr.all_rfo.l3_hit.hitm_other_core_1, 0x1bb, 0x10003c0122
ocr.all_rfo.l3_hit.hit_other_core_fwd_0, 0x1b7, 0x8003c0122
ocr.all_rfo.l3_hit.hit_other_core_fwd_1, 0x1bb, 0x8003c0122
ocr.all_rfo.l3_hit.hit_other_core_no_fwd_0, 0x1b7, 0x4003c0122
ocr.all_rfo.l3_hit.hit_other_core_no_fwd_1, 0x1bb, 0x4003c0122
ocr.all_rfo.l3_hit.no_snoop_needed_0, 0x1b7, 0x1003c0122
ocr.all_rfo.l3_hit.no_snoop_needed_1, 0x1bb, 0x1003c0122
ocr.all_rfo.l3_hit.snoop_hit_with_fwd_0, 0x1b7, 0x8007c0122
ocr.all_rfo.l3_hit.snoop_hit_with_fwd_1, 0x1bb, 0x8007c0122
ocr.all_rfo.l3_hit.snoop_miss_0, 0x1b7, 0x2003c0122
ocr.all_rfo.l3_hit.snoop_miss_1, 0x1bb, 0x2003c0122
ocr.all_rfo.l3_hit.snoop_none_0, 0x1b7, 0x803c0122
ocr.all_rfo.l3_hit.snoop_none_1, 0x1bb, 0x803c0122
ocr.all_rfo.l3_hit_e.any_snoop_0, 0x1b7, 0x3f80080122
ocr.all_rfo.l3_hit_e.any_snoop_1, 0x1bb, 0x3f80080122
ocr.all_rfo.l3_hit_e.hitm_other_core_0, 0x1b7, 0x1000080122
ocr.all_rfo.l3_hit_e.hitm_other_core_1, 0x1bb, 0x1000080122
ocr.all_rfo.l3_hit_e.hit_other_core_fwd_0, 0x1b7, 0x800080122
ocr.all_rfo.l3_hit_e.hit_other_core_fwd_1, 0x1bb, 0x800080122
ocr.all_rfo.l3_hit_e.hit_other_core_no_fwd_0, 0x1b7, 0x400080122
ocr.all_rfo.l3_hit_e.hit_other_core_no_fwd_1, 0x1bb, 0x400080122
ocr.all_rfo.l3_hit_e.no_snoop_needed_0, 0x1b7, 0x100080122
ocr.all_rfo.l3_hit_e.no_snoop_needed_1, 0x1bb, 0x100080122
ocr.all_rfo.l3_hit_e.snoop_miss_0, 0x1b7, 0x200080122
ocr.all_rfo.l3_hit_e.snoop_miss_1, 0x1bb, 0x200080122
ocr.all_rfo.l3_hit_e.snoop_none_0, 0x1b7, 0x80080122
ocr.all_rfo.l3_hit_e.snoop_none_1, 0x1bb, 0x80080122
ocr.all_rfo.l3_hit_f.any_snoop_0, 0x1b7, 0x3f80200122
ocr.all_rfo.l3_hit_f.any_snoop_1, 0x1bb, 0x3f80200122
ocr.all_rfo.l3_hit_f.hitm_other_core_0, 0x1b7, 0x1000200122
ocr.all_rfo.l3_hit_f.hitm_other_core_1, 0x1bb, 0x1000200122
ocr.all_rfo.l3_hit_f.hit_other_core_fwd_0, 0x1b7, 0x800200122
ocr.all_rfo.l3_hit_f.hit_other_core_fwd_1, 0x1bb, 0x800200122
ocr.all_rfo.l3_hit_f.hit_other_core_no_fwd_0, 0x1b7, 0x400200122
ocr.all_rfo.l3_hit_f.hit_other_core_no_fwd_1, 0x1bb, 0x400200122
ocr.all_rfo.l3_hit_f.no_snoop_needed_0, 0x1b7, 0x100200122
ocr.all_rfo.l3_hit_f.no_snoop_needed_1, 0x1bb, 0x100200122
ocr.all_rfo.l3_hit_f.snoop_miss_0, 0x1b7, 0x200200122
ocr.all_rfo.l3_hit_f.snoop_miss_1, 0x1bb, 0x200200122
ocr.all_rfo.l3_hit_f.snoop_none_0, 0x1b7, 0x80200122
ocr.all_rfo.l3_hit_f.snoop_none_1, 0x1bb, 0x80200122
ocr.all_rfo.l3_hit_m.any_snoop_0, 0x1b7, 0x3f80040122
ocr.all_rfo.l3_hit_m.any_snoop_1, 0x1bb, 0x3f80040122
ocr.all_rfo.l3_hit_m.hitm_other_core_0, 0x1b7, 0x1000040122
ocr.all_rfo.l3_hit_m.hitm_other_core_1, 0x1bb, 0x1000040122
ocr.all_rfo.l3_hit_m.hit_other_core_fwd_0, 0x1b7, 0x800040122
ocr.all_rfo.l3_hit_m.hit_other_core_fwd_1, 0x1bb, 0x800040122
ocr.all_rfo.l3_hit_m.hit_other_core_no_fwd_0, 0x1b7, 0x400040122
ocr.all_rfo.l3_hit_m.hit_other_core_no_fwd_1, 0x1bb, 0x400040122
ocr.all_rfo.l3_hit_m.no_snoop_needed_0, 0x1b7, 0x100040122
ocr.all_rfo.l3_hit_m.no_snoop_needed_1, 0x1bb, 0x100040122
ocr.all_rfo.l3_hit_m.snoop_miss_0, 0x1b7, 0x200040122
ocr.all_rfo.l3_hit_m.snoop_miss_1, 0x1bb, 0x200040122
ocr.all_rfo.l3_hit_m.snoop_none_0, 0x1b7, 0x80040122
ocr.all_rfo.l3_hit_m.snoop_none_1, 0x1bb, 0x80040122
ocr.all_rfo.l3_hit_s.any_snoop_0, 0x1b7, 0x3f80100122
ocr.all_rfo.l3_hit_s.any_snoop_1, 0x1bb, 0x3f80100122
ocr.all_rfo.l3_hit_s.hitm_other_core_0, 0x1b7, 0x1000100122
ocr.all_rfo.l3_hit_s.hitm_other_core_1, 0x1bb, 0x1000100122
ocr.all_rfo.l3_hit_s.hit_other_core_fwd_0, 0x1b7, 0x800100122
ocr.all_rfo.l3_hit_s.hit_other_core_fwd_1, 0x1bb, 0x800100122
ocr.all_rfo.l3_hit_s.hit_other_core_no_fwd_0, 0x1b7, 0x400100122
ocr.all_rfo.l3_hit_s.hit_other_core_no_fwd_1, 0x1bb, 0x400100122
ocr.all_rfo.l3_hit_s.no_snoop_needed_0, 0x1b7, 0x100100122
ocr.all_rfo.l3_hit_s.no_snoop_needed_1, 0x1bb, 0x100100122
ocr.all_rfo.l3_hit_s.snoop_miss_0, 0x1b7, 0x200100122
ocr.all_rfo.l3_hit_s.snoop_miss_1, 0x1bb, 0x200100122
ocr.all_rfo.l3_hit_s.snoop_none_0, 0x1b7, 0x80100122
ocr.all_rfo.l3_hit_s.snoop_none_1, 0x1bb, 0x80100122
ocr.demand_code_rd.any_response_0, 0x1b7, 0x10004
ocr.demand_code_rd.any_response_1, 0x1bb, 0x10004
ocr.demand_code_rd.l3_hit.any_snoop_0, 0x1b7, 0x3f803c0004
ocr.demand_code_rd.l3_hit.any_snoop_1, 0x1bb, 0x3f803c0004
ocr.demand_code_rd.l3_hit.hitm_other_core_0, 0x1b7, 0x10003c0004
ocr.demand_code_rd.l3_hit.hitm_other_core_1, 0x1bb, 0x10003c0004
ocr.demand_code_rd.l3_hit.hit_other_core_fwd_0, 0x1b7, 0x8003c0004
ocr.demand_code_rd.l3_hit.hit_other_core_fwd_1, 0x1bb, 0x8003c0004
ocr.demand_code_rd.l3_hit.hit_other_core_no_fwd_0, 0x1b7, 0x4003c0004
ocr.demand_code_rd.l3_hit.hit_other_core_no_fwd_1, 0x1bb, 0x4003c0004
ocr.demand_code_rd.l3_hit.no_snoop_needed_0, 0x1b7, 0x1003c0004
ocr.demand_code_rd.l3_hit.no_snoop_needed_1, 0x1bb, 0x1003c0004
ocr.demand_code_rd.l3_hit.snoop_hit_with_fwd_0, 0x1b7, 0x8007c0004
ocr.demand_code_rd.l3_hit.snoop_hit_with_fwd_1, 0x1bb, 0x8007c0004
ocr.demand_code_rd.l3_hit.snoop_miss_0, 0x1b7, 0x2003c0004
ocr.demand_code_rd.l3_hit.snoop_miss_1, 0x1bb, 0x2003c0004
ocr.demand_code_rd.l3_hit.snoop_none_0, 0x1b7, 0x803c0004
ocr.demand_code_rd.l3_hit.snoop_none_1, 0x1bb, 0x803c0004
ocr.demand_code_rd.l3_hit_e.any_snoop_0, 0x1b7, 0x3f80080004
ocr.demand_code_rd.l3_hit_e.any_snoop_1, 0x1bb, 0x3f80080004
ocr.demand_code_rd.l3_hit_e.hitm_other_core_0, 0x1b7, 0x1000080004
ocr.demand_code_rd.l3_hit_e.hitm_other_core_1, 0x1bb, 0x1000080004
ocr.demand_code_rd.l3_hit_e.hit_other_core_fwd_0, 0x1b7, 0x800080004
ocr.demand_code_rd.l3_hit_e.hit_other_core_fwd_1, 0x1bb, 0x800080004
ocr.demand_code_rd.l3_hit_e.hit_other_core_no_fwd_0, 0x1b7, 0x400080004
ocr.demand_code_rd.l3_hit_e.hit_other_core_no_fwd_1, 0x1bb, 0x400080004
ocr.demand_code_rd.l3_hit_e.no_snoop_needed_0, 0x1b7, 0x100080004
ocr.demand_code_rd.l3_hit_e.no_snoop_needed_1, 0x1bb, 0x100080004
ocr.demand_code_rd.l3_hit_e.snoop_miss_0, 0x1b7, 0x200080004
ocr.demand_code_rd.l3_hit_e.snoop_miss_1, 0x1bb, 0x200080004
ocr.demand_code_rd.l3_hit_e.snoop_none_0, 0x1b7, 0x80080004
ocr.demand_code_rd.l3_hit_e.snoop_none_1, 0x1bb, 0x80080004
ocr.demand_code_rd.l3_hit_f.any_snoop_0, 0x1b7, 0x3f80200004
ocr.demand_code_rd.l3_hit_f.any_snoop_1, 0x1bb, 0x3f80200004
ocr.demand_code_rd.l3_hit_f.hitm_other_core_0, 0x1b7, 0x1000200004
ocr.demand_code_rd.l3_hit_f.hitm_other_core_1, 0x1bb, 0x1000200004
ocr.demand_code_rd.l3_hit_f.hit_other_core_fwd_0, 0x1b7, 0x800200004
ocr.demand_code_rd.l3_hit_f.hit_other_core_fwd_1, 0x1bb, 0x800200004
ocr.demand_code_rd.l3_hit_f.hit_other_core_no_fwd_0, 0x1b7, 0x400200004
ocr.demand_code_rd.l3_hit_f.hit_other_core_no_fwd_1, 0x1bb, 0x400200004
ocr.demand_code_rd.l3_hit_f.no_snoop_needed_0, 0x1b7, 0x100200004
ocr.demand_code_rd.l3_hit_f.no_snoop_needed_1, 0x1bb, 0x100200004
ocr.demand_code_rd.l3_hit_f.snoop_miss_0, 0x1b7, 0x200200004
ocr.demand_code_rd.l3_hit_f.snoop_miss_1, 0x1bb, 0x200200004
ocr.demand_code_rd.l3_hit_f.snoop_none_0, 0x1b7, 0x80200004
ocr.demand_code_rd.l3_hit_f.snoop_none_1, 0x1bb, 0x80200004
ocr.demand_code_rd.l3_hit_m.any_snoop_0, 0x1b7, 0x3f80040004
ocr.demand_code_rd.l3_hit_m.any_snoop_1, 0x1bb, 0x3f80040004
ocr.demand_code_rd.l3_hit_m.hitm_other_core_0, 0x1b7, 0x1000040004
ocr.demand_code_rd.l3_hit_m.hitm_other_core_1, 0x1bb, 0x1000040004
ocr.demand_code_rd.l3_hit_m.hit_other_core_fwd_0, 0x1b7, 0x800040004
ocr.demand_code_rd.l3_hit_m.hit_other_core_fwd_1, 0x1bb, 0x800040004
ocr.demand_code_rd.l3_hit_m.hit_other_core_no_fwd_0, 0x1b7, 0x400040004
ocr.demand_code_rd.l3_hit_m.hit_other_core_no_fwd_1, 0x1bb, 0x400040004
ocr.demand_code_rd.l3_hit_m.no_snoop_needed_0, 0x1b7, 0x100040004
ocr.demand_code_rd.l3_hit_m.no_snoop_needed_1, 0x1bb, 0x100040004
ocr.demand_code_rd.l3_hit_m.snoop_miss_0, 0x1b7, 0x200040004
ocr.demand_code_rd.l3_hit_m.snoop_miss_1, 0x1bb, 0x200040004
ocr.demand_code_rd.l3_hit_m.snoop_none_0, 0x1b7, 0x80040004
ocr.demand_code_rd.l3_hit_m.snoop_none_1, 0x1bb, 0x80040004
ocr.demand_code_rd.l3_hit_s.any_snoop_0, 0x1b7, 0x3f80100004
ocr.demand_code_rd.l3_hit_s.any_snoop_1, 0x1bb, 0x3f80100004
ocr.demand_code_rd.l3_hit_s.hitm_other_core_0, 0x1b7, 0x1000100004
ocr.demand_code_rd.l3_hit_s.hitm_other_core_1, 0x1bb, 0x1000100004
ocr.demand_code_rd.l3_hit_s.hit_other_core_fwd_0, 0x1b7, 0x800100004
ocr.demand_code_rd.l3_hit_s.hit_other_core_fwd_1, 0x1bb, 0x800100004
ocr.demand_code_rd.l3_hit_s.hit_other_core_no_fwd_0, 0x1b7, 0x400100004
ocr.demand_code_rd.l3_hit_s.hit_other_core_no_fwd_1, 0x1bb, 0x400100004
ocr.demand_code_rd.l3_hit_s.no_snoop_needed_0, 0x1b7, 0x100100004
ocr.demand_code_rd.l3_hit_s.no_snoop_needed_1, 0x1bb, 0x100100004
ocr.demand_code_rd.l3_hit_s.snoop_miss_0, 0x1b7, 0x200100004
ocr.demand_code_rd.l3_hit_s.snoop_miss_1, 0x1bb, 0x200100004
ocr.demand_code_rd.l3_hit_s.snoop_none_0, 0x1b7, 0x80100004
ocr.demand_code_rd.l3_hit_s.snoop_none_1, 0x1bb, 0x80100004
ocr.demand_code_rd.pmm_hit_local_pmm.any_snoop_0, 0x1b7, 0x3f80400004
ocr.demand_code_rd.pmm_hit_local_pmm.any_snoop_1, 0x1bb, 0x3f80400004
ocr.demand_code_rd.pmm_hit_local_pmm.snoop_none_0, 0x1b7, 0x80400004
ocr.demand_code_rd.pmm_hit_local_pmm.snoop_none_1, 0x1bb, 0x80400004
ocr.demand_code_rd.pmm_hit_local_pmm.snoop_not_needed_0, 0x1b7, 0x100400004
ocr.demand_code_rd.pmm_hit_local_pmm.snoop_not_needed_1, 0x1bb, 0x100400004
ocr.demand_code_rd.supplier_none.any_snoop_0, 0x1b7, 0x3f80020004
ocr.demand_code_rd.supplier_none.any_snoop_1, 0x1bb, 0x3f80020004
ocr.demand_code_rd.supplier_none.hitm_other_core_0, 0x1b7, 0x1000020004
ocr.demand_code_rd.supplier_none.hitm_other_core_1, 0x1bb, 0x1000020004
ocr.demand_code_rd.supplier_none.hit_other_core_fwd_0, 0x1b7, 0x800020004
ocr.demand_code_rd.supplier_none.hit_other_core_fwd_1, 0x1bb, 0x800020004
ocr.demand_code_rd.supplier_none.hit_other_core_no_fwd_0, 0x1b7, 0x400020004
ocr.demand_code_rd.supplier_none.hit_other_core_no_fwd_1, 0x1bb, 0x400020004
ocr.demand_code_rd.supplier_none.no_snoop_needed_0, 0x1b7, 0x100020004
ocr.demand_code_rd.supplier_none.no_snoop_needed_1, 0x1bb, 0x100020004
ocr.demand_code_rd.supplier_none.snoop_miss_0, 0x1b7, 0x200020004
ocr.demand_code_rd.supplier_none.snoop_miss_1, 0x1bb, 0x200020004
ocr.demand_code_rd.supplier_none.snoop_none_0, 0x1b7, 0x80020004
ocr.demand_code_rd.supplier_none.snoop_none_1, 0x1bb, 0x80020004
ocr.demand_data_rd.any_response_0, 0x1b7, 0x10001
ocr.demand_data_rd.any_response_1, 0x1bb, 0x10001
ocr.demand_data_rd.l3_hit.any_snoop_0, 0x1b7, 0x3f803c0001
ocr.demand_data_rd.l3_hit.any_snoop_1, 0x1bb, 0x3f803c0001
ocr.demand_data_rd.l3_hit.hitm_other_core_0, 0x1b7, 0x10003c0001
ocr.demand_data_rd.l3_hit.hitm_other_core_1, 0x1bb, 0x10003c0001
ocr.demand_data_rd.l3_hit.hit_other_core_fwd_0, 0x1b7, 0x8003c0001
ocr.demand_data_rd.l3_hit.hit_other_core_fwd_1, 0x1bb, 0x8003c0001
ocr.demand_data_rd.l3_hit.hit_other_core_no_fwd_0, 0x1b7, 0x4003c0001
ocr.demand_data_rd.l3_hit.hit_other_core_no_fwd_1, 0x1bb, 0x4003c0001
ocr.demand_data_rd.l3_hit.no_snoop_needed_0, 0x1b7, 0x1003c0001
ocr.demand_data_rd.l3_hit.no_snoop_needed_1, 0x1bb, 0x1003c0001
ocr.demand_data_rd.l3_hit.snoop_hit_with_fwd_0, 0x1b7, 0x8007c0001
ocr.demand_data_rd.l3_hit.snoop_hit_with_fwd_1, 0x1bb, 0x8007c0001
ocr.demand_data_rd.l3_hit.snoop_miss_0, 0x1b7, 0x2003c0001
ocr.demand_data_rd.l3_hit.snoop_miss_1, 0x1bb, 0x2003c0001
ocr.demand_data_rd.l3_hit.snoop_none_0, 0x1b7, 0x803c0001
ocr.demand_data_rd.l3_hit.snoop_none_1, 0x1bb, 0x803c0001
ocr.demand_data_rd.l3_hit_e.any_snoop_0, 0x1b7, 0x3f80080001
ocr.demand_data_rd.l3_hit_e.any_snoop_1, 0x1bb, 0x3f80080001
ocr.demand_data_rd.l3_hit_e.hitm_other_core_0, 0x1b7, 0x1000080001
ocr.demand_data_rd.l3_hit_e.hitm_other_core_1, 0x1bb, 0x1000080001
ocr.demand_data_rd.l3_hit_e.hit_other_core_fwd_0, 0x1b7, 0x800080001
ocr.demand_data_rd.l3_hit_e.hit_other_core_fwd_1, 0x1bb, 0x800080001
ocr.demand_data_rd.l3_hit_e.hit_other_core_no_fwd_0, 0x1b7, 0x400080001
ocr.demand_data_rd.l3_hit_e.hit_other_core_no_fwd_1, 0x1bb, 0x400080001
ocr.demand_data_rd.l3_hit_e.no_snoop_needed_0, 0x1b7, 0x100080001
ocr.demand_data_rd.l3_hit_e.no_snoop_needed_1, 0x1bb, 0x100080001
ocr.demand_data_rd.l3_hit_e.snoop_miss_0, 0x1b7, 0x200080001
ocr.demand_data_rd.l3_hit_e.snoop_miss_1, 0x1bb, 0x200080001
ocr.demand_data_rd.l3_hit_e.snoop_none_0, 0x1b7, 0x80080001
ocr.demand_data_rd.l3_hit_e.snoop_none_1, 0x1bb, 0x80080001
ocr.demand_data_rd.l3_hit_f.any_snoop_0, 0x1b7, 0x3f80200001
ocr.demand_data_rd.l3_hit_f.any_snoop_1, 0x1bb, 0x3f80200001
ocr.demand_data_rd.l3_hit_f.hitm_other_core_0, 0x1b7, 0x1000200001
ocr.demand_data_rd.l3_hit_f.hitm_other_core_1, 0x1bb, 0x1000200001
ocr.demand_data_rd.l3_hit_f.hit_other_core_fwd_0, 0x1b7, 0x800200001
ocr.demand_data_rd.l3_hit_f.hit_other_core_fwd_1, 0x1bb, 0x800200001
ocr.demand_data_rd.l3_hit_f.hit_other_core_no_fwd_0, 0x1b7, 0x400200001
ocr.demand_data_rd.l3_hit_f.hit_other_core_no_fwd_1, 0x1bb, 0x400200001
ocr.demand_data_rd.l3_hit_f.no_snoop_needed_0, 0x1b7, 0x100200001
ocr.demand_data_rd.l3_hit_f.no_snoop_needed_1, 0x1bb, 0x100200001
ocr.demand_data_rd.l3_hit_f.snoop_miss_0, 0x1b7, 0x200200001
ocr.demand_data_rd.l3_hit_f.snoop_miss_1, 0x1bb, 0x200200001
ocr.demand_data_rd.l3_hit_f.snoop_none_0, 0x1b7, 0x80200001
ocr.demand_data_rd.l3_hit_f.snoop_none_1, 0x1bb, 0x80200001
ocr.demand_data_rd.l3_hit_m.any_snoop_0, 0x1b7, 0x3f80040001
ocr.demand_data_rd.l3_hit_m.any_snoop_1, 0x1bb, 0x3f80040001
ocr.demand_data_rd.l3_hit_m.hitm_other_core_0, 0x1b7, 0x1000040001
ocr.demand_data_rd.l3_hit_m.hitm_other_core_1, 0x1bb, 0x1000040001
ocr.demand_data_rd.l3_hit_m.hit_other_core_fwd_0, 0x1b7, 0x800040001
ocr.demand_data_rd.l3_hit_m.hit_other_core_fwd_1, 0x1bb, 0x800040001
ocr.demand_data_rd.l3_hit_m.hit_other_core_no_fwd_0, 0x1b7, 0x400040001
ocr.demand_data_rd.l3_hit_m.hit_other_core_no_fwd_1, 0x1bb, 0x400040001
ocr.demand_data_rd.l3_hit_m.no_snoop_needed_0, 0x1b7, 0x100040001
ocr.demand_data_rd.l3_hit_m.no_snoop_needed_1, 0x1bb, 0x100040001
ocr.demand_data_rd.l3_hit_m.snoop_miss_0, 0x1b7, 0x200040001
ocr.demand_data_rd.l3_hit_m.snoop_miss_1, 0x1bb, 0x200040001
ocr.demand_data_rd.l3_hit_m.snoop_none_0, 0x1b7, 0x80040001
ocr.demand_data_rd.l3_hit_m.snoop_none_1, 0x1bb, 0x80040001
ocr.demand_data_rd.l3_hit_s.any_snoop_0, 0x1b7, 0x3f80100001
ocr.demand_data_rd.l3_hit_s.any_snoop_1, 0x1bb, 0x3f80100001
ocr.demand_data_rd.l3_hit_s.hitm_other_core_0, 0x1b7, 0x1000100001
ocr.demand_data_rd.l3_hit_s.hitm_other_core_1, 0x1bb, 0x1000100001
ocr.demand_data_rd.l3_hit_s.hit_other_core_fwd_0, 0x1b7, 0x800100001
ocr.demand_data_rd.l3_hit_s.hit_other_core_fwd_1, 0x1bb, 0x800100001
ocr.demand_data_rd.l3_hit_s.hit_other_core_no_fwd_0, 0x1b7, 0x400100001
ocr.demand_data_rd.l3_hit_s.hit_other_core_no_fwd_1, 0x1bb, 0x400100001
ocr.demand_data_rd.l3_hit_s.no_snoop_needed_0, 0x1b7, 0x100100001
ocr.demand_data_rd.l3_hit_s.no_snoop_needed_1, 0x1bb, 0x100100001
ocr.demand_data_rd.l3_hit_s.snoop_miss_0, 0x1b7, 0x200100001
ocr.demand_data_rd.l3_hit_s.snoop_miss_1, 0x1bb, 0x200100001
ocr.demand_data_rd.l3_hit_s.snoop_none_0, 0x1b7, 0x80100001
ocr.demand_data_rd.l3_hit_s.snoop_none_1, 0x1bb, 0x80100001
ocr.demand_data_rd.pmm_hit_local_pmm.any_snoop_0, 0x1b7, 0x3f80400001
ocr.demand_data_rd.pmm_hit_local_pmm.any_snoop_1, 0x1bb, 0x3f80400001
ocr.demand_data_rd.pmm_hit_local_pmm.snoop_none_0, 0x1b7, 0x80400001
ocr.demand_data_rd.pmm_hit_local_pmm.snoop_none_1, 0x1bb, 0x80400001
ocr.demand_data_rd.pmm_hit_local_pmm.snoop_not_needed_0, 0x1b7, 0x100400001
ocr.demand_data_rd.pmm_hit_local_pmm.snoop_not_needed_1, 0x1bb, 0x100400001
ocr.demand_data_rd.supplier_none.any_snoop_0, 0x1b7, 0x3f80020001
ocr.demand_data_rd.supplier_none.any_snoop_1, 0x1bb, 0x3f80020001
ocr.demand_data_rd.supplier_none.hitm_other_core_0, 0x1b7, 0x1000020001
ocr.demand_data_rd.supplier_none.hitm_other_core_1, 0x1bb, 0x1000020001
ocr.demand_data_rd.supplier_none.hit_other_core_fwd_0, 0x1b7, 0x800020001
ocr.demand_data_rd.supplier_none.hit_other_core_fwd_1, 0x1bb, 0x800020001
ocr.demand_data_rd.supplier_none.hit_other_core_no_fwd_0, 0x1b7, 0x400020001
ocr.demand_data_rd.supplier_none.hit_other_core_no_fwd_1, 0x1bb, 0x400020001
ocr.demand_data_rd.supplier_none.no_snoop_needed_0, 0x1b7, 0x100020001
ocr.demand_data_rd.supplier_none.no_snoop_needed_1, 0x1bb, 0x100020001
ocr.demand_data_rd.supplier_none.snoop_miss_0, 0x1b7, 0x200020001
ocr.demand_data_rd.supplier_none.snoop_miss_1, 0x1bb, 0x200020001
ocr.demand_data_rd.supplier_none.snoop_none_0, 0x1b7, 0x80020001
ocr.demand_data_rd.supplier_none.snoop_none_1, 0x1bb, 0x80020001
ocr.demand_rfo.any_response_0, 0x1b7, 0x10002
ocr.demand_rfo.any_response_1, 0x1bb, 0x10002
ocr.demand_rfo.l3_hit.any_snoop_0, 0x1b7, 0x3f803c0002
ocr.demand_rfo.l3_hit.any_snoop_1, 0x1bb, 0x3f803c0002
ocr.demand_rfo.l3_hit.hitm_other_core_0, 0x1b7, 0x10003c0002
ocr.demand_rfo.l3_hit.hitm_other_core_1, 0x1bb, 0x10003c0002
ocr.demand_rfo.l3_hit.hit_other_core_fwd_0, 0x1b7, 0x8003c0002
ocr.demand_rfo.l3_hit.hit_other_core_fwd_1, 0x1bb, 0x8003c0002
ocr.demand_rfo.l3_hit.hit_other_core_no_fwd_0, 0x1b7, 0x4003c0002
ocr.demand_rfo.l3_hit.hit_other_core_no_fwd_1, 0x1bb, 0x4003c0002
ocr.demand_rfo.l3_hit.no_snoop_needed_0, 0x1b7, 0x1003c0002
ocr.demand_rfo.l3_hit.no_snoop_needed_1, 0x1bb, 0x1003c0002
ocr.demand_rfo.l3_hit.snoop_hit_with_fwd_0, 0x1b7, 0x8007c0002
ocr.demand_rfo.l3_hit.snoop_hit_with_fwd_1, 0x1bb, 0x8007c0002
ocr.demand_rfo.l3_hit.snoop_miss_0, 0x1b7, 0x2003c0002
ocr.demand_rfo.l3_hit.snoop_miss_1, 0x1bb, 0x2003c0002
ocr.demand_rfo.l3_hit.snoop_none_0, 0x1b7, 0x803c0002
ocr.demand_rfo.l3_hit.snoop_none_1, 0x1bb, 0x803c0002
ocr.demand_rfo.l3_hit_e.any_snoop_0, 0x1b7, 0x3f80080002
ocr.demand_rfo.l3_hit_e.any_snoop_1, 0x1bb, 0x3f80080002
ocr.demand_rfo.l3_hit_e.hitm_other_core_0, 0x1b7, 0x1000080002
ocr.demand_rfo.l3_hit_e.hitm_other_core_1, 0x1bb, 0x1000080002
ocr.demand_rfo.l3_hit_e.hit_other_core_fwd_0, 0x1b7, 0x800080002
ocr.demand_rfo.l3_hit_e.hit_other_core_fwd_1, 0x1bb, 0x800080002
ocr.demand_rfo.l3_hit_e.hit_other_core_no_fwd_0, 0x1b7, 0x400080002
ocr.demand_rfo.l3_hit_e.hit_other_core_no_fwd_1, 0x1bb, 0x400080002
ocr.demand_rfo.l3_hit_e.no_snoop_needed_0, 0x1b7, 0x100080002
ocr.demand_rfo.l3_hit_e.no_snoop_needed_1, 0x1bb, 0x100080002
ocr.demand_rfo.l3_hit_e.snoop_miss_0, 0x1b7, 0x200080002
ocr.demand_rfo.l3_hit_e.snoop_miss_1, 0x1bb, 0x200080002
ocr.demand_rfo.l3_hit_e.snoop_none_0, 0x1b7, 0x80080002
ocr.demand_rfo.l3_hit_e.snoop_none_1, 0x1bb, 0x80080002
ocr.demand_rfo.l3_hit_f.any_snoop_0, 0x1b7, 0x3f80200002
ocr.demand_rfo.l3_hit_f.any_snoop_1, 0x1bb, 0x3f80200002
ocr.demand_rfo.l3_hit_f.hitm_other_core_0, 0x1b7, 0x1000200002
ocr.demand_rfo.l3_hit_f.hitm_other_core_1, 0x1bb, 0x1000200002
ocr.demand_rfo.l3_hit_f.hit_other_core_fwd_0, 0x1b7, 0x800200002
ocr.demand_rfo.l3_hit_f.hit_other_core_fwd_1, 0x1bb, 0x800200002
ocr.demand_rfo.l3_hit_f.hit_other_core_no_fwd_0, 0x1b7, 0x400200002
ocr.demand_rfo.l3_hit_f.hit_other_core_no_fwd_1, 0x1bb, 0x400200002
ocr.demand_rfo.l3_hit_f.no_snoop_needed_0, 0x1b7, 0x100200002
ocr.demand_rfo.l3_hit_f.no_snoop_needed_1, 0x1bb, 0x100200002
ocr.demand_rfo.l3_hit_f.snoop_miss_0, 0x1b7, 0x200200002
ocr.demand_rfo.l3_hit_f.snoop_miss_1, 0x1bb, 0x200200002
ocr.demand_rfo.l3_hit_f.snoop_none_0, 0x1b7, 0x80200002
ocr.demand_rfo.l3_hit_f.snoop_none_1, 0x1bb, 0x80200002
ocr.demand_rfo.l3_hit_m.any_snoop_0, 0x1b7, 0x3f80040002
ocr.demand_rfo.l3_hit_m.any_snoop_1, 0x1bb, 0x3f80040002
ocr.demand_rfo.l3_hit_m.hitm_other_core_0, 0x1b7, 0x1000040002
ocr.demand_rfo.l3_hit_m.hitm_other_core_1, 0x1bb, 0x1000040002
ocr.demand_rfo.l3_hit_m.hit_other_core_fwd_0, 0x1b7, 0x800040002
ocr.demand_rfo.l3_hit_m.hit_other_core_fwd_1, 0x1bb, 0x800040002
ocr.demand_rfo.l3_hit_m.hit_other_core_no_fwd_0, 0x1b7, 0x400040002
ocr.demand_rfo.l3_hit_m.hit_other_core_no_fwd_1, 0x1bb, 0x400040002
ocr.demand_rfo.l3_hit_m.no_snoop_needed_0, 0x1b7, 0x100040002
ocr.demand_rfo.l3_hit_m.no_snoop_needed_1, 0x1bb, 0x100040002
ocr.demand_rfo.l3_hit_m.snoop_miss_0, 0x1b7, 0x200040002
ocr.demand_rfo.l3_hit_m.snoop_miss_1, 0x1bb, 0x200040002
ocr.demand_rfo.l3_hit_m.snoop_none_0, 0x1b7, 0x80040002
ocr.demand_rfo.l3_hit_m.snoop_none_1, 0x1bb, 0x80040002
ocr.demand_rfo.l3_hit_s.any_snoop_0, 0x1b7, 0x3f80100002
ocr.demand_rfo.l3_hit_s.any_snoop_1, 0x1bb, 0x3f80100002
ocr.demand_rfo.l3_hit_s.hitm_other_core_0, 0x1b7, 0x1000100002
ocr.demand_rfo.l3_hit_s.hitm_other_core_1, 0x1bb, 0x1000100002
ocr.demand_rfo.l3_hit_s.hit_other_core_fwd_0, 0x1b7, 0x800100002
ocr.demand_rfo.l3_hit_s.hit_other_core_fwd_1, 0x1bb, 0x800100002
ocr.demand_rfo.l3_hit_s.hit_other_core_no_fwd_0, 0x1b7, 0x400100002
ocr.demand_rfo.l3_hit_s.hit_other_core_no_fwd_1, 0x1bb, 0x400100002
ocr.demand_rfo.l3_hit_s.no_snoop_needed_0, 0x1b7, 0x100100002
ocr.demand_rfo.l3_hit_s.no_snoop_needed_1, 0x1bb, 0x100100002
ocr.demand_rfo.l3_hit_s.snoop_miss_0, 0x1b7, 0x200100002
ocr.demand_rfo.l3_hit_s.snoop_miss_1, 0x1bb, 0x200100002
ocr.demand_rfo.l3_hit_s.snoop_none_0, 0x1b7, 0x80100002
ocr.demand_rfo.l3_hit_s.snoop_none_1, 0x1bb, 0x80100002
ocr.demand_rfo.pmm_hit_local_pmm.any_snoop_0, 0x1b7, 0x3f80400002
ocr.demand_rfo.pmm_hit_local_pmm.any_snoop_1, 0x1bb, 0x3f80400002
ocr.demand_rfo.pmm_hit_local_pmm.snoop_none_0, 0x1b7, 0x80400002
ocr.demand_rfo.pmm_hit_local_pmm.snoop_none_1, 0x1bb, 0x80400002
ocr.demand_rfo.pmm_hit_local_pmm.snoop_not_needed_0, 0x1b7, 0x100400002
ocr.demand_rfo.pmm_hit_local_pmm.snoop_not_needed_1, 0x1bb, 0x100400002
ocr.demand_rfo.supplier_none.any_snoop_0, 0x1b7, 0x3f80020002
ocr.demand_rfo.supplier_none.any_snoop_1, 0x1bb, 0x3f80020002
ocr.demand_rfo.supplier_none.hitm_other_core_0, 0x1b7, 0x1000020002
ocr.demand_rfo.supplier_none.hitm_other_core_1, 0x1bb, 0x1000020002
ocr.demand_rfo.supplier_none.hit_other_core_fwd_0, 0x1b7, 0x800020002
ocr.demand_rfo.supplier_none.hit_other_core_fwd_1, 0x1bb, 0x800020002
ocr.demand_rfo.supplier_none.hit_other_core_no_fwd_0, 0x1b7, 0x400020002
ocr.demand_rfo.supplier_none.hit_other_core_no_fwd_1, 0x1bb, 0x400020002
ocr.demand_rfo.supplier_none.no_snoop_needed_0, 0x1b7, 0x100020002
ocr.demand_rfo.supplier_none.no_snoop_needed_1, 0x1bb, 0x100020002
ocr.demand_rfo.supplier_none.snoop_miss_0, 0x1b7, 0x200020002
ocr.demand_rfo.supplier_none.snoop_miss_1, 0x1bb, 0x200020002
ocr.demand_rfo.supplier_none.snoop_none_0, 0x1b7, 0x80020002
ocr.demand_rfo.supplier_none.snoop_none_1, 0x1bb, 0x80020002
ocr.other.l3_hit.any_snoop_0, 0x1b7, 0x3f803c8000
ocr.other.l3_hit.any_snoop_1, 0x1bb, 0x3f803c8000
ocr.other.l3_hit.hitm_other_core_0, 0x1b7, 0x10003c8000
ocr.other.l3_hit.hitm_other_core_1, 0x1bb, 0x10003c8000
ocr.other.l3_hit.hit_other_core_fwd_0, 0x1b7, 0x8003c8000
ocr.other.l3_hit.hit_other_core_fwd_1, 0x1bb, 0x8003c8000
ocr.other.l3_hit.hit_other_core_no_fwd_0, 0x1b7, 0x4003c8000
ocr.other.l3_hit.hit_other_core_no_fwd_1, 0x1bb, 0x4003c8000
ocr.other.l3_hit.no_snoop_needed_0, 0x1b7, 0x1003c8000
ocr.other.l3_hit.no_snoop_needed_1, 0x1bb, 0x1003c8000
ocr.other.l3_hit.snoop_hit_with_fwd_0, 0x1b7, 0x8007c8000
ocr.other.l3_hit.snoop_hit_with_fwd_1, 0x1bb, 0x8007c8000
ocr.other.l3_hit.snoop_miss_0, 0x1b7, 0x2003c8000
ocr.other.l3_hit.snoop_miss_1, 0x1bb, 0x2003c8000
ocr.other.l3_hit.snoop_none_0, 0x1b7, 0x803c8000
ocr.other.l3_hit.snoop_none_1, 0x1bb, 0x803c8000
ocr.other.l3_hit_e.any_snoop_0, 0x1b7, 0x3f80088000
ocr.other.l3_hit_e.any_snoop_1, 0x1bb, 0x3f80088000
ocr.other.l3_hit_e.hitm_other_core_0, 0x1b7, 0x1000088000
ocr.other.l3_hit_e.hitm_other_core_1, 0x1bb, 0x1000088000
ocr.other.l3_hit_e.hit_other_core_fwd_0, 0x1b7, 0x800088000
ocr.other.l3_hit_e.hit_other_core_fwd_1, 0x1bb, 0x800088000
ocr.other.l3_hit_e.hit_other_core_no_fwd_0, 0x1b7, 0x400088000
ocr.other.l3_hit_e.hit_other_core_no_fwd_1, 0x1bb, 0x400088000
ocr.other.l3_hit_e.no_snoop_needed_0, 0x1b7, 0x100088000
ocr.other.l3_hit_e.no_snoop_needed_1, 0x1bb, 0x100088000
ocr.other.l3_hit_e.snoop_miss_0, 0x1b7, 0x200088000
ocr.other.l3_hit_e.snoop_miss_1, 0x1bb, 0x200088000
ocr.other.l3_hit_e.snoop_none_0, 0x1b7, 0x80088000
ocr.other.l3_hit_e.snoop_none_1, 0x1bb, 0x80088000
ocr.other.l3_hit_f.any_snoop_0, 0x1b7, 0x3f80208000
ocr.other.l3_hit_f.any_snoop_1, 0x1bb, 0x3f80208000
ocr.other.l3_hit_f.hitm_other_core_0, 0x1b7, 0x1000208000
ocr.other.l3_hit_f.hitm_other_core_1, 0x1bb, 0x1000208000
ocr.other.l3_hit_f.hit_other_core_fwd_0, 0x1b7, 0x800208000
ocr.other.l3_hit_f.hit_other_core_fwd_1, 0x1bb, 0x800208000
ocr.other.l3_hit_f.hit_other_core_no_fwd_0, 0x1b7, 0x400208000
ocr.other.l3_hit_f.hit_other_core_no_fwd_1, 0x1bb, 0x400208000
ocr.other.l3_hit_f.no_snoop_needed_0, 0x1b7, 0x100208000
ocr.other.l3_hit_f.no_snoop_needed_1, 0x1bb, 0x100208000
ocr.other.l3_hit_f.snoop_miss_0, 0x1b7, 0x200208000
ocr.other.l3_hit_f.snoop_miss_1, 0x1bb, 0x200208000
ocr.other.l3_hit_f.snoop_none_0, 0x1b7, 0x80208000
ocr.other.l3_hit_f.snoop_none_1, 0x1bb, 0x80208000
ocr.other.l3_hit_m.any_snoop_0, 0x1b7, 0x3f80048000
ocr.other.l3_hit_m.any_snoop_1, 0x1bb, 0x3f80048000
ocr.other.l3_hit_m.hitm_other_core_0, 0x1b7, 0x1000048000
ocr.other.l3_hit_m.hitm_other_core_1, 0x1bb, 0x1000048000
ocr.other.l3_hit_m.hit_other_core_fwd_0, 0x1b7, 0x800048000
ocr.other.l3_hit_m.hit_other_core_fwd_1, 0x1bb, 0x800048000
ocr.other.l3_hit_m.hit_other_core_no_fwd_0, 0x1b7, 0x400048000
ocr.other.l3_hit_m.hit_other_core_no_fwd_1, 0x1bb, 0x400048000
ocr.other.l3_hit_m.no_snoop_needed_0, 0x1b7, 0x100048000
ocr.other.l3_hit_m.no_snoop_needed_1, 0x1bb, 0x100048000
ocr.other.l3_hit_m.snoop_miss_0, 0x1b7, 0x200048000
ocr.other.l3_hit_m.snoop_miss_1, 0x1bb, 0x200048000
ocr.other.l3_hit_m.snoop_none_0, 0x1b7, 0x80048000
ocr.other.l3_hit_m.snoop_none_1, 0x1bb, 0x80048000
ocr.other.l3_hit_s.any_snoop_0, 0x1b7, 0x3f80108000
ocr.other.l3_hit_s.any_snoop_1, 0x1bb, 0x3f80108000
ocr.other.l3_hit_s.hitm_other_core_0, 0x1b7, 0x1000108000
ocr.other.l3_hit_s.hitm_other_core_1, 0x1bb, 0x1000108000
ocr.other.l3_hit_s.hit_other_core_fwd_0, 0x1b7, 0x800108000
ocr.other.l3_hit_s.hit_other_core_fwd_1, 0x1bb, 0x800108000
ocr.other.l3_hit_s.hit_other_core_no_fwd_0, 0x1b7, 0x400108000
ocr.other.l3_hit_s.hit_other_core_no_fwd_1, 0x1bb, 0x400108000
ocr.other.l3_hit_s.no_snoop_needed_0, 0x1b7, 0x100108000
ocr.other.l3_hit_s.no_snoop_needed_1, 0x1bb, 0x100108000
ocr.other.l3_hit_s.snoop_miss_0, 0x1b7, 0x200108000
ocr.other.l3_hit_s.snoop_miss_1, 0x1bb, 0x200108000
ocr.other.l3_hit_s.snoop_none_0, 0x1b7, 0x80108000
ocr.other.l3_hit_s.snoop_none_1, 0x1bb, 0x80108000
ocr.pf_l1d_and_sw.l3_hit.any_snoop_0, 0x1b7, 0x3f803c0400
ocr.pf_l1d_and_sw.l3_hit.any_snoop_1, 0x1bb, 0x3f803c0400
ocr.pf_l1d_and_sw.l3_hit.hitm_other_core_0, 0x1b7, 0x10003c0400
ocr.pf_l1d_and_sw.l3_hit.hitm_other_core_1, 0x1bb, 0x10003c0400
ocr.pf_l1d_and_sw.l3_hit.hit_other_core_fwd_0, 0x1b7, 0x8003c0400
ocr.pf_l1d_and_sw.l3_hit.hit_other_core_fwd_1, 0x1bb, 0x8003c0400
ocr.pf_l1d_and_sw.l3_hit.hit_other_core_no_fwd_0, 0x1b7, 0x4003c0400
ocr.pf_l1d_and_sw.l3_hit.hit_other_core_no_fwd_1, 0x1bb, 0x4003c0400
ocr.pf_l1d_and_sw.l3_hit.no_snoop_needed_0, 0x1b7, 0x1003c0400
ocr.pf_l1d_and_sw.l3_hit.no_snoop_needed_1, 0x1bb, 0x1003c0400
ocr.pf_l1d_and_sw.l3_hit.snoop_hit_with_fwd_0, 0x1b7, 0x8007c0400
ocr.pf_l1d_and_sw.l3_hit.snoop_hit_with_fwd_1, 0x1bb, 0x8007c0400
ocr.pf_l1d_and_sw.l3_hit.snoop_miss_0, 0x1b7, 0x2003c0400
ocr.pf_l1d_and_sw.l3_hit.snoop_miss_1, 0x1bb, 0x2003c0400
ocr.pf_l1d_and_sw.l3_hit.snoop_none_0, 0x1b7, 0x803c0400
ocr.pf_l1d_and_sw.l3_hit.snoop_none_1, 0x1bb, 0x803c0400
ocr.pf_l1d_and_sw.l3_hit_e.any_snoop_0, 0x1b7, 0x3f80080400
ocr.pf_l1d_and_sw.l3_hit_e.any_snoop_1, 0x1bb, 0x3f80080400
ocr.pf_l1d_and_sw.l3_hit_e.hitm_other_core_0, 0x1b7, 0x1000080400
ocr.pf_l1d_and_sw.l3_hit_e.hitm_other_core_1, 0x1bb, 0x1000080400
ocr.pf_l1d_and_sw.l3_hit_e.hit_other_core_fwd_0, 0x1b7, 0x800080400
ocr.pf_l1d_and_sw.l3_hit_e.hit_other_core_fwd_1, 0x1bb, 0x800080400
ocr.pf_l1d_and_sw.l3_hit_e.hit_other_core_no_fwd_0, 0x1b7, 0x400080400
ocr.pf_l1d_and_sw.l3_hit_e.hit_other_core_no_fwd_1, 0x1bb, 0x400080400
ocr.pf_l1d_and_sw.l3_hit_e.no_snoop_needed_0, 0x1b7, 0x100080400
ocr.pf_l1d_and_sw.l3_hit_e.no_snoop_needed_1, 0x1bb, 0x100080400
ocr.pf_l1d_and_sw.l3_hit_e.snoop_miss_0, 0x1b7, 0x200080400
ocr.pf_l1d_and_sw.l3_hit_e.snoop_miss_1, 0x1bb, 0x200080400
ocr.pf_l1d_and_sw.l3_hit_e.snoop_none_0, 0x1b7, 0x80080400
ocr.pf_l1d_and_sw.l3_hit_e.snoop_none_1, 0x1bb, 0x80080400
ocr.pf_l1d_and_sw.l3_hit_f.any_snoop_0, 0x1b7, 0x3f80200400
ocr.pf_l1d_and_sw.l3_hit_f.any_snoop_1, 0x1bb, 0x3f80200400
ocr.pf_l1d_and_sw.l3_hit_f.hitm_other_core_0, 0x1b7, 0x1000200400
ocr.pf_l1d_and_sw.l3_hit_f.hitm_other_core_1, 0x1bb, 0x1000200400
ocr.pf_l1d_and_sw.l3_hit_f.hit_other_core_fwd_0, 0x1b7, 0x800200400
ocr.pf_l1d_and_sw.l3_hit_f.hit_other_core_fwd_1, 0x1bb, 0x800200400
ocr.pf_l1d_and_sw.l3_hit_f.hit_other_core_no_fwd_0, 0x1b7, 0x400200400
ocr.pf_l1d_and_sw.l3_hit_f.hit_other_core_no_fwd_1, 0x1bb, 0x400200400
ocr.pf_l1d_and_sw.l3_hit_f.no_snoop_needed_0, 0x1b7, 0x100200400
ocr.pf_l1d_and_sw.l3_hit_f.no_snoop_needed_1, 0x1bb, 0x100200400
ocr.pf_l1d_and_sw.l3_hit_f.snoop_miss_0, 0x1b7, 0x200200400
ocr.pf_l1d_and_sw.l3_hit_f.snoop_miss_1, 0x1bb, 0x200200400
ocr.pf_l1d_and_sw.l3_hit_f.snoop_none_0, 0x1b7, 0x80200400
ocr.pf_l1d_and_sw.l3_hit_f.snoop_none_1, 0x1bb, 0x80200400
ocr.pf_l1d_and_sw.l3_hit_m.any_snoop_0, 0x1b7, 0x3f80040400
ocr.pf_l1d_and_sw.l3_hit_m.any_snoop_1, 0x1bb, 0x3f80040400
ocr.pf_l1d_and_sw.l3_hit_m.hitm_other_core_0, 0x1b7, 0x1000040400
ocr.pf_l1d_and_sw.l3_hit_m.hitm_other_core_1, 0x1bb, 0x1000040400
ocr.pf_l1d_and_sw.l3_hit_m.hit_other_core_fwd_0, 0x1b7, 0x800040400
ocr.pf_l1d_and_sw.l3_hit_m.hit_other_core_fwd_1, 0x1bb, 0x800040400
ocr.pf_l1d_and_sw.l3_hit_m.hit_other_core_no_fwd_0, 0x1b7, 0x400040400
ocr.pf_l1d_and_sw.l3_hit_m.hit_other_core_no_fwd_1, 0x1bb, 0x400040400
ocr.pf_l1d_and_sw.l3_hit_m.no_snoop_needed_0, 0x1b7, 0x100040400
ocr.pf_l1d_and_sw.l3_hit_m.no_snoop_needed_1, 0x1bb, 0x100040400
ocr.pf_l1d_and_sw.l3_hit_m.snoop_miss_0, 0x1b7, 0x200040400
ocr.pf_l1d_and_sw.l3_hit_m.snoop_miss_1, 0x1bb, 0x200040400
ocr.pf_l1d_and_sw.l3_hit_m.snoop_none_0, 0x1b7, 0x80040400
ocr.pf_l1d_and_sw.l3_hit_m.snoop_none_1, 0x1bb, 0x80040400
ocr.pf_l1d_and_sw.l3_hit_s.any_snoop_0, 0x1b7, 0x3f80100400
ocr.pf_l1d_and_sw.l3_hit_s.any_snoop_1, 0x1bb, 0x3f80100400
ocr.pf_l1d_and_sw.l3_hit_s.hitm_other_core_0, 0x1b7, 0x1000100400
ocr.pf_l1d_and_sw.l3_hit_s.hitm_other_core_1, 0x1bb, 0x1000100400
ocr.pf_l1d_and_sw.l3_hit_s.hit_other_core_fwd_0, 0x1b7, 0x800100400
ocr.pf_l1d_and_sw.l3_hit_s.hit_other_core_fwd_1, 0x1bb, 0x800100400
ocr.pf_l1d_and_sw.l3_hit_s.hit_other_core_no_fwd_0, 0x1b7, 0x400100400
ocr.pf_l1d_and_sw.l3_hit_s.hit_other_core_no_fwd_1, 0x1bb, 0x400100400
ocr.pf_l1d_and_sw.l3_hit_s.no_snoop_needed_0, 0x1b7, 0x100100400
ocr.pf_l1d_and_sw.l3_hit_s.no_snoop_needed_1, 0x1bb, 0x100100400
ocr.pf_l1d_and_sw.l3_hit_s.snoop_miss_0, 0x1b7, 0x200100400
ocr.pf_l1d_and_sw.l3_hit_s.snoop_miss_1, 0x1bb, 0x200100400
ocr.pf_l1d_and_sw.l3_hit_s.snoop_none_0, 0x1b7, 0x80100400
ocr.pf_l1d_and_sw.l3_hit_s.snoop_none_1, 0x1bb, 0x80100400
ocr.pf_l2_data_rd.l3_hit.any_snoop_0, 0x1b7, 0x3f803c0010
ocr.pf_l2_data_rd.l3_hit.any_snoop_1, 0x1bb, 0x3f803c0010
ocr.pf_l2_data_rd.l3_hit.hitm_other_core_0, 0x1b7, 0x10003c0010
ocr.pf_l2_data_rd.l3_hit.hitm_other_core_1, 0x1bb, 0x10003c0010
ocr.pf_l2_data_rd.l3_hit.hit_other_core_fwd_0, 0x1b7, 0x8003c0010
ocr.pf_l2_data_rd.l3_hit.hit_other_core_fwd_1, 0x1bb, 0x8003c0010
ocr.pf_l2_data_rd.l3_hit.hit_other_core_no_fwd_0, 0x1b7, 0x4003c0010
ocr.pf_l2_data_rd.l3_hit.hit_other_core_no_fwd_1, 0x1bb, 0x4003c0010
ocr.pf_l2_data_rd.l3_hit.no_snoop_needed_0, 0x1b7, 0x1003c0010
ocr.pf_l2_data_rd.l3_hit.no_snoop_needed_1, 0x1bb, 0x1003c0010
ocr.pf_l2_data_rd.l3_hit.snoop_hit_with_fwd_0, 0x1b7, 0x8007c0010
ocr.pf_l2_data_rd.l3_hit.snoop_hit_with_fwd_1, 0x1bb, 0x8007c0010
ocr.pf_l2_data_rd.l3_hit.snoop_miss_0, 0x1b7, 0x2003c0010
ocr.pf_l2_data_rd.l3_hit.snoop_miss_1, 0x1bb, 0x2003c0010
ocr.pf_l2_data_rd.l3_hit.snoop_none_0, 0x1b7, 0x803c0010
ocr.pf_l2_data_rd.l3_hit.snoop_none_1, 0x1bb, 0x803c0010
ocr.pf_l2_data_rd.l3_hit_e.any_snoop_0, 0x1b7, 0x3f80080010
ocr.pf_l2_data_rd.l3_hit_e.any_snoop_1, 0x1bb, 0x3f80080010
ocr.pf_l2_data_rd.l3_hit_e.hitm_other_core_0, 0x1b7, 0x1000080010
ocr.pf_l2_data_rd.l3_hit_e.hitm_other_core_1, 0x1bb, 0x1000080010
ocr.pf_l2_data_rd.l3_hit_e.hit_other_core_fwd_0, 0x1b7, 0x800080010
ocr.pf_l2_data_rd.l3_hit_e.hit_other_core_fwd_1, 0x1bb, 0x800080010
ocr.pf_l2_data_rd.l3_hit_e.hit_other_core_no_fwd_0, 0x1b7, 0x400080010
ocr.pf_l2_data_rd.l3_hit_e.hit_other_core_no_fwd_1, 0x1bb, 0x400080010
ocr.pf_l2_data_rd.l3_hit_e.no_snoop_needed_0, 0x1b7, 0x100080010
ocr.pf_l2_data_rd.l3_hit_e.no_snoop_needed_1, 0x1bb, 0x100080010
ocr.pf_l2_data_rd.l3_hit_e.snoop_miss_0, 0x1b7, 0x200080010
ocr.pf_l2_data_rd.l3_hit_e.snoop_miss_1, 0x1bb, 0x200080010
ocr.pf_l2_data_rd.l3_hit_e.snoop_none_0, 0x1b7, 0x80080010
ocr.pf_l2_data_rd.l3_hit_e.snoop_none_1, 0x1bb, 0x80080010
ocr.pf_l2_data_rd.l3_hit_f.any_snoop_0, 0x1b7, 0x3f80200010
ocr.pf_l2_data_rd.l3_hit_f.any_snoop_1, 0x1bb, 0x3f80200010
ocr.pf_l2_data_rd.l3_hit_f.hitm_other_core_0, 0x1b7, 0x1000200010
ocr.pf_l2_data_rd.l3_hit_f.hitm_other_core_1, 0x1bb, 0x1000200010
ocr.pf_l2_data_rd.l3_hit_f.hit_other_core_fwd_0, 0x1b7, 0x800200010
ocr.pf_l2_data_rd.l3_hit_f.hit_other_core_fwd_1, 0x1bb, 0x800200010
ocr.pf_l2_data_rd.l3_hit_f.hit_other_core_no_fwd_0, 0x1b7, 0x400200010
ocr.pf_l2_data_rd.l3_hit_f.hit_other_core_no_fwd_1, 0x1bb, 0x400200010
ocr.pf_l2_data_rd.l3_hit_f.no_snoop_needed_0, 0x1b7, 0x100200010
ocr.pf_l2_data_rd.l3_hit_f.no_snoop_needed_1, 0x1bb, 0x100200010
ocr.pf_l2_data_rd.l3_hit_f.snoop_miss_0, 0x1b7, 0x200200010
ocr.pf_l2_data_rd.l3_hit_f.snoop_miss_1, 0x1bb, 0x200200010
ocr.pf_l2_data_rd.l3_hit_f.snoop_none_0, 0x1b7, 0x80200010
ocr.pf_l2_data_rd.l3_hit_f.snoop_none_1, 0x1bb, 0x80200010
ocr.pf_l2_data_rd.l3_hit_m.any_snoop_0, 0x1b7, 0x3f80040010
ocr.pf_l2_data_rd.l3_hit_m.any_snoop_1, 0x1bb, 0x3f80040010
ocr.pf_l2_data_rd.l3_hit_m.hitm_other_core_0, 0x1b7, 0x1000040010
ocr.pf_l2_data_rd.l3_hit_m.hitm_other_core_1, 0x1bb, 0x1000040010
ocr.pf_l2_data_rd.l3_hit_m.hit_other_core_fwd_0, 0x1b7, 0x800040010
ocr.pf_l2_data_rd.l3_hit_m.hit_other_core_fwd_1, 0x1bb, 0x800040010
ocr.pf_l2_data_rd.l3_hit_m.hit_other_core_no_fwd_0, 0x1b7, 0x400040010
ocr.pf_l2_data_rd.l3_hit_m.hit_other_core_no_fwd_1, 0x1bb, 0x400040010
ocr.pf_l2_data_rd.l3_hit_m.no_snoop_needed_0, 0x1b7, 0x100040010
ocr.pf_l2_data_rd.l3_hit_m.no_snoop_needed_1, 0x1bb, 0x100040010
ocr.pf_l2_data_rd.l3_hit_m.snoop_miss_0, 0x1b7, 0x200040010
ocr.pf_l2_data_rd.l3_hit_m.snoop_miss_1, 0x1bb, 0x200040010
ocr.pf_l2_data_rd.l3_hit_m.snoop_none_0, 0x1b7, 0x80040010
ocr.pf_l2_data_rd.l3_hit_m.snoop_none_1, 0x1bb, 0x80040010
ocr.pf_l2_data_rd.l3_hit_s.any_snoop_0, 0x1b7, 0x3f80100010
ocr.pf_l2_data_rd.l3_hit_s.any_snoop_1, 0x1bb, 0x3f80100010
ocr.pf_l2_data_rd.l3_hit_s.hitm_other_core_0, 0x1b7, 0x1000100010
ocr.pf_l2_data_rd.l3_hit_s.hitm_other_core_1, 0x1bb, 0x1000100010
ocr.pf_l2_data_rd.l3_hit_s.hit_other_core_fwd_0, 0x1b7, 0x800100010
ocr.pf_l2_data_rd.l3_hit_s.hit_other_core_fwd_1, 0x1bb, 0x800100010
ocr.pf_l2_data_rd.l3_hit_s.hit_other_core_no_fwd_0, 0x1b7, 0x400100010
ocr.pf_l2_data_rd.l3_hit_s.hit_other_core_no_fwd_1, 0x1bb, 0x400100010
ocr.pf_l2_data_rd.l3_hit_s.no_snoop_needed_0, 0x1b7, 0x100100010
ocr.pf_l2_data_rd.l3_hit_s.no_snoop_needed_1, 0x1bb, 0x100100010
ocr.pf_l2_data_rd.l3_hit_s.snoop_miss_0, 0x1b7, 0x200100010
ocr.pf_l2_data_rd.l3_hit_s.snoop_miss_1, 0x1bb, 0x200100010
ocr.pf_l2_data_rd.l3_hit_s.snoop_none_0, 0x1b7, 0x80100010
ocr.pf_l2_data_rd.l3_hit_s.snoop_none_1, 0x1bb, 0x80100010
ocr.pf_l2_rfo.l3_hit.any_snoop_0, 0x1b7, 0x3f803c0020
ocr.pf_l2_rfo.l3_hit.any_snoop_1, 0x1bb, 0x3f803c0020
ocr.pf_l2_rfo.l3_hit.hitm_other_core_0, 0x1b7, 0x10003c0020
ocr.pf_l2_rfo.l3_hit.hitm_other_core_1, 0x1bb, 0x10003c0020
ocr.pf_l2_rfo.l3_hit.hit_other_core_fwd_0, 0x1b7, 0x8003c0020
ocr.pf_l2_rfo.l3_hit.hit_other_core_fwd_1, 0x1bb, 0x8003c0020
ocr.pf_l2_rfo.l3_hit.hit_other_core_no_fwd_0, 0x1b7, 0x4003c0020
ocr.pf_l2_rfo.l3_hit.hit_other_core_no_fwd_1, 0x1bb, 0x4003c0020
ocr.pf_l2_rfo.l3_hit.no_snoop_needed_0, 0x1b7, 0x1003c0020
ocr.pf_l2_rfo.l3_hit.no_snoop_needed_1, 0x1bb, 0x1003c0020
ocr.pf_l2_rfo.l3_hit.snoop_hit_with_fwd_0, 0x1b7, 0x8007c0020
ocr.pf_l2_rfo.l3_hit.snoop_hit_with_fwd_1, 0x1bb, 0x8007c0020
ocr.pf_l2_rfo.l3_hit.snoop_miss_0, 0x1b7, 0x2003c0020
ocr.pf_l2_rfo.l3_hit.snoop_miss_1, 0x1bb, 0x2003c0020
ocr.pf_l2_rfo.l3_hit.snoop_none_0, 0x1b7, 0x803c0020
ocr.pf_l2_rfo.l3_hit.snoop_none_1, 0x1bb, 0x803c0020
ocr.pf_l2_rfo.l3_hit_e.any_snoop_0, 0x1b7, 0x3f80080020
ocr.pf_l2_rfo.l3_hit_e.any_snoop_1, 0x1bb, 0x3f80080020
ocr.pf_l2_rfo.l3_hit_e.hitm_other_core_0, 0x1b7, 0x1000080020
ocr.pf_l2_rfo.l3_hit_e.hitm_other_core_1, 0x1bb, 0x1000080020
ocr.pf_l2_rfo.l3_hit_e.hit_other_core_fwd_0, 0x1b7, 0x800080020
ocr.pf_l2_rfo.l3_hit_e.hit_other_core_fwd_1, 0x1bb, 0x800080020
ocr.pf_l2_rfo.l3_hit_e.hit_other_core_no_fwd_0, 0x1b7, 0x400080020
ocr.pf_l2_rfo.l3_hit_e.hit_other_core_no_fwd_1, 0x1bb, 0x400080020
ocr.pf_l2_rfo.l3_hit_e.no_snoop_needed_0, 0x1b7, 0x100080020
ocr.pf_l2_rfo.l3_hit_e.no_snoop_needed_1, 0x1bb, 0x100080020
ocr.pf_l2_rfo.l3_hit_e.snoop_miss_0, 0x1b7, 0x200080020
ocr.pf_l2_rfo.l3_hit_e.snoop_miss_1, 0x1bb, 0x200080020
ocr.pf_l2_rfo.l3_hit_e.snoop_none_0, 0x1b7, 0x80080020
ocr.pf_l2_rfo.l3_hit_e.snoop_none_1, 0x1bb, 0x80080020
ocr.pf_l2_rfo.l3_hit_f.any_snoop_0, 0x1b7, 0x3f80200020
ocr.pf_l2_rfo.l3_hit_f.any_snoop_1, 0x1bb, 0x3f80200020
ocr.pf_l2_rfo.l3_hit_f.hitm_other_core_0, 0x1b7, 0x1000200020
ocr.pf_l2_rfo.l3_hit_f.hitm_other_core_1, 0x1bb, 0x1000200020
ocr.pf_l2_rfo.l3_hit_f.hit_other_core_fwd_0, 0x1b7, 0x800200020
ocr.pf_l2_rfo.l3_hit_f.hit_other_core_fwd_1, 0x1bb, 0x800200020
ocr.pf_l2_rfo.l3_hit_f.hit_other_core_no_fwd_0, 0x1b7, 0x400200020
ocr.pf_l2_rfo.l3_hit_f.hit_other_core_no_fwd_1, 0x1bb, 0x400200020
ocr.pf_l2_rfo.l3_hit_f.no_snoop_needed_0, 0x1b7, 0x100200020
ocr.pf_l2_rfo.l3_hit_f.no_snoop_needed_1, 0x1bb, 0x100200020
ocr.pf_l2_rfo.l3_hit_f.snoop_miss_0, 0x1b7, 0x200200020
ocr.pf_l2_rfo.l3_hit_f.snoop_miss_1, 0x1bb, 0x200200020
ocr.pf_l2_rfo.l3_hit_f.snoop_none_0, 0x1b7, 0x80200020
ocr.pf_l2_rfo.l3_hit_f.snoop_none_1, 0x1bb, 0x80200020
ocr.pf_l2_rfo.l3_hit_m.any_snoop_0, 0x1b7, 0x3f80040020
ocr.pf_l2_rfo.l3_hit_m.any_snoop_1, 0x1bb, 0x3f80040020
ocr.pf_l2_rfo.l3_hit_m.hitm_other_core_0, 0x1b7, 0x1000040020
ocr.pf_l2_rfo.l3_hit_m.hitm_other_core_1, 0x1bb, 0x1000040020
ocr.pf_l2_rfo.l3_hit_m.hit_other_core_fwd_0, 0x1b7, 0x800040020
ocr.pf_l2_rfo.l3_hit_m.hit_other_core_fwd_1, 0x1bb, 0x800040020
ocr.pf_l2_rfo.l3_hit_m.hit_other_core_no_fwd_0, 0x1b7, 0x400040020
ocr.pf_l2_rfo.l3_hit_m.hit_other_core_no_fwd_1, 0x1bb, 0x400040020
ocr.pf_l2_rfo.l3_hit_m.no_snoop_needed_0, 0x1b7, 0x100040020
ocr.pf_l2_rfo.l3_hit_m.no_snoop_needed_1, 0x1bb, 0x100040020
ocr.pf_l2_rfo.l3_hit_m.snoop_miss_0, 0x1b7, 0x200040020
ocr.pf_l2_rfo.l3_hit_m.snoop_miss_1, 0x1bb, 0x200040020
ocr.pf_l2_rfo.l3_hit_m.snoop_none_0, 0x1b7, 0x80040020
ocr.pf_l2_rfo.l3_hit_m.snoop_none_1, 0x1bb, 0x80040020
ocr.pf_l2_rfo.l3_hit_s.any_snoop_0, 0x1b7, 0x3f80100020
ocr.pf_l2_rfo.l3_hit_s.any_snoop_1, 0x1bb, 0x3f80100020
ocr.pf_l2_rfo.l3_hit_s.hitm_other_core_0, 0x1b7, 0x1000100020
ocr.pf_l2_rfo.l3_hit_s.hitm_other_core_1, 0x1bb, 0x1000100020
ocr.pf_l2_rfo.l3_hit_s.hit_other_core_fwd_0, 0x1b7, 0x800100020
ocr.pf_l2_rfo.l3_hit_s.hit_other_core_fwd_1, 0x1bb, 0x800100020
ocr.pf_l2_rfo.l3_hit_s.hit_other_core_no_fwd_0, 0x1b7, 0x400100020
ocr.pf_l2_rfo.l3_hit_s.hit_other_core_no_fwd_1, 0x1bb, 0x400100020
ocr.pf_l2_rfo.l3_hit_s.no_snoop_needed_0, 0x1b7, 0x100100020
ocr.pf_l2_rfo.l3_hit_s.no_snoop_needed_1, 0x1bb, 0x100100020
ocr.pf_l2_rfo.l3_hit_s.snoop_miss_0, 0x1b7, 0x200100020
ocr.pf_l2_rfo.l3_hit_s.snoop_miss_1, 0x1bb, 0x200100020
ocr.pf_l2_rfo.l3_hit_s.snoop_none_0, 0x1b7, 0x80100020
ocr.pf_l2_rfo.l3_hit_s.snoop_none_1, 0x1bb, 0x80100020
ocr.pf_l3_data_rd.l3_hit.any_snoop_0, 0x1b7, 0x3f803c0080
ocr.pf_l3_data_rd.l3_hit.any_snoop_1, 0x1bb, 0x3f803c0080
ocr.pf_l3_data_rd.l3_hit.hitm_other_core_0, 0x1b7, 0x10003c0080
ocr.pf_l3_data_rd.l3_hit.hitm_other_core_1, 0x1bb, 0x10003c0080
ocr.pf_l3_data_rd.l3_hit.hit_other_core_fwd_0, 0x1b7, 0x8003c0080
ocr.pf_l3_data_rd.l3_hit.hit_other_core_fwd_1, 0x1bb, 0x8003c0080
ocr.pf_l3_data_rd.l3_hit.hit_other_core_no_fwd_0, 0x1b7, 0x4003c0080
ocr.pf_l3_data_rd.l3_hit.hit_other_core_no_fwd_1, 0x1bb, 0x4003c0080
ocr.pf_l3_data_rd.l3_hit.no_snoop_needed_0, 0x1b7, 0x1003c0080
ocr.pf_l3_data_rd.l3_hit.no_snoop_needed_1, 0x1bb, 0x1003c0080
ocr.pf_l3_data_rd.l3_hit.snoop_hit_with_fwd_0, 0x1b7, 0x8007c0080
ocr.pf_l3_data_rd.l3_hit.snoop_hit_with_fwd_1, 0x1bb, 0x8007c0080
ocr.pf_l3_data_rd.l3_hit.snoop_miss_0, 0x1b7, 0x2003c0080
ocr.pf_l3_data_rd.l3_hit.snoop_miss_1, 0x1bb, 0x2003c0080
ocr.pf_l3_data_rd.l3_hit.snoop_none_0, 0x1b7, 0x803c0080
ocr.pf_l3_data_rd.l3_hit.snoop_none_1, 0x1bb, 0x803c0080
ocr.pf_l3_data_rd.l3_hit_e.any_snoop_0, 0x1b7, 0x3f80080080
ocr.pf_l3_data_rd.l3_hit_e.any_snoop_1, 0x1bb, 0x3f80080080
ocr.pf_l3_data_rd.l3_hit_e.hitm_other_core_0, 0x1b7, 0x1000080080
ocr.pf_l3_data_rd.l3_hit_e.hitm_other_core_1, 0x1bb, 0x1000080080
ocr.pf_l3_data_rd.l3_hit_e.hit_other_core_fwd_0, 0x1b7, 0x800080080
ocr.pf_l3_data_rd.l3_hit_e.hit_other_core_fwd_1, 0x1bb, 0x800080080
ocr.pf_l3_data_rd.l3_hit_e.hit_other_core_no_fwd_0, 0x1b7, 0x400080080
ocr.pf_l3_data_rd.l3_hit_e.hit_other_core_no_fwd_1, 0x1bb, 0x400080080
ocr.pf_l3_data_rd.l3_hit_e.no_snoop_needed_0, 0x1b7, 0x100080080
ocr.pf_l3_data_rd.l3_hit_e.no_snoop_needed_1, 0x1bb, 0x100080080
ocr.pf_l3_data_rd.l3_hit_e.snoop_miss_0, 0x1b7, 0x200080080
ocr.pf_l3_data_rd.l3_hit_e.snoop_miss_1, 0x1bb, 0x200080080
ocr.pf_l3_data_rd.l3_hit_e.snoop_none_0, 0x1b7, 0x80080080
ocr.pf_l3_data_rd.l3_hit_e.snoop_none_1, 0x1bb, 0x80080080
ocr.pf_l3_data_rd.l3_hit_f.any_snoop_0, 0x1b7, 0x3f80200080
ocr.pf_l3_data_rd.l3_hit_f.any_snoop_1, 0x1bb, 0x3f80200080
ocr.pf_l3_data_rd.l3_hit_f.hitm_other_core_0, 0x1b7, 0x1000200080
ocr.pf_l3_data_rd.l3_hit_f.hitm_other_core_1, 0x1bb, 0x1000200080
ocr.pf_l3_data_rd.l3_hit_f.hit_other_core_fwd_0, 0x1b7, 0x800200080
ocr.pf_l3_data_rd.l3_hit_f.hit_other_core_fwd_1, 0x1bb, 0x800200080
ocr.pf_l3_data_rd.l3_hit_f.hit_other_core_no_fwd_0, 0x1b7, 0x400200080
ocr.pf_l3_data_rd.l3_hit_f.hit_other_core_no_fwd_1, 0x1bb, 0x400200080
ocr.pf_l3_data_rd.l3_hit_f.no_snoop_needed_0, 0x1b7, 0x100200080
ocr.pf_l3_data_rd.l3_hit_f.no_snoop_needed_1, 0x1bb, 0x100200080
ocr.pf_l3_data_rd.l3_hit_f.snoop_miss_0, 0x1b7, 0x200200080
ocr.pf_l3_data_rd.l3_hit_f.snoop_miss_1, 0x1bb, 0x200200080
ocr.pf_l3_data_rd.l3_hit_f.snoop_none_0, 0x1b7, 0x80200080
ocr.pf_l3_data_rd.l3_hit_f.snoop_none_1, 0x1bb, 0x80200080
ocr.pf_l3_data_rd.l3_hit_m.any_snoop_0, 0x1b7, 0x3f80040080
ocr.pf_l3_data_rd.l3_hit_m.any_snoop_1, 0x1bb, 0x3f80040080
ocr.pf_l3_data_rd.l3_hit_m.hitm_other_core_0, 0x1b7, 0x1000040080
ocr.pf_l3_data_rd.l3_hit_m.hitm_other_core_1, 0x1bb, 0x1000040080
ocr.pf_l3_data_rd.l3_hit_m.hit_other_core_fwd_0, 0x1b7, 0x800040080
ocr.pf_l3_data_rd.l3_hit_m.hit_other_core_fwd_1, 0x1bb, 0x800040080
ocr.pf_l3_data_rd.l3_hit_m.hit_other_core_no_fwd_0, 0x1b7, 0x400040080
ocr.pf_l3_data_rd.l3_hit_m.hit_other_core_no_fwd_1, 0x1bb, 0x400040080
ocr.pf_l3_data_rd.l3_hit_m.no_snoop_needed_0, 0x1b7, 0x100040080
ocr.pf_l3_data_rd.l3_hit_m.no_snoop_needed_1, 0x1bb, 0x100040080
ocr.pf_l3_data_rd.l3_hit_m.snoop_miss_0, 0x1b7, 0x200040080
ocr.pf_l3_data_rd.l3_hit_m.snoop_miss_1, 0x1bb, 0x200040080
ocr.pf_l3_data_rd.l3_hit_m.snoop_none_0, 0x1b7, 0x80040080
ocr.pf_l3_data_rd.l3_hit_m.snoop_none_1, 0x1bb, 0x80040080
ocr.pf_l3_data_rd.l3_hit_s.any_snoop_0, 0x1b7, 0x3f80100080
ocr.pf_l3_data_rd.l3_hit_s.any_snoop_1, 0x1bb, 0x3f80100080
ocr.pf_l3_data_rd.l3_hit_s.hitm_other_core_0, 0x1b7, 0x1000100080
ocr.pf_l3_data_rd.l3_hit_s.hitm_other_core_1, 0x1bb, 0x1000100080
ocr.pf_l3_data_rd.l3_hit_s.hit_other_core_fwd_0, 0x1b7, 0x800100080
ocr.pf_l3_data_rd.l3_hit_s.hit_other_core_fwd_1, 0x1bb, 0x800100080
ocr.pf_l3_data_rd.l3_hit_s.hit_other_core_no_fwd_0, 0x1b7, 0x400100080
ocr.pf_l3_data_rd.l3_hit_s.hit_other_core_no_fwd_1, 0x1bb, 0x400100080
ocr.pf_l3_data_rd.l3_hit_s.no_snoop_needed_0, 0x1b7, 0x100100080
ocr.pf_l3_data_rd.l3_hit_s.no_snoop_needed_1, 0x1bb, 0x100100080
ocr.pf_l3_data_rd.l3_hit_s.snoop_miss_0, 0x1b7, 0x200100080
ocr.pf_l3_data_rd.l3_hit_s.snoop_miss_1, 0x1bb, 0x200100080
ocr.pf_l3_data_rd.l3_hit_s.snoop_none_0, 0x1b7, 0x80100080
ocr.pf_l3_data_rd.l3_hit_s.snoop_none_1, 0x1bb, 0x80100080
ocr.pf_l3_rfo.l3_hit.any_snoop_0, 0x1b7, 0x3f803c0100
ocr.pf_l3_rfo.l3_hit.any_snoop_1, 0x1bb, 0x3f803c0100
ocr.pf_l3_rfo.l3_hit.hitm_other_core_0, 0x1b7, 0x10003c0100
ocr.pf_l3_rfo.l3_hit.hitm_other_core_1, 0x1bb, 0x10003c0100
ocr.pf_l3_rfo.l3_hit.hit_other_core_fwd_0, 0x1b7, 0x8003c0100
ocr.pf_l3_rfo.l3_hit.hit_other_core_fwd_1, 0x1bb, 0x8003c0100
ocr.pf_l3_rfo.l3_hit.hit_other_core_no_fwd_0, 0x1b7, 0x4003c0100
ocr.pf_l3_rfo.l3_hit.hit_other_core_no_fwd_1, 0x1bb, 0x4003c0100
ocr.pf_l3_rfo.l3_hit.no_snoop_needed_0, 0x1b7, 0x1003c0100
ocr.pf_l3_rfo.l3_hit.no_snoop_needed_1, 0x1bb, 0x1003c0100
ocr.pf_l3_rfo.l3_hit.snoop_hit_with_fwd_0, 0x1b7, 0x8007c0100
ocr.pf_l3_rfo.l3_hit.snoop_hit_with_fwd_1, 0x1bb, 0x8007c0100
ocr.pf_l3_rfo.l3_hit.snoop_miss_0, 0x1b7, 0x2003c0100
ocr.pf_l3_rfo.l3_hit.snoop_miss_1, 0x1bb, 0x2003c0100
ocr.pf_l3_rfo.l3_hit.snoop_none_0, 0x1b7, 0x803c0100
ocr.pf_l3_rfo.l3_hit.snoop_none_1, 0x1bb, 0x803c0100
ocr.pf_l3_rfo.l3_hit_e.any_snoop_0, 0x1b7, 0x3f80080100
ocr.pf_l3_rfo.l3_hit_e.any_snoop_1, 0x1bb, 0x3f80080100
ocr.pf_l3_rfo.l3_hit_e.hitm_other_core_0, 0x1b7, 0x1000080100
ocr.pf_l3_rfo.l3_hit_e.hitm_other_core_1, 0x1bb, 0x1000080100
ocr.pf_l3_rfo.l3_hit_e.hit_other_core_fwd_0, 0x1b7, 0x800080100
ocr.pf_l3_rfo.l3_hit_e.hit_other_core_fwd_1, 0x1bb, 0x800080100
ocr.pf_l3_rfo.l3_hit_e.hit_other_core_no_fwd_0, 0x1b7, 0x400080100
ocr.pf_l3_rfo.l3_hit_e.hit_other_core_no_fwd_1, 0x1bb, 0x400080100
ocr.pf_l3_rfo.l3_hit_e.no_snoop_needed_0, 0x1b7, 0x100080100
ocr.pf_l3_rfo.l3_hit_e.no_snoop_needed_1, 0x1bb, 0x100080100
ocr.pf_l3_rfo.l3_hit_e.snoop_miss_0, 0x1b7, 0x200080100
ocr.pf_l3_rfo.l3_hit_e.snoop_miss_1, 0x1bb, 0x200080100
ocr.pf_l3_rfo.l3_hit_e.snoop_none_0, 0x1b7, 0x80080100
ocr.pf_l3_rfo.l3_hit_e.snoop_none_1, 0x1bb, 0x80080100
ocr.pf_l3_rfo.l3_hit_f.any_snoop_0, 0x1b7, 0x3f80200100
ocr.pf_l3_rfo.l3_hit_f.any_snoop_1, 0x1bb, 0x3f80200100
ocr.pf_l3_rfo.l3_hit_f.hitm_other_core_0, 0x1b7, 0x1000200100
ocr.pf_l3_rfo.l3_hit_f.hitm_other_core_1, 0x1bb, 0x1000200100
ocr.pf_l3_rfo.l3_hit_f.hit_other_core_fwd_0, 0x1b7, 0x800200100
ocr.pf_l3_rfo.l3_hit_f.hit_other_core_fwd_1, 0x1bb, 0x800200100
ocr.pf_l3_rfo.l3_hit_f.hit_other_core_no_fwd_0, 0x1b7, 0x400200100
ocr.pf_l3_rfo.l3_hit_f.hit_other_core_no_fwd_1, 0x1bb, 0x400200100
ocr.pf_l3_rfo.l3_hit_f.no_snoop_needed_0, 0x1b7, 0x100200100
ocr.pf_l3_rfo.l3_hit_f.no_snoop_needed_1, 0x1bb, 0x100200100
ocr.pf_l3_rfo.l3_hit_f.snoop_miss_0, 0x1b7, 0x200200100
ocr.pf_l3_rfo.l3_hit_f.snoop_miss_1, 0x1bb, 0x200200100
ocr.pf_l3_rfo.l3_hit_f.snoop_none_0, 0x1b7, 0x80200100
ocr.pf_l3_rfo.l3_hit_f.snoop_none_1, 0x1bb, 0x80200100
ocr.pf_l3_rfo.l3_hit_m.any_snoop_0, 0x1b7, 0x3f80040100
ocr.pf_l3_rfo.l3_hit_m.any_snoop_1, 0x1bb, 0x3f80040100
ocr.pf_l3_rfo.l3_hit_m.hitm_other_core_0, 0x1b7, 0x1000040100
ocr.pf_l3_rfo.l3_hit_m.hitm_other_core_1, 0x1bb, 0x1000040100
ocr.pf_l3_rfo.l3_hit_m.hit_other_core_fwd_0, 0x1b7, 0x800040100
ocr.pf_l3_rfo.l3_hit_m.hit_other_core_fwd_1, 0x1bb, 0x800040100
ocr.pf_l3_rfo.l3_hit_m.hit_other_core_no_fwd_0, 0x1b7, 0x400040100
ocr.pf_l3_rfo.l3_hit_m.hit_other_core_no_fwd_1, 0x1bb, 0x400040100
ocr.pf_l3_rfo.l3_hit_m.no_snoop_needed_0, 0x1b7, 0x100040100
ocr.pf_l3_rfo.l3_hit_m.no_snoop_needed_1, 0x1bb, 0x100040100
ocr.pf_l3_rfo.l3_hit_m.snoop_miss_0, 0x1b7, 0x200040100
ocr.pf_l3_rfo.l3_hit_m.snoop_miss_1, 0x1bb, 0x200040100
ocr.pf_l3_rfo.l3_hit_m.snoop_none_0, 0x1b7, 0x80040100
ocr.pf_l3_rfo.l3_hit_m.snoop_none_1, 0x1bb, 0x80040100
ocr.pf_l3_rfo.l3_hit_s.any_snoop_0, 0x1b7, 0x3f80100100
ocr.pf_l3_rfo.l3_hit_s.any_snoop_1, 0x1bb, 0x3f80100100
ocr.pf_l3_rfo.l3_hit_s.hitm_other_core_0, 0x1b7, 0x1000100100
ocr.pf_l3_rfo.l3_hit_s.hitm_other_core_1, 0x1bb, 0x1000100100
ocr.pf_l3_rfo.l3_hit_s.hit_other_core_fwd_0, 0x1b7, 0x800100100
ocr.pf_l3_rfo.l3_hit_s.hit_other_core_fwd_1, 0x1bb, 0x800100100
ocr.pf_l3_rfo.l3_hit_s.hit_other_core_no_fwd_0, 0x1b7, 0x400100100
ocr.pf_l3_rfo.l3_hit_s.hit_other_core_no_fwd_1, 0x1bb, 0x400100100
ocr.pf_l3_rfo.l3_hit_s.no_snoop_needed_0, 0x1b7, 0x100100100
ocr.pf_l3_rfo.l3_hit_s.no_snoop_needed_1, 0x1bb, 0x100100100
ocr.pf_l3_rfo.l3_hit_s.snoop_miss_0, 0x1b7, 0x200100100
ocr.pf_l3_rfo.l3_hit_s.snoop_miss_1, 0x1bb, 0x200100100
ocr.pf_l3_rfo.l3_hit_s.snoop_none_0, 0x1b7, 0x80100100
ocr.pf_l3_rfo.l3_hit_s.snoop_none_1, 0x1bb, 0x80100100
offcore_requests.all_data_rd, 0x8b0
offcore_requests.all_requests, 0x80b0
offcore_requests.demand_code_rd, 0x2b0
offcore_requests.demand_data_rd, 0x1b0
offcore_requests.demand_rfo, 0x4b0
offcore_requests_buffer.sq_full, 0x1b2
offcore_requests_outstanding.all_data_rd, 0x860
offcore_requests_outstanding.cycles_with_data_rd, 0x860
offcore_requests_outstanding.cycles_with_demand_code_rd, 0x260
offcore_requests_outstanding.cycles_with_demand_data_rd, 0x160
offcore_requests_outstanding.cycles_with_demand_rfo, 0x460
offcore_requests_outstanding.demand_code_rd, 0x260
offcore_requests_outstanding.demand_data_rd, 0x160
offcore_requests_outstanding.demand_data_rd_ge_6, 0x160
offcore_requests_outstanding.demand_rfo, 0x460
offcore_response.all_data_rd.any_response_0, 0x1b7, 0x10491
offcore_response.all_data_rd.any_response_1, 0x1bb, 0x10491
offcore_response.all_data_rd.l3_hit.any_snoop_0, 0x1b7, 0x3f803c0491
offcore_response.all_data_rd.l3_hit.any_snoop_1, 0x1bb, 0x3f803c0491
offcore_response.all_data_rd.l3_hit.hitm_other_core_0, 0x1b7, 0x10003c0491
offcore_response.all_data_rd.l3_hit.hitm_other_core_1, 0x1bb, 0x10003c0491
offcore_response.all_data_rd.l3_hit.hit_other_core_fwd_0, 0x1b7, 0x8003c0491
offcore_response.all_data_rd.l3_hit.hit_other_core_fwd_1, 0x1bb, 0x8003c0491
offcore_response.all_data_rd.l3_hit.hit_other_core_no_fwd_0, 0x1b7, 0x4003c0491
offcore_response.all_data_rd.l3_hit.hit_other_core_no_fwd_1, 0x1bb, 0x4003c0491
offcore_response.all_data_rd.l3_hit.no_snoop_needed_0, 0x1b7, 0x1003c0491
offcore_response.all_data_rd.l3_hit.no_snoop_needed_1, 0x1bb, 0x1003c0491
offcore_response.all_data_rd.l3_hit.snoop_hit_with_fwd_0, 0x1b7, 0x8007c0491
offcore_response.all_data_rd.l3_hit.snoop_hit_with_fwd_1, 0x1bb, 0x8007c0491
offcore_response.all_data_rd.l3_hit.snoop_miss_0, 0x1b7, 0x2003c0491
offcore_response.all_data_rd.l3_hit.snoop_miss_1, 0x1bb, 0x2003c0491
offcore_response.all_data_rd.l3_hit.snoop_none_0, 0x1b7, 0x803c0491
offcore_response.all_data_rd.l3_hit.snoop_none_1, 0x1bb, 0x803c0491
offcore_response.all_data_rd.l3_hit_e.any_snoop_0, 0x1b7, 0x3f80080491
offcore_response.all_data_rd.l3_hit_e.any_snoop_1, 0x1bb, 0x3f80080491
offcore_response.all_data_rd.l3_hit_e.hitm_other_core_0, 0x1b7, 0x1000080491
offcore_response.all_data_rd.l3_hit_e.hitm_other_core_1, 0x1bb, 0x1000080491
offcore_response.all_data_rd.l3_hit_e.hit_other_core_fwd_0, 0x1b7, 0x800080491
offcore_response.all_data_rd.l3_hit_e.hit_other_core_fwd_1, 0x1bb, 0x800080491
offcore_response.all_data_rd.l3_hit_e.hit_other_core_no_fwd_0, 0x1b7, 0x400080491
offcore_response.all_data_rd.l3_hit_e.hit_other_core_no_fwd_1, 0x1bb, 0x400080491
offcore_response.all_data_rd.l3_hit_e.no_snoop_needed_0, 0x1b7, 0x100080491
offcore_response.all_data_rd.l3_hit_e.no_snoop_needed_1, 0x1bb, 0x100080491
offcore_response.all_data_rd.l3_hit_e.snoop_miss_0, 0x1b7, 0x200080491
offcore_response.all_data_rd.l3_hit_e.snoop_miss_1, 0x1bb, 0x200080491
offcore_response.all_data_rd.l3_hit_e.snoop_none_0, 0x1b7, 0x80080491
offcore_response.all_data_rd.l3_hit_e.snoop_none_1, 0x1bb, 0x80080491
offcore_response.all_data_rd.l3_hit_f.any_snoop_0, 0x1b7, 0x3f80200491
offcore_response.all_data_rd.l3_hit_f.any_snoop_1, 0x1bb, 0x3f80200491
offcore_response.all_data_rd.l3_hit_f.hitm_other_core_0, 0x1b7, 0x1000200491
offcore_response.all_data_rd.l3_hit_f.hitm_other_core_1, 0x1bb, 0x1000200491
offcore_response.all_data_rd.l3_hit_f.hit_other_core_fwd_0, 0x1b7, 0x800200491
offcore_response.all_data_rd.l3_hit_f.hit_other_core_fwd_1, 0x1bb, 0x800200491
offcore_response.all_data_rd.l3_hit_f.hit_other_core_no_fwd_0, 0x1b7, 0x400200491
offcore_response.all_data_rd.l3_hit_f.hit_other_core_no_fwd_1, 0x1bb, 0x400200491
offcore_response.all_data_rd.l3_hit_f.no_snoop_needed_0, 0x1b7, 0x100200491
offcore_response.all_data_rd.l3_hit_f.no_snoop_needed_1, 0x1bb, 0x100200491
offcore_response.all_data_rd.l3_hit_f.snoop_miss_0, 0x1b7, 0x200200491
offcore_response.all_data_rd.l3_hit_f.snoop_miss_1, 0x1bb, 0x200200491
offcore_response.all_data_rd.l3_hit_f.snoop_none_0, 0x1b7, 0x80200491
offcore_response.all_data_rd.l3_hit_f.snoop_none_1, 0x1bb, 0x80200491
offcore_response.all_data_rd.l3_hit_m.any_snoop_0, 0x1b7, 0x3f80040491
offcore_response.all_data_rd.l3_hit_m.any_snoop_1, 0x1bb, 0x3f80040491
offcore_response.all_data_rd.l3_hit_m.hitm_other_core_0, 0x1b7, 0x1000040491
offcore_response.all_data_rd.l3_hit_m.hitm_other_core_1, 0x1bb, 0x1000040491
offcore_response.all_data_rd.l3_hit_m.hit_other_core_fwd_0, 0x1b7, 0x800040491
offcore_response.all_data_rd.l3_hit_m.hit_other_core_fwd_1, 0x1bb, 0x800040491
offcore_response.all_data_rd.l3_hit_m.hit_other_core_no_fwd_0, 0x1b7, 0x400040491
offcore_response.all_data_rd.l3_hit_m.hit_other_core_no_fwd_1, 0x1bb, 0x400040491
offcore_response.all_data_rd.l3_hit_m.no_snoop_needed_0, 0x1b7, 0x100040491
offcore_response.all_data_rd.l3_hit_m.no_snoop_needed_1, 0x1bb, 0x100040491
offcore_response.all_data_rd.l3_hit_m.snoop_miss_0, 0x1b7, 0x200040491
offcore_response.all_data_rd.l3_hit_m.snoop_miss_1, 0x1bb, 0x200040491
offcore_response.all_data_rd.l3_hit_m.snoop_none_0, 0x1b7, 0x80040491
offcore_response.all_data_rd.l3_hit_m.snoop_none_1, 0x1bb, 0x80040491
offcore_response.all_data_rd.l3_hit_s.any_snoop_0, 0x1b7, 0x3f80100491
offcore_response.all_data_rd.l3_hit_s.any_snoop_1, 0x1bb, 0x3f80100491
offcore_response.all_data_rd.l3_hit_s.hitm_other_core_0, 0x1b7, 0x1000100491
offcore_response.all_data_rd.l3_hit_s.hitm_other_core_1, 0x1bb, 0x1000100491
offcore_response.all_data_rd.l3_hit_s.hit_other_core_fwd_0, 0x1b7, 0x800100491
offcore_response.all_data_rd.l3_hit_s.hit_other_core_fwd_1, 0x1bb, 0x800100491
offcore_response.all_data_rd.l3_hit_s.hit_other_core_no_fwd_0, 0x1b7, 0x400100491
offcore_response.all_data_rd.l3_hit_s.hit_other_core_no_fwd_1, 0x1bb, 0x400100491
offcore_response.all_data_rd.l3_hit_s.no_snoop_needed_0, 0x1b7, 0x100100491
offcore_response.all_data_rd.l3_hit_s.no_snoop_needed_1, 0x1bb, 0x100100491
offcore_response.all_data_rd.l3_hit_s.snoop_miss_0, 0x1b7, 0x200100491
offcore_response.all_data_rd.l3_hit_s.snoop_miss_1, 0x1bb, 0x200100491
offcore_response.all_data_rd.l3_hit_s.snoop_none_0, 0x1b7, 0x80100491
offcore_response.all_data_rd.l3_hit_s.snoop_none_1, 0x1bb, 0x80100491
offcore_response.all_data_rd.pmm_hit_local_pmm.any_snoop_0, 0x1b7, 0x3f80400491
offcore_response.all_data_rd.pmm_hit_local_pmm.any_snoop_1, 0x1bb, 0x3f80400491
offcore_response.all_data_rd.pmm_hit_local_pmm.snoop_none_0, 0x1b7, 0x80400491
offcore_response.all_data_rd.pmm_hit_local_pmm.snoop_none_1, 0x1bb, 0x80400491
offcore_response.all_data_rd.pmm_hit_local_pmm.snoop_not_needed_0, 0x1b7, 0x100400491
offcore_response.all_data_rd.pmm_hit_local_pmm.snoop_not_needed_1, 0x1bb, 0x100400491
offcore_response.all_data_rd.supplier_none.any_snoop_0, 0x1b7, 0x3f80020491
offcore_response.all_data_rd.supplier_none.any_snoop_1, 0x1bb, 0x3f80020491
offcore_response.all_data_rd.supplier_none.hitm_other_core_0, 0x1b7, 0x1000020491
offcore_response.all_data_rd.supplier_none.hitm_other_core_1, 0x1bb, 0x1000020491
offcore_response.all_data_rd.supplier_none.hit_other_core_fwd_0, 0x1b7, 0x800020491
offcore_response.all_data_rd.supplier_none.hit_other_core_fwd_1, 0x1bb, 0x800020491
offcore_response.all_data_rd.supplier_none.hit_other_core_no_fwd_0, 0x1b7, 0x400020491
offcore_response.all_data_rd.supplier_none.hit_other_core_no_fwd_1, 0x1bb, 0x400020491
offcore_response.all_data_rd.supplier_none.no_snoop_needed_0, 0x1b7, 0x100020491
offcore_response.all_data_rd.supplier_none.no_snoop_needed_1, 0x1bb, 0x100020491
offcore_response.all_data_rd.supplier_none.snoop_miss_0, 0x1b7, 0x200020491
offcore_response.all_data_rd.supplier_none.snoop_miss_1, 0x1bb, 0x200020491
offcore_response.all_data_rd.supplier_none.snoop_none_0, 0x1b7, 0x80020491
offcore_response.all_data_rd.supplier_none.snoop_none_1, 0x1bb, 0x80020491
offcore_response.all_pf_data_rd.any_response_0, 0x1b7, 0x10490
offcore_response.all_pf_data_rd.any_response_1, 0x1bb, 0x10490
offcore_response.all_pf_data_rd.l3_hit.any_snoop_0, 0x1b7, 0x3f803c0490
offcore_response.all_pf_data_rd.l3_hit.any_snoop_1, 0x1bb, 0x3f803c0490
offcore_response.all_pf_data_rd.l3_hit.hitm_other_core_0, 0x1b7, 0x10003c0490
offcore_response.all_pf_data_rd.l3_hit.hitm_other_core_1, 0x1bb, 0x10003c0490
offcore_response.all_pf_data_rd.l3_hit.hit_other_core_fwd_0, 0x1b7, 0x8003c0490
offcore_response.all_pf_data_rd.l3_hit.hit_other_core_fwd_1, 0x1bb, 0x8003c0490
offcore_response.all_pf_data_rd.l3_hit.hit_other_core_no_fwd_0, 0x1b7, 0x4003c0490
offcore_response.all_pf_data_rd.l3_hit.hit_other_core_no_fwd_1, 0x1bb, 0x4003c0490
offcore_response.all_pf_data_rd.l3_hit.no_snoop_needed_0, 0x1b7, 0x1003c0490
offcore_response.all_pf_data_rd.l3_hit.no_snoop_needed_1, 0x1bb, 0x1003c0490
offcore_response.all_pf_data_rd.l3_hit.snoop_hit_with_fwd_0, 0x1b7, 0x8007c0490
offcore_response.all_pf_data_rd.l3_hit.snoop_hit_with_fwd_1, 0x1bb, 0x8007c0490
offcore_response.all_pf_data_rd.l3_hit.snoop_miss_0, 0x1b7, 0x2003c0490
offcore_response.all_pf_data_rd.l3_hit.snoop_miss_1, 0x1bb, 0x2003c0490
offcore_response.all_pf_data_rd.l3_hit.snoop_none_0, 0x1b7, 0x803c0490
offcore_response.all_pf_data_rd.l3_hit.snoop_none_1, 0x1bb, 0x803c0490
offcore_response.all_pf_data_rd.l3_hit_e.any_snoop_0, 0x1b7, 0x3f80080490
offcore_response.all_pf_data_rd.l3_hit_e.any_snoop_1, 0x1bb, 0x3f80080490
offcore_response.all_pf_data_rd.l3_hit_e.hitm_other_core_0, 0x1b7, 0x1000080490
offcore_response.all_pf_data_rd.l3_hit_e.hitm_other_core_1, 0x1bb, 0x1000080490
offcore_response.all_pf_data_rd.l3_hit_e.hit_other_core_fwd_0, 0x1b7, 0x800080490
offcore_response.all_pf_data_rd.l3_hit_e.hit_other_core_fwd_1, 0x1bb, 0x800080490
offcore_response.all_pf_data_rd.l3_hit_e.hit_other_core_no_fwd_0, 0x1b7, 0x400080490
offcore_response.all_pf_data_rd.l3_hit_e.hit_other_core_no_fwd_1, 0x1bb, 0x400080490
offcore_response.all_pf_data_rd.l3_hit_e.no_snoop_needed_0, 0x1b7, 0x100080490
offcore_response.all_pf_data_rd.l3_hit_e.no_snoop_needed_1, 0x1bb, 0x100080490
offcore_response.all_pf_data_rd.l3_hit_e.snoop_miss_0, 0x1b7, 0x200080490
offcore_response.all_pf_data_rd.l3_hit_e.snoop_miss_1, 0x1bb, 0x200080490
offcore_response.all_pf_data_rd.l3_hit_e.snoop_none_0, 0x1b7, 0x80080490
offcore_response.all_pf_data_rd.l3_hit_e.snoop_none_1, 0x1bb, 0x80080490
offcore_response.all_pf_data_rd.l3_hit_f.any_snoop_0, 0x1b7, 0x3f80200490
offcore_response.all_pf_data_rd.l3_hit_f.any_snoop_1, 0x1bb, 0x3f80200490
offcore_response.all_pf_data_rd.l3_hit_f.hitm_other_core_0, 0x1b7, 0x1000200490
offcore_response.all_pf_data_rd.l3_hit_f.hitm_other_core_1, 0x1bb, 0x1000200490
offcore_response.all_pf_data_rd.l3_hit_f.hit_other_core_fwd_0, 0x1b7, 0x800200490
offcore_response.all_pf_data_rd.l3_hit_f.hit_other_core_fwd_1, 0x1bb, 0x800200490
offcore_response.all_pf_data_rd.l3_hit_f.hit_other_core_no_fwd_0, 0x1b7, 0x400200490
offcore_response.all_pf_data_rd.l3_hit_f.hit_other_core_no_fwd_1, 0x1bb, 0x400200490
offcore_response.all_pf_data_rd.l3_hit_f.no_snoop_needed_0, 0x1b7, 0x100200490
offcore_response.all_pf_data_rd.l3_hit_f.no_snoop_needed_1, 0x1bb, 0x100200490
offcore_response.all_pf_data_rd.l3_hit_f.snoop_miss_0, 0x1b7, 0x200200490
offcore_response.all_pf_data_rd.l3_hit_f.snoop_miss_1, 0x1bb, 0x200200490
offcore_response.all_pf_data_rd.l3_hit_f.snoop_none_0, 0x1b7, 0x80200490
offcore_response.all_pf_data_rd.l3_hit_f.snoop_none_1, 0x1bb, 0x80200490
offcore_response.all_pf_data_rd.l3_hit_m.any_snoop_0, 0x1b7, 0x3f80040490
offcore_response.all_pf_data_rd.l3_hit_m.any_snoop_1, 0x1bb, 0x3f80040490
offcore_response.all_pf_data_rd.l3_hit_m.hitm_other_core_0, 0x1b7, 0x1000040490
offcore_response.all_pf_data_rd.l3_hit_m.hitm_other_core_1, 0x1bb, 0x1000040490
offcore_response.all_pf_data_rd.l3_hit_m.hit_other_core_fwd_0, 0x1b7, 0x800040490
offcore_response.all_pf_data_rd.l3_hit_m.hit_other_core_fwd_1, 0x1bb, 0x800040490
offcore_response.all_pf_data_rd.l3_hit_m.hit_other_core_no_fwd_0, 0x1b7, 0x400040490
offcore_response.all_pf_data_rd.l3_hit_m.hit_other_core_no_fwd_1, 0x1bb, 0x400040490
offcore_response.all_pf_data_rd.l3_hit_m.no_snoop_needed_0, 0x1b7, 0x100040490
offcore_response.all_pf_data_rd.l3_hit_m.no_snoop_needed_1, 0x1bb, 0x100040490
offcore_response.all_pf_data_rd.l3_hit_m.snoop_miss_0, 0x1b7, 0x200040490
offcore_response.all_pf_data_rd.l3_hit_m.snoop_miss_1, 0x1bb, 0x200040490
offcore_response.all_pf_data_rd.l3_hit_m.snoop_none_0, 0x1b7, 0x80040490
offcore_response.all_pf_data_rd.l3_hit_m.snoop_none_1, 0x1bb, 0x80040490
offcore_response.all_pf_data_rd.l3_hit_s.any_snoop_0, 0x1b7, 0x3f80100490
offcore_response.all_pf_data_rd.l3_hit_s.any_snoop_1, 0x1bb, 0x3f80100490
offcore_response.all_pf_data_rd.l3_hit_s.hitm_other_core_0, 0x1b7, 0x1000100490
offcore_response.all_pf_data_rd.l3_hit_s.hitm_other_core_1, 0x1bb, 0x1000100490
offcore_response.all_pf_data_rd.l3_hit_s.hit_other_core_fwd_0, 0x1b7, 0x800100490
offcore_response.all_pf_data_rd.l3_hit_s.hit_other_core_fwd_1, 0x1bb, 0x800100490
offcore_response.all_pf_data_rd.l3_hit_s.hit_other_core_no_fwd_0, 0x1b7, 0x400100490
offcore_response.all_pf_data_rd.l3_hit_s.hit_other_core_no_fwd_1, 0x1bb, 0x400100490
offcore_response.all_pf_data_rd.l3_hit_s.no_snoop_needed_0, 0x1b7, 0x100100490
offcore_response.all_pf_data_rd.l3_hit_s.no_snoop_needed_1, 0x1bb, 0x100100490
offcore_response.all_pf_data_rd.l3_hit_s.snoop_miss_0, 0x1b7, 0x200100490
offcore_response.all_pf_data_rd.l3_hit_s.snoop_miss_1, 0x1bb, 0x200100490
offcore_response.all_pf_data_rd.l3_hit_s.snoop_none_0, 0x1b7, 0x80100490
offcore_response.all_pf_data_rd.l3_hit_s.snoop_none_1, 0x1bb, 0x80100490
offcore_response.all_pf_data_rd.pmm_hit_local_pmm.any_snoop_0, 0x1b7, 0x3f80400490
offcore_response.all_pf_data_rd.pmm_hit_local_pmm.any_snoop_1, 0x1bb, 0x3f80400490
offcore_response.all_pf_data_rd.pmm_hit_local_pmm.snoop_none_0, 0x1b7, 0x80400490
offcore_response.all_pf_data_rd.pmm_hit_local_pmm.snoop_none_1, 0x1bb, 0x80400490
offcore_response.all_pf_data_rd.pmm_hit_local_pmm.snoop_not_needed_0, 0x1b7, 0x100400490
offcore_response.all_pf_data_rd.pmm_hit_local_pmm.snoop_not_needed_1, 0x1bb, 0x100400490
offcore_response.all_pf_data_rd.supplier_none.any_snoop_0, 0x1b7, 0x3f80020490
offcore_response.all_pf_data_rd.supplier_none.any_snoop_1, 0x1bb, 0x3f80020490
offcore_response.all_pf_data_rd.supplier_none.hitm_other_core_0, 0x1b7, 0x1000020490
offcore_response.all_pf_data_rd.supplier_none.hitm_other_core_1, 0x1bb, 0x1000020490
offcore_response.all_pf_data_rd.supplier_none.hit_other_core_fwd_0, 0x1b7, 0x800020490
offcore_response.all_pf_data_rd.supplier_none.hit_other_core_fwd_1, 0x1bb, 0x800020490
offcore_response.all_pf_data_rd.supplier_none.hit_other_core_no_fwd_0, 0x1b7, 0x400020490
offcore_response.all_pf_data_rd.supplier_none.hit_other_core_no_fwd_1, 0x1bb, 0x400020490
offcore_response.all_pf_data_rd.supplier_none.no_snoop_needed_0, 0x1b7, 0x100020490
offcore_response.all_pf_data_rd.supplier_none.no_snoop_needed_1, 0x1bb, 0x100020490
offcore_response.all_pf_data_rd.supplier_none.snoop_miss_0, 0x1b7, 0x200020490
offcore_response.all_pf_data_rd.supplier_none.snoop_miss_1, 0x1bb, 0x200020490
offcore_response.all_pf_data_rd.supplier_none.snoop_none_0, 0x1b7, 0x80020490
offcore_response.all_pf_data_rd.supplier_none.snoop_none_1, 0x1bb, 0x80020490
offcore_response.all_pf_rfo.any_response_0, 0x1b7, 0x10120
offcore_response.all_pf_rfo.any_response_1, 0x1bb, 0x10120
offcore_response.all_pf_rfo.l3_hit.any_snoop_0, 0x1b7, 0x3f803c0120
offcore_response.all_pf_rfo.l3_hit.any_snoop_1, 0x1bb, 0x3f803c0120
offcore_response.all_pf_rfo.l3_hit.hitm_other_core_0, 0x1b7, 0x10003c0120
offcore_response.all_pf_rfo.l3_hit.hitm_other_core_1, 0x1bb, 0x10003c0120
offcore_response.all_pf_rfo.l3_hit.hit_other_core_fwd_0, 0x1b7, 0x8003c0120
offcore_response.all_pf_rfo.l3_hit.hit_other_core_fwd_1, 0x1bb, 0x8003c0120
offcore_response.all_pf_rfo.l3_hit.hit_other_core_no_fwd_0, 0x1b7, 0x4003c0120
offcore_response.all_pf_rfo.l3_hit.hit_other_core_no_fwd_1, 0x1bb, 0x4003c0120
offcore_response.all_pf_rfo.l3_hit.no_snoop_needed_0, 0x1b7, 0x1003c0120
offcore_response.all_pf_rfo.l3_hit.no_snoop_needed_1, 0x1bb, 0x1003c0120
offcore_response.all_pf_rfo.l3_hit.snoop_hit_with_fwd_0, 0x1b7, 0x8007c0120
offcore_response.all_pf_rfo.l3_hit.snoop_hit_with_fwd_1, 0x1bb, 0x8007c0120
offcore_response.all_pf_rfo.l3_hit.snoop_miss_0, 0x1b7, 0x2003c0120
offcore_response.all_pf_rfo.l3_hit.snoop_miss_1, 0x1bb, 0x2003c0120
offcore_response.all_pf_rfo.l3_hit.snoop_none_0, 0x1b7, 0x803c0120
offcore_response.all_pf_rfo.l3_hit.snoop_none_1, 0x1bb, 0x803c0120
offcore_response.all_pf_rfo.l3_hit_e.any_snoop_0, 0x1b7, 0x3f80080120
offcore_response.all_pf_rfo.l3_hit_e.any_snoop_1, 0x1bb, 0x3f80080120
offcore_response.all_pf_rfo.l3_hit_e.hitm_other_core_0, 0x1b7, 0x1000080120
offcore_response.all_pf_rfo.l3_hit_e.hitm_other_core_1, 0x1bb, 0x1000080120
offcore_response.all_pf_rfo.l3_hit_e.hit_other_core_fwd_0, 0x1b7, 0x800080120
offcore_response.all_pf_rfo.l3_hit_e.hit_other_core_fwd_1, 0x1bb, 0x800080120
offcore_response.all_pf_rfo.l3_hit_e.hit_other_core_no_fwd_0, 0x1b7, 0x400080120
offcore_response.all_pf_rfo.l3_hit_e.hit_other_core_no_fwd_1, 0x1bb, 0x400080120
offcore_response.all_pf_rfo.l3_hit_e.no_snoop_needed_0, 0x1b7, 0x100080120
offcore_response.all_pf_rfo.l3_hit_e.no_snoop_needed_1, 0x1bb, 0x100080120
offcore_response.all_pf_rfo.l3_hit_e.snoop_miss_0, 0x1b7, 0x200080120
offcore_response.all_pf_rfo.l3_hit_e.snoop_miss_1, 0x1bb, 0x200080120
offcore_response.all_pf_rfo.l3_hit_e.snoop_none_0, 0x1b7, 0x80080120
offcore_response.all_pf_rfo.l3_hit_e.snoop_none_1, 0x1bb, 0x80080120
offcore_response.all_pf_rfo.l3_hit_f.any_snoop_0, 0x1b7, 0x3f80200120
offcore_response.all_pf_rfo.l3_hit_f.any_snoop_1, 0x1bb, 0x3f80200120
offcore_response.all_pf_rfo.l3_hit_f.hitm_other_core_0, 0x1b7, 0x1000200120
offcore_response.all_pf_rfo.l3_hit_f.hitm_other_core_1, 0x1bb, 0x1000200120
offcore_response.all_pf_rfo.l3_hit_f.hit_other_core_fwd_0, 0x1b7, 0x800200120
offcore_response.all_pf_rfo.l3_hit_f.hit_other_core_fwd_1, 0x1bb, 0x800200120
offcore_response.all_pf_rfo.l3_hit_f.hit_other_core_no_fwd_0, 0x1b7, 0x400200120
offcore_response.all_pf_rfo.l3_hit_f.hit_other_core_no_fwd_1, 0x1bb, 0x400200120
offcore_response.all_pf_rfo.l3_hit_f.no_snoop_needed_0, 0x1b7, 0x100200120
offcore_response.all_pf_rfo.l3_hit_f.no_snoop_needed_1, 0x1bb, 0x100200120
offcore_response.all_pf_rfo.l3_hit_f.snoop_miss_0, 0x1b7, 0x200200120
offcore_response.all_pf_rfo.l3_hit_f.snoop_miss_1, 0x1bb, 0x200200120
offcore_response.all_pf_rfo.l3_hit_f.snoop_none_0, 0x1b7, 0x80200120
offcore_response.all_pf_rfo.l3_hit_f.snoop_none_1, 0x1bb, 0x80200120
offcore_response.all_pf_rfo.l3_hit_m.any_snoop_0, 0x1b7, 0x3f80040120
offcore_response.all_pf_rfo.l3_hit_m.any_snoop_1, 0x1bb, 0x3f80040120
offcore_response.all_pf_rfo.l3_hit_m.hitm_other_core_0, 0x1b7, 0x1000040120
offcore_response.all_pf_rfo.l3_hit_m.hitm_other_core_1, 0x1bb, 0x1000040120
offcore_response.all_pf_rfo.l3_hit_m.hit_other_core_fwd_0, 0x1b7, 0x800040120
offcore_response.all_pf_rfo.l3_hit_m.hit_other_core_fwd_1, 0x1bb, 0x800040120
offcore_response.all_pf_rfo.l3_hit_m.hit_other_core_no_fwd_0, 0x1b7, 0x400040120
offcore_response.all_pf_rfo.l3_hit_m.hit_other_core_no_fwd_1, 0x1bb, 0x400040120
offcore_response.all_pf_rfo.l3_hit_m.no_snoop_needed_0, 0x1b7, 0x100040120
offcore_response.all_pf_rfo.l3_hit_m.no_snoop_needed_1, 0x1bb, 0x100040120
offcore_response.all_pf_rfo.l3_hit_m.snoop_miss_0, 0x1b7, 0x200040120
offcore_response.all_pf_rfo.l3_hit_m.snoop_miss_1, 0x1bb, 0x200040120
offcore_response.all_pf_rfo.l3_hit_m.snoop_none_0, 0x1b7, 0x80040120
offcore_response.all_pf_rfo.l3_hit_m.snoop_none_1, 0x1bb, 0x80040120
offcore_response.all_pf_rfo.l3_hit_s.any_snoop_0, 0x1b7, 0x3f80100120
offcore_response.all_pf_rfo.l3_hit_s.any_snoop_1, 0x1bb, 0x3f80100120
offcore_response.all_pf_rfo.l3_hit_s.hitm_other_core_0, 0x1b7, 0x1000100120
offcore_response.all_pf_rfo.l3_hit_s.hitm_other_core_1, 0x1bb, 0x1000100120
offcore_response.all_pf_rfo.l3_hit_s.hit_other_core_fwd_0, 0x1b7, 0x800100120
offcore_response.all_pf_rfo.l3_hit_s.hit_other_core_fwd_1, 0x1bb, 0x800100120
offcore_response.all_pf_rfo.l3_hit_s.hit_other_core_no_fwd_0, 0x1b7, 0x400100120
offcore_response.all_pf_rfo.l3_hit_s.hit_other_core_no_fwd_1, 0x1bb, 0x400100120
offcore_response.all_pf_rfo.l3_hit_s.no_snoop_needed_0, 0x1b7, 0x100100120
offcore_response.all_pf_rfo.l3_hit_s.no_snoop_needed_1, 0x1bb, 0x100100120
offcore_response.all_pf_rfo.l3_hit_s.snoop_miss_0, 0x1b7, 0x200100120
offcore_response.all_pf_rfo.l3_hit_s.snoop_miss_1, 0x1bb, 0x200100120
offcore_response.all_pf_rfo.l3_hit_s.snoop_none_0, 0x1b7, 0x80100120
offcore_response.all_pf_rfo.l3_hit_s.snoop_none_1, 0x1bb, 0x80100120
offcore_response.all_pf_rfo.pmm_hit_local_pmm.any_snoop_0, 0x1b7, 0x3f80400120
offcore_response.all_pf_rfo.pmm_hit_local_pmm.any_snoop_1, 0x1bb, 0x3f80400120
offcore_response.all_pf_rfo.pmm_hit_local_pmm.snoop_none_0, 0x1b7, 0x80400120
offcore_response.all_pf_rfo.pmm_hit_local_pmm.snoop_none_1, 0x1bb, 0x80400120
offcore_response.all_pf_rfo.pmm_hit_local_pmm.snoop_not_needed_0, 0x1b7, 0x100400120
offcore_response.all_pf_rfo.pmm_hit_local_pmm.snoop_not_needed_1, 0x1bb, 0x100400120
offcore_response.all_pf_rfo.supplier_none.any_snoop_0, 0x1b7, 0x3f80020120
offcore_response.all_pf_rfo.supplier_none.any_snoop_1, 0x1bb, 0x3f80020120
offcore_response.all_pf_rfo.supplier_none.hitm_other_core_0, 0x1b7, 0x1000020120
offcore_response.all_pf_rfo.supplier_none.hitm_other_core_1, 0x1bb, 0x1000020120
offcore_response.all_pf_rfo.supplier_none.hit_other_core_fwd_0, 0x1b7, 0x800020120
offcore_response.all_pf_rfo.supplier_none.hit_other_core_fwd_1, 0x1bb, 0x800020120
offcore_response.all_pf_rfo.supplier_none.hit_other_core_no_fwd_0, 0x1b7, 0x400020120
offcore_response.all_pf_rfo.supplier_none.hit_other_core_no_fwd_1, 0x1bb, 0x400020120
offcore_response.all_pf_rfo.supplier_none.no_snoop_needed_0, 0x1b7, 0x100020120
offcore_response.all_pf_rfo.supplier_none.no_snoop_needed_1, 0x1bb, 0x100020120
offcore_response.all_pf_rfo.supplier_none.snoop_miss_0, 0x1b7, 0x200020120
offcore_response.all_pf_rfo.supplier_none.snoop_miss_1, 0x1bb, 0x200020120
offcore_response.all_pf_rfo.supplier_none.snoop_none_0, 0x1b7, 0x80020120
offcore_response.all_pf_rfo.supplier_none.snoop_none_1, 0x1bb, 0x80020120
offcore_response.all_reads.any_response_0, 0x1b7, 0x107f7
offcore_response.all_reads.any_response_1, 0x1bb, 0x107f7
offcore_response.all_reads.l3_hit.any_snoop_0, 0x1b7, 0x3f803c07f7
offcore_response.all_reads.l3_hit.any_snoop_1, 0x1bb, 0x3f803c07f7
offcore_response.all_reads.l3_hit.hitm_other_core_0, 0x1b7, 0x10003c07f7
offcore_response.all_reads.l3_hit.hitm_other_core_1, 0x1bb, 0x10003c07f7
offcore_response.all_reads.l3_hit.hit_other_core_fwd_0, 0x1b7, 0x8003c07f7
offcore_response.all_reads.l3_hit.hit_other_core_fwd_1, 0x1bb, 0x8003c07f7
offcore_response.all_reads.l3_hit.hit_other_core_no_fwd_0, 0x1b7, 0x4003c07f7
offcore_response.all_reads.l3_hit.hit_other_core_no_fwd_1, 0x1bb, 0x4003c07f7
offcore_response.all_reads.l3_hit.no_snoop_needed_0, 0x1b7, 0x1003c07f7
offcore_response.all_reads.l3_hit.no_snoop_needed_1, 0x1bb, 0x1003c07f7
offcore_response.all_reads.l3_hit.snoop_hit_with_fwd_0, 0x1b7, 0x8007c07f7
offcore_response.all_reads.l3_hit.snoop_hit_with_fwd_1, 0x1bb, 0x8007c07f7
offcore_response.all_reads.l3_hit.snoop_miss_0, 0x1b7, 0x2003c07f7
offcore_response.all_reads.l3_hit.snoop_miss_1, 0x1bb, 0x2003c07f7
offcore_response.all_reads.l3_hit.snoop_none_0, 0x1b7, 0x803c07f7
offcore_response.all_reads.l3_hit.snoop_none_1, 0x1bb, 0x803c07f7
offcore_response.all_reads.l3_hit_e.any_snoop_0, 0x1b7, 0x3f800807f7
offcore_response.all_reads.l3_hit_e.any_snoop_1, 0x1bb, 0x3f800807f7
offcore_response.all_reads.l3_hit_e.hitm_other_core_0, 0x1b7, 0x10000807f7
offcore_response.all_reads.l3_hit_e.hitm_other_core_1, 0x1bb, 0x10000807f7
offcore_response.all_reads.l3_hit_e.hit_other_core_fwd_0, 0x1b7, 0x8000807f7
offcore_response.all_reads.l3_hit_e.hit_other_core_fwd_1, 0x1bb, 0x8000807f7
offcore_response.all_reads.l3_hit_e.hit_other_core_no_fwd_0, 0x1b7, 0x4000807f7
offcore_response.all_reads.l3_hit_e.hit_other_core_no_fwd_1, 0x1bb, 0x4000807f7
offcore_response.all_reads.l3_hit_e.no_snoop_needed_0, 0x1b7, 0x1000807f7
offcore_response.all_reads.l3_hit_e.no_snoop_needed_1, 0x1bb, 0x1000807f7
offcore_response.all_reads.l3_hit_e.snoop_miss_0, 0x1b7, 0x2000807f7
offcore_response.all_reads.l3_hit_e.snoop_miss_1, 0x1bb, 0x2000807f7
offcore_response.all_reads.l3_hit_e.snoop_none_0, 0x1b7, 0x800807f7
offcore_response.all_reads.l3_hit_e.snoop_none_1, 0x1bb, 0x800807f7
offcore_response.all_reads.l3_hit_f.any_snoop_0, 0x1b7, 0x3f802007f7
offcore_response.all_reads.l3_hit_f.any_snoop_1, 0x1bb, 0x3f802007f7
offcore_response.all_reads.l3_hit_f.hitm_other_core_0, 0x1b7, 0x10002007f7
offcore_response.all_reads.l3_hit_f.hitm_other_core_1, 0x1bb, 0x10002007f7
offcore_response.all_reads.l3_hit_f.hit_other_core_fwd_0, 0x1b7, 0x8002007f7
offcore_response.all_reads.l3_hit_f.hit_other_core_fwd_1, 0x1bb, 0x8002007f7
offcore_response.all_reads.l3_hit_f.hit_other_core_no_fwd_0, 0x1b7, 0x4002007f7
offcore_response.all_reads.l3_hit_f.hit_other_core_no_fwd_1, 0x1bb, 0x4002007f7
offcore_response.all_reads.l3_hit_f.no_snoop_needed_0, 0x1b7, 0x1002007f7
offcore_response.all_reads.l3_hit_f.no_snoop_needed_1, 0x1bb, 0x1002007f7
offcore_response.all_reads.l3_hit_f.snoop_miss_0, 0x1b7, 0x2002007f7
offcore_response.all_reads.l3_hit_f.snoop_miss_1, 0x1bb, 0x2002007f7
offcore_response.all_reads.l3_hit_f.snoop_none_0, 0x1b7, 0x802007f7
offcore_response.all_reads.l3_hit_f.snoop_none_1, 0x1bb, 0x802007f7
offcore_response.all_reads.l3_hit_m.any_snoop_0, 0x1b7, 0x3f800407f7
offcore_response.all_reads.l3_hit_m.any_snoop_1, 0x1bb, 0x3f800407f7
offcore_response.all_reads.l3_hit_m.hitm_other_core_0, 0x1b7, 0x10000407f7
offcore_response.all_reads.l3_hit_m.hitm_other_core_1, 0x1bb, 0x10000407f7
offcore_response.all_reads.l3_hit_m.hit_other_core_fwd_0, 0x1b7, 0x8000407f7
offcore_response.all_reads.l3_hit_m.hit_other_core_fwd_1, 0x1bb, 0x8000407f7
offcore_response.all_reads.l3_hit_m.hit_other_core_no_fwd_0, 0x1b7, 0x4000407f7
offcore_response.all_reads.l3_hit_m.hit_other_core_no_fwd_1, 0x1bb, 0x4000407f7
offcore_response.all_reads.l3_hit_m.no_snoop_needed_0, 0x1b7, 0x1000407f7
offcore_response.all_reads.l3_hit_m.no_snoop_needed_1, 0x1bb, 0x1000407f7
offcore_response.all_reads.l3_hit_m.snoop_miss_0, 0x1b7, 0x2000407f7
offcore_response.all_reads.l3_hit_m.snoop_miss_1, 0x1bb, 0x2000407f7
offcore_response.all_reads.l3_hit_m.snoop_none_0, 0x1b7, 0x800407f7
offcore_response.all_reads.l3_hit_m.snoop_none_1, 0x1bb, 0x800407f7
offcore_response.all_reads.l3_hit_s.any_snoop_0, 0x1b7, 0x3f801007f7
offcore_response.all_reads.l3_hit_s.any_snoop_1, 0x1bb, 0x3f801007f7
offcore_response.all_reads.l3_hit_s.hitm_other_core_0, 0x1b7, 0x10001007f7
offcore_response.all_reads.l3_hit_s.hitm_other_core_1, 0x1bb, 0x10001007f7
offcore_response.all_reads.l3_hit_s.hit_other_core_fwd_0, 0x1b7, 0x8001007f7
offcore_response.all_reads.l3_hit_s.hit_other_core_fwd_1, 0x1bb, 0x8001007f7
offcore_response.all_reads.l3_hit_s.hit_other_core_no_fwd_0, 0x1b7, 0x4001007f7
offcore_response.all_reads.l3_hit_s.hit_other_core_no_fwd_1, 0x1bb, 0x4001007f7
offcore_response.all_reads.l3_hit_s.no_snoop_needed_0, 0x1b7, 0x1001007f7
offcore_response.all_reads.l3_hit_s.no_snoop_needed_1, 0x1bb, 0x1001007f7
offcore_response.all_reads.l3_hit_s.snoop_miss_0, 0x1b7, 0x2001007f7
offcore_response.all_reads.l3_hit_s.snoop_miss_1, 0x1bb, 0x2001007f7
offcore_response.all_reads.l3_hit_s.snoop_none_0, 0x1b7, 0x801007f7
offcore_response.all_reads.l3_hit_s.snoop_none_1, 0x1bb, 0x801007f7
offcore_response.all_reads.pmm_hit_local_pmm.any_snoop_0, 0x1b7, 0x3f804007f7
offcore_response.all_reads.pmm_hit_local_pmm.any_snoop_1, 0x1bb, 0x3f804007f7
offcore_response.all_reads.pmm_hit_local_pmm.snoop_none_0, 0x1b7, 0x804007f7
offcore_response.all_reads.pmm_hit_local_pmm.snoop_none_1, 0x1bb, 0x804007f7
offcore_response.all_reads.pmm_hit_local_pmm.snoop_not_needed_0, 0x1b7, 0x1004007f7
offcore_response.all_reads.pmm_hit_local_pmm.snoop_not_needed_1, 0x1bb, 0x1004007f7
offcore_response.all_reads.supplier_none.any_snoop_0, 0x1b7, 0x3f800207f7
offcore_response.all_reads.supplier_none.any_snoop_1, 0x1bb, 0x3f800207f7
offcore_response.all_reads.supplier_none.hitm_other_core_0, 0x1b7, 0x10000207f7
offcore_response.all_reads.supplier_none.hitm_other_core_1, 0x1bb, 0x10000207f7
offcore_response.all_reads.supplier_none.hit_other_core_fwd_0, 0x1b7, 0x8000207f7
offcore_response.all_reads.supplier_none.hit_other_core_fwd_1, 0x1bb, 0x8000207f7
offcore_response.all_reads.supplier_none.hit_other_core_no_fwd_0, 0x1b7, 0x4000207f7
offcore_response.all_reads.supplier_none.hit_other_core_no_fwd_1, 0x1bb, 0x4000207f7
offcore_response.all_reads.supplier_none.no_snoop_needed_0, 0x1b7, 0x1000207f7
offcore_response.all_reads.supplier_none.no_snoop_needed_1, 0x1bb, 0x1000207f7
offcore_response.all_reads.supplier_none.snoop_miss_0, 0x1b7, 0x2000207f7
offcore_response.all_reads.supplier_none.snoop_miss_1, 0x1bb, 0x2000207f7
offcore_response.all_reads.supplier_none.snoop_none_0, 0x1b7, 0x800207f7
offcore_response.all_reads.supplier_none.snoop_none_1, 0x1bb, 0x800207f7
offcore_response.all_rfo.any_response_0, 0x1b7, 0x10122
offcore_response.all_rfo.any_response_1, 0x1bb, 0x10122
offcore_response.all_rfo.l3_hit.any_snoop_0, 0x1b7, 0x3f803c0122
offcore_response.all_rfo.l3_hit.any_snoop_1, 0x1bb, 0x3f803c0122
offcore_response.all_rfo.l3_hit.hitm_other_core_0, 0x1b7, 0x10003c0122
offcore_response.all_rfo.l3_hit.hitm_other_core_1, 0x1bb, 0x10003c0122
offcore_response.all_rfo.l3_hit.hit_other_core_fwd_0, 0x1b7, 0x8003c0122
offcore_response.all_rfo.l3_hit.hit_other_core_fwd_1, 0x1bb, 0x8003c0122
offcore_response.all_rfo.l3_hit.hit_other_core_no_fwd_0, 0x1b7, 0x4003c0122
offcore_response.all_rfo.l3_hit.hit_other_core_no_fwd_1, 0x1bb, 0x4003c0122
offcore_response.all_rfo.l3_hit.no_snoop_needed_0, 0x1b7, 0x1003c0122
offcore_response.all_rfo.l3_hit.no_snoop_needed_1, 0x1bb, 0x1003c0122
offcore_response.all_rfo.l3_hit.snoop_hit_with_fwd_0, 0x1b7, 0x8007c0122
offcore_response.all_rfo.l3_hit.snoop_hit_with_fwd_1, 0x1bb, 0x8007c0122
offcore_response.all_rfo.l3_hit.snoop_miss_0, 0x1b7, 0x2003c0122
offcore_response.all_rfo.l3_hit.snoop_miss_1, 0x1bb, 0x2003c0122
offcore_response.all_rfo.l3_hit.snoop_none_0, 0x1b7, 0x803c0122
offcore_response.all_rfo.l3_hit.snoop_none_1, 0x1bb, 0x803c0122
offcore_response.all_rfo.l3_hit_e.any_snoop_0, 0x1b7, 0x3f80080122
offcore_response.all_rfo.l3_hit_e.any_snoop_1, 0x1bb, 0x3f80080122
offcore_response.all_rfo.l3_hit_e.hitm_other_core_0, 0x1b7, 0x1000080122
offcore_response.all_rfo.l3_hit_e.hitm_other_core_1, 0x1bb, 0x1000080122
offcore_response.all_rfo.l3_hit_e.hit_other_core_fwd_0, 0x1b7, 0x800080122
offcore_response.all_rfo.l3_hit_e.hit_other_core_fwd_1, 0x1bb, 0x800080122
offcore_response.all_rfo.l3_hit_e.hit_other_core_no_fwd_0, 0x1b7, 0x400080122
offcore_response.all_rfo.l3_hit_e.hit_other_core_no_fwd_1, 0x1bb, 0x400080122
offcore_response.all_rfo.l3_hit_e.no_snoop_needed_0, 0x1b7, 0x100080122
offcore_response.all_rfo.l3_hit_e.no_snoop_needed_1, 0x1bb, 0x100080122
offcore_response.all_rfo.l3_hit_e.snoop_miss_0, 0x1b7, 0x200080122
offcore_response.all_rfo.l3_hit_e.snoop_miss_1, 0x1bb, 0x200080122
offcore_response.all_rfo.l3_hit_e.snoop_none_0, 0x1b7, 0x80080122
offcore_response.all_rfo.l3_hit_e.snoop_none_1, 0x1bb, 0x80080122
offcore_response.all_rfo.l3_hit_f.any_snoop_0, 0x1b7, 0x3f80200122
offcore_response.all_rfo.l3_hit_f.any_snoop_1, 0x1bb, 0x3f80200122
offcore_response.all_rfo.l3_hit_f.hitm_other_core_0, 0x1b7, 0x1000200122
offcore_response.all_rfo.l3_hit_f.hitm_other_core_1, 0x1bb, 0x1000200122
offcore_response.all_rfo.l3_hit_f.hit_other_core_fwd_0, 0x1b7, 0x800200122
offcore_response.all_rfo.l3_hit_f.hit_other_core_fwd_1, 0x1bb, 0x800200122
offcore_response.all_rfo.l3_hit_f.hit_other_core_no_fwd_0, 0x1b7, 0x400200122
offcore_response.all_rfo.l3_hit_f.hit_other_core_no_fwd_1, 0x1bb, 0x400200122
offcore_response.all_rfo.l3_hit_f.no_snoop_needed_0, 0x1b7, 0x100200122
offcore_response.all_rfo.l3_hit_f.no_snoop_needed_1, 0x1bb, 0x100200122
offcore_response.all_rfo.l3_hit_f.snoop_miss_0, 0x1b7, 0x200200122
offcore_response.all_rfo.l3_hit_f.snoop_miss_1, 0x1bb, 0x200200122
offcore_response.all_rfo.l3_hit_f.snoop_none_0, 0x1b7, 0x80200122
offcore_response.all_rfo.l3_hit_f.snoop_none_1, 0x1bb, 0x80200122
offcore_response.all_rfo.l3_hit_m.any_snoop_0, 0x1b7, 0x3f80040122
offcore_response.all_rfo.l3_hit_m.any_snoop_1, 0x1bb, 0x3f80040122
offcore_response.all_rfo.l3_hit_m.hitm_other_core_0, 0x1b7, 0x1000040122
offcore_response.all_rfo.l3_hit_m.hitm_other_core_1, 0x1bb, 0x1000040122
offcore_response.all_rfo.l3_hit_m.hit_other_core_fwd_0, 0x1b7, 0x800040122
offcore_response.all_rfo.l3_hit_m.hit_other_core_fwd_1, 0x1bb, 0x800040122
offcore_response.all_rfo.l3_hit_m.hit_other_core_no_fwd_0, 0x1b7, 0x400040122
offcore_response.all_rfo.l3_hit_m.hit_other_core_no_fwd_1, 0x1bb, 0x400040122
offcore_response.all_rfo.l3_hit_m.no_snoop_needed_0, 0x1b7, 0x100040122
offcore_response.all_rfo.l3_hit_m.no_snoop_needed_1, 0x1bb, 0x100040122
offcore_response.all_rfo.l3_hit_m.snoop_miss_0, 0x1b7, 0x200040122
offcore_response.all_rfo.l3_hit_m.snoop_miss_1, 0x1bb, 0x200040122
offcore_response.all_rfo.l3_hit_m.snoop_none_0, 0x1b7, 0x80040122
offcore_response.all_rfo.l3_hit_m.snoop_none_1, 0x1bb, 0x80040122
offcore_response.all_rfo.l3_hit_s.any_snoop_0, 0x1b7, 0x3f80100122
offcore_response.all_rfo.l3_hit_s.any_snoop_1, 0x1bb, 0x3f80100122
offcore_response.all_rfo.l3_hit_s.hitm_other_core_0, 0x1b7, 0x1000100122
offcore_response.all_rfo.l3_hit_s.hitm_other_core_1, 0x1bb, 0x1000100122
offcore_response.all_rfo.l3_hit_s.hit_other_core_fwd_0, 0x1b7, 0x800100122
offcore_response.all_rfo.l3_hit_s.hit_other_core_fwd_1, 0x1bb, 0x800100122
offcore_response.all_rfo.l3_hit_s.hit_other_core_no_fwd_0, 0x1b7, 0x400100122
offcore_response.all_rfo.l3_hit_s.hit_other_core_no_fwd_1, 0x1bb, 0x400100122
offcore_response.all_rfo.l3_hit_s.no_snoop_needed_0, 0x1b7, 0x100100122
offcore_response.all_rfo.l3_hit_s.no_snoop_needed_1, 0x1bb, 0x100100122
offcore_response.all_rfo.l3_hit_s.snoop_miss_0, 0x1b7, 0x200100122
offcore_response.all_rfo.l3_hit_s.snoop_miss_1, 0x1bb, 0x200100122
offcore_response.all_rfo.l3_hit_s.snoop_none_0, 0x1b7, 0x80100122
offcore_response.all_rfo.l3_hit_s.snoop_none_1, 0x1bb, 0x80100122
offcore_response.all_rfo.pmm_hit_local_pmm.any_snoop_0, 0x1b7, 0x3f80400122
offcore_response.all_rfo.pmm_hit_local_pmm.any_snoop_1, 0x1bb, 0x3f80400122
offcore_response.all_rfo.pmm_hit_local_pmm.snoop_none_0, 0x1b7, 0x80400122
offcore_response.all_rfo.pmm_hit_local_pmm.snoop_none_1, 0x1bb, 0x80400122
offcore_response.all_rfo.pmm_hit_local_pmm.snoop_not_needed_0, 0x1b7, 0x100400122
offcore_response.all_rfo.pmm_hit_local_pmm.snoop_not_needed_1, 0x1bb, 0x100400122
offcore_response.all_rfo.supplier_none.any_snoop_0, 0x1b7, 0x3f80020122
offcore_response.all_rfo.supplier_none.any_snoop_1, 0x1bb, 0x3f80020122
offcore_response.all_rfo.supplier_none.hitm_other_core_0, 0x1b7, 0x1000020122
offcore_response.all_rfo.supplier_none.hitm_other_core_1, 0x1bb, 0x1000020122
offcore_response.all_rfo.supplier_none.hit_other_core_fwd_0, 0x1b7, 0x800020122
offcore_response.all_rfo.supplier_none.hit_other_core_fwd_1, 0x1bb, 0x800020122
offcore_response.all_rfo.supplier_none.hit_other_core_no_fwd_0, 0x1b7, 0x400020122
offcore_response.all_rfo.supplier_none.hit_other_core_no_fwd_1, 0x1bb, 0x400020122
offcore_response.all_rfo.supplier_none.no_snoop_needed_0, 0x1b7, 0x100020122
offcore_response.all_rfo.supplier_none.no_snoop_needed_1, 0x1bb, 0x100020122
offcore_response.all_rfo.supplier_none.snoop_miss_0, 0x1b7, 0x200020122
offcore_response.all_rfo.supplier_none.snoop_miss_1, 0x1bb, 0x200020122
offcore_response.all_rfo.supplier_none.snoop_none_0, 0x1b7, 0x80020122
offcore_response.all_rfo.supplier_none.snoop_none_1, 0x1bb, 0x80020122
offcore_response.demand_code_rd.any_response_0, 0x1b7, 0x10004
offcore_response.demand_code_rd.any_response_1, 0x1bb, 0x10004
offcore_response.demand_code_rd.l3_hit.any_snoop_0, 0x1b7, 0x3f803c0004
offcore_response.demand_code_rd.l3_hit.any_snoop_1, 0x1bb, 0x3f803c0004
offcore_response.demand_code_rd.l3_hit.hitm_other_core_0, 0x1b7, 0x10003c0004
offcore_response.demand_code_rd.l3_hit.hitm_other_core_1, 0x1bb, 0x10003c0004
offcore_response.demand_code_rd.l3_hit.hit_other_core_fwd_0, 0x1b7, 0x8003c0004
offcore_response.demand_code_rd.l3_hit.hit_other_core_fwd_1, 0x1bb, 0x8003c0004
offcore_response.demand_code_rd.l3_hit.hit_other_core_no_fwd_0, 0x1b7, 0x4003c0004
offcore_response.demand_code_rd.l3_hit.hit_other_core_no_fwd_1, 0x1bb, 0x4003c0004
offcore_response.demand_code_rd.l3_hit.no_snoop_needed_0, 0x1b7, 0x1003c0004
offcore_response.demand_code_rd.l3_hit.no_snoop_needed_1, 0x1bb, 0x1003c0004
offcore_response.demand_code_rd.l3_hit.snoop_hit_with_fwd_0, 0x1b7, 0x8007c0004
offcore_response.demand_code_rd.l3_hit.snoop_hit_with_fwd_1, 0x1bb, 0x8007c0004
offcore_response.demand_code_rd.l3_hit.snoop_miss_0, 0x1b7, 0x2003c0004
offcore_response.demand_code_rd.l3_hit.snoop_miss_1, 0x1bb, 0x2003c0004
offcore_response.demand_code_rd.l3_hit.snoop_none_0, 0x1b7, 0x803c0004
offcore_response.demand_code_rd.l3_hit.snoop_none_1, 0x1bb, 0x803c0004
offcore_response.demand_code_rd.l3_hit_e.any_snoop_0, 0x1b7, 0x3f80080004
offcore_response.demand_code_rd.l3_hit_e.any_snoop_1, 0x1bb, 0x3f80080004
offcore_response.demand_code_rd.l3_hit_e.hitm_other_core_0, 0x1b7, 0x1000080004
offcore_response.demand_code_rd.l3_hit_e.hitm_other_core_1, 0x1bb, 0x1000080004
offcore_response.demand_code_rd.l3_hit_e.hit_other_core_fwd_0, 0x1b7, 0x800080004
offcore_response.demand_code_rd.l3_hit_e.hit_other_core_fwd_1, 0x1bb, 0x800080004
offcore_response.demand_code_rd.l3_hit_e.hit_other_core_no_fwd_0, 0x1b7, 0x400080004
offcore_response.demand_code_rd.l3_hit_e.hit_other_core_no_fwd_1, 0x1bb, 0x400080004
offcore_response.demand_code_rd.l3_hit_e.no_snoop_needed_0, 0x1b7, 0x100080004
offcore_response.demand_code_rd.l3_hit_e.no_snoop_needed_1, 0x1bb, 0x100080004
offcore_response.demand_code_rd.l3_hit_e.snoop_miss_0, 0x1b7, 0x200080004
offcore_response.demand_code_rd.l3_hit_e.snoop_miss_1, 0x1bb, 0x200080004
offcore_response.demand_code_rd.l3_hit_e.snoop_none_0, 0x1b7, 0x80080004
offcore_response.demand_code_rd.l3_hit_e.snoop_none_1, 0x1bb, 0x80080004
offcore_response.demand_code_rd.l3_hit_f.any_snoop_0, 0x1b7, 0x3f80200004
offcore_response.demand_code_rd.l3_hit_f.any_snoop_1, 0x1bb, 0x3f80200004
offcore_response.demand_code_rd.l3_hit_f.hitm_other_core_0, 0x1b7, 0x1000200004
offcore_response.demand_code_rd.l3_hit_f.hitm_other_core_1, 0x1bb, 0x1000200004
offcore_response.demand_code_rd.l3_hit_f.hit_other_core_fwd_0, 0x1b7, 0x800200004
offcore_response.demand_code_rd.l3_hit_f.hit_other_core_fwd_1, 0x1bb, 0x800200004
offcore_response.demand_code_rd.l3_hit_f.hit_other_core_no_fwd_0, 0x1b7, 0x400200004
offcore_response.demand_code_rd.l3_hit_f.hit_other_core_no_fwd_1, 0x1bb, 0x400200004
offcore_response.demand_code_rd.l3_hit_f.no_snoop_needed_0, 0x1b7, 0x100200004
offcore_response.demand_code_rd.l3_hit_f.no_snoop_needed_1, 0x1bb, 0x100200004
offcore_response.demand_code_rd.l3_hit_f.snoop_miss_0, 0x1b7, 0x200200004
offcore_response.demand_code_rd.l3_hit_f.snoop_miss_1, 0x1bb, 0x200200004
offcore_response.demand_code_rd.l3_hit_f.snoop_none_0, 0x1b7, 0x80200004
offcore_response.demand_code_rd.l3_hit_f.snoop_none_1, 0x1bb, 0x80200004
offcore_response.demand_code_rd.l3_hit_m.any_snoop_0, 0x1b7, 0x3f80040004
offcore_response.demand_code_rd.l3_hit_m.any_snoop_1, 0x1bb, 0x3f80040004
offcore_response.demand_code_rd.l3_hit_m.hitm_other_core_0, 0x1b7, 0x1000040004
offcore_response.demand_code_rd.l3_hit_m.hitm_other_core_1, 0x1bb, 0x1000040004
offcore_response.demand_code_rd.l3_hit_m.hit_other_core_fwd_0, 0x1b7, 0x800040004
offcore_response.demand_code_rd.l3_hit_m.hit_other_core_fwd_1, 0x1bb, 0x800040004
offcore_response.demand_code_rd.l3_hit_m.hit_other_core_no_fwd_0, 0x1b7, 0x400040004
offcore_response.demand_code_rd.l3_hit_m.hit_other_core_no_fwd_1, 0x1bb, 0x400040004
offcore_response.demand_code_rd.l3_hit_m.no_snoop_needed_0, 0x1b7, 0x100040004
offcore_response.demand_code_rd.l3_hit_m.no_snoop_needed_1, 0x1bb, 0x100040004
offcore_response.demand_code_rd.l3_hit_m.snoop_miss_0, 0x1b7, 0x200040004
offcore_response.demand_code_rd.l3_hit_m.snoop_miss_1, 0x1bb, 0x200040004
offcore_response.demand_code_rd.l3_hit_m.snoop_none_0, 0x1b7, 0x80040004
offcore_response.demand_code_rd.l3_hit_m.snoop_none_1, 0x1bb, 0x80040004
offcore_response.demand_code_rd.l3_hit_s.any_snoop_0, 0x1b7, 0x3f80100004
offcore_response.demand_code_rd.l3_hit_s.any_snoop_1, 0x1bb, 0x3f80100004
offcore_response.demand_code_rd.l3_hit_s.hitm_other_core_0, 0x1b7, 0x1000100004
offcore_response.demand_code_rd.l3_hit_s.hitm_other_core_1, 0x1bb, 0x1000100004
offcore_response.demand_code_rd.l3_hit_s.hit_other_core_fwd_0, 0x1b7, 0x800100004
offcore_response.demand_code_rd.l3_hit_s.hit_other_core_fwd_1, 0x1bb, 0x800100004
offcore_response.demand_code_rd.l3_hit_s.hit_other_core_no_fwd_0, 0x1b7, 0x400100004
offcore_response.demand_code_rd.l3_hit_s.hit_other_core_no_fwd_1, 0x1bb, 0x400100004
offcore_response.demand_code_rd.l3_hit_s.no_snoop_needed_0, 0x1b7, 0x100100004
offcore_response.demand_code_rd.l3_hit_s.no_snoop_needed_1, 0x1bb, 0x100100004
offcore_response.demand_code_rd.l3_hit_s.snoop_miss_0, 0x1b7, 0x200100004
offcore_response.demand_code_rd.l3_hit_s.snoop_miss_1, 0x1bb, 0x200100004
offcore_response.demand_code_rd.l3_hit_s.snoop_none_0, 0x1b7, 0x80100004
offcore_response.demand_code_rd.l3_hit_s.snoop_none_1, 0x1bb, 0x80100004
offcore_response.demand_code_rd.pmm_hit_local_pmm.any_snoop_0, 0x1b7, 0x3f80400004
offcore_response.demand_code_rd.pmm_hit_local_pmm.any_snoop_1, 0x1bb, 0x3f80400004
offcore_response.demand_code_rd.pmm_hit_local_pmm.snoop_none_0, 0x1b7, 0x80400004
offcore_response.demand_code_rd.pmm_hit_local_pmm.snoop_none_1, 0x1bb, 0x80400004
offcore_response.demand_code_rd.pmm_hit_local_pmm.snoop_not_needed_0, 0x1b7, 0x100400004
offcore_response.demand_code_rd.pmm_hit_local_pmm.snoop_not_needed_1, 0x1bb, 0x100400004
offcore_response.demand_code_rd.supplier_none.any_snoop_0, 0x1b7, 0x3f80020004
offcore_response.demand_code_rd.supplier_none.any_snoop_1, 0x1bb, 0x3f80020004
offcore_response.demand_code_rd.supplier_none.hitm_other_core_0, 0x1b7, 0x1000020004
offcore_response.demand_code_rd.supplier_none.hitm_other_core_1, 0x1bb, 0x1000020004
offcore_response.demand_code_rd.supplier_none.hit_other_core_fwd_0, 0x1b7, 0x800020004
offcore_response.demand_code_rd.supplier_none.hit_other_core_fwd_1, 0x1bb, 0x800020004
offcore_response.demand_code_rd.supplier_none.hit_other_core_no_fwd_0, 0x1b7, 0x400020004
offcore_response.demand_code_rd.supplier_none.hit_other_core_no_fwd_1, 0x1bb, 0x400020004
offcore_response.demand_code_rd.supplier_none.no_snoop_needed_0, 0x1b7, 0x100020004
offcore_response.demand_code_rd.supplier_none.no_snoop_needed_1, 0x1bb, 0x100020004
offcore_response.demand_code_rd.supplier_none.snoop_miss_0, 0x1b7, 0x200020004
offcore_response.demand_code_rd.supplier_none.snoop_miss_1, 0x1bb, 0x200020004
offcore_response.demand_code_rd.supplier_none.snoop_none_0, 0x1b7, 0x80020004
offcore_response.demand_code_rd.supplier_none.snoop_none_1, 0x1bb, 0x80020004
offcore_response.demand_data_rd.any_response_0, 0x1b7, 0x10001
offcore_response.demand_data_rd.any_response_1, 0x1bb, 0x10001
offcore_response.demand_data_rd.l3_hit.any_snoop_0, 0x1b7, 0x3f803c0001
offcore_response.demand_data_rd.l3_hit.any_snoop_1, 0x1bb, 0x3f803c0001
offcore_response.demand_data_rd.l3_hit.hitm_other_core_0, 0x1b7, 0x10003c0001
offcore_response.demand_data_rd.l3_hit.hitm_other_core_1, 0x1bb, 0x10003c0001
offcore_response.demand_data_rd.l3_hit.hit_other_core_fwd_0, 0x1b7, 0x8003c0001
offcore_response.demand_data_rd.l3_hit.hit_other_core_fwd_1, 0x1bb, 0x8003c0001
offcore_response.demand_data_rd.l3_hit.hit_other_core_no_fwd_0, 0x1b7, 0x4003c0001
offcore_response.demand_data_rd.l3_hit.hit_other_core_no_fwd_1, 0x1bb, 0x4003c0001
offcore_response.demand_data_rd.l3_hit.no_snoop_needed_0, 0x1b7, 0x1003c0001
offcore_response.demand_data_rd.l3_hit.no_snoop_needed_1, 0x1bb, 0x1003c0001
offcore_response.demand_data_rd.l3_hit.snoop_hit_with_fwd_0, 0x1b7, 0x8007c0001
offcore_response.demand_data_rd.l3_hit.snoop_hit_with_fwd_1, 0x1bb, 0x8007c0001
offcore_response.demand_data_rd.l3_hit.snoop_miss_0, 0x1b7, 0x2003c0001
offcore_response.demand_data_rd.l3_hit.snoop_miss_1, 0x1bb, 0x2003c0001
offcore_response.demand_data_rd.l3_hit.snoop_none_0, 0x1b7, 0x803c0001
offcore_response.demand_data_rd.l3_hit.snoop_none_1, 0x1bb, 0x803c0001
offcore_response.demand_data_rd.l3_hit_e.any_snoop_0, 0x1b7, 0x3f80080001
offcore_response.demand_data_rd.l3_hit_e.any_snoop_1, 0x1bb, 0x3f80080001
offcore_response.demand_data_rd.l3_hit_e.hitm_other_core_0, 0x1b7, 0x1000080001
offcore_response.demand_data_rd.l3_hit_e.hitm_other_core_1, 0x1bb, 0x1000080001
offcore_response.demand_data_rd.l3_hit_e.hit_other_core_fwd_0, 0x1b7, 0x800080001
offcore_response.demand_data_rd.l3_hit_e.hit_other_core_fwd_1, 0x1bb, 0x800080001
offcore_response.demand_data_rd.l3_hit_e.hit_other_core_no_fwd_0, 0x1b7, 0x400080001
offcore_response.demand_data_rd.l3_hit_e.hit_other_core_no_fwd_1, 0x1bb, 0x400080001
offcore_response.demand_data_rd.l3_hit_e.no_snoop_needed_0, 0x1b7, 0x100080001
offcore_response.demand_data_rd.l3_hit_e.no_snoop_needed_1, 0x1bb, 0x100080001
offcore_response.demand_data_rd.l3_hit_e.snoop_miss_0, 0x1b7, 0x200080001
offcore_response.demand_data_rd.l3_hit_e.snoop_miss_1, 0x1bb, 0x200080001
offcore_response.demand_data_rd.l3_hit_e.snoop_none_0, 0x1b7, 0x80080001
offcore_response.demand_data_rd.l3_hit_e.snoop_none_1, 0x1bb, 0x80080001
offcore_response.demand_data_rd.l3_hit_f.any_snoop_0, 0x1b7, 0x3f80200001
offcore_response.demand_data_rd.l3_hit_f.any_snoop_1, 0x1bb, 0x3f80200001
offcore_response.demand_data_rd.l3_hit_f.hitm_other_core_0, 0x1b7, 0x1000200001
offcore_response.demand_data_rd.l3_hit_f.hitm_other_core_1, 0x1bb, 0x1000200001
offcore_response.demand_data_rd.l3_hit_f.hit_other_core_fwd_0, 0x1b7, 0x800200001
offcore_response.demand_data_rd.l3_hit_f.hit_other_core_fwd_1, 0x1bb, 0x800200001
offcore_response.demand_data_rd.l3_hit_f.hit_other_core_no_fwd_0, 0x1b7, 0x400200001
offcore_response.demand_data_rd.l3_hit_f.hit_other_core_no_fwd_1, 0x1bb, 0x400200001
offcore_response.demand_data_rd.l3_hit_f.no_snoop_needed_0, 0x1b7, 0x100200001
offcore_response.demand_data_rd.l3_hit_f.no_snoop_needed_1, 0x1bb, 0x100200001
offcore_response.demand_data_rd.l3_hit_f.snoop_miss_0, 0x1b7, 0x200200001
offcore_response.demand_data_rd.l3_hit_f.snoop_miss_1, 0x1bb, 0x200200001
offcore_response.demand_data_rd.l3_hit_f.snoop_none_0, 0x1b7, 0x80200001
offcore_response.demand_data_rd.l3_hit_f.snoop_none_1, 0x1bb, 0x80200001
offcore_response.demand_data_rd.l3_hit_m.any_snoop_0, 0x1b7, 0x3f80040001
offcore_response.demand_data_rd.l3_hit_m.any_snoop_1, 0x1bb, 0x3f80040001
offcore_response.demand_data_rd.l3_hit_m.hitm_other_core_0, 0x1b7, 0x1000040001
offcore_response.demand_data_rd.l3_hit_m.hitm_other_core_1, 0x1bb, 0x1000040001
offcore_response.demand_data_rd.l3_hit_m.hit_other_core_fwd_0, 0x1b7, 0x800040001
offcore_response.demand_data_rd.l3_hit_m.hit_other_core_fwd_1, 0x1bb, 0x800040001
offcore_response.demand_data_rd.l3_hit_m.hit_other_core_no_fwd_0, 0x1b7, 0x400040001
offcore_response.demand_data_rd.l3_hit_m.hit_other_core_no_fwd_1, 0x1bb, 0x400040001
offcore_response.demand_data_rd.l3_hit_m.no_snoop_needed_0, 0x1b7, 0x100040001
offcore_response.demand_data_rd.l3_hit_m.no_snoop_needed_1, 0x1bb, 0x100040001
offcore_response.demand_data_rd.l3_hit_m.snoop_miss_0, 0x1b7, 0x200040001
offcore_response.demand_data_rd.l3_hit_m.snoop_miss_1, 0x1bb, 0x200040001
offcore_response.demand_data_rd.l3_hit_m.snoop_none_0, 0x1b7, 0x80040001
offcore_response.demand_data_rd.l3_hit_m.snoop_none_1, 0x1bb, 0x80040001
offcore_response.demand_data_rd.l3_hit_s.any_snoop_0, 0x1b7, 0x3f80100001
offcore_response.demand_data_rd.l3_hit_s.any_snoop_1, 0x1bb, 0x3f80100001
offcore_response.demand_data_rd.l3_hit_s.hitm_other_core_0, 0x1b7, 0x1000100001
offcore_response.demand_data_rd.l3_hit_s.hitm_other_core_1, 0x1bb, 0x1000100001
offcore_response.demand_data_rd.l3_hit_s.hit_other_core_fwd_0, 0x1b7, 0x800100001
offcore_response.demand_data_rd.l3_hit_s.hit_other_core_fwd_1, 0x1bb, 0x800100001
offcore_response.demand_data_rd.l3_hit_s.hit_other_core_no_fwd_0, 0x1b7, 0x400100001
offcore_response.demand_data_rd.l3_hit_s.hit_other_core_no_fwd_1, 0x1bb, 0x400100001
offcore_response.demand_data_rd.l3_hit_s.no_snoop_needed_0, 0x1b7, 0x100100001
offcore_response.demand_data_rd.l3_hit_s.no_snoop_needed_1, 0x1bb, 0x100100001
offcore_response.demand_data_rd.l3_hit_s.snoop_miss_0, 0x1b7, 0x200100001
offcore_response.demand_data_rd.l3_hit_s.snoop_miss_1, 0x1bb, 0x200100001
offcore_response.demand_data_rd.l3_hit_s.snoop_none_0, 0x1b7, 0x80100001
offcore_response.demand_data_rd.l3_hit_s.snoop_none_1, 0x1bb, 0x80100001
offcore_response.demand_data_rd.pmm_hit_local_pmm.any_snoop_0, 0x1b7, 0x3f80400001
offcore_response.demand_data_rd.pmm_hit_local_pmm.any_snoop_1, 0x1bb, 0x3f80400001
offcore_response.demand_data_rd.pmm_hit_local_pmm.snoop_none_0, 0x1b7, 0x80400001
offcore_response.demand_data_rd.pmm_hit_local_pmm.snoop_none_1, 0x1bb, 0x80400001
offcore_response.demand_data_rd.pmm_hit_local_pmm.snoop_not_needed_0, 0x1b7, 0x100400001
offcore_response.demand_data_rd.pmm_hit_local_pmm.snoop_not_needed_1, 0x1bb, 0x100400001
offcore_response.demand_data_rd.supplier_none.any_snoop_0, 0x1b7, 0x3f80020001
offcore_response.demand_data_rd.supplier_none.any_snoop_1, 0x1bb, 0x3f80020001
offcore_response.demand_data_rd.supplier_none.hitm_other_core_0, 0x1b7, 0x1000020001
offcore_response.demand_data_rd.supplier_none.hitm_other_core_1, 0x1bb, 0x1000020001
offcore_response.demand_data_rd.supplier_none.hit_other_core_fwd_0, 0x1b7, 0x800020001
offcore_response.demand_data_rd.supplier_none.hit_other_core_fwd_1, 0x1bb, 0x800020001
offcore_response.demand_data_rd.supplier_none.hit_other_core_no_fwd_0, 0x1b7, 0x400020001
offcore_response.demand_data_rd.supplier_none.hit_other_core_no_fwd_1, 0x1bb, 0x400020001
offcore_response.demand_data_rd.supplier_none.no_snoop_needed_0, 0x1b7, 0x100020001
offcore_response.demand_data_rd.supplier_none.no_snoop_needed_1, 0x1bb, 0x100020001
offcore_response.demand_data_rd.supplier_none.snoop_miss_0, 0x1b7, 0x200020001
offcore_response.demand_data_rd.supplier_none.snoop_miss_1, 0x1bb, 0x200020001
offcore_response.demand_data_rd.supplier_none.snoop_none_0, 0x1b7, 0x80020001
offcore_response.demand_data_rd.supplier_none.snoop_none_1, 0x1bb, 0x80020001
offcore_response.demand_rfo.any_response_0, 0x1b7, 0x10002
offcore_response.demand_rfo.any_response_1, 0x1bb, 0x10002
offcore_response.demand_rfo.l3_hit.any_snoop_0, 0x1b7, 0x3f803c0002
offcore_response.demand_rfo.l3_hit.any_snoop_1, 0x1bb, 0x3f803c0002
offcore_response.demand_rfo.l3_hit.hitm_other_core_0, 0x1b7, 0x10003c0002
offcore_response.demand_rfo.l3_hit.hitm_other_core_1, 0x1bb, 0x10003c0002
offcore_response.demand_rfo.l3_hit.hit_other_core_fwd_0, 0x1b7, 0x8003c0002
offcore_response.demand_rfo.l3_hit.hit_other_core_fwd_1, 0x1bb, 0x8003c0002
offcore_response.demand_rfo.l3_hit.hit_other_core_no_fwd_0, 0x1b7, 0x4003c0002
offcore_response.demand_rfo.l3_hit.hit_other_core_no_fwd_1, 0x1bb, 0x4003c0002
offcore_response.demand_rfo.l3_hit.no_snoop_needed_0, 0x1b7, 0x1003c0002
offcore_response.demand_rfo.l3_hit.no_snoop_needed_1, 0x1bb, 0x1003c0002
offcore_response.demand_rfo.l3_hit.snoop_hit_with_fwd_0, 0x1b7, 0x8007c0002
offcore_response.demand_rfo.l3_hit.snoop_hit_with_fwd_1, 0x1bb, 0x8007c0002
offcore_response.demand_rfo.l3_hit.snoop_miss_0, 0x1b7, 0x2003c0002
offcore_response.demand_rfo.l3_hit.snoop_miss_1, 0x1bb, 0x2003c0002
offcore_response.demand_rfo.l3_hit.snoop_none_0, 0x1b7, 0x803c0002
offcore_response.demand_rfo.l3_hit.snoop_none_1, 0x1bb, 0x803c0002
offcore_response.demand_rfo.l3_hit_e.any_snoop_0, 0x1b7, 0x3f80080002
offcore_response.demand_rfo.l3_hit_e.any_snoop_1, 0x1bb, 0x3f80080002
offcore_response.demand_rfo.l3_hit_e.hitm_other_core_0, 0x1b7, 0x1000080002
offcore_response.demand_rfo.l3_hit_e.hitm_other_core_1, 0x1bb, 0x1000080002
offcore_response.demand_rfo.l3_hit_e.hit_other_core_fwd_0, 0x1b7, 0x800080002
offcore_response.demand_rfo.l3_hit_e.hit_other_core_fwd_1, 0x1bb, 0x800080002
offcore_response.demand_rfo.l3_hit_e.hit_other_core_no_fwd_0, 0x1b7, 0x400080002
offcore_response.demand_rfo.l3_hit_e.hit_other_core_no_fwd_1, 0x1bb, 0x400080002
offcore_response.demand_rfo.l3_hit_e.no_snoop_needed_0, 0x1b7, 0x100080002
offcore_response.demand_rfo.l3_hit_e.no_snoop_needed_1, 0x1bb, 0x100080002
offcore_response.demand_rfo.l3_hit_e.snoop_miss_0, 0x1b7, 0x200080002
offcore_response.demand_rfo.l3_hit_e.snoop_miss_1, 0x1bb, 0x200080002
offcore_response.demand_rfo.l3_hit_e.snoop_none_0, 0x1b7, 0x80080002
offcore_response.demand_rfo.l3_hit_e.snoop_none_1, 0x1bb, 0x80080002
offcore_response.demand_rfo.l3_hit_f.any_snoop_0, 0x1b7, 0x3f80200002
offcore_response.demand_rfo.l3_hit_f.any_snoop_1, 0x1bb, 0x3f80200002
offcore_response.demand_rfo.l3_hit_f.hitm_other_core_0, 0x1b7, 0x1000200002
offcore_response.demand_rfo.l3_hit_f.hitm_other_core_1, 0x1bb, 0x1000200002
offcore_response.demand_rfo.l3_hit_f.hit_other_core_fwd_0, 0x1b7, 0x800200002
offcore_response.demand_rfo.l3_hit_f.hit_other_core_fwd_1, 0x1bb, 0x800200002
offcore_response.demand_rfo.l3_hit_f.hit_other_core_no_fwd_0, 0x1b7, 0x400200002
offcore_response.demand_rfo.l3_hit_f.hit_other_core_no_fwd_1, 0x1bb, 0x400200002
offcore_response.demand_rfo.l3_hit_f.no_snoop_needed_0, 0x1b7, 0x100200002
offcore_response.demand_rfo.l3_hit_f.no_snoop_needed_1, 0x1bb, 0x100200002
offcore_response.demand_rfo.l3_hit_f.snoop_miss_0, 0x1b7, 0x200200002
offcore_response.demand_rfo.l3_hit_f.snoop_miss_1, 0x1bb, 0x200200002
offcore_response.demand_rfo.l3_hit_f.snoop_none_0, 0x1b7, 0x80200002
offcore_response.demand_rfo.l3_hit_f.snoop_none_1, 0x1bb, 0x80200002
offcore_response.demand_rfo.l3_hit_m.any_snoop_0, 0x1b7, 0x3f80040002
offcore_response.demand_rfo.l3_hit_m.any_snoop_1, 0x1bb, 0x3f80040002
offcore_response.demand_rfo.l3_hit_m.hitm_other_core_0, 0x1b7, 0x1000040002
offcore_response.demand_rfo.l3_hit_m.hitm_other_core_1, 0x1bb, 0x1000040002
offcore_response.demand_rfo.l3_hit_m.hit_other_core_fwd_0, 0x1b7, 0x800040002
offcore_response.demand_rfo.l3_hit_m.hit_other_core_fwd_1, 0x1bb, 0x800040002
offcore_response.demand_rfo.l3_hit_m.hit_other_core_no_fwd_0, 0x1b7, 0x400040002
offcore_response.demand_rfo.l3_hit_m.hit_other_core_no_fwd_1, 0x1bb, 0x400040002
offcore_response.demand_rfo.l3_hit_m.no_snoop_needed_0, 0x1b7, 0x100040002
offcore_response.demand_rfo.l3_hit_m.no_snoop_needed_1, 0x1bb, 0x100040002
offcore_response.demand_rfo.l3_hit_m.snoop_miss_0, 0x1b7, 0x200040002
offcore_response.demand_rfo.l3_hit_m.snoop_miss_1, 0x1bb, 0x200040002
offcore_response.demand_rfo.l3_hit_m.snoop_none_0, 0x1b7, 0x80040002
offcore_response.demand_rfo.l3_hit_m.snoop_none_1, 0x1bb, 0x80040002
offcore_response.demand_rfo.l3_hit_s.any_snoop_0, 0x1b7, 0x3f80100002
offcore_response.demand_rfo.l3_hit_s.any_snoop_1, 0x1bb, 0x3f80100002
offcore_response.demand_rfo.l3_hit_s.hitm_other_core_0, 0x1b7, 0x1000100002
offcore_response.demand_rfo.l3_hit_s.hitm_other_core_1, 0x1bb, 0x1000100002
offcore_response.demand_rfo.l3_hit_s.hit_other_core_fwd_0, 0x1b7, 0x800100002
offcore_response.demand_rfo.l3_hit_s.hit_other_core_fwd_1, 0x1bb, 0x800100002
offcore_response.demand_rfo.l3_hit_s.hit_other_core_no_fwd_0, 0x1b7, 0x400100002
offcore_response.demand_rfo.l3_hit_s.hit_other_core_no_fwd_1, 0x1bb, 0x400100002
offcore_response.demand_rfo.l3_hit_s.no_snoop_needed_0, 0x1b7, 0x100100002
offcore_response.demand_rfo.l3_hit_s.no_snoop_needed_1, 0x1bb, 0x100100002
offcore_response.demand_rfo.l3_hit_s.snoop_miss_0, 0x1b7, 0x200100002
offcore_response.demand_rfo.l3_hit_s.snoop_miss_1, 0x1bb, 0x200100002
offcore_response.demand_rfo.l3_hit_s.snoop_none_0, 0x1b7, 0x80100002
offcore_response.demand_rfo.l3_hit_s.snoop_none_1, 0x1bb, 0x80100002
offcore_response.demand_rfo.pmm_hit_local_pmm.any_snoop_0, 0x1b7, 0x3f80400002
offcore_response.demand_rfo.pmm_hit_local_pmm.any_snoop_1, 0x1bb, 0x3f80400002
offcore_response.demand_rfo.pmm_hit_local_pmm.snoop_none_0, 0x1b7, 0x80400002
offcore_response.demand_rfo.pmm_hit_local_pmm.snoop_none_1, 0x1bb, 0x80400002
offcore_response.demand_rfo.pmm_hit_local_pmm.snoop_not_needed_0, 0x1b7, 0x100400002
offcore_response.demand_rfo.pmm_hit_local_pmm.snoop_not_needed_1, 0x1bb, 0x100400002
offcore_response.demand_rfo.supplier_none.any_snoop_0, 0x1b7, 0x3f80020002
offcore_response.demand_rfo.supplier_none.any_snoop_1, 0x1bb, 0x3f80020002
offcore_response.demand_rfo.supplier_none.hitm_other_core_0, 0x1b7, 0x1000020002
offcore_response.demand_rfo.supplier_none.hitm_other_core_1, 0x1bb, 0x1000020002
offcore_response.demand_rfo.supplier_none.hit_other_core_fwd_0, 0x1b7, 0x800020002
offcore_response.demand_rfo.supplier_none.hit_other_core_fwd_1, 0x1bb, 0x800020002
offcore_response.demand_rfo.supplier_none.hit_other_core_no_fwd_0, 0x1b7, 0x400020002
offcore_response.demand_rfo.supplier_none.hit_other_core_no_fwd_1, 0x1bb, 0x400020002
offcore_response.demand_rfo.supplier_none.no_snoop_needed_0, 0x1b7, 0x100020002
offcore_response.demand_rfo.supplier_none.no_snoop_needed_1, 0x1bb, 0x100020002
offcore_response.demand_rfo.supplier_none.snoop_miss_0, 0x1b7, 0x200020002
offcore_response.demand_rfo.supplier_none.snoop_miss_1, 0x1bb, 0x200020002
offcore_response.demand_rfo.supplier_none.snoop_none_0, 0x1b7, 0x80020002
offcore_response.demand_rfo.supplier_none.snoop_none_1, 0x1bb, 0x80020002
offcore_response.other.any_response_0, 0x1b7, 0x18000
offcore_response.other.any_response_1, 0x1bb, 0x18000
offcore_response.other.l3_hit.any_snoop_0, 0x1b7, 0x3f803c8000
offcore_response.other.l3_hit.any_snoop_1, 0x1bb, 0x3f803c8000
offcore_response.other.l3_hit.hitm_other_core_0, 0x1b7, 0x10003c8000
offcore_response.other.l3_hit.hitm_other_core_1, 0x1bb, 0x10003c8000
offcore_response.other.l3_hit.hit_other_core_fwd_0, 0x1b7, 0x8003c8000
offcore_response.other.l3_hit.hit_other_core_fwd_1, 0x1bb, 0x8003c8000
offcore_response.other.l3_hit.hit_other_core_no_fwd_0, 0x1b7, 0x4003c8000
offcore_response.other.l3_hit.hit_other_core_no_fwd_1, 0x1bb, 0x4003c8000
offcore_response.other.l3_hit.no_snoop_needed_0, 0x1b7, 0x1003c8000
offcore_response.other.l3_hit.no_snoop_needed_1, 0x1bb, 0x1003c8000
offcore_response.other.l3_hit.snoop_hit_with_fwd_0, 0x1b7, 0x8007c8000
offcore_response.other.l3_hit.snoop_hit_with_fwd_1, 0x1bb, 0x8007c8000
offcore_response.other.l3_hit.snoop_miss_0, 0x1b7, 0x2003c8000
offcore_response.other.l3_hit.snoop_miss_1, 0x1bb, 0x2003c8000
offcore_response.other.l3_hit.snoop_none_0, 0x1b7, 0x803c8000
offcore_response.other.l3_hit.snoop_none_1, 0x1bb, 0x803c8000
offcore_response.other.l3_hit_e.any_snoop_0, 0x1b7, 0x3f80088000
offcore_response.other.l3_hit_e.any_snoop_1, 0x1bb, 0x3f80088000
offcore_response.other.l3_hit_e.hitm_other_core_0, 0x1b7, 0x1000088000
offcore_response.other.l3_hit_e.hitm_other_core_1, 0x1bb, 0x1000088000
offcore_response.other.l3_hit_e.hit_other_core_fwd_0, 0x1b7, 0x800088000
offcore_response.other.l3_hit_e.hit_other_core_fwd_1, 0x1bb, 0x800088000
offcore_response.other.l3_hit_e.hit_other_core_no_fwd_0, 0x1b7, 0x400088000
offcore_response.other.l3_hit_e.hit_other_core_no_fwd_1, 0x1bb, 0x400088000
offcore_response.other.l3_hit_e.no_snoop_needed_0, 0x1b7, 0x100088000
offcore_response.other.l3_hit_e.no_snoop_needed_1, 0x1bb, 0x100088000
offcore_response.other.l3_hit_e.snoop_miss_0, 0x1b7, 0x200088000
offcore_response.other.l3_hit_e.snoop_miss_1, 0x1bb, 0x200088000
offcore_response.other.l3_hit_e.snoop_none_0, 0x1b7, 0x80088000
offcore_response.other.l3_hit_e.snoop_none_1, 0x1bb, 0x80088000
offcore_response.other.l3_hit_f.any_snoop_0, 0x1b7, 0x3f80208000
offcore_response.other.l3_hit_f.any_snoop_1, 0x1bb, 0x3f80208000
offcore_response.other.l3_hit_f.hitm_other_core_0, 0x1b7, 0x1000208000
offcore_response.other.l3_hit_f.hitm_other_core_1, 0x1bb, 0x1000208000
offcore_response.other.l3_hit_f.hit_other_core_fwd_0, 0x1b7, 0x800208000
offcore_response.other.l3_hit_f.hit_other_core_fwd_1, 0x1bb, 0x800208000
offcore_response.other.l3_hit_f.hit_other_core_no_fwd_0, 0x1b7, 0x400208000
offcore_response.other.l3_hit_f.hit_other_core_no_fwd_1, 0x1bb, 0x400208000
offcore_response.other.l3_hit_f.no_snoop_needed_0, 0x1b7, 0x100208000
offcore_response.other.l3_hit_f.no_snoop_needed_1, 0x1bb, 0x100208000
offcore_response.other.l3_hit_f.snoop_miss_0, 0x1b7, 0x200208000
offcore_response.other.l3_hit_f.snoop_miss_1, 0x1bb, 0x200208000
offcore_response.other.l3_hit_f.snoop_none_0, 0x1b7, 0x80208000
offcore_response.other.l3_hit_f.snoop_none_1, 0x1bb, 0x80208000
offcore_response.other.l3_hit_m.any_snoop_0, 0x1b7, 0x3f80048000
offcore_response.other.l3_hit_m.any_snoop_1, 0x1bb, 0x3f80048000
offcore_response.other.l3_hit_m.hitm_other_core_0, 0x1b7, 0x1000048000
offcore_response.other.l3_hit_m.hitm_other_core_1, 0x1bb, 0x1000048000
offcore_response.other.l3_hit_m.hit_other_core_fwd_0, 0x1b7, 0x800048000
offcore_response.other.l3_hit_m.hit_other_core_fwd_1, 0x1bb, 0x800048000
offcore_response.other.l3_hit_m.hit_other_core_no_fwd_0, 0x1b7, 0x400048000
offcore_response.other.l3_hit_m.hit_other_core_no_fwd_1, 0x1bb, 0x400048000
offcore_response.other.l3_hit_m.no_snoop_needed_0, 0x1b7, 0x100048000
offcore_response.other.l3_hit_m.no_snoop_needed_1, 0x1bb, 0x100048000
offcore_response.other.l3_hit_m.snoop_miss_0, 0x1b7, 0x200048000
offcore_response.other.l3_hit_m.snoop_miss_1, 0x1bb, 0x200048000
offcore_response.other.l3_hit_m.snoop_none_0, 0x1b7, 0x80048000
offcore_response.other.l3_hit_m.snoop_none_1, 0x1bb, 0x80048000
offcore_response.other.l3_hit_s.any_snoop_0, 0x1b7, 0x3f80108000
offcore_response.other.l3_hit_s.any_snoop_1, 0x1bb, 0x3f80108000
offcore_response.other.l3_hit_s.hitm_other_core_0, 0x1b7, 0x1000108000
offcore_response.other.l3_hit_s.hitm_other_core_1, 0x1bb, 0x1000108000
offcore_response.other.l3_hit_s.hit_other_core_fwd_0, 0x1b7, 0x800108000
offcore_response.other.l3_hit_s.hit_other_core_fwd_1, 0x1bb, 0x800108000
offcore_response.other.l3_hit_s.hit_other_core_no_fwd_0, 0x1b7, 0x400108000
offcore_response.other.l3_hit_s.hit_other_core_no_fwd_1, 0x1bb, 0x400108000
offcore_response.other.l3_hit_s.no_snoop_needed_0, 0x1b7, 0x100108000
offcore_response.other.l3_hit_s.no_snoop_needed_1, 0x1bb, 0x100108000
offcore_response.other.l3_hit_s.snoop_miss_0, 0x1b7, 0x200108000
offcore_response.other.l3_hit_s.snoop_miss_1, 0x1bb, 0x200108000
offcore_response.other.l3_hit_s.snoop_none_0, 0x1b7, 0x80108000
offcore_response.other.l3_hit_s.snoop_none_1, 0x1bb, 0x80108000
offcore_response.other.pmm_hit_local_pmm.any_snoop_0, 0x1b7, 0x3f80408000
offcore_response.other.pmm_hit_local_pmm.any_snoop_1, 0x1bb, 0x3f80408000
offcore_response.other.pmm_hit_local_pmm.snoop_none_0, 0x1b7, 0x80408000
offcore_response.other.pmm_hit_local_pmm.snoop_none_1, 0x1bb, 0x80408000
offcore_response.other.pmm_hit_local_pmm.snoop_not_needed_0, 0x1b7, 0x100408000
offcore_response.other.pmm_hit_local_pmm.snoop_not_needed_1, 0x1bb, 0x100408000
offcore_response.other.supplier_none.any_snoop_0, 0x1b7, 0x3f80028000
offcore_response.other.supplier_none.any_snoop_1, 0x1bb, 0x3f80028000
offcore_response.other.supplier_none.hitm_other_core_0, 0x1b7, 0x1000028000
offcore_response.other.supplier_none.hitm_other_core_1, 0x1bb, 0x1000028000
offcore_response.other.supplier_none.hit_other_core_fwd_0, 0x1b7, 0x800028000
offcore_response.other.supplier_none.hit_other_core_fwd_1, 0x1bb, 0x800028000
offcore_response.other.supplier_none.hit_other_core_no_fwd_0, 0x1b7, 0x400028000
offcore_response.other.supplier_none.hit_other_core_no_fwd_1, 0x1bb, 0x400028000
offcore_response.other.supplier_none.no_snoop_needed_0, 0x1b7, 0x100028000
offcore_response.other.supplier_none.no_snoop_needed_1, 0x1bb, 0x100028000
offcore_response.other.supplier_none.snoop_miss_0, 0x1b7, 0x200028000
offcore_response.other.supplier_none.snoop_miss_1, 0x1bb, 0x200028000
offcore_response.other.supplier_none.snoop_none_0, 0x1b7, 0x80028000
offcore_response.other.supplier_none.snoop_none_1, 0x1bb, 0x80028000
offcore_response.pf_l1d_and_sw.any_response_0, 0x1b7, 0x10400
offcore_response.pf_l1d_and_sw.any_response_1, 0x1bb, 0x10400
offcore_response.pf_l1d_and_sw.l3_hit.any_snoop_0, 0x1b7, 0x3f803c0400
offcore_response.pf_l1d_and_sw.l3_hit.any_snoop_1, 0x1bb, 0x3f803c0400
offcore_response.pf_l1d_and_sw.l3_hit.hitm_other_core_0, 0x1b7, 0x10003c0400
offcore_response.pf_l1d_and_sw.l3_hit.hitm_other_core_1, 0x1bb, 0x10003c0400
offcore_response.pf_l1d_and_sw.l3_hit.hit_other_core_fwd_0, 0x1b7, 0x8003c0400
offcore_response.pf_l1d_and_sw.l3_hit.hit_other_core_fwd_1, 0x1bb, 0x8003c0400
offcore_response.pf_l1d_and_sw.l3_hit.hit_other_core_no_fwd_0, 0x1b7, 0x4003c0400
offcore_response.pf_l1d_and_sw.l3_hit.hit_other_core_no_fwd_1, 0x1bb, 0x4003c0400
offcore_response.pf_l1d_and_sw.l3_hit.no_snoop_needed_0, 0x1b7, 0x1003c0400
offcore_response.pf_l1d_and_sw.l3_hit.no_snoop_needed_1, 0x1bb, 0x1003c0400
offcore_response.pf_l1d_and_sw.l3_hit.snoop_hit_with_fwd_0, 0x1b7, 0x8007c0400
offcore_response.pf_l1d_and_sw.l3_hit.snoop_hit_with_fwd_1, 0x1bb, 0x8007c0400
offcore_response.pf_l1d_and_sw.l3_hit.snoop_miss_0, 0x1b7, 0x2003c0400
offcore_response.pf_l1d_and_sw.l3_hit.snoop_miss_1, 0x1bb, 0x2003c0400
offcore_response.pf_l1d_and_sw.l3_hit.snoop_none_0, 0x1b7, 0x803c0400
offcore_response.pf_l1d_and_sw.l3_hit.snoop_none_1, 0x1bb, 0x803c0400
offcore_response.pf_l1d_and_sw.l3_hit_e.any_snoop_0, 0x1b7, 0x3f80080400
offcore_response.pf_l1d_and_sw.l3_hit_e.any_snoop_1, 0x1bb, 0x3f80080400
offcore_response.pf_l1d_and_sw.l3_hit_e.hitm_other_core_0, 0x1b7, 0x1000080400
offcore_response.pf_l1d_and_sw.l3_hit_e.hitm_other_core_1, 0x1bb, 0x1000080400
offcore_response.pf_l1d_and_sw.l3_hit_e.hit_other_core_fwd_0, 0x1b7, 0x800080400
offcore_response.pf_l1d_and_sw.l3_hit_e.hit_other_core_fwd_1, 0x1bb, 0x800080400
offcore_response.pf_l1d_and_sw.l3_hit_e.hit_other_core_no_fwd_0, 0x1b7, 0x400080400
offcore_response.pf_l1d_and_sw.l3_hit_e.hit_other_core_no_fwd_1, 0x1bb, 0x400080400
offcore_response.pf_l1d_and_sw.l3_hit_e.no_snoop_needed_0, 0x1b7, 0x100080400
offcore_response.pf_l1d_and_sw.l3_hit_e.no_snoop_needed_1, 0x1bb, 0x100080400
offcore_response.pf_l1d_and_sw.l3_hit_e.snoop_miss_0, 0x1b7, 0x200080400
offcore_response.pf_l1d_and_sw.l3_hit_e.snoop_miss_1, 0x1bb, 0x200080400
offcore_response.pf_l1d_and_sw.l3_hit_e.snoop_none_0, 0x1b7, 0x80080400
offcore_response.pf_l1d_and_sw.l3_hit_e.snoop_none_1, 0x1bb, 0x80080400
offcore_response.pf_l1d_and_sw.l3_hit_f.any_snoop_0, 0x1b7, 0x3f80200400
offcore_response.pf_l1d_and_sw.l3_hit_f.any_snoop_1, 0x1bb, 0x3f80200400
offcore_response.pf_l1d_and_sw.l3_hit_f.hitm_other_core_0, 0x1b7, 0x1000200400
offcore_response.pf_l1d_and_sw.l3_hit_f.hitm_other_core_1, 0x1bb, 0x1000200400
offcore_response.pf_l1d_and_sw.l3_hit_f.hit_other_core_fwd_0, 0x1b7, 0x800200400
offcore_response.pf_l1d_and_sw.l3_hit_f.hit_other_core_fwd_1, 0x1bb, 0x800200400
offcore_response.pf_l1d_and_sw.l3_hit_f.hit_other_core_no_fwd_0, 0x1b7, 0x400200400
offcore_response.pf_l1d_and_sw.l3_hit_f.hit_other_core_no_fwd_1, 0x1bb, 0x400200400
offcore_response.pf_l1d_and_sw.l3_hit_f.no_snoop_needed_0, 0x1b7, 0x100200400
offcore_response.pf_l1d_and_sw.l3_hit_f.no_snoop_needed_1, 0x1bb, 0x100200400
offcore_response.pf_l1d_and_sw.l3_hit_f.snoop_miss_0, 0x1b7, 0x200200400
offcore_response.pf_l1d_and_sw.l3_hit_f.snoop_miss_1, 0x1bb, 0x200200400
offcore_response.pf_l1d_and_sw.l3_hit_f.snoop_none_0, 0x1b7, 0x80200400
offcore_response.pf_l1d_and_sw.l3_hit_f.snoop_none_1, 0x1bb, 0x80200400
offcore_response.pf_l1d_and_sw.l3_hit_m.any_snoop_0, 0x1b7, 0x3f80040400
offcore_response.pf_l1d_and_sw.l3_hit_m.any_snoop_1, 0x1bb, 0x3f80040400
offcore_response.pf_l1d_and_sw.l3_hit_m.hitm_other_core_0, 0x1b7, 0x1000040400
offcore_response.pf_l1d_and_sw.l3_hit_m.hitm_other_core_1, 0x1bb, 0x1000040400
offcore_response.pf_l1d_and_sw.l3_hit_m.hit_other_core_fwd_0, 0x1b7, 0x800040400
offcore_response.pf_l1d_and_sw.l3_hit_m.hit_other_core_fwd_1, 0x1bb, 0x800040400
offcore_response.pf_l1d_and_sw.l3_hit_m.hit_other_core_no_fwd_0, 0x1b7, 0x400040400
offcore_response.pf_l1d_and_sw.l3_hit_m.hit_other_core_no_fwd_1, 0x1bb, 0x400040400
offcore_response.pf_l1d_and_sw.l3_hit_m.no_snoop_needed_0, 0x1b7, 0x100040400
offcore_response.pf_l1d_and_sw.l3_hit_m.no_snoop_needed_1, 0x1bb, 0x100040400
offcore_response.pf_l1d_and_sw.l3_hit_m.snoop_miss_0, 0x1b7, 0x200040400
offcore_response.pf_l1d_and_sw.l3_hit_m.snoop_miss_1, 0x1bb, 0x200040400
offcore_response.pf_l1d_and_sw.l3_hit_m.snoop_none_0, 0x1b7, 0x80040400
offcore_response.pf_l1d_and_sw.l3_hit_m.snoop_none_1, 0x1bb, 0x80040400
offcore_response.pf_l1d_and_sw.l3_hit_s.any_snoop_0, 0x1b7, 0x3f80100400
offcore_response.pf_l1d_and_sw.l3_hit_s.any_snoop_1, 0x1bb, 0x3f80100400
offcore_response.pf_l1d_and_sw.l3_hit_s.hitm_other_core_0, 0x1b7, 0x1000100400
offcore_response.pf_l1d_and_sw.l3_hit_s.hitm_other_core_1, 0x1bb, 0x1000100400
offcore_response.pf_l1d_and_sw.l3_hit_s.hit_other_core_fwd_0, 0x1b7, 0x800100400
offcore_response.pf_l1d_and_sw.l3_hit_s.hit_other_core_fwd_1, 0x1bb, 0x800100400
offcore_response.pf_l1d_and_sw.l3_hit_s.hit_other_core_no_fwd_0, 0x1b7, 0x400100400
offcore_response.pf_l1d_and_sw.l3_hit_s.hit_other_core_no_fwd_1, 0x1bb, 0x400100400
offcore_response.pf_l1d_and_sw.l3_hit_s.no_snoop_needed_0, 0x1b7, 0x100100400
offcore_response.pf_l1d_and_sw.l3_hit_s.no_snoop_needed_1, 0x1bb, 0x100100400
offcore_response.pf_l1d_and_sw.l3_hit_s.snoop_miss_0, 0x1b7, 0x200100400
offcore_response.pf_l1d_and_sw.l3_hit_s.snoop_miss_1, 0x1bb, 0x200100400
offcore_response.pf_l1d_and_sw.l3_hit_s.snoop_none_0, 0x1b7, 0x80100400
offcore_response.pf_l1d_and_sw.l3_hit_s.snoop_none_1, 0x1bb, 0x80100400
offcore_response.pf_l1d_and_sw.pmm_hit_local_pmm.any_snoop_0, 0x1b7, 0x3f80400400
offcore_response.pf_l1d_and_sw.pmm_hit_local_pmm.any_snoop_1, 0x1bb, 0x3f80400400
offcore_response.pf_l1d_and_sw.pmm_hit_local_pmm.snoop_none_0, 0x1b7, 0x80400400
offcore_response.pf_l1d_and_sw.pmm_hit_local_pmm.snoop_none_1, 0x1bb, 0x80400400
offcore_response.pf_l1d_and_sw.pmm_hit_local_pmm.snoop_not_needed_0, 0x1b7, 0x100400400
offcore_response.pf_l1d_and_sw.pmm_hit_local_pmm.snoop_not_needed_1, 0x1bb, 0x100400400
offcore_response.pf_l1d_and_sw.supplier_none.any_snoop_0, 0x1b7, 0x3f80020400
offcore_response.pf_l1d_and_sw.supplier_none.any_snoop_1, 0x1bb, 0x3f80020400
offcore_response.pf_l1d_and_sw.supplier_none.hitm_other_core_0, 0x1b7, 0x1000020400
offcore_response.pf_l1d_and_sw.supplier_none.hitm_other_core_1, 0x1bb, 0x1000020400
offcore_response.pf_l1d_and_sw.supplier_none.hit_other_core_fwd_0, 0x1b7, 0x800020400
offcore_response.pf_l1d_and_sw.supplier_none.hit_other_core_fwd_1, 0x1bb, 0x800020400
offcore_response.pf_l1d_and_sw.supplier_none.hit_other_core_no_fwd_0, 0x1b7, 0x400020400
offcore_response.pf_l1d_and_sw.supplier_none.hit_other_core_no_fwd_1, 0x1bb, 0x400020400
offcore_response.pf_l1d_and_sw.supplier_none.no_snoop_needed_0, 0x1b7, 0x100020400
offcore_response.pf_l1d_and_sw.supplier_none.no_snoop_needed_1, 0x1bb, 0x100020400
offcore_response.pf_l1d_and_sw.supplier_none.snoop_miss_0, 0x1b7, 0x200020400
offcore_response.pf_l1d_and_sw.supplier_none.snoop_miss_1, 0x1bb, 0x200020400
offcore_response.pf_l1d_and_sw.supplier_none.snoop_none_0, 0x1b7, 0x80020400
offcore_response.pf_l1d_and_sw.supplier_none.snoop_none_1, 0x1bb, 0x80020400
offcore_response.pf_l2_data_rd.any_response_0, 0x1b7, 0x10010
offcore_response.pf_l2_data_rd.any_response_1, 0x1bb, 0x10010
offcore_response.pf_l2_data_rd.l3_hit.any_snoop_0, 0x1b7, 0x3f803c0010
offcore_response.pf_l2_data_rd.l3_hit.any_snoop_1, 0x1bb, 0x3f803c0010
offcore_response.pf_l2_data_rd.l3_hit.hitm_other_core_0, 0x1b7, 0x10003c0010
offcore_response.pf_l2_data_rd.l3_hit.hitm_other_core_1, 0x1bb, 0x10003c0010
offcore_response.pf_l2_data_rd.l3_hit.hit_other_core_fwd_0, 0x1b7, 0x8003c0010
offcore_response.pf_l2_data_rd.l3_hit.hit_other_core_fwd_1, 0x1bb, 0x8003c0010
offcore_response.pf_l2_data_rd.l3_hit.hit_other_core_no_fwd_0, 0x1b7, 0x4003c0010
offcore_response.pf_l2_data_rd.l3_hit.hit_other_core_no_fwd_1, 0x1bb, 0x4003c0010
offcore_response.pf_l2_data_rd.l3_hit.no_snoop_needed_0, 0x1b7, 0x1003c0010
offcore_response.pf_l2_data_rd.l3_hit.no_snoop_needed_1, 0x1bb, 0x1003c0010
offcore_response.pf_l2_data_rd.l3_hit.snoop_hit_with_fwd_0, 0x1b7, 0x8007c0010
offcore_response.pf_l2_data_rd.l3_hit.snoop_hit_with_fwd_1, 0x1bb, 0x8007c0010
offcore_response.pf_l2_data_rd.l3_hit.snoop_miss_0, 0x1b7, 0x2003c0010
offcore_response.pf_l2_data_rd.l3_hit.snoop_miss_1, 0x1bb, 0x2003c0010
offcore_response.pf_l2_data_rd.l3_hit.snoop_none_0, 0x1b7, 0x803c0010
offcore_response.pf_l2_data_rd.l3_hit.snoop_none_1, 0x1bb, 0x803c0010
offcore_response.pf_l2_data_rd.l3_hit_e.any_snoop_0, 0x1b7, 0x3f80080010
offcore_response.pf_l2_data_rd.l3_hit_e.any_snoop_1, 0x1bb, 0x3f80080010
offcore_response.pf_l2_data_rd.l3_hit_e.hitm_other_core_0, 0x1b7, 0x1000080010
offcore_response.pf_l2_data_rd.l3_hit_e.hitm_other_core_1, 0x1bb, 0x1000080010
offcore_response.pf_l2_data_rd.l3_hit_e.hit_other_core_fwd_0, 0x1b7, 0x800080010
offcore_response.pf_l2_data_rd.l3_hit_e.hit_other_core_fwd_1, 0x1bb, 0x800080010
offcore_response.pf_l2_data_rd.l3_hit_e.hit_other_core_no_fwd_0, 0x1b7, 0x400080010
offcore_response.pf_l2_data_rd.l3_hit_e.hit_other_core_no_fwd_1, 0x1bb, 0x400080010
offcore_response.pf_l2_data_rd.l3_hit_e.no_snoop_needed_0, 0x1b7, 0x100080010
offcore_response.pf_l2_data_rd.l3_hit_e.no_snoop_needed_1, 0x1bb, 0x100080010
offcore_response.pf_l2_data_rd.l3_hit_e.snoop_miss_0, 0x1b7, 0x200080010
offcore_response.pf_l2_data_rd.l3_hit_e.snoop_miss_1, 0x1bb, 0x200080010
offcore_response.pf_l2_data_rd.l3_hit_e.snoop_none_0, 0x1b7, 0x80080010
offcore_response.pf_l2_data_rd.l3_hit_e.snoop_none_1, 0x1bb, 0x80080010
offcore_response.pf_l2_data_rd.l3_hit_f.any_snoop_0, 0x1b7, 0x3f80200010
offcore_response.pf_l2_data_rd.l3_hit_f.any_snoop_1, 0x1bb, 0x3f80200010
offcore_response.pf_l2_data_rd.l3_hit_f.hitm_other_core_0, 0x1b7, 0x1000200010
offcore_response.pf_l2_data_rd.l3_hit_f.hitm_other_core_1, 0x1bb, 0x1000200010
offcore_response.pf_l2_data_rd.l3_hit_f.hit_other_core_fwd_0, 0x1b7, 0x800200010
offcore_response.pf_l2_data_rd.l3_hit_f.hit_other_core_fwd_1, 0x1bb, 0x800200010
offcore_response.pf_l2_data_rd.l3_hit_f.hit_other_core_no_fwd_0, 0x1b7, 0x400200010
offcore_response.pf_l2_data_rd.l3_hit_f.hit_other_core_no_fwd_1, 0x1bb, 0x400200010
offcore_response.pf_l2_data_rd.l3_hit_f.no_snoop_needed_0, 0x1b7, 0x100200010
offcore_response.pf_l2_data_rd.l3_hit_f.no_snoop_needed_1, 0x1bb, 0x100200010
offcore_response.pf_l2_data_rd.l3_hit_f.snoop_miss_0, 0x1b7, 0x200200010
offcore_response.pf_l2_data_rd.l3_hit_f.snoop_miss_1, 0x1bb, 0x200200010
offcore_response.pf_l2_data_rd.l3_hit_f.snoop_none_0, 0x1b7, 0x80200010
offcore_response.pf_l2_data_rd.l3_hit_f.snoop_none_1, 0x1bb, 0x80200010
offcore_response.pf_l2_data_rd.l3_hit_m.any_snoop_0, 0x1b7, 0x3f80040010
offcore_response.pf_l2_data_rd.l3_hit_m.any_snoop_1, 0x1bb, 0x3f80040010
offcore_response.pf_l2_data_rd.l3_hit_m.hitm_other_core_0, 0x1b7, 0x1000040010
offcore_response.pf_l2_data_rd.l3_hit_m.hitm_other_core_1, 0x1bb, 0x1000040010
offcore_response.pf_l2_data_rd.l3_hit_m.hit_other_core_fwd_0, 0x1b7, 0x800040010
offcore_response.pf_l2_data_rd.l3_hit_m.hit_other_core_fwd_1, 0x1bb, 0x800040010
offcore_response.pf_l2_data_rd.l3_hit_m.hit_other_core_no_fwd_0, 0x1b7, 0x400040010
offcore_response.pf_l2_data_rd.l3_hit_m.hit_other_core_no_fwd_1, 0x1bb, 0x400040010
offcore_response.pf_l2_data_rd.l3_hit_m.no_snoop_needed_0, 0x1b7, 0x100040010
offcore_response.pf_l2_data_rd.l3_hit_m.no_snoop_needed_1, 0x1bb, 0x100040010
offcore_response.pf_l2_data_rd.l3_hit_m.snoop_miss_0, 0x1b7, 0x200040010
offcore_response.pf_l2_data_rd.l3_hit_m.snoop_miss_1, 0x1bb, 0x200040010
offcore_response.pf_l2_data_rd.l3_hit_m.snoop_none_0, 0x1b7, 0x80040010
offcore_response.pf_l2_data_rd.l3_hit_m.snoop_none_1, 0x1bb, 0x80040010
offcore_response.pf_l2_data_rd.l3_hit_s.any_snoop_0, 0x1b7, 0x3f80100010
offcore_response.pf_l2_data_rd.l3_hit_s.any_snoop_1, 0x1bb, 0x3f80100010
offcore_response.pf_l2_data_rd.l3_hit_s.hitm_other_core_0, 0x1b7, 0x1000100010
offcore_response.pf_l2_data_rd.l3_hit_s.hitm_other_core_1, 0x1bb, 0x1000100010
offcore_response.pf_l2_data_rd.l3_hit_s.hit_other_core_fwd_0, 0x1b7, 0x800100010
offcore_response.pf_l2_data_rd.l3_hit_s.hit_other_core_fwd_1, 0x1bb, 0x800100010
offcore_response.pf_l2_data_rd.l3_hit_s.hit_other_core_no_fwd_0, 0x1b7, 0x400100010
offcore_response.pf_l2_data_rd.l3_hit_s.hit_other_core_no_fwd_1, 0x1bb, 0x400100010
offcore_response.pf_l2_data_rd.l3_hit_s.no_snoop_needed_0, 0x1b7, 0x100100010
offcore_response.pf_l2_data_rd.l3_hit_s.no_snoop_needed_1, 0x1bb, 0x100100010
offcore_response.pf_l2_data_rd.l3_hit_s.snoop_miss_0, 0x1b7, 0x200100010
offcore_response.pf_l2_data_rd.l3_hit_s.snoop_miss_1, 0x1bb, 0x200100010
offcore_response.pf_l2_data_rd.l3_hit_s.snoop_none_0, 0x1b7, 0x80100010
offcore_response.pf_l2_data_rd.l3_hit_s.snoop_none_1, 0x1bb, 0x80100010
offcore_response.pf_l2_data_rd.pmm_hit_local_pmm.any_snoop_0, 0x1b7, 0x3f80400010
offcore_response.pf_l2_data_rd.pmm_hit_local_pmm.any_snoop_1, 0x1bb, 0x3f80400010
offcore_response.pf_l2_data_rd.pmm_hit_local_pmm.snoop_none_0, 0x1b7, 0x80400010
offcore_response.pf_l2_data_rd.pmm_hit_local_pmm.snoop_none_1, 0x1bb, 0x80400010
offcore_response.pf_l2_data_rd.pmm_hit_local_pmm.snoop_not_needed_0, 0x1b7, 0x100400010
offcore_response.pf_l2_data_rd.pmm_hit_local_pmm.snoop_not_needed_1, 0x1bb, 0x100400010
offcore_response.pf_l2_data_rd.supplier_none.any_snoop_0, 0x1b7, 0x3f80020010
offcore_response.pf_l2_data_rd.supplier_none.any_snoop_1, 0x1bb, 0x3f80020010
offcore_response.pf_l2_data_rd.supplier_none.hitm_other_core_0, 0x1b7, 0x1000020010
offcore_response.pf_l2_data_rd.supplier_none.hitm_other_core_1, 0x1bb, 0x1000020010
offcore_response.pf_l2_data_rd.supplier_none.hit_other_core_fwd_0, 0x1b7, 0x800020010
offcore_response.pf_l2_data_rd.supplier_none.hit_other_core_fwd_1, 0x1bb, 0x800020010
offcore_response.pf_l2_data_rd.supplier_none.hit_other_core_no_fwd_0, 0x1b7, 0x400020010
offcore_response.pf_l2_data_rd.supplier_none.hit_other_core_no_fwd_1, 0x1bb, 0x400020010
offcore_response.pf_l2_data_rd.supplier_none.no_snoop_needed_0, 0x1b7, 0x100020010
offcore_response.pf_l2_data_rd.supplier_none.no_snoop_needed_1, 0x1bb, 0x100020010
offcore_response.pf_l2_data_rd.supplier_none.snoop_miss_0, 0x1b7, 0x200020010
offcore_response.pf_l2_data_rd.supplier_none.snoop_miss_1, 0x1bb, 0x200020010
offcore_response.pf_l2_data_rd.supplier_none.snoop_none_0, 0x1b7, 0x80020010
offcore_response.pf_l2_data_rd.supplier_none.snoop_none_1, 0x1bb, 0x80020010
offcore_response.pf_l2_rfo.any_response_0, 0x1b7, 0x10020
offcore_response.pf_l2_rfo.any_response_1, 0x1bb, 0x10020
offcore_response.pf_l2_rfo.l3_hit.any_snoop_0, 0x1b7, 0x3f803c0020
offcore_response.pf_l2_rfo.l3_hit.any_snoop_1, 0x1bb, 0x3f803c0020
offcore_response.pf_l2_rfo.l3_hit.hitm_other_core_0, 0x1b7, 0x10003c0020
offcore_response.pf_l2_rfo.l3_hit.hitm_other_core_1, 0x1bb, 0x10003c0020
offcore_response.pf_l2_rfo.l3_hit.hit_other_core_fwd_0, 0x1b7, 0x8003c0020
offcore_response.pf_l2_rfo.l3_hit.hit_other_core_fwd_1, 0x1bb, 0x8003c0020
offcore_response.pf_l2_rfo.l3_hit.hit_other_core_no_fwd_0, 0x1b7, 0x4003c0020
offcore_response.pf_l2_rfo.l3_hit.hit_other_core_no_fwd_1, 0x1bb, 0x4003c0020
offcore_response.pf_l2_rfo.l3_hit.no_snoop_needed_0, 0x1b7, 0x1003c0020
offcore_response.pf_l2_rfo.l3_hit.no_snoop_needed_1, 0x1bb, 0x1003c0020
offcore_response.pf_l2_rfo.l3_hit.snoop_hit_with_fwd_0, 0x1b7, 0x8007c0020
offcore_response.pf_l2_rfo.l3_hit.snoop_hit_with_fwd_1, 0x1bb, 0x8007c0020
offcore_response.pf_l2_rfo.l3_hit.snoop_miss_0, 0x1b7, 0x2003c0020
offcore_response.pf_l2_rfo.l3_hit.snoop_miss_1, 0x1bb, 0x2003c0020
offcore_response.pf_l2_rfo.l3_hit.snoop_none_0, 0x1b7, 0x803c0020
offcore_response.pf_l2_rfo.l3_hit.snoop_none_1, 0x1bb, 0x803c0020
offcore_response.pf_l2_rfo.l3_hit_e.any_snoop_0, 0x1b7, 0x3f80080020
offcore_response.pf_l2_rfo.l3_hit_e.any_snoop_1, 0x1bb, 0x3f80080020
offcore_response.pf_l2_rfo.l3_hit_e.hitm_other_core_0, 0x1b7, 0x1000080020
offcore_response.pf_l2_rfo.l3_hit_e.hitm_other_core_1, 0x1bb, 0x1000080020
offcore_response.pf_l2_rfo.l3_hit_e.hit_other_core_fwd_0, 0x1b7, 0x800080020
offcore_response.pf_l2_rfo.l3_hit_e.hit_other_core_fwd_1, 0x1bb, 0x800080020
offcore_response.pf_l2_rfo.l3_hit_e.hit_other_core_no_fwd_0, 0x1b7, 0x400080020
offcore_response.pf_l2_rfo.l3_hit_e.hit_other_core_no_fwd_1, 0x1bb, 0x400080020
offcore_response.pf_l2_rfo.l3_hit_e.no_snoop_needed_0, 0x1b7, 0x100080020
offcore_response.pf_l2_rfo.l3_hit_e.no_snoop_needed_1, 0x1bb, 0x100080020
offcore_response.pf_l2_rfo.l3_hit_e.snoop_miss_0, 0x1b7, 0x200080020
offcore_response.pf_l2_rfo.l3_hit_e.snoop_miss_1, 0x1bb, 0x200080020
offcore_response.pf_l2_rfo.l3_hit_e.snoop_none_0, 0x1b7, 0x80080020
offcore_response.pf_l2_rfo.l3_hit_e.snoop_none_1, 0x1bb, 0x80080020
offcore_response.pf_l2_rfo.l3_hit_f.any_snoop_0, 0x1b7, 0x3f80200020
offcore_response.pf_l2_rfo.l3_hit_f.any_snoop_1, 0x1bb, 0x3f80200020
offcore_response.pf_l2_rfo.l3_hit_f.hitm_other_core_0, 0x1b7, 0x1000200020
offcore_response.pf_l2_rfo.l3_hit_f.hitm_other_core_1, 0x1bb, 0x1000200020
offcore_response.pf_l2_rfo.l3_hit_f.hit_other_core_fwd_0, 0x1b7, 0x800200020
offcore_response.pf_l2_rfo.l3_hit_f.hit_other_core_fwd_1, 0x1bb, 0x800200020
offcore_response.pf_l2_rfo.l3_hit_f.hit_other_core_no_fwd_0, 0x1b7, 0x400200020
offcore_response.pf_l2_rfo.l3_hit_f.hit_other_core_no_fwd_1, 0x1bb, 0x400200020
offcore_response.pf_l2_rfo.l3_hit_f.no_snoop_needed_0, 0x1b7, 0x100200020
offcore_response.pf_l2_rfo.l3_hit_f.no_snoop_needed_1, 0x1bb, 0x100200020
offcore_response.pf_l2_rfo.l3_hit_f.snoop_miss_0, 0x1b7, 0x200200020
offcore_response.pf_l2_rfo.l3_hit_f.snoop_miss_1, 0x1bb, 0x200200020
offcore_response.pf_l2_rfo.l3_hit_f.snoop_none_0, 0x1b7, 0x80200020
offcore_response.pf_l2_rfo.l3_hit_f.snoop_none_1, 0x1bb, 0x80200020
offcore_response.pf_l2_rfo.l3_hit_m.any_snoop_0, 0x1b7, 0x3f80040020
offcore_response.pf_l2_rfo.l3_hit_m.any_snoop_1, 0x1bb, 0x3f80040020
offcore_response.pf_l2_rfo.l3_hit_m.hitm_other_core_0, 0x1b7, 0x1000040020
offcore_response.pf_l2_rfo.l3_hit_m.hitm_other_core_1, 0x1bb, 0x1000040020
offcore_response.pf_l2_rfo.l3_hit_m.hit_other_core_fwd_0, 0x1b7, 0x800040020
offcore_response.pf_l2_rfo.l3_hit_m.hit_other_core_fwd_1, 0x1bb, 0x800040020
offcore_response.pf_l2_rfo.l3_hit_m.hit_other_core_no_fwd_0, 0x1b7, 0x400040020
offcore_response.pf_l2_rfo.l3_hit_m.hit_other_core_no_fwd_1, 0x1bb, 0x400040020
offcore_response.pf_l2_rfo.l3_hit_m.no_snoop_needed_0, 0x1b7, 0x100040020
offcore_response.pf_l2_rfo.l3_hit_m.no_snoop_needed_1, 0x1bb, 0x100040020
offcore_response.pf_l2_rfo.l3_hit_m.snoop_miss_0, 0x1b7, 0x200040020
offcore_response.pf_l2_rfo.l3_hit_m.snoop_miss_1, 0x1bb, 0x200040020
offcore_response.pf_l2_rfo.l3_hit_m.snoop_none_0, 0x1b7, 0x80040020
offcore_response.pf_l2_rfo.l3_hit_m.snoop_none_1, 0x1bb, 0x80040020
offcore_response.pf_l2_rfo.l3_hit_s.any_snoop_0, 0x1b7, 0x3f80100020
offcore_response.pf_l2_rfo.l3_hit_s.any_snoop_1, 0x1bb, 0x3f80100020
offcore_response.pf_l2_rfo.l3_hit_s.hitm_other_core_0, 0x1b7, 0x1000100020
offcore_response.pf_l2_rfo.l3_hit_s.hitm_other_core_1, 0x1bb, 0x1000100020
offcore_response.pf_l2_rfo.l3_hit_s.hit_other_core_fwd_0, 0x1b7, 0x800100020
offcore_response.pf_l2_rfo.l3_hit_s.hit_other_core_fwd_1, 0x1bb, 0x800100020
offcore_response.pf_l2_rfo.l3_hit_s.hit_other_core_no_fwd_0, 0x1b7, 0x400100020
offcore_response.pf_l2_rfo.l3_hit_s.hit_other_core_no_fwd_1, 0x1bb, 0x400100020
offcore_response.pf_l2_rfo.l3_hit_s.no_snoop_needed_0, 0x1b7, 0x100100020
offcore_response.pf_l2_rfo.l3_hit_s.no_snoop_needed_1, 0x1bb, 0x100100020
offcore_response.pf_l2_rfo.l3_hit_s.snoop_miss_0, 0x1b7, 0x200100020
offcore_response.pf_l2_rfo.l3_hit_s.snoop_miss_1, 0x1bb, 0x200100020
offcore_response.pf_l2_rfo.l3_hit_s.snoop_none_0, 0x1b7, 0x80100020
offcore_response.pf_l2_rfo.l3_hit_s.snoop_none_1, 0x1bb, 0x80100020
offcore_response.pf_l2_rfo.pmm_hit_local_pmm.any_snoop_0, 0x1b7, 0x3f80400020
offcore_response.pf_l2_rfo.pmm_hit_local_pmm.any_snoop_1, 0x1bb, 0x3f80400020
offcore_response.pf_l2_rfo.pmm_hit_local_pmm.snoop_none_0, 0x1b7, 0x80400020
offcore_response.pf_l2_rfo.pmm_hit_local_pmm.snoop_none_1, 0x1bb, 0x80400020
offcore_response.pf_l2_rfo.pmm_hit_local_pmm.snoop_not_needed_0, 0x1b7, 0x100400020
offcore_response.pf_l2_rfo.pmm_hit_local_pmm.snoop_not_needed_1, 0x1bb, 0x100400020
offcore_response.pf_l2_rfo.supplier_none.any_snoop_0, 0x1b7, 0x3f80020020
offcore_response.pf_l2_rfo.supplier_none.any_snoop_1, 0x1bb, 0x3f80020020
offcore_response.pf_l2_rfo.supplier_none.hitm_other_core_0, 0x1b7, 0x1000020020
offcore_response.pf_l2_rfo.supplier_none.hitm_other_core_1, 0x1bb, 0x1000020020
offcore_response.pf_l2_rfo.supplier_none.hit_other_core_fwd_0, 0x1b7, 0x800020020
offcore_response.pf_l2_rfo.supplier_none.hit_other_core_fwd_1, 0x1bb, 0x800020020
offcore_response.pf_l2_rfo.supplier_none.hit_other_core_no_fwd_0, 0x1b7, 0x400020020
offcore_response.pf_l2_rfo.supplier_none.hit_other_core_no_fwd_1, 0x1bb, 0x400020020
offcore_response.pf_l2_rfo.supplier_none.no_snoop_needed_0, 0x1b7, 0x100020020
offcore_response.pf_l2_rfo.supplier_none.no_snoop_needed_1, 0x1bb, 0x100020020
offcore_response.pf_l2_rfo.supplier_none.snoop_miss_0, 0x1b7, 0x200020020
offcore_response.pf_l2_rfo.supplier_none.snoop_miss_1, 0x1bb, 0x200020020
offcore_response.pf_l2_rfo.supplier_none.snoop_none_0, 0x1b7, 0x80020020
offcore_response.pf_l2_rfo.supplier_none.snoop_none_1, 0x1bb, 0x80020020
offcore_response.pf_l3_data_rd.any_response_0, 0x1b7, 0x10080
offcore_response.pf_l3_data_rd.any_response_1, 0x1bb, 0x10080
offcore_response.pf_l3_data_rd.l3_hit.any_snoop_0, 0x1b7, 0x3f803c0080
offcore_response.pf_l3_data_rd.l3_hit.any_snoop_1, 0x1bb, 0x3f803c0080
offcore_response.pf_l3_data_rd.l3_hit.hitm_other_core_0, 0x1b7, 0x10003c0080
offcore_response.pf_l3_data_rd.l3_hit.hitm_other_core_1, 0x1bb, 0x10003c0080
offcore_response.pf_l3_data_rd.l3_hit.hit_other_core_fwd_0, 0x1b7, 0x8003c0080
offcore_response.pf_l3_data_rd.l3_hit.hit_other_core_fwd_1, 0x1bb, 0x8003c0080
offcore_response.pf_l3_data_rd.l3_hit.hit_other_core_no_fwd_0, 0x1b7, 0x4003c0080
offcore_response.pf_l3_data_rd.l3_hit.hit_other_core_no_fwd_1, 0x1bb, 0x4003c0080
offcore_response.pf_l3_data_rd.l3_hit.no_snoop_needed_0, 0x1b7, 0x1003c0080
offcore_response.pf_l3_data_rd.l3_hit.no_snoop_needed_1, 0x1bb, 0x1003c0080
offcore_response.pf_l3_data_rd.l3_hit.snoop_hit_with_fwd_0, 0x1b7, 0x8007c0080
offcore_response.pf_l3_data_rd.l3_hit.snoop_hit_with_fwd_1, 0x1bb, 0x8007c0080
offcore_response.pf_l3_data_rd.l3_hit.snoop_miss_0, 0x1b7, 0x2003c0080
offcore_response.pf_l3_data_rd.l3_hit.snoop_miss_1, 0x1bb, 0x2003c0080
offcore_response.pf_l3_data_rd.l3_hit.snoop_none_0, 0x1b7, 0x803c0080
offcore_response.pf_l3_data_rd.l3_hit.snoop_none_1, 0x1bb, 0x803c0080
offcore_response.pf_l3_data_rd.l3_hit_e.any_snoop_0, 0x1b7, 0x3f80080080
offcore_response.pf_l3_data_rd.l3_hit_e.any_snoop_1, 0x1bb, 0x3f80080080
offcore_response.pf_l3_data_rd.l3_hit_e.hitm_other_core_0, 0x1b7, 0x1000080080
offcore_response.pf_l3_data_rd.l3_hit_e.hitm_other_core_1, 0x1bb, 0x1000080080
offcore_response.pf_l3_data_rd.l3_hit_e.hit_other_core_fwd_0, 0x1b7, 0x800080080
offcore_response.pf_l3_data_rd.l3_hit_e.hit_other_core_fwd_1, 0x1bb, 0x800080080
offcore_response.pf_l3_data_rd.l3_hit_e.hit_other_core_no_fwd_0, 0x1b7, 0x400080080
offcore_response.pf_l3_data_rd.l3_hit_e.hit_other_core_no_fwd_1, 0x1bb, 0x400080080
offcore_response.pf_l3_data_rd.l3_hit_e.no_snoop_needed_0, 0x1b7, 0x100080080
offcore_response.pf_l3_data_rd.l3_hit_e.no_snoop_needed_1, 0x1bb, 0x100080080
offcore_response.pf_l3_data_rd.l3_hit_e.snoop_miss_0, 0x1b7, 0x200080080
offcore_response.pf_l3_data_rd.l3_hit_e.snoop_miss_1, 0x1bb, 0x200080080
offcore_response.pf_l3_data_rd.l3_hit_e.snoop_none_0, 0x1b7, 0x80080080
offcore_response.pf_l3_data_rd.l3_hit_e.snoop_none_1, 0x1bb, 0x80080080
offcore_response.pf_l3_data_rd.l3_hit_f.any_snoop_0, 0x1b7, 0x3f80200080
offcore_response.pf_l3_data_rd.l3_hit_f.any_snoop_1, 0x1bb, 0x3f80200080
offcore_response.pf_l3_data_rd.l3_hit_f.hitm_other_core_0, 0x1b7, 0x1000200080
offcore_response.pf_l3_data_rd.l3_hit_f.hitm_other_core_1, 0x1bb, 0x1000200080
offcore_response.pf_l3_data_rd.l3_hit_f.hit_other_core_fwd_0, 0x1b7, 0x800200080
offcore_response.pf_l3_data_rd.l3_hit_f.hit_other_core_fwd_1, 0x1bb, 0x800200080
offcore_response.pf_l3_data_rd.l3_hit_f.hit_other_core_no_fwd_0, 0x1b7, 0x400200080
offcore_response.pf_l3_data_rd.l3_hit_f.hit_other_core_no_fwd_1, 0x1bb, 0x400200080
offcore_response.pf_l3_data_rd.l3_hit_f.no_snoop_needed_0, 0x1b7, 0x100200080
offcore_response.pf_l3_data_rd.l3_hit_f.no_snoop_needed_1, 0x1bb, 0x100200080
offcore_response.pf_l3_data_rd.l3_hit_f.snoop_miss_0, 0x1b7, 0x200200080
offcore_response.pf_l3_data_rd.l3_hit_f.snoop_miss_1, 0x1bb, 0x200200080
offcore_response.pf_l3_data_rd.l3_hit_f.snoop_none_0, 0x1b7, 0x80200080
offcore_response.pf_l3_data_rd.l3_hit_f.snoop_none_1, 0x1bb, 0x80200080
offcore_response.pf_l3_data_rd.l3_hit_m.any_snoop_0, 0x1b7, 0x3f80040080
offcore_response.pf_l3_data_rd.l3_hit_m.any_snoop_1, 0x1bb, 0x3f80040080
offcore_response.pf_l3_data_rd.l3_hit_m.hitm_other_core_0, 0x1b7, 0x1000040080
offcore_response.pf_l3_data_rd.l3_hit_m.hitm_other_core_1, 0x1bb, 0x1000040080
offcore_response.pf_l3_data_rd.l3_hit_m.hit_other_core_fwd_0, 0x1b7, 0x800040080
offcore_response.pf_l3_data_rd.l3_hit_m.hit_other_core_fwd_1, 0x1bb, 0x800040080
offcore_response.pf_l3_data_rd.l3_hit_m.hit_other_core_no_fwd_0, 0x1b7, 0x400040080
offcore_response.pf_l3_data_rd.l3_hit_m.hit_other_core_no_fwd_1, 0x1bb, 0x400040080
offcore_response.pf_l3_data_rd.l3_hit_m.no_snoop_needed_0, 0x1b7, 0x100040080
offcore_response.pf_l3_data_rd.l3_hit_m.no_snoop_needed_1, 0x1bb, 0x100040080
offcore_response.pf_l3_data_rd.l3_hit_m.snoop_miss_0, 0x1b7, 0x200040080
offcore_response.pf_l3_data_rd.l3_hit_m.snoop_miss_1, 0x1bb, 0x200040080
offcore_response.pf_l3_data_rd.l3_hit_m.snoop_none_0, 0x1b7, 0x80040080
offcore_response.pf_l3_data_rd.l3_hit_m.snoop_none_1, 0x1bb, 0x80040080
offcore_response.pf_l3_data_rd.l3_hit_s.any_snoop_0, 0x1b7, 0x3f80100080
offcore_response.pf_l3_data_rd.l3_hit_s.any_snoop_1, 0x1bb, 0x3f80100080
offcore_response.pf_l3_data_rd.l3_hit_s.hitm_other_core_0, 0x1b7, 0x1000100080
offcore_response.pf_l3_data_rd.l3_hit_s.hitm_other_core_1, 0x1bb, 0x1000100080
offcore_response.pf_l3_data_rd.l3_hit_s.hit_other_core_fwd_0, 0x1b7, 0x800100080
offcore_response.pf_l3_data_rd.l3_hit_s.hit_other_core_fwd_1, 0x1bb, 0x800100080
offcore_response.pf_l3_data_rd.l3_hit_s.hit_other_core_no_fwd_0, 0x1b7, 0x400100080
offcore_response.pf_l3_data_rd.l3_hit_s.hit_other_core_no_fwd_1, 0x1bb, 0x400100080
offcore_response.pf_l3_data_rd.l3_hit_s.no_snoop_needed_0, 0x1b7, 0x100100080
offcore_response.pf_l3_data_rd.l3_hit_s.no_snoop_needed_1, 0x1bb, 0x100100080
offcore_response.pf_l3_data_rd.l3_hit_s.snoop_miss_0, 0x1b7, 0x200100080
offcore_response.pf_l3_data_rd.l3_hit_s.snoop_miss_1, 0x1bb, 0x200100080
offcore_response.pf_l3_data_rd.l3_hit_s.snoop_none_0, 0x1b7, 0x80100080
offcore_response.pf_l3_data_rd.l3_hit_s.snoop_none_1, 0x1bb, 0x80100080
offcore_response.pf_l3_data_rd.pmm_hit_local_pmm.any_snoop_0, 0x1b7, 0x3f80400080
offcore_response.pf_l3_data_rd.pmm_hit_local_pmm.any_snoop_1, 0x1bb, 0x3f80400080
offcore_response.pf_l3_data_rd.pmm_hit_local_pmm.snoop_none_0, 0x1b7, 0x80400080
offcore_response.pf_l3_data_rd.pmm_hit_local_pmm.snoop_none_1, 0x1bb, 0x80400080
offcore_response.pf_l3_data_rd.pmm_hit_local_pmm.snoop_not_needed_0, 0x1b7, 0x100400080
offcore_response.pf_l3_data_rd.pmm_hit_local_pmm.snoop_not_needed_1, 0x1bb, 0x100400080
offcore_response.pf_l3_data_rd.supplier_none.any_snoop_0, 0x1b7, 0x3f80020080
offcore_response.pf_l3_data_rd.supplier_none.any_snoop_1, 0x1bb, 0x3f80020080
offcore_response.pf_l3_data_rd.supplier_none.hitm_other_core_0, 0x1b7, 0x1000020080
offcore_response.pf_l3_data_rd.supplier_none.hitm_other_core_1, 0x1bb, 0x1000020080
offcore_response.pf_l3_data_rd.supplier_none.hit_other_core_fwd_0, 0x1b7, 0x800020080
offcore_response.pf_l3_data_rd.supplier_none.hit_other_core_fwd_1, 0x1bb, 0x800020080
offcore_response.pf_l3_data_rd.supplier_none.hit_other_core_no_fwd_0, 0x1b7, 0x400020080
offcore_response.pf_l3_data_rd.supplier_none.hit_other_core_no_fwd_1, 0x1bb, 0x400020080
offcore_response.pf_l3_data_rd.supplier_none.no_snoop_needed_0, 0x1b7, 0x100020080
offcore_response.pf_l3_data_rd.supplier_none.no_snoop_needed_1, 0x1bb, 0x100020080
offcore_response.pf_l3_data_rd.supplier_none.snoop_miss_0, 0x1b7, 0x200020080
offcore_response.pf_l3_data_rd.supplier_none.snoop_miss_1, 0x1bb, 0x200020080
offcore_response.pf_l3_data_rd.supplier_none.snoop_none_0, 0x1b7, 0x80020080
offcore_response.pf_l3_data_rd.supplier_none.snoop_none_1, 0x1bb, 0x80020080
offcore_response.pf_l3_rfo.any_response_0, 0x1b7, 0x10100
offcore_response.pf_l3_rfo.any_response_1, 0x1bb, 0x10100
offcore_response.pf_l3_rfo.l3_hit.any_snoop_0, 0x1b7, 0x3f803c0100
offcore_response.pf_l3_rfo.l3_hit.any_snoop_1, 0x1bb, 0x3f803c0100
offcore_response.pf_l3_rfo.l3_hit.hitm_other_core_0, 0x1b7, 0x10003c0100
offcore_response.pf_l3_rfo.l3_hit.hitm_other_core_1, 0x1bb, 0x10003c0100
offcore_response.pf_l3_rfo.l3_hit.hit_other_core_fwd_0, 0x1b7, 0x8003c0100
offcore_response.pf_l3_rfo.l3_hit.hit_other_core_fwd_1, 0x1bb, 0x8003c0100
offcore_response.pf_l3_rfo.l3_hit.hit_other_core_no_fwd_0, 0x1b7, 0x4003c0100
offcore_response.pf_l3_rfo.l3_hit.hit_other_core_no_fwd_1, 0x1bb, 0x4003c0100
offcore_response.pf_l3_rfo.l3_hit.no_snoop_needed_0, 0x1b7, 0x1003c0100
offcore_response.pf_l3_rfo.l3_hit.no_snoop_needed_1, 0x1bb, 0x1003c0100
offcore_response.pf_l3_rfo.l3_hit.snoop_hit_with_fwd_0, 0x1b7, 0x8007c0100
offcore_response.pf_l3_rfo.l3_hit.snoop_hit_with_fwd_1, 0x1bb, 0x8007c0100
offcore_response.pf_l3_rfo.l3_hit.snoop_miss_0, 0x1b7, 0x2003c0100
offcore_response.pf_l3_rfo.l3_hit.snoop_miss_1, 0x1bb, 0x2003c0100
offcore_response.pf_l3_rfo.l3_hit.snoop_none_0, 0x1b7, 0x803c0100
offcore_response.pf_l3_rfo.l3_hit.snoop_none_1, 0x1bb, 0x803c0100
offcore_response.pf_l3_rfo.l3_hit_e.any_snoop_0, 0x1b7, 0x3f80080100
offcore_response.pf_l3_rfo.l3_hit_e.any_snoop_1, 0x1bb, 0x3f80080100
offcore_response.pf_l3_rfo.l3_hit_e.hitm_other_core_0, 0x1b7, 0x1000080100
offcore_response.pf_l3_rfo.l3_hit_e.hitm_other_core_1, 0x1bb, 0x1000080100
offcore_response.pf_l3_rfo.l3_hit_e.hit_other_core_fwd_0, 0x1b7, 0x800080100
offcore_response.pf_l3_rfo.l3_hit_e.hit_other_core_fwd_1, 0x1bb, 0x800080100
offcore_response.pf_l3_rfo.l3_hit_e.hit_other_core_no_fwd_0, 0x1b7, 0x400080100
offcore_response.pf_l3_rfo.l3_hit_e.hit_other_core_no_fwd_1, 0x1bb, 0x400080100
offcore_response.pf_l3_rfo.l3_hit_e.no_snoop_needed_0, 0x1b7, 0x100080100
offcore_response.pf_l3_rfo.l3_hit_e.no_snoop_needed_1, 0x1bb, 0x100080100
offcore_response.pf_l3_rfo.l3_hit_e.snoop_miss_0, 0x1b7, 0x200080100
offcore_response.pf_l3_rfo.l3_hit_e.snoop_miss_1, 0x1bb, 0x200080100
offcore_response.pf_l3_rfo.l3_hit_e.snoop_none_0, 0x1b7, 0x80080100
offcore_response.pf_l3_rfo.l3_hit_e.snoop_none_1, 0x1bb, 0x80080100
offcore_response.pf_l3_rfo.l3_hit_f.any_snoop_0, 0x1b7, 0x3f80200100
offcore_response.pf_l3_rfo.l3_hit_f.any_snoop_1, 0x1bb, 0x3f80200100
offcore_response.pf_l3_rfo.l3_hit_f.hitm_other_core_0, 0x1b7, 0x1000200100
offcore_response.pf_l3_rfo.l3_hit_f.hitm_other_core_1, 0x1bb, 0x1000200100
offcore_response.pf_l3_rfo.l3_hit_f.hit_other_core_fwd_0, 0x1b7, 0x800200100
offcore_response.pf_l3_rfo.l3_hit_f.hit_other_core_fwd_1, 0x1bb, 0x800200100
offcore_response.pf_l3_rfo.l3_hit_f.hit_other_core_no_fwd_0, 0x1b7, 0x400200100
offcore_response.pf_l3_rfo.l3_hit_f.hit_other_core_no_fwd_1, 0x1bb, 0x400200100
offcore_response.pf_l3_rfo.l3_hit_f.no_snoop_needed_0, 0x1b7, 0x100200100
offcore_response.pf_l3_rfo.l3_hit_f.no_snoop_needed_1, 0x1bb, 0x100200100
offcore_response.pf_l3_rfo.l3_hit_f.snoop_miss_0, 0x1b7, 0x200200100
offcore_response.pf_l3_rfo.l3_hit_f.snoop_miss_1, 0x1bb, 0x200200100
offcore_response.pf_l3_rfo.l3_hit_f.snoop_none_0, 0x1b7, 0x80200100
offcore_response.pf_l3_rfo.l3_hit_f.snoop_none_1, 0x1bb, 0x80200100
offcore_response.pf_l3_rfo.l3_hit_m.any_snoop_0, 0x1b7, 0x3f80040100
offcore_response.pf_l3_rfo.l3_hit_m.any_snoop_1, 0x1bb, 0x3f80040100
offcore_response.pf_l3_rfo.l3_hit_m.hitm_other_core_0, 0x1b7, 0x1000040100
offcore_response.pf_l3_rfo.l3_hit_m.hitm_other_core_1, 0x1bb, 0x1000040100
offcore_response.pf_l3_rfo.l3_hit_m.hit_other_core_fwd_0, 0x1b7, 0x800040100
offcore_response.pf_l3_rfo.l3_hit_m.hit_other_core_fwd_1, 0x1bb, 0x800040100
offcore_response.pf_l3_rfo.l3_hit_m.hit_other_core_no_fwd_0, 0x1b7, 0x400040100
offcore_response.pf_l3_rfo.l3_hit_m.hit_other_core_no_fwd_1, 0x1bb, 0x400040100
offcore_response.pf_l3_rfo.l3_hit_m.no_snoop_needed_0, 0x1b7, 0x100040100
offcore_response.pf_l3_rfo.l3_hit_m.no_snoop_needed_1, 0x1bb, 0x100040100
offcore_response.pf_l3_rfo.l3_hit_m.snoop_miss_0, 0x1b7, 0x200040100
offcore_response.pf_l3_rfo.l3_hit_m.snoop_miss_1, 0x1bb, 0x200040100
offcore_response.pf_l3_rfo.l3_hit_m.snoop_none_0, 0x1b7, 0x80040100
offcore_response.pf_l3_rfo.l3_hit_m.snoop_none_1, 0x1bb, 0x80040100
offcore_response.pf_l3_rfo.l3_hit_s.any_snoop_0, 0x1b7, 0x3f80100100
offcore_response.pf_l3_rfo.l3_hit_s.any_snoop_1, 0x1bb, 0x3f80100100
offcore_response.pf_l3_rfo.l3_hit_s.hitm_other_core_0, 0x1b7, 0x1000100100
offcore_response.pf_l3_rfo.l3_hit_s.hitm_other_core_1, 0x1bb, 0x1000100100
offcore_response.pf_l3_rfo.l3_hit_s.hit_other_core_fwd_0, 0x1b7, 0x800100100
offcore_response.pf_l3_rfo.l3_hit_s.hit_other_core_fwd_1, 0x1bb, 0x800100100
offcore_response.pf_l3_rfo.l3_hit_s.hit_other_core_no_fwd_0, 0x1b7, 0x400100100
offcore_response.pf_l3_rfo.l3_hit_s.hit_other_core_no_fwd_1, 0x1bb, 0x400100100
offcore_response.pf_l3_rfo.l3_hit_s.no_snoop_needed_0, 0x1b7, 0x100100100
offcore_response.pf_l3_rfo.l3_hit_s.no_snoop_needed_1, 0x1bb, 0x100100100
offcore_response.pf_l3_rfo.l3_hit_s.snoop_miss_0, 0x1b7, 0x200100100
offcore_response.pf_l3_rfo.l3_hit_s.snoop_miss_1, 0x1bb, 0x200100100
offcore_response.pf_l3_rfo.l3_hit_s.snoop_none_0, 0x1b7, 0x80100100
offcore_response.pf_l3_rfo.l3_hit_s.snoop_none_1, 0x1bb, 0x80100100
offcore_response.pf_l3_rfo.pmm_hit_local_pmm.any_snoop_0, 0x1b7, 0x3f80400100
offcore_response.pf_l3_rfo.pmm_hit_local_pmm.any_snoop_1, 0x1bb, 0x3f80400100
offcore_response.pf_l3_rfo.pmm_hit_local_pmm.snoop_none_0, 0x1b7, 0x80400100
offcore_response.pf_l3_rfo.pmm_hit_local_pmm.snoop_none_1, 0x1bb, 0x80400100
offcore_response.pf_l3_rfo.pmm_hit_local_pmm.snoop_not_needed_0, 0x1b7, 0x100400100
offcore_response.pf_l3_rfo.pmm_hit_local_pmm.snoop_not_needed_1, 0x1bb, 0x100400100
offcore_response.pf_l3_rfo.supplier_none.any_snoop_0, 0x1b7, 0x3f80020100
offcore_response.pf_l3_rfo.supplier_none.any_snoop_1, 0x1bb, 0x3f80020100
offcore_response.pf_l3_rfo.supplier_none.hitm_other_core_0, 0x1b7, 0x1000020100
offcore_response.pf_l3_rfo.supplier_none.hitm_other_core_1, 0x1bb, 0x1000020100
offcore_response.pf_l3_rfo.supplier_none.hit_other_core_fwd_0, 0x1b7, 0x800020100
offcore_response.pf_l3_rfo.supplier_none.hit_other_core_fwd_1, 0x1bb, 0x800020100
offcore_response.pf_l3_rfo.supplier_none.hit_other_core_no_fwd_0, 0x1b7, 0x400020100
offcore_response.pf_l3_rfo.supplier_none.hit_other_core_no_fwd_1, 0x1bb, 0x400020100
offcore_response.pf_l3_rfo.supplier_none.no_snoop_needed_0, 0x1b7, 0x100020100
offcore_response.pf_l3_rfo.supplier_none.no_snoop_needed_1, 0x1bb, 0x100020100
offcore_response.pf_l3_rfo.supplier_none.snoop_miss_0, 0x1b7, 0x200020100
offcore_response.pf_l3_rfo.supplier_none.snoop_miss_1, 0x1bb, 0x200020100
offcore_response.pf_l3_rfo.supplier_none.snoop_none_0, 0x1b7, 0x80020100
offcore_response.pf_l3_rfo.supplier_none.snoop_none_1, 0x1bb, 0x80020100
sq_misc.split_lock, 0x10f4
sw_prefetch_access.any, 0xf32
sw_prefetch_access.nta, 0x132
sw_prefetch_access.prefetchw, 0x832
sw_prefetch_access.t0, 0x232
sw_prefetch_access.t1_t2, 0x432
llc_misses.mem_read, 0x304
llc_misses.mem_write, 0xc04
unc_m_act_count.byp, 0x801
unc_m_act_count.rd, 0x101
unc_m_act_count.wr, 0x201
unc_m_byp_cmds.act, 0x1a1
unc_m_byp_cmds.cas, 0x2a1
unc_m_byp_cmds.pre, 0x4a1
unc_m_cas_count.all, 0xf04
unc_m_cas_count.rd, 0x304
unc_m_cas_count.rd_isoch, 0x4004
unc_m_cas_count.rd_reg, 0x104
unc_m_cas_count.rd_rmm, 0x2004
unc_m_cas_count.rd_underfill, 0x204
unc_m_cas_count.rd_wmm, 0x1004
unc_m_cas_count.wr, 0xc04
unc_m_cas_count.wr_isoch, 0x8004
unc_m_cas_count.wr_rmm, 0x804
unc_m_cas_count.wr_wmm, 0x404
unc_m_clockticks_f, 0xff
unc_m_dram_pre_all, 0x6
unc_m_ecc_correctable_errors, 0x9
unc_m_majmode2.dram_cyc, 0x2ed
unc_m_majmode2.dram_enter, 0x8ed
unc_m_majmode2.pmm_cyc, 0x1ed
unc_m_majmode2.pmm_enter, 0x4ed
unc_m_major_modes.isoch, 0x807
unc_m_major_modes.partial, 0x407
unc_m_major_modes.read, 0x107
unc_m_major_modes.write, 0x207
unc_m_pmm_bandwidth.read, 0xe3
unc_m_pmm_bandwidth.total, 0xe3
unc_m_pmm_bandwidth.write, 0xe7
unc_m_pmm_cmd1.all, 0x1ea
unc_m_pmm_cmd1.misc, 0x80ea
unc_m_pmm_cmd1.misc_gnt, 0x40ea
unc_m_pmm_cmd1.rd, 0x2ea
unc_m_pmm_cmd1.rpq_gnts, 0x10ea
unc_m_pmm_cmd1.ufill_rd, 0x8ea
unc_m_pmm_cmd1.wpq_gnts, 0x20ea
unc_m_pmm_cmd1.wr, 0x4ea
unc_m_pmm_cmd2.nodata_exp, 0x2eb
unc_m_pmm_cmd2.nodata_unexp, 0x4eb
unc_m_pmm_cmd2.opp_rd, 0x1eb
unc_m_pmm_cmd2.pmm_ecc_error, 0x20eb
unc_m_pmm_cmd2.pmm_erid_error, 0x40eb
unc_m_pmm_cmd2.reqs_slot0, 0x8eb
unc_m_pmm_cmd2.reqs_slot1, 0x10eb
unc_m_pmm_majmode1.partial_wr_cyc, 0x4ec
unc_m_pmm_majmode1.partial_wr_enter, 0x20ec
unc_m_pmm_majmode1.partial_wr_exit, 0x40ec
unc_m_pmm_majmode1.rd_cyc, 0x1ec
unc_m_pmm_majmode1.wr_cyc, 0x2ec
unc_m_pmm_read_latency, 0x1e0
unc_m_pmm_rpq_cycles_full, 0xe2
unc_m_pmm_rpq_cycles_ne, 0xe1
unc_m_pmm_rpq_inserts, 0xe3
unc_m_pmm_rpq_occupancy.all, 0x1e0
unc_m_pmm_rpq_occupancy.gnt_wait, 0x4e0
unc_m_pmm_wpq_cycles_full, 0xe6
unc_m_pmm_wpq_cycles_ne, 0xe5
unc_m_pmm_wpq_inserts, 0xe7
unc_m_pmm_wpq_occupancy.all, 0x1e4
unc_m_pmm_wpq_occupancy.cas, 0x2e4
unc_m_pmm_wpq_occupancy.pwr, 0x4e4
unc_m_pmm_wpq_pcommit, 0xe8
unc_m_pmm_wpq_pcommit_cyc, 0xe9
unc_m_power_channel_dlloff, 0x84
unc_m_power_channel_ppd, 0x85
unc_m_power_cke_cycles.rank0, 0x183
unc_m_power_cke_cycles.rank1, 0x283
unc_m_power_cke_cycles.rank2, 0x483
unc_m_power_cke_cycles.rank3, 0x883
unc_m_power_cke_cycles.rank4, 0x1083
unc_m_power_cke_cycles.rank5, 0x2083
unc_m_power_cke_cycles.rank6, 0x4083
unc_m_power_cke_cycles.rank7, 0x8083
unc_m_power_critical_throttle_cycles, 0x86
unc_m_power_pcu_throttling, 0x42
unc_m_power_self_refresh, 0x43
unc_m_power_throttle_cycles.rank0, 0x141
unc_m_power_throttle_cycles.rank1, 0x241
unc_m_power_throttle_cycles.rank2, 0x441
unc_m_power_throttle_cycles.rank3, 0x841
unc_m_power_throttle_cycles.rank4, 0x1041
unc_m_power_throttle_cycles.rank5, 0x2041
unc_m_power_throttle_cycles.rank6, 0x4041
unc_m_power_throttle_cycles.rank7, 0x8041
unc_m_preemption.rd_preempt_rd, 0x108
unc_m_preemption.rd_preempt_wr, 0x208
unc_m_pre_count.byp, 0x1002
unc_m_pre_count.page_close, 0x202
unc_m_pre_count.page_miss, 0x102
unc_m_pre_count.rd, 0x402
unc_m_pre_count.wr, 0x802
unc_m_rd_cas_prio.high, 0x4a0
unc_m_rd_cas_prio.low, 0x1a0
unc_m_rd_cas_prio.med, 0x2a0
unc_m_rd_cas_prio.panic, 0x8a0
unc_m_rd_cas_rank0.allbanks, 0x10b0
unc_m_rd_cas_rank0.bank0, 0xb0
unc_m_rd_cas_rank0.bank1, 0x1b0
unc_m_rd_cas_rank0.bank10, 0xab0
unc_m_rd_cas_rank0.bank11, 0xbb0
unc_m_rd_cas_rank0.bank12, 0xcb0
unc_m_rd_cas_rank0.bank13, 0xdb0
unc_m_rd_cas_rank0.bank14, 0xeb0
unc_m_rd_cas_rank0.bank15, 0xfb0
unc_m_rd_cas_rank0.bank2, 0x2b0
unc_m_rd_cas_rank0.bank3, 0x3b0
unc_m_rd_cas_rank0.bank4, 0x4b0
unc_m_rd_cas_rank0.bank5, 0x5b0
unc_m_rd_cas_rank0.bank6, 0x6b0
unc_m_rd_cas_rank0.bank7, 0x7b0
unc_m_rd_cas_rank0.bank8, 0x8b0
unc_m_rd_cas_rank0.bank9, 0x9b0
unc_m_rd_cas_rank0.bankg0, 0x11b0
unc_m_rd_cas_rank0.bankg1, 0x12b0
unc_m_rd_cas_rank0.bankg2, 0x13b0
unc_m_rd_cas_rank0.bankg3, 0x14b0
unc_m_rd_cas_rank1.allbanks, 0x10b1
unc_m_rd_cas_rank1.bank0, 0xb1
unc_m_rd_cas_rank1.bank1, 0x1b1
unc_m_rd_cas_rank1.bank10, 0xab1
unc_m_rd_cas_rank1.bank11, 0xbb1
unc_m_rd_cas_rank1.bank12, 0xcb1
unc_m_rd_cas_rank1.bank13, 0xdb1
unc_m_rd_cas_rank1.bank14, 0xeb1
unc_m_rd_cas_rank1.bank15, 0xfb1
unc_m_rd_cas_rank1.bank2, 0x2b1
unc_m_rd_cas_rank1.bank3, 0x3b1
unc_m_rd_cas_rank1.bank4, 0x4b1
unc_m_rd_cas_rank1.bank5, 0x5b1
unc_m_rd_cas_rank1.bank6, 0x6b1
unc_m_rd_cas_rank1.bank7, 0x7b1
unc_m_rd_cas_rank1.bank8, 0x8b1
unc_m_rd_cas_rank1.bank9, 0x9b1
unc_m_rd_cas_rank1.bankg0, 0x11b1
unc_m_rd_cas_rank1.bankg1, 0x12b1
unc_m_rd_cas_rank1.bankg2, 0x13b1
unc_m_rd_cas_rank1.bankg3, 0x14b1
unc_m_rd_cas_rank2.allbanks, 0x10b2
unc_m_rd_cas_rank2.bank0, 0xb2
unc_m_rd_cas_rank2.bank1, 0x1b2
unc_m_rd_cas_rank2.bank10, 0xab2
unc_m_rd_cas_rank2.bank11, 0xbb2
unc_m_rd_cas_rank2.bank12, 0xcb2
unc_m_rd_cas_rank2.bank13, 0xdb2
unc_m_rd_cas_rank2.bank14, 0xeb2
unc_m_rd_cas_rank2.bank15, 0xfb2
unc_m_rd_cas_rank2.bank2, 0x2b2
unc_m_rd_cas_rank2.bank3, 0x3b2
unc_m_rd_cas_rank2.bank4, 0x4b2
unc_m_rd_cas_rank2.bank5, 0x5b2
unc_m_rd_cas_rank2.bank6, 0x6b2
unc_m_rd_cas_rank2.bank7, 0x7b2
unc_m_rd_cas_rank2.bank8, 0x8b2
unc_m_rd_cas_rank2.bank9, 0x9b2
unc_m_rd_cas_rank2.bankg0, 0x11b2
unc_m_rd_cas_rank2.bankg1, 0x12b2
unc_m_rd_cas_rank2.bankg2, 0x13b2
unc_m_rd_cas_rank2.bankg3, 0x14b2
unc_m_rd_cas_rank3.allbanks, 0x10b3
unc_m_rd_cas_rank3.bank0, 0xb3
unc_m_rd_cas_rank3.bank1, 0x1b3
unc_m_rd_cas_rank3.bank10, 0xab3
unc_m_rd_cas_rank3.bank11, 0xbb3
unc_m_rd_cas_rank3.bank12, 0xcb3
unc_m_rd_cas_rank3.bank13, 0xdb3
unc_m_rd_cas_rank3.bank14, 0xeb3
unc_m_rd_cas_rank3.bank15, 0xfb3
unc_m_rd_cas_rank3.bank2, 0x2b3
unc_m_rd_cas_rank3.bank3, 0x3b3
unc_m_rd_cas_rank3.bank4, 0x4b3
unc_m_rd_cas_rank3.bank5, 0x5b3
unc_m_rd_cas_rank3.bank6, 0x6b3
unc_m_rd_cas_rank3.bank7, 0x7b3
unc_m_rd_cas_rank3.bank8, 0x8b3
unc_m_rd_cas_rank3.bank9, 0x9b3
unc_m_rd_cas_rank3.bankg0, 0x11b3
unc_m_rd_cas_rank3.bankg1, 0x12b3
unc_m_rd_cas_rank3.bankg2, 0x13b3
unc_m_rd_cas_rank3.bankg3, 0x14b3
unc_m_rd_cas_rank4.allbanks, 0x10b4
unc_m_rd_cas_rank4.bank0, 0xb4
unc_m_rd_cas_rank4.bank1, 0x1b4
unc_m_rd_cas_rank4.bank10, 0xab4
unc_m_rd_cas_rank4.bank11, 0xbb4
unc_m_rd_cas_rank4.bank12, 0xcb4
unc_m_rd_cas_rank4.bank13, 0xdb4
unc_m_rd_cas_rank4.bank14, 0xeb4
unc_m_rd_cas_rank4.bank15, 0xfb4
unc_m_rd_cas_rank4.bank2, 0x2b4
unc_m_rd_cas_rank4.bank3, 0x3b4
unc_m_rd_cas_rank4.bank4, 0x4b4
unc_m_rd_cas_rank4.bank5, 0x5b4
unc_m_rd_cas_rank4.bank6, 0x6b4
unc_m_rd_cas_rank4.bank7, 0x7b4
unc_m_rd_cas_rank4.bank8, 0x8b4
unc_m_rd_cas_rank4.bank9, 0x9b4
unc_m_rd_cas_rank4.bankg0, 0x11b4
unc_m_rd_cas_rank4.bankg1, 0x12b4
unc_m_rd_cas_rank4.bankg2, 0x13b4
unc_m_rd_cas_rank4.bankg3, 0x14b4
unc_m_rd_cas_rank5.allbanks, 0x10b5
unc_m_rd_cas_rank5.bank0, 0xb5
unc_m_rd_cas_rank5.bank1, 0x1b5
unc_m_rd_cas_rank5.bank10, 0xab5
unc_m_rd_cas_rank5.bank11, 0xbb5
unc_m_rd_cas_rank5.bank12, 0xcb5
unc_m_rd_cas_rank5.bank13, 0xdb5
unc_m_rd_cas_rank5.bank14, 0xeb5
unc_m_rd_cas_rank5.bank15, 0xfb5
unc_m_rd_cas_rank5.bank2, 0x2b5
unc_m_rd_cas_rank5.bank3, 0x3b5
unc_m_rd_cas_rank5.bank4, 0x4b5
unc_m_rd_cas_rank5.bank5, 0x5b5
unc_m_rd_cas_rank5.bank6, 0x6b5
unc_m_rd_cas_rank5.bank7, 0x7b5
unc_m_rd_cas_rank5.bank8, 0x8b5
unc_m_rd_cas_rank5.bank9, 0x9b5
unc_m_rd_cas_rank5.bankg0, 0x11b5
unc_m_rd_cas_rank5.bankg1, 0x12b5
unc_m_rd_cas_rank5.bankg2, 0x13b5
unc_m_rd_cas_rank5.bankg3, 0x14b5
unc_m_rd_cas_rank6.allbanks, 0x10b6
unc_m_rd_cas_rank6.bank0, 0xb6
unc_m_rd_cas_rank6.bank1, 0x1b6
unc_m_rd_cas_rank6.bank10, 0xab6
unc_m_rd_cas_rank6.bank11, 0xbb6
unc_m_rd_cas_rank6.bank12, 0xcb6
unc_m_rd_cas_rank6.bank13, 0xdb6
unc_m_rd_cas_rank6.bank14, 0xeb6
unc_m_rd_cas_rank6.bank15, 0xfb6
unc_m_rd_cas_rank6.bank2, 0x2b6
unc_m_rd_cas_rank6.bank3, 0x3b6
unc_m_rd_cas_rank6.bank4, 0x4b6
unc_m_rd_cas_rank6.bank5, 0x5b6
unc_m_rd_cas_rank6.bank6, 0x6b6
unc_m_rd_cas_rank6.bank7, 0x7b6
unc_m_rd_cas_rank6.bank8, 0x8b6
unc_m_rd_cas_rank6.bank9, 0x9b6
unc_m_rd_cas_rank6.bankg0, 0x11b6
unc_m_rd_cas_rank6.bankg1, 0x12b6
unc_m_rd_cas_rank6.bankg2, 0x13b6
unc_m_rd_cas_rank6.bankg3, 0x14b6
unc_m_rd_cas_rank7.allbanks, 0x10b7
unc_m_rd_cas_rank7.bank0, 0xb7
unc_m_rd_cas_rank7.bank1, 0x1b7
unc_m_rd_cas_rank7.bank10, 0xab7
unc_m_rd_cas_rank7.bank11, 0xbb7
unc_m_rd_cas_rank7.bank12, 0xcb7
unc_m_rd_cas_rank7.bank13, 0xdb7
unc_m_rd_cas_rank7.bank14, 0xeb7
unc_m_rd_cas_rank7.bank15, 0xfb7
unc_m_rd_cas_rank7.bank2, 0x2b7
unc_m_rd_cas_rank7.bank3, 0x3b7
unc_m_rd_cas_rank7.bank4, 0x4b7
unc_m_rd_cas_rank7.bank5, 0x5b7
unc_m_rd_cas_rank7.bank6, 0x6b7
unc_m_rd_cas_rank7.bank7, 0x7b7
unc_m_rd_cas_rank7.bank8, 0x8b7
unc_m_rd_cas_rank7.bank9, 0x9b7
unc_m_rd_cas_rank7.bankg0, 0x11b7
unc_m_rd_cas_rank7.bankg1, 0x12b7
unc_m_rd_cas_rank7.bankg2, 0x13b7
unc_m_rd_cas_rank7.bankg3, 0x14b7
unc_m_rpq_cycles_full, 0x12
unc_m_rpq_cycles_ne, 0x11
unc_m_rpq_inserts, 0x10
unc_m_rpq_occupancy, 0x80
unc_m_sb_accesses.fm_rd_cmps, 0x40d2
unc_m_sb_accesses.fm_wr_cmps, 0x80d2
unc_m_sb_accesses.nm_rd_cmps, 0x10d2
unc_m_sb_accesses.nm_wr_cmps, 0x20d2
unc_m_sb_accesses.rd_accepts, 0x1d2
unc_m_sb_accesses.rd_rejects, 0x2d2
unc_m_sb_accesses.wr_accepts, 0x4d2
unc_m_sb_accesses.wr_rejects, 0x8d2
unc_m_sb_canary.alloc, 0x1d9
unc_m_sb_canary.dealloc, 0x2d9
unc_m_sb_canary.fmrd_starved, 0x40d9
unc_m_sb_canary.fmwr_starved, 0x80d9
unc_m_sb_canary.nmrd_starved, 0x10d9
unc_m_sb_canary.nmwr_starved, 0x20d9
unc_m_sb_canary.rej, 0x4d9
unc_m_sb_canary.vld, 0x8d9
unc_m_sb_cycles_full, 0xd1
unc_m_sb_cycles_ne, 0xd0
unc_m_sb_inserts.block_rds, 0x10d6
unc_m_sb_inserts.block_wrs, 0x20d6
unc_m_sb_inserts.dealloc, 0x40d6
unc_m_sb_inserts.patrol, 0x80d6
unc_m_sb_inserts.pmm_rds, 0x4d6
unc_m_sb_inserts.pmm_wrs, 0x8d6
unc_m_sb_inserts.rds, 0x1d6
unc_m_sb_inserts.wrs, 0x2d6
unc_m_sb_occupancy.block_rds, 0x20d5
unc_m_sb_occupancy.block_wrs, 0x40d5
unc_m_sb_occupancy.patrol, 0x80d5
unc_m_sb_occupancy.pmm_rds, 0x4d5
unc_m_sb_occupancy.pmm_wrs, 0x8d5
unc_m_sb_occupancy.rds, 0x1d5
unc_m_sb_occupancy.wrs, 0x2d5
unc_m_sb_reject.fm_addr_cnflt, 0x2d4
unc_m_sb_reject.nm_set_cnflt, 0x1d4
unc_m_sb_reject.patrol_set_cnflt, 0x4d4
unc_m_sb_strv_alloc.fmrd_clr, 0x20d7
unc_m_sb_strv_alloc.fmrd_set, 0x2d7
unc_m_sb_strv_alloc.fmwr_clr, 0x80d7
unc_m_sb_strv_alloc.fmwr_set, 0x8d7
unc_m_sb_strv_alloc.nmrd_clr, 0x10d7
unc_m_sb_strv_alloc.nmrd_set, 0x1d7
unc_m_sb_strv_alloc.nmwr_clr, 0x40d7
unc_m_sb_strv_alloc.nmwr_set, 0x4d7
unc_m_sb_strv_occ.fmrd, 0x2d8
unc_m_sb_strv_occ.fmwr, 0x8d8
unc_m_sb_strv_occ.nmrd, 0x1d8
unc_m_sb_strv_occ.nmwr, 0x4d8
unc_m_sb_tagged.ddr4_cmp, 0x8dd
unc_m_sb_tagged.new, 0x1dd
unc_m_sb_tagged.occ, 0x80dd
unc_m_sb_tagged.pmm0_cmp, 0x10dd
unc_m_sb_tagged.pmm1_cmp, 0x20dd
unc_m_sb_tagged.pmm2_cmp, 0x40dd
unc_m_sb_tagged.rd_hit, 0x2dd
unc_m_sb_tagged.rd_miss, 0x4dd
unc_m_tagchk.hit, 0x1d3
unc_m_tagchk.miss_clean, 0x2d3
unc_m_tagchk.miss_dirty, 0x4d3
unc_m_wmm_to_rmm.low_thresh, 0x1c0
unc_m_wmm_to_rmm.starve, 0x2c0
unc_m_wmm_to_rmm.vmse_retry, 0x4c0
unc_m_wpq_cycles_full, 0x22
unc_m_wpq_cycles_ne, 0x21
unc_m_wpq_inserts, 0x20
unc_m_wpq_occupancy, 0x81
unc_m_wpq_read_hit, 0x23
unc_m_wpq_write_hit, 0x24
unc_m_wrong_mm, 0xc1
unc_m_wr_cas_rank0.allbanks, 0x10b8
unc_m_wr_cas_rank0.bank0, 0xb8
unc_m_wr_cas_rank0.bank1, 0x1b8
unc_m_wr_cas_rank0.bank10, 0xab8
unc_m_wr_cas_rank0.bank11, 0xbb8
unc_m_wr_cas_rank0.bank12, 0xcb8
unc_m_wr_cas_rank0.bank13, 0xdb8
unc_m_wr_cas_rank0.bank14, 0xeb8
unc_m_wr_cas_rank0.bank15, 0xfb8
unc_m_wr_cas_rank0.bank2, 0x2b8
unc_m_wr_cas_rank0.bank3, 0x3b8
unc_m_wr_cas_rank0.bank4, 0x4b8
unc_m_wr_cas_rank0.bank5, 0x5b8
unc_m_wr_cas_rank0.bank6, 0x6b8
unc_m_wr_cas_rank0.bank7, 0x7b8
unc_m_wr_cas_rank0.bank8, 0x8b8
unc_m_wr_cas_rank0.bank9, 0x9b8
unc_m_wr_cas_rank0.bankg0, 0x11b8
unc_m_wr_cas_rank0.bankg1, 0x12b8
unc_m_wr_cas_rank0.bankg2, 0x13b8
unc_m_wr_cas_rank0.bankg3, 0x14b8
unc_m_wr_cas_rank1.allbanks, 0x10b9
unc_m_wr_cas_rank1.bank0, 0xb9
unc_m_wr_cas_rank1.bank1, 0x1b9
unc_m_wr_cas_rank1.bank10, 0xab9
unc_m_wr_cas_rank1.bank11, 0xbb9
unc_m_wr_cas_rank1.bank12, 0xcb9
unc_m_wr_cas_rank1.bank13, 0xdb9
unc_m_wr_cas_rank1.bank14, 0xeb9
unc_m_wr_cas_rank1.bank15, 0xfb9
unc_m_wr_cas_rank1.bank2, 0x2b9
unc_m_wr_cas_rank1.bank3, 0x3b9
unc_m_wr_cas_rank1.bank4, 0x4b9
unc_m_wr_cas_rank1.bank5, 0x5b9
unc_m_wr_cas_rank1.bank6, 0x6b9
unc_m_wr_cas_rank1.bank7, 0x7b9
unc_m_wr_cas_rank1.bank8, 0x8b9
unc_m_wr_cas_rank1.bank9, 0x9b9
unc_m_wr_cas_rank1.bankg0, 0x11b9
unc_m_wr_cas_rank1.bankg1, 0x12b9
unc_m_wr_cas_rank1.bankg2, 0x13b9
unc_m_wr_cas_rank1.bankg3, 0x14b9
unc_m_wr_cas_rank2.allbanks, 0x10ba
unc_m_wr_cas_rank2.bank0, 0xba
unc_m_wr_cas_rank2.bank1, 0x1ba
unc_m_wr_cas_rank2.bank10, 0xaba
unc_m_wr_cas_rank2.bank11, 0xbba
unc_m_wr_cas_rank2.bank12, 0xcba
unc_m_wr_cas_rank2.bank13, 0xdba
unc_m_wr_cas_rank2.bank14, 0xeba
unc_m_wr_cas_rank2.bank15, 0xfba
unc_m_wr_cas_rank2.bank2, 0x2ba
unc_m_wr_cas_rank2.bank3, 0x3ba
unc_m_wr_cas_rank2.bank4, 0x4ba
unc_m_wr_cas_rank2.bank5, 0x5ba
unc_m_wr_cas_rank2.bank6, 0x6ba
unc_m_wr_cas_rank2.bank7, 0x7ba
unc_m_wr_cas_rank2.bank8, 0x8ba
unc_m_wr_cas_rank2.bank9, 0x9ba
unc_m_wr_cas_rank2.bankg0, 0x11ba
unc_m_wr_cas_rank2.bankg1, 0x12ba
unc_m_wr_cas_rank2.bankg2, 0x13ba
unc_m_wr_cas_rank2.bankg3, 0x14ba
unc_m_wr_cas_rank3.allbanks, 0x10bb
unc_m_wr_cas_rank3.bank0, 0xbb
unc_m_wr_cas_rank3.bank1, 0x1bb
unc_m_wr_cas_rank3.bank10, 0xabb
unc_m_wr_cas_rank3.bank11, 0xbbb
unc_m_wr_cas_rank3.bank12, 0xcbb
unc_m_wr_cas_rank3.bank13, 0xdbb
unc_m_wr_cas_rank3.bank14, 0xebb
unc_m_wr_cas_rank3.bank15, 0xfbb
unc_m_wr_cas_rank3.bank2, 0x2bb
unc_m_wr_cas_rank3.bank3, 0x3bb
unc_m_wr_cas_rank3.bank4, 0x4bb
unc_m_wr_cas_rank3.bank5, 0x5bb
unc_m_wr_cas_rank3.bank6, 0x6bb
unc_m_wr_cas_rank3.bank7, 0x7bb
unc_m_wr_cas_rank3.bank8, 0x8bb
unc_m_wr_cas_rank3.bank9, 0x9bb
unc_m_wr_cas_rank3.bankg0, 0x11bb
unc_m_wr_cas_rank3.bankg1, 0x12bb
unc_m_wr_cas_rank3.bankg2, 0x13bb
unc_m_wr_cas_rank3.bankg3, 0x14bb
unc_m_wr_cas_rank4.allbanks, 0x10bc
unc_m_wr_cas_rank4.bank0, 0xbc
unc_m_wr_cas_rank4.bank1, 0x1bc
unc_m_wr_cas_rank4.bank10, 0xabc
unc_m_wr_cas_rank4.bank11, 0xbbc
unc_m_wr_cas_rank4.bank12, 0xcbc
unc_m_wr_cas_rank4.bank13, 0xdbc
unc_m_wr_cas_rank4.bank14, 0xebc
unc_m_wr_cas_rank4.bank15, 0xfbc
unc_m_wr_cas_rank4.bank2, 0x2bc
unc_m_wr_cas_rank4.bank3, 0x3bc
unc_m_wr_cas_rank4.bank4, 0x4bc
unc_m_wr_cas_rank4.bank5, 0x5bc
unc_m_wr_cas_rank4.bank6, 0x6bc
unc_m_wr_cas_rank4.bank7, 0x7bc
unc_m_wr_cas_rank4.bank8, 0x8bc
unc_m_wr_cas_rank4.bank9, 0x9bc
unc_m_wr_cas_rank4.bankg0, 0x11bc
unc_m_wr_cas_rank4.bankg1, 0x12bc
unc_m_wr_cas_rank4.bankg2, 0x13bc
unc_m_wr_cas_rank4.bankg3, 0x14bc
unc_m_wr_cas_rank5.allbanks, 0x10bd
unc_m_wr_cas_rank5.bank0, 0xbd
unc_m_wr_cas_rank5.bank1, 0x1bd
unc_m_wr_cas_rank5.bank10, 0xabd
unc_m_wr_cas_rank5.bank11, 0xbbd
unc_m_wr_cas_rank5.bank12, 0xcbd
unc_m_wr_cas_rank5.bank13, 0xdbd
unc_m_wr_cas_rank5.bank14, 0xebd
unc_m_wr_cas_rank5.bank15, 0xfbd
unc_m_wr_cas_rank5.bank2, 0x2bd
unc_m_wr_cas_rank5.bank3, 0x3bd
unc_m_wr_cas_rank5.bank4, 0x4bd
unc_m_wr_cas_rank5.bank5, 0x5bd
unc_m_wr_cas_rank5.bank6, 0x6bd
unc_m_wr_cas_rank5.bank7, 0x7bd
unc_m_wr_cas_rank5.bank8, 0x8bd
unc_m_wr_cas_rank5.bank9, 0x9bd
unc_m_wr_cas_rank5.bankg0, 0x11bd
unc_m_wr_cas_rank5.bankg1, 0x12bd
unc_m_wr_cas_rank5.bankg2, 0x13bd
unc_m_wr_cas_rank5.bankg3, 0x14bd
unc_m_wr_cas_rank6.allbanks, 0x10be
unc_m_wr_cas_rank6.bank0, 0xbe
unc_m_wr_cas_rank6.bank1, 0x1be
unc_m_wr_cas_rank6.bank10, 0xabe
unc_m_wr_cas_rank6.bank11, 0xbbe
unc_m_wr_cas_rank6.bank12, 0xcbe
unc_m_wr_cas_rank6.bank13, 0xdbe
unc_m_wr_cas_rank6.bank14, 0xebe
unc_m_wr_cas_rank6.bank15, 0xfbe
unc_m_wr_cas_rank6.bank2, 0x2be
unc_m_wr_cas_rank6.bank3, 0x3be
unc_m_wr_cas_rank6.bank4, 0x4be
unc_m_wr_cas_rank6.bank5, 0x5be
unc_m_wr_cas_rank6.bank6, 0x6be
unc_m_wr_cas_rank6.bank7, 0x7be
unc_m_wr_cas_rank6.bank8, 0x8be
unc_m_wr_cas_rank6.bank9, 0x9be
unc_m_wr_cas_rank6.bankg0, 0x11be
unc_m_wr_cas_rank6.bankg1, 0x12be
unc_m_wr_cas_rank6.bankg2, 0x13be
unc_m_wr_cas_rank6.bankg3, 0x14be
unc_m_wr_cas_rank7.allbanks, 0x10bf
unc_m_wr_cas_rank7.bank0, 0xbf
unc_m_wr_cas_rank7.bank1, 0x1bf
unc_m_wr_cas_rank7.bank10, 0xabf
unc_m_wr_cas_rank7.bank11, 0xbbf
unc_m_wr_cas_rank7.bank12, 0xcbf
unc_m_wr_cas_rank7.bank13, 0xdbf
unc_m_wr_cas_rank7.bank14, 0xebf
unc_m_wr_cas_rank7.bank15, 0xfbf
unc_m_wr_cas_rank7.bank2, 0x2bf
unc_m_wr_cas_rank7.bank3, 0x3bf
unc_m_wr_cas_rank7.bank4, 0x4bf
unc_m_wr_cas_rank7.bank5, 0x5bf
unc_m_wr_cas_rank7.bank6, 0x6bf
unc_m_wr_cas_rank7.bank7, 0x7bf
unc_m_wr_cas_rank7.bank8, 0x8bf
unc_m_wr_cas_rank7.bank9, 0x9bf
unc_m_wr_cas_rank7.bankg0, 0x11bf
unc_m_wr_cas_rank7.bankg1, 0x12bf
unc_m_wr_cas_rank7.bankg2, 0x13bf
unc_m_wr_cas_rank7.bankg3, 0x14bf
