CYCLE_ACTIVITY.STALLS_L3_MISS, 0x6a3
MACHINE_CLEARS.MEMORY_ORDERING, 0x2c3
MEM_TRANS_RETIRED.LOAD_LATENCY_GT_128, 0x1cd
MEM_TRANS_RETIRED.LOAD_LATENCY_GT_16, 0x1cd
MEM_TRANS_RETIRED.LOAD_LATENCY_GT_256, 0x1cd
MEM_TRANS_RETIRED.LOAD_LATENCY_GT_32, 0x1cd
MEM_TRANS_RETIRED.LOAD_LATENCY_GT_4, 0x1cd
MEM_TRANS_RETIRED.LOAD_LATENCY_GT_512, 0x1cd
MEM_TRANS_RETIRED.LOAD_LATENCY_GT_64, 0x1cd
MEM_TRANS_RETIRED.LOAD_LATENCY_GT_8, 0x1cd
OFFCORE_REQUESTS.L3_MISS_DEMAND_DATA_RD, 0x10b0
OFFCORE_REQUESTS_OUTSTANDING.CYCLES_WITH_L3_MISS_DEMAND_DATA_RD, 0x1060
OFFCORE_REQUESTS_OUTSTANDING.L3_MISS_DEMAND_DATA_RD, 0x1060
OFFCORE_REQUESTS_OUTSTANDING.L3_MISS_DEMAND_DATA_RD_GE_6, 0x1060
RTM_RETIRED.ABORTED, 0x4c9
RTM_RETIRED.ABORTED_EVENTS, 0x80c9
RTM_RETIRED.ABORTED_MEM, 0x8c9
RTM_RETIRED.ABORTED_MEMTYPE, 0x40c9
RTM_RETIRED.ABORTED_UNFRIENDLY, 0x20c9
RTM_RETIRED.COMMIT, 0x2c9
RTM_RETIRED.START, 0x1c9
TX_EXEC.MISC2, 0x25d
TX_EXEC.MISC3, 0x45d
TX_MEM.ABORT_CAPACITY_READ, 0x8054
TX_MEM.ABORT_CAPACITY_WRITE, 0x254
TX_MEM.ABORT_CONFLICT, 0x154
DTLB_LOAD_MISSES.STLB_HIT, 0x2008
DTLB_LOAD_MISSES.WALK_ACTIVE, 0x1008
DTLB_LOAD_MISSES.WALK_COMPLETED, 0xe08
DTLB_LOAD_MISSES.WALK_COMPLETED_1G, 0x808
DTLB_LOAD_MISSES.WALK_COMPLETED_2M_4M, 0x408
DTLB_LOAD_MISSES.WALK_COMPLETED_4K, 0x208
DTLB_LOAD_MISSES.WALK_PENDING, 0x1008
DTLB_STORE_MISSES.STLB_HIT, 0x2049
DTLB_STORE_MISSES.WALK_ACTIVE, 0x1049
DTLB_STORE_MISSES.WALK_COMPLETED, 0xe49
DTLB_STORE_MISSES.WALK_COMPLETED_1G, 0x849
DTLB_STORE_MISSES.WALK_COMPLETED_2M_4M, 0x449
DTLB_STORE_MISSES.WALK_COMPLETED_4K, 0x249
DTLB_STORE_MISSES.WALK_PENDING, 0x1049
ITLB_MISSES.STLB_HIT, 0x2085
ITLB_MISSES.WALK_ACTIVE, 0x1085
ITLB_MISSES.WALK_COMPLETED, 0xe85
ITLB_MISSES.WALK_COMPLETED_2M_4M, 0x485
ITLB_MISSES.WALK_COMPLETED_4K, 0x285
ITLB_MISSES.WALK_PENDING, 0x1085
TLB_FLUSH.DTLB_THREAD, 0x1bd
TLB_FLUSH.STLB_ANY, 0x20bd
ASSISTS.FP, 0x2c1
FP_ARITH_INST_RETIRED.128B_PACKED_DOUBLE, 0x4c7
FP_ARITH_INST_RETIRED.128B_PACKED_SINGLE, 0x8c7
FP_ARITH_INST_RETIRED.256B_PACKED_DOUBLE, 0x10c7
FP_ARITH_INST_RETIRED.256B_PACKED_SINGLE, 0x20c7
FP_ARITH_INST_RETIRED.4_FLOPS, 0x18c7
FP_ARITH_INST_RETIRED.512B_PACKED_DOUBLE, 0x40c7
FP_ARITH_INST_RETIRED.512B_PACKED_SINGLE, 0x80c7
FP_ARITH_INST_RETIRED.8_FLOPS, 0x60c7
FP_ARITH_INST_RETIRED.SCALAR, 0x3c7
FP_ARITH_INST_RETIRED.SCALAR_DOUBLE, 0x1c7
FP_ARITH_INST_RETIRED.SCALAR_SINGLE, 0x2c7
FP_ARITH_INST_RETIRED.VECTOR, 0xfcc7
UNC_P_CORE_TRANSITION_CYCLES, 0x60
UNC_P_DEMOTIONS, 0x30
UNC_P_FIVR_PS_PS0_CYCLES, 0x75
UNC_P_FIVR_PS_PS1_CYCLES, 0x76
UNC_P_FIVR_PS_PS2_CYCLES, 0x77
UNC_P_FIVR_PS_PS3_CYCLES, 0x78
UNC_P_FREQ_CLIP_AVX256, 0x49
UNC_P_FREQ_CLIP_AVX512, 0x4a
UNC_P_FREQ_MAX_LIMIT_THERMAL_CYCLES, 0x4
UNC_P_FREQ_MAX_POWER_CYCLES, 0x5
UNC_P_FREQ_MIN_IO_P_CYCLES, 0x73
UNC_P_FREQ_TRANS_CYCLES, 0x74
UNC_P_MEMORY_PHASE_SHEDDING_CYCLES, 0x2f
UNC_P_PKG_RESIDENCY_C0_CYCLES, 0x2a
UNC_P_PKG_RESIDENCY_C2E_CYCLES, 0x2b
UNC_P_PKG_RESIDENCY_C3_CYCLES, 0x2c
UNC_P_PKG_RESIDENCY_C6_CYCLES, 0x2d
UNC_P_PMAX_THROTTLED_CYCLES, 0x6
UNC_P_POWER_STATE_OCCUPANCY.CORES_C0, 0x4080
UNC_P_POWER_STATE_OCCUPANCY.CORES_C3, 0x8080
UNC_P_POWER_STATE_OCCUPANCY.CORES_C6, 0xc080
UNC_P_PROCHOT_EXTERNAL_CYCLES, 0xa
UNC_P_PROCHOT_INTERNAL_CYCLES, 0x9
UNC_P_TOTAL_TRANSITION_CYCLES, 0x72
UNC_P_VR_HOT_CYCLES, 0x42
UNC_CHA_2LM_NM_INVITOX.LOCAL, 0x165
UNC_CHA_2LM_NM_INVITOX.REMOTE, 0x265
UNC_CHA_2LM_NM_INVITOX.SETCONFLICT, 0x465
UNC_CHA_2LM_NM_SETCONFLICTS.LLC, 0x264
UNC_CHA_2LM_NM_SETCONFLICTS.SF, 0x164
UNC_CHA_2LM_NM_SETCONFLICTS.TOR, 0x464
UNC_CHA_2LM_NM_SETCONFLICTS2.MEMWR, 0x270
UNC_CHA_2LM_NM_SETCONFLICTS2.MEMWRNI, 0x470
UNC_CHA_AG0_AD_CRD_ACQUIRED0.TGR0, 0x180
UNC_CHA_AG0_AD_CRD_ACQUIRED0.TGR1, 0x280
UNC_CHA_AG0_AD_CRD_ACQUIRED0.TGR2, 0x480
UNC_CHA_AG0_AD_CRD_ACQUIRED0.TGR3, 0x880
UNC_CHA_AG0_AD_CRD_ACQUIRED0.TGR4, 0x1080
UNC_CHA_AG0_AD_CRD_ACQUIRED0.TGR5, 0x2080
UNC_CHA_AG0_AD_CRD_ACQUIRED0.TGR6, 0x4080
UNC_CHA_AG0_AD_CRD_ACQUIRED0.TGR7, 0x8080
UNC_CHA_AG0_AD_CRD_ACQUIRED1.TGR10, 0x481
UNC_CHA_AG0_AD_CRD_ACQUIRED1.TGR8, 0x181
UNC_CHA_AG0_AD_CRD_ACQUIRED1.TGR9, 0x281
UNC_CHA_AG0_AD_CRD_OCCUPANCY0.TGR0, 0x182
UNC_CHA_AG0_AD_CRD_OCCUPANCY0.TGR1, 0x282
UNC_CHA_AG0_AD_CRD_OCCUPANCY0.TGR2, 0x482
UNC_CHA_AG0_AD_CRD_OCCUPANCY0.TGR3, 0x882
UNC_CHA_AG0_AD_CRD_OCCUPANCY0.TGR4, 0x1082
UNC_CHA_AG0_AD_CRD_OCCUPANCY0.TGR5, 0x2082
UNC_CHA_AG0_AD_CRD_OCCUPANCY0.TGR6, 0x4082
UNC_CHA_AG0_AD_CRD_OCCUPANCY0.TGR7, 0x8082
UNC_CHA_AG0_AD_CRD_OCCUPANCY1.TGR10, 0x483
UNC_CHA_AG0_AD_CRD_OCCUPANCY1.TGR8, 0x183
UNC_CHA_AG0_AD_CRD_OCCUPANCY1.TGR9, 0x283
UNC_CHA_AG0_BL_CRD_ACQUIRED0.TGR0, 0x188
UNC_CHA_AG0_BL_CRD_ACQUIRED0.TGR1, 0x288
UNC_CHA_AG0_BL_CRD_ACQUIRED0.TGR2, 0x488
UNC_CHA_AG0_BL_CRD_ACQUIRED0.TGR3, 0x888
UNC_CHA_AG0_BL_CRD_ACQUIRED0.TGR4, 0x1088
UNC_CHA_AG0_BL_CRD_ACQUIRED0.TGR5, 0x2088
UNC_CHA_AG0_BL_CRD_ACQUIRED0.TGR6, 0x4088
UNC_CHA_AG0_BL_CRD_ACQUIRED0.TGR7, 0x8088
UNC_CHA_AG0_BL_CRD_ACQUIRED1.TGR10, 0x489
UNC_CHA_AG0_BL_CRD_ACQUIRED1.TGR8, 0x189
UNC_CHA_AG0_BL_CRD_ACQUIRED1.TGR9, 0x289
UNC_CHA_AG0_BL_CRD_OCCUPANCY0.TGR0, 0x18a
UNC_CHA_AG0_BL_CRD_OCCUPANCY0.TGR1, 0x28a
UNC_CHA_AG0_BL_CRD_OCCUPANCY0.TGR2, 0x48a
UNC_CHA_AG0_BL_CRD_OCCUPANCY0.TGR3, 0x88a
UNC_CHA_AG0_BL_CRD_OCCUPANCY0.TGR4, 0x108a
UNC_CHA_AG0_BL_CRD_OCCUPANCY0.TGR5, 0x208a
UNC_CHA_AG0_BL_CRD_OCCUPANCY0.TGR6, 0x408a
UNC_CHA_AG0_BL_CRD_OCCUPANCY0.TGR7, 0x808a
UNC_CHA_AG0_BL_CRD_OCCUPANCY1.TGR10, 0x48b
UNC_CHA_AG0_BL_CRD_OCCUPANCY1.TGR8, 0x18b
UNC_CHA_AG0_BL_CRD_OCCUPANCY1.TGR9, 0x28b
UNC_CHA_AG1_AD_CRD_ACQUIRED0.TGR0, 0x184
UNC_CHA_AG1_AD_CRD_ACQUIRED0.TGR1, 0x284
UNC_CHA_AG1_AD_CRD_ACQUIRED0.TGR2, 0x484
UNC_CHA_AG1_AD_CRD_ACQUIRED0.TGR3, 0x884
UNC_CHA_AG1_AD_CRD_ACQUIRED0.TGR4, 0x1084
UNC_CHA_AG1_AD_CRD_ACQUIRED0.TGR5, 0x2084
UNC_CHA_AG1_AD_CRD_ACQUIRED0.TGR6, 0x4084
UNC_CHA_AG1_AD_CRD_ACQUIRED0.TGR7, 0x8084
UNC_CHA_AG1_AD_CRD_ACQUIRED1.TGR10, 0x485
UNC_CHA_AG1_AD_CRD_ACQUIRED1.TGR8, 0x185
UNC_CHA_AG1_AD_CRD_ACQUIRED1.TGR9, 0x285
UNC_CHA_AG1_AD_CRD_OCCUPANCY0.TGR0, 0x186
UNC_CHA_AG1_AD_CRD_OCCUPANCY0.TGR1, 0x286
UNC_CHA_AG1_AD_CRD_OCCUPANCY0.TGR2, 0x486
UNC_CHA_AG1_AD_CRD_OCCUPANCY0.TGR3, 0x886
UNC_CHA_AG1_AD_CRD_OCCUPANCY0.TGR4, 0x1086
UNC_CHA_AG1_AD_CRD_OCCUPANCY0.TGR5, 0x2086
UNC_CHA_AG1_AD_CRD_OCCUPANCY0.TGR6, 0x4086
UNC_CHA_AG1_AD_CRD_OCCUPANCY0.TGR7, 0x8086
UNC_CHA_AG1_AD_CRD_OCCUPANCY1.TGR10, 0x487
UNC_CHA_AG1_AD_CRD_OCCUPANCY1.TGR8, 0x187
UNC_CHA_AG1_AD_CRD_OCCUPANCY1.TGR9, 0x287
UNC_CHA_AG1_BL_CRD_ACQUIRED0.TGR0, 0x18c
UNC_CHA_AG1_BL_CRD_ACQUIRED0.TGR1, 0x28c
UNC_CHA_AG1_BL_CRD_ACQUIRED0.TGR2, 0x48c
UNC_CHA_AG1_BL_CRD_ACQUIRED0.TGR3, 0x88c
UNC_CHA_AG1_BL_CRD_ACQUIRED0.TGR4, 0x108c
UNC_CHA_AG1_BL_CRD_ACQUIRED0.TGR5, 0x208c
UNC_CHA_AG1_BL_CRD_ACQUIRED0.TGR6, 0x408c
UNC_CHA_AG1_BL_CRD_ACQUIRED0.TGR7, 0x808c
UNC_CHA_AG1_BL_CRD_ACQUIRED1.TGR10, 0x48d
UNC_CHA_AG1_BL_CRD_ACQUIRED1.TGR8, 0x18d
UNC_CHA_AG1_BL_CRD_ACQUIRED1.TGR9, 0x28d
UNC_CHA_AG1_BL_CRD_OCCUPANCY0.TGR0, 0x18e
UNC_CHA_AG1_BL_CRD_OCCUPANCY0.TGR1, 0x28e
UNC_CHA_AG1_BL_CRD_OCCUPANCY0.TGR2, 0x48e
UNC_CHA_AG1_BL_CRD_OCCUPANCY0.TGR3, 0x88e
UNC_CHA_AG1_BL_CRD_OCCUPANCY0.TGR4, 0x108e
UNC_CHA_AG1_BL_CRD_OCCUPANCY0.TGR5, 0x208e
UNC_CHA_AG1_BL_CRD_OCCUPANCY0.TGR6, 0x408e
UNC_CHA_AG1_BL_CRD_OCCUPANCY0.TGR7, 0x808e
UNC_CHA_AG1_BL_CRD_OCCUPANCY1.TGR10, 0x48f
UNC_CHA_AG1_BL_CRD_OCCUPANCY1.TGR8, 0x18f
UNC_CHA_AG1_BL_CRD_OCCUPANCY1.TGR9, 0x28f
UNC_CHA_BYPASS_CHA_IMC.INTERMEDIATE, 0x257
UNC_CHA_BYPASS_CHA_IMC.NOT_TAKEN, 0x457
UNC_CHA_BYPASS_CHA_IMC.TAKEN, 0x157
UNC_CHA_CMS_CLOCKTICKS, 0xc0
UNC_CHA_CORE_SNP.ANY_GTONE, 0xf233
UNC_CHA_CORE_SNP.ANY_ONE, 0xf133
UNC_CHA_CORE_SNP.CORE_GTONE, 0x4233
UNC_CHA_CORE_SNP.CORE_ONE, 0x4133
UNC_CHA_CORE_SNP.EVICT_GTONE, 0x8233
UNC_CHA_CORE_SNP.EVICT_ONE, 0x8133
UNC_CHA_CORE_SNP.EXT_GTONE, 0x2233
UNC_CHA_CORE_SNP.EXT_ONE, 0x2133
UNC_CHA_CORE_SNP.REMOTE_GTONE, 0x1233
UNC_CHA_CORE_SNP.REMOTE_ONE, 0x1133
UNC_CHA_COUNTER0_OCCUPANCY, 0x1f
UNC_CHA_DIRECT_GO.HA_SUPPRESS_DRD, 0x46e
UNC_CHA_DIRECT_GO.HA_SUPPRESS_NO_D2C, 0x26e
UNC_CHA_DIRECT_GO.HA_TOR_DEALLOC, 0x16e
UNC_CHA_DIRECT_GO_OPC.EXTCMP, 0x16d
UNC_CHA_DIRECT_GO_OPC.FAST_GO, 0x106d
UNC_CHA_DIRECT_GO_OPC.FAST_GO_PULL, 0x206d
UNC_CHA_DIRECT_GO_OPC.GO, 0x46d
UNC_CHA_DIRECT_GO_OPC.GO_PULL, 0x86d
UNC_CHA_DIRECT_GO_OPC.IDLE_DUE_SUPPRESS, 0x806d
UNC_CHA_DIRECT_GO_OPC.NOP, 0x406d
UNC_CHA_DIRECT_GO_OPC.PULL, 0x26d
UNC_CHA_DIR_LOOKUP.NO_SNP, 0x253
UNC_CHA_DIR_LOOKUP.SNP, 0x153
UNC_CHA_DIR_UPDATE.HA, 0x154
UNC_CHA_DIR_UPDATE.TOR, 0x254
UNC_CHA_DISTRESS_ASSERTED.DPT_LOCAL, 0x4af
UNC_CHA_DISTRESS_ASSERTED.DPT_NONLOCAL, 0x8af
UNC_CHA_DISTRESS_ASSERTED.DPT_STALL_IV, 0x40af
UNC_CHA_DISTRESS_ASSERTED.DPT_STALL_NOCRD, 0x80af
UNC_CHA_DISTRESS_ASSERTED.HORZ, 0x2af
UNC_CHA_DISTRESS_ASSERTED.PMM_LOCAL, 0x10af
UNC_CHA_DISTRESS_ASSERTED.PMM_NONLOCAL, 0x20af
UNC_CHA_DISTRESS_ASSERTED.VERT, 0x1af
UNC_CHA_EGRESS_ORDERING.IV_SNOOPGO_DN, 0x4ba
UNC_CHA_EGRESS_ORDERING.IV_SNOOPGO_UP, 0x1ba
UNC_CHA_HITME_HIT.EX_RDS, 0x15f
UNC_CHA_HITME_HIT.SHARED_OWNREQ, 0x45f
UNC_CHA_HITME_HIT.WBMTOE, 0x85f
UNC_CHA_HITME_HIT.WBMTOI_OR_S, 0x105f
UNC_CHA_HITME_LOOKUP.READ, 0x15e
UNC_CHA_HITME_LOOKUP.WRITE, 0x25e
UNC_CHA_HITME_MISS.NOTSHARED_RDINVOWN, 0x4060
UNC_CHA_HITME_MISS.READ_OR_INV, 0x8060
UNC_CHA_HITME_MISS.SHARED_RDINVOWN, 0x2060
UNC_CHA_HITME_UPDATE.DEALLOCATE, 0x1061
UNC_CHA_HITME_UPDATE.DEALLOCATE_RSPFWDI_LOC, 0x161
UNC_CHA_HITME_UPDATE.RDINVOWN, 0x861
UNC_CHA_HITME_UPDATE.RSPFWDI_REM, 0x261
UNC_CHA_HITME_UPDATE.SHARED, 0x461
UNC_CHA_HORZ_RING_AD_IN_USE.LEFT_EVEN, 0x1b6
UNC_CHA_HORZ_RING_AD_IN_USE.LEFT_ODD, 0x2b6
UNC_CHA_HORZ_RING_AD_IN_USE.RIGHT_EVEN, 0x4b6
UNC_CHA_HORZ_RING_AD_IN_USE.RIGHT_ODD, 0x8b6
UNC_CHA_HORZ_RING_AKC_IN_USE.LEFT_EVEN, 0x1bb
UNC_CHA_HORZ_RING_AKC_IN_USE.LEFT_ODD, 0x2bb
UNC_CHA_HORZ_RING_AKC_IN_USE.RIGHT_EVEN, 0x4bb
UNC_CHA_HORZ_RING_AKC_IN_USE.RIGHT_ODD, 0x8bb
UNC_CHA_HORZ_RING_AK_IN_USE.LEFT_EVEN, 0x1b7
UNC_CHA_HORZ_RING_AK_IN_USE.LEFT_ODD, 0x2b7
UNC_CHA_HORZ_RING_AK_IN_USE.RIGHT_EVEN, 0x4b7
UNC_CHA_HORZ_RING_AK_IN_USE.RIGHT_ODD, 0x8b7
UNC_CHA_HORZ_RING_BL_IN_USE.LEFT_EVEN, 0x1b8
UNC_CHA_HORZ_RING_BL_IN_USE.LEFT_ODD, 0x2b8
UNC_CHA_HORZ_RING_BL_IN_USE.RIGHT_EVEN, 0x4b8
UNC_CHA_HORZ_RING_BL_IN_USE.RIGHT_ODD, 0x8b8
UNC_CHA_HORZ_RING_IV_IN_USE.LEFT, 0x1b9
UNC_CHA_HORZ_RING_IV_IN_USE.RIGHT, 0x4b9
UNC_CHA_IMC_READS_COUNT.NORMAL, 0x159
UNC_CHA_IMC_READS_COUNT.PRIORITY, 0x259
UNC_CHA_IMC_WRITES_COUNT.FULL, 0x15b
UNC_CHA_IMC_WRITES_COUNT.FULL_PRIORITY, 0x45b
UNC_CHA_IMC_WRITES_COUNT.PARTIAL, 0x25b
UNC_CHA_IMC_WRITES_COUNT.PARTIAL_PRIORITY, 0x85b
UNC_CHA_LLC_LOOKUP.ALL, 0x1fffff34
UNC_CHA_LLC_LOOKUP.ALL_REMOTE, 0x1e20ff34
UNC_CHA_LLC_LOOKUP.ANY_F, 0x34
UNC_CHA_LLC_LOOKUP.CODE, 0x1bd0ff34
UNC_CHA_LLC_LOOKUP.CODE_LOCAL, 0x19d0ff34
UNC_CHA_LLC_LOOKUP.CODE_READ, 0x1bd0ff34
UNC_CHA_LLC_LOOKUP.CODE_READ_F, 0x34
UNC_CHA_LLC_LOOKUP.CODE_READ_LOCAL, 0x19d0ff34
UNC_CHA_LLC_LOOKUP.CODE_READ_MISS, 0x1bd00134
UNC_CHA_LLC_LOOKUP.CODE_READ_REMOTE, 0x1a10ff34
UNC_CHA_LLC_LOOKUP.CODE_REMOTE, 0x1a10ff34
UNC_CHA_LLC_LOOKUP.COREPREF_OR_DMND_LOCAL_F, 0x34
UNC_CHA_LLC_LOOKUP.DATA_RD, 0x1bc1ff34
UNC_CHA_LLC_LOOKUP.DATA_READ, 0x1bc1ff34
UNC_CHA_LLC_LOOKUP.DATA_READ_ALL, 0x1fc1ff34
UNC_CHA_LLC_LOOKUP.DATA_READ_F, 0x34
UNC_CHA_LLC_LOOKUP.DATA_READ_LOCAL, 0x19c1ff34
UNC_CHA_LLC_LOOKUP.DATA_READ_MISS, 0x1bc10134
UNC_CHA_LLC_LOOKUP.DATA_READ_REMOTE, 0x1a01ff34
UNC_CHA_LLC_LOOKUP.DMND_READ_LOCAL, 0x841ff34
UNC_CHA_LLC_LOOKUP.E, 0x2034
UNC_CHA_LLC_LOOKUP.F, 0x8034
UNC_CHA_LLC_LOOKUP.FLUSH_INV, 0x1a44ff34
UNC_CHA_LLC_LOOKUP.FLUSH_INV_LOCAL, 0x1844ff34
UNC_CHA_LLC_LOOKUP.FLUSH_INV_REMOTE, 0x1a04ff34
UNC_CHA_LLC_LOOKUP.FLUSH_OR_INV_F, 0x34
UNC_CHA_LLC_LOOKUP.I, 0x134
UNC_CHA_LLC_LOOKUP.LLCPREF_LOCAL, 0x189dff34
UNC_CHA_LLC_LOOKUP.LLCPREF_LOCAL_F, 0x34
UNC_CHA_LLC_LOOKUP.LLC_PF_LOCAL, 0x189dff34
UNC_CHA_LLC_LOOKUP.LOCALLY_HOMED_ADDRESS, 0xbdfff34
UNC_CHA_LLC_LOOKUP.LOCAL_F, 0x34
UNC_CHA_LLC_LOOKUP.LOC_HOM, 0xbdfff34
UNC_CHA_LLC_LOOKUP.M, 0x4034
UNC_CHA_LLC_LOOKUP.MISS_ALL, 0x1fe00134
UNC_CHA_LLC_LOOKUP.OTHER_REQ_F, 0x34
UNC_CHA_LLC_LOOKUP.PREF_OR_DMND_REMOTE_F, 0x34
UNC_CHA_LLC_LOOKUP.READ, 0x1bd9ff34
UNC_CHA_LLC_LOOKUP.READ_LOCAL_LOC_HOM, 0x9d9ff34
UNC_CHA_LLC_LOOKUP.READ_LOCAL_REM_HOM, 0x11d9ff34
UNC_CHA_LLC_LOOKUP.READ_MISS, 0x1bd90134
UNC_CHA_LLC_LOOKUP.READ_MISS_LOC_HOM, 0xbd90134
UNC_CHA_LLC_LOOKUP.READ_MISS_REM_HOM, 0x13d90134
UNC_CHA_LLC_LOOKUP.READ_OR_SNOOP_REMOTE_MISS_REM_HOM, 0x16190134
UNC_CHA_LLC_LOOKUP.READ_REMOTE_LOC_HOM, 0xa19ff34
UNC_CHA_LLC_LOOKUP.READ_SF_HIT, 0x1bd90e34
UNC_CHA_LLC_LOOKUP.REMOTELY_HOMED_ADDRESS, 0x15dfff34
UNC_CHA_LLC_LOOKUP.REMOTE_F, 0x34
UNC_CHA_LLC_LOOKUP.REMOTE_SNOOP_F, 0x34
UNC_CHA_LLC_LOOKUP.REMOTE_SNP, 0x1c19ff34
UNC_CHA_LLC_LOOKUP.REM_HOM, 0x15dfff34
UNC_CHA_LLC_LOOKUP.RFO, 0x1bc8ff34
UNC_CHA_LLC_LOOKUP.RFO_F, 0x34
UNC_CHA_LLC_LOOKUP.RFO_LOCAL, 0x19c8ff34
UNC_CHA_LLC_LOOKUP.RFO_MISS, 0x1bc80134
UNC_CHA_LLC_LOOKUP.RFO_PREF_LOCAL, 0x888ff34
UNC_CHA_LLC_LOOKUP.RFO_REMOTE, 0x1a08ff34
UNC_CHA_LLC_LOOKUP.S, 0x1034
UNC_CHA_LLC_LOOKUP.SF_E, 0x434
UNC_CHA_LLC_LOOKUP.SF_H, 0x834
UNC_CHA_LLC_LOOKUP.SF_S, 0x234
UNC_CHA_LLC_LOOKUP.WRITES_AND_OTHER, 0x1a42ff34
UNC_CHA_LLC_LOOKUP.WRITE_LOCAL, 0x842ff34
UNC_CHA_LLC_LOOKUP.WRITE_REMOTE, 0x17c2ff34
UNC_CHA_LLC_VICTIMS.ALL, 0xf37
UNC_CHA_LLC_VICTIMS.E_STATE, 0x237
UNC_CHA_LLC_VICTIMS.LOCAL_ALL, 0x200f37
UNC_CHA_LLC_VICTIMS.LOCAL_E, 0x200237
UNC_CHA_LLC_VICTIMS.LOCAL_M, 0x200137
UNC_CHA_LLC_VICTIMS.LOCAL_ONLY, 0x37
UNC_CHA_LLC_VICTIMS.LOCAL_S, 0x200437
UNC_CHA_LLC_VICTIMS.M_STATE, 0x137
UNC_CHA_LLC_VICTIMS.REMOTE_ALL, 0x800f37
UNC_CHA_LLC_VICTIMS.REMOTE_E, 0x800237
UNC_CHA_LLC_VICTIMS.REMOTE_M, 0x800137
UNC_CHA_LLC_VICTIMS.REMOTE_ONLY, 0x37
UNC_CHA_LLC_VICTIMS.REMOTE_S, 0x800437
UNC_CHA_LLC_VICTIMS.S_STATE, 0x437
UNC_CHA_MISC.CV0_PREF_MISS, 0x2039
UNC_CHA_MISC.CV0_PREF_VIC, 0x1039
UNC_CHA_MISC.RFO_HIT_S, 0x839
UNC_CHA_MISC.RSPI_WAS_FSE, 0x139
UNC_CHA_MISC.WC_ALIASING, 0x239
UNC_CHA_MISC_EXTERNAL.MBE_INST0, 0x1e6
UNC_CHA_MISC_EXTERNAL.MBE_INST1, 0x2e6
UNC_CHA_OSB.LOCAL_INVITOE, 0x155
UNC_CHA_OSB.LOCAL_READ, 0x255
UNC_CHA_OSB.OFF_PWRHEURISTIC, 0x2055
UNC_CHA_OSB.REMOTE_READ, 0x455
UNC_CHA_OSB.REMOTE_READINVITOE, 0x855
UNC_CHA_OSB.RFO_HITS_SNP_BCAST, 0x1055
UNC_CHA_PIPE_REJECT.ADEGRCREDIT, 0x42
UNC_CHA_PIPE_REJECT.AKEGRCREDIT, 0x42
UNC_CHA_PIPE_REJECT.ALLRSFWAYS_RES, 0x42
UNC_CHA_PIPE_REJECT.BLEGRCREDIT, 0x42
UNC_CHA_PIPE_REJECT.FSF_VICP, 0x42
UNC_CHA_PIPE_REJECT.GOTRACK_ALLOWSNP, 0x442
UNC_CHA_PIPE_REJECT.GOTRACK_ALLWAYRSV, 0x1042
UNC_CHA_PIPE_REJECT.GOTRACK_PAMATCH, 0x242
UNC_CHA_PIPE_REJECT.GOTRACK_WAYMATCH, 0x842
UNC_CHA_PIPE_REJECT.HACREDIT, 0x42
UNC_CHA_PIPE_REJECT.IDX_INPIPE, 0x42
UNC_CHA_PIPE_REJECT.IPQ_SETMATCH_VICP, 0x42
UNC_CHA_PIPE_REJECT.IRQ_PMM, 0x2042
UNC_CHA_PIPE_REJECT.IRQ_SETMATCH_VICP, 0x42
UNC_CHA_PIPE_REJECT.ISMQ_SETMATCH_VICP, 0x42
UNC_CHA_PIPE_REJECT.IVEGRCREDIT, 0x42
UNC_CHA_PIPE_REJECT.LLC_WAYS_RES, 0x42
UNC_CHA_PIPE_REJECT.NOTALLOWSNOOP, 0x42
UNC_CHA_PIPE_REJECT.ONE_FSF_VIC, 0x42
UNC_CHA_PIPE_REJECT.ONE_RSP_CON, 0x42
UNC_CHA_PIPE_REJECT.PMM_MEMMODE_TORMATCH_MULTI, 0x42
UNC_CHA_PIPE_REJECT.PMM_MEMMODE_TOR_MATCH, 0x42
UNC_CHA_PIPE_REJECT.PRQ_PMM, 0x4042
UNC_CHA_PIPE_REJECT.PTL_INPIPE, 0x8042
UNC_CHA_PIPE_REJECT.RMW_SETMATCH, 0x142
UNC_CHA_PIPE_REJECT.RRQ_SETMATCH_VICP, 0x42
UNC_CHA_PIPE_REJECT.SETMATCHENTRYWSCT, 0x42
UNC_CHA_PIPE_REJECT.SF_WAYS_RES, 0x42
UNC_CHA_PIPE_REJECT.TOPA_MATCH, 0x42
UNC_CHA_PIPE_REJECT.TORID_MATCH_GO_P, 0x42
UNC_CHA_PIPE_REJECT.VN_AD_REQ, 0x42
UNC_CHA_PIPE_REJECT.VN_AD_RSP, 0x42
UNC_CHA_PIPE_REJECT.VN_BL_RSP, 0x42
UNC_CHA_PIPE_REJECT.WAY_MATCH, 0x42
UNC_CHA_PMM_MEMMODE_NM_INVITOX.LOCAL, 0x165
UNC_CHA_PMM_MEMMODE_NM_INVITOX.REMOTE, 0x265
UNC_CHA_PMM_MEMMODE_NM_INVITOX.SETCONFLICT, 0x465
UNC_CHA_PMM_MEMMODE_NM_SETCONFLICTS.LLC, 0x264
UNC_CHA_PMM_MEMMODE_NM_SETCONFLICTS.SF, 0x164
UNC_CHA_PMM_MEMMODE_NM_SETCONFLICTS.TOR, 0x464
UNC_CHA_PMM_MEMMODE_NM_SETCONFLICTS2.IODC, 0x170
UNC_CHA_PMM_MEMMODE_NM_SETCONFLICTS2.MEMWR, 0x270
UNC_CHA_PMM_MEMMODE_NM_SETCONFLICTS2.MEMWRNI, 0x470
UNC_CHA_PMM_QOS.DDR4_FAST_INSERT, 0x266
UNC_CHA_PMM_QOS.REJ_IRQ, 0x866
UNC_CHA_PMM_QOS.SLOWTORQ_SKIP, 0x4066
UNC_CHA_PMM_QOS.SLOW_INSERT, 0x166
UNC_CHA_PMM_QOS.THROTTLE, 0x466
UNC_CHA_PMM_QOS.THROTTLE_IRQ, 0x2066
UNC_CHA_PMM_QOS.THROTTLE_PRQ, 0x1066
UNC_CHA_PMM_QOS_OCCUPANCY.DDR_FAST_FIFO, 0x267
UNC_CHA_PMM_QOS_OCCUPANCY.DDR_SLOW_FIFO, 0x167
UNC_CHA_READ_NO_CREDITS.MC0, 0x158
UNC_CHA_READ_NO_CREDITS.MC1, 0x258
UNC_CHA_READ_NO_CREDITS.MC10, 0x58
UNC_CHA_READ_NO_CREDITS.MC11, 0x58
UNC_CHA_READ_NO_CREDITS.MC12, 0x58
UNC_CHA_READ_NO_CREDITS.MC13, 0x58
UNC_CHA_READ_NO_CREDITS.MC2, 0x458
UNC_CHA_READ_NO_CREDITS.MC3, 0x858
UNC_CHA_READ_NO_CREDITS.MC4, 0x1058
UNC_CHA_READ_NO_CREDITS.MC5, 0x2058
UNC_CHA_READ_NO_CREDITS.MC6, 0x4058
UNC_CHA_READ_NO_CREDITS.MC7, 0x8058
UNC_CHA_READ_NO_CREDITS.MC8, 0x58
UNC_CHA_READ_NO_CREDITS.MC9, 0x58
UNC_CHA_REQUESTS.INVITOE, 0x3050
UNC_CHA_REQUESTS.INVITOE_LOCAL, 0x1050
UNC_CHA_REQUESTS.INVITOE_REMOTE, 0x2050
UNC_CHA_REQUESTS.READS, 0x350
UNC_CHA_REQUESTS.READS_LOCAL, 0x150
UNC_CHA_REQUESTS.READS_REMOTE, 0x250
UNC_CHA_REQUESTS.WRITES, 0xc50
UNC_CHA_REQUESTS.WRITES_LOCAL, 0x450
UNC_CHA_REQUESTS.WRITES_REMOTE, 0x850
UNC_CHA_RING_BOUNCES_HORZ.AD, 0x1ac
UNC_CHA_RING_BOUNCES_HORZ.AK, 0x2ac
UNC_CHA_RING_BOUNCES_HORZ.BL, 0x4ac
UNC_CHA_RING_BOUNCES_HORZ.IV, 0x8ac
UNC_CHA_RING_BOUNCES_VERT.AD, 0x1aa
UNC_CHA_RING_BOUNCES_VERT.AK, 0x2aa
UNC_CHA_RING_BOUNCES_VERT.AKC, 0x10aa
UNC_CHA_RING_BOUNCES_VERT.BL, 0x4aa
UNC_CHA_RING_BOUNCES_VERT.IV, 0x8aa
UNC_CHA_RING_SINK_STARVED_HORZ.AD, 0x1ad
UNC_CHA_RING_SINK_STARVED_HORZ.AK, 0x2ad
UNC_CHA_RING_SINK_STARVED_HORZ.AK_AG1, 0x20ad
UNC_CHA_RING_SINK_STARVED_HORZ.BL, 0x4ad
UNC_CHA_RING_SINK_STARVED_HORZ.IV, 0x8ad
UNC_CHA_RING_SINK_STARVED_VERT.AD, 0x1ab
UNC_CHA_RING_SINK_STARVED_VERT.AK, 0x2ab
UNC_CHA_RING_SINK_STARVED_VERT.AKC, 0x10ab
UNC_CHA_RING_SINK_STARVED_VERT.BL, 0x4ab
UNC_CHA_RING_SINK_STARVED_VERT.IV, 0x8ab
UNC_CHA_RING_SRC_THRTL, 0xae
UNC_CHA_RxC_INSERTS.IPQ, 0x413
UNC_CHA_RxC_INSERTS.IRQ, 0x113
UNC_CHA_RxC_INSERTS.IRQ_REJ, 0x213
UNC_CHA_RxC_INSERTS.PRQ, 0x1013
UNC_CHA_RxC_INSERTS.PRQ_REJ, 0x2013
UNC_CHA_RxC_INSERTS.RRQ, 0x4013
UNC_CHA_RxC_INSERTS.WBQ, 0x8013
UNC_CHA_RxC_IPQ0_REJECT.AD_REQ_VN0, 0x122
UNC_CHA_RxC_IPQ0_REJECT.AD_RSP_VN0, 0x222
UNC_CHA_RxC_IPQ0_REJECT.AK_NON_UPI, 0x4022
UNC_CHA_RxC_IPQ0_REJECT.BL_NCB_VN0, 0x1022
UNC_CHA_RxC_IPQ0_REJECT.BL_NCS_VN0, 0x2022
UNC_CHA_RxC_IPQ0_REJECT.BL_RSP_VN0, 0x422
UNC_CHA_RxC_IPQ0_REJECT.BL_WB_VN0, 0x822
UNC_CHA_RxC_IPQ0_REJECT.IV_NON_UPI, 0x8022
UNC_CHA_RxC_IPQ1_REJECT.ALLOW_SNP, 0x4023
UNC_CHA_RxC_IPQ1_REJECT.ANY0, 0x123
UNC_CHA_RxC_IPQ1_REJECT.HA, 0x223
UNC_CHA_RxC_IPQ1_REJECT.LLC_OR_SF_WAY, 0x2023
UNC_CHA_RxC_IPQ1_REJECT.LLC_VICTIM, 0x423
UNC_CHA_RxC_IPQ1_REJECT.PA_MATCH, 0x8023
UNC_CHA_RxC_IPQ1_REJECT.SF_VICTIM, 0x823
UNC_CHA_RxC_IPQ1_REJECT.VICTIM, 0x1023
UNC_CHA_RxC_IRQ0_REJECT.AD_REQ_VN0, 0x118
UNC_CHA_RxC_IRQ0_REJECT.AD_RSP_VN0, 0x218
UNC_CHA_RxC_IRQ0_REJECT.AK_NON_UPI, 0x4018
UNC_CHA_RxC_IRQ0_REJECT.BL_NCB_VN0, 0x1018
UNC_CHA_RxC_IRQ0_REJECT.BL_NCS_VN0, 0x2018
UNC_CHA_RxC_IRQ0_REJECT.BL_RSP_VN0, 0x418
UNC_CHA_RxC_IRQ0_REJECT.BL_WB_VN0, 0x818
UNC_CHA_RxC_IRQ0_REJECT.IV_NON_UPI, 0x8018
UNC_CHA_RxC_IRQ1_REJECT.ALLOW_SNP, 0x4019
UNC_CHA_RxC_IRQ1_REJECT.ANY0, 0x119
UNC_CHA_RxC_IRQ1_REJECT.HA, 0x219
UNC_CHA_RxC_IRQ1_REJECT.LLC_OR_SF_WAY, 0x2019
UNC_CHA_RxC_IRQ1_REJECT.LLC_VICTIM, 0x419
UNC_CHA_RxC_IRQ1_REJECT.PA_MATCH, 0x8019
UNC_CHA_RxC_IRQ1_REJECT.SF_VICTIM, 0x819
UNC_CHA_RxC_IRQ1_REJECT.VICTIM, 0x1019
UNC_CHA_RxC_ISMQ0_REJECT.AD_REQ_VN0, 0x124
UNC_CHA_RxC_ISMQ0_REJECT.AD_RSP_VN0, 0x224
UNC_CHA_RxC_ISMQ0_REJECT.AK_NON_UPI, 0x4024
UNC_CHA_RxC_ISMQ0_REJECT.BL_NCB_VN0, 0x1024
UNC_CHA_RxC_ISMQ0_REJECT.BL_NCS_VN0, 0x2024
UNC_CHA_RxC_ISMQ0_REJECT.BL_RSP_VN0, 0x424
UNC_CHA_RxC_ISMQ0_REJECT.BL_WB_VN0, 0x824
UNC_CHA_RxC_ISMQ0_REJECT.IV_NON_UPI, 0x8024
UNC_CHA_RxC_ISMQ0_RETRY.AD_REQ_VN0, 0x12c
UNC_CHA_RxC_ISMQ0_RETRY.AD_RSP_VN0, 0x22c
UNC_CHA_RxC_ISMQ0_RETRY.AK_NON_UPI, 0x402c
UNC_CHA_RxC_ISMQ0_RETRY.BL_NCB_VN0, 0x102c
UNC_CHA_RxC_ISMQ0_RETRY.BL_NCS_VN0, 0x202c
UNC_CHA_RxC_ISMQ0_RETRY.BL_RSP_VN0, 0x42c
UNC_CHA_RxC_ISMQ0_RETRY.BL_WB_VN0, 0x82c
UNC_CHA_RxC_ISMQ0_RETRY.IV_NON_UPI, 0x802c
UNC_CHA_RxC_ISMQ1_REJECT.ANY0, 0x125
UNC_CHA_RxC_ISMQ1_REJECT.HA, 0x225
UNC_CHA_RxC_ISMQ1_RETRY.ANY0, 0x12d
UNC_CHA_RxC_ISMQ1_RETRY.HA, 0x22d
UNC_CHA_RxC_OCCUPANCY.IPQ, 0x411
UNC_CHA_RxC_OCCUPANCY.IRQ, 0x111
UNC_CHA_RxC_OCCUPANCY.RRQ, 0x4011
UNC_CHA_RxC_OCCUPANCY.WBQ, 0x8011
UNC_CHA_RxC_OTHER0_RETRY.AD_REQ_VN0, 0x12e
UNC_CHA_RxC_OTHER0_RETRY.AD_RSP_VN0, 0x22e
UNC_CHA_RxC_OTHER0_RETRY.AK_NON_UPI, 0x402e
UNC_CHA_RxC_OTHER0_RETRY.BL_NCB_VN0, 0x102e
UNC_CHA_RxC_OTHER0_RETRY.BL_NCS_VN0, 0x202e
UNC_CHA_RxC_OTHER0_RETRY.BL_RSP_VN0, 0x42e
UNC_CHA_RxC_OTHER0_RETRY.BL_WB_VN0, 0x82e
UNC_CHA_RxC_OTHER0_RETRY.IV_NON_UPI, 0x802e
UNC_CHA_RxC_OTHER1_RETRY.ALLOW_SNP, 0x402f
UNC_CHA_RxC_OTHER1_RETRY.ANY0, 0x12f
UNC_CHA_RxC_OTHER1_RETRY.HA, 0x22f
UNC_CHA_RxC_OTHER1_RETRY.LLC_OR_SF_WAY, 0x202f
UNC_CHA_RxC_OTHER1_RETRY.LLC_VICTIM, 0x42f
UNC_CHA_RxC_OTHER1_RETRY.PA_MATCH, 0x802f
UNC_CHA_RxC_OTHER1_RETRY.SF_VICTIM, 0x82f
UNC_CHA_RxC_OTHER1_RETRY.VICTIM, 0x102f
UNC_CHA_RxC_PRQ0_REJECT.AD_REQ_VN0, 0x120
UNC_CHA_RxC_PRQ0_REJECT.AD_RSP_VN0, 0x220
UNC_CHA_RxC_PRQ0_REJECT.AK_NON_UPI, 0x4020
UNC_CHA_RxC_PRQ0_REJECT.BL_NCB_VN0, 0x1020
UNC_CHA_RxC_PRQ0_REJECT.BL_NCS_VN0, 0x2020
UNC_CHA_RxC_PRQ0_REJECT.BL_RSP_VN0, 0x420
UNC_CHA_RxC_PRQ0_REJECT.BL_WB_VN0, 0x820
UNC_CHA_RxC_PRQ0_REJECT.IV_NON_UPI, 0x8020
UNC_CHA_RxC_PRQ1_REJECT.ALLOW_SNP, 0x4021
UNC_CHA_RxC_PRQ1_REJECT.ANY0, 0x121
UNC_CHA_RxC_PRQ1_REJECT.HA, 0x221
UNC_CHA_RxC_PRQ1_REJECT.LLC_OR_SF_WAY, 0x2021
UNC_CHA_RxC_PRQ1_REJECT.LLC_VICTIM, 0x421
UNC_CHA_RxC_PRQ1_REJECT.PA_MATCH, 0x8021
UNC_CHA_RxC_PRQ1_REJECT.SF_VICTIM, 0x821
UNC_CHA_RxC_PRQ1_REJECT.VICTIM, 0x1021
UNC_CHA_RxC_REQ_Q0_RETRY.AD_REQ_VN0, 0x12a
UNC_CHA_RxC_REQ_Q0_RETRY.AD_RSP_VN0, 0x22a
UNC_CHA_RxC_REQ_Q0_RETRY.AK_NON_UPI, 0x402a
UNC_CHA_RxC_REQ_Q0_RETRY.BL_NCB_VN0, 0x102a
UNC_CHA_RxC_REQ_Q0_RETRY.BL_NCS_VN0, 0x202a
UNC_CHA_RxC_REQ_Q0_RETRY.BL_RSP_VN0, 0x42a
UNC_CHA_RxC_REQ_Q0_RETRY.BL_WB_VN0, 0x82a
UNC_CHA_RxC_REQ_Q0_RETRY.IV_NON_UPI, 0x802a
UNC_CHA_RxC_REQ_Q1_RETRY.ALLOW_SNP, 0x402b
UNC_CHA_RxC_REQ_Q1_RETRY.ANY0, 0x12b
UNC_CHA_RxC_REQ_Q1_RETRY.HA, 0x22b
UNC_CHA_RxC_REQ_Q1_RETRY.LLC_OR_SF_WAY, 0x202b
UNC_CHA_RxC_REQ_Q1_RETRY.LLC_VICTIM, 0x42b
UNC_CHA_RxC_REQ_Q1_RETRY.PA_MATCH, 0x802b
UNC_CHA_RxC_REQ_Q1_RETRY.SF_VICTIM, 0x82b
UNC_CHA_RxC_REQ_Q1_RETRY.VICTIM, 0x102b
UNC_CHA_RxC_RRQ0_REJECT.AD_REQ_VN0, 0x126
UNC_CHA_RxC_RRQ0_REJECT.AD_RSP_VN0, 0x226
UNC_CHA_RxC_RRQ0_REJECT.AK_NON_UPI, 0x4026
UNC_CHA_RxC_RRQ0_REJECT.BL_NCB_VN0, 0x1026
UNC_CHA_RxC_RRQ0_REJECT.BL_NCS_VN0, 0x2026
UNC_CHA_RxC_RRQ0_REJECT.BL_RSP_VN0, 0x426
UNC_CHA_RxC_RRQ0_REJECT.BL_WB_VN0, 0x826
UNC_CHA_RxC_RRQ0_REJECT.IV_NON_UPI, 0x8026
UNC_CHA_RxC_RRQ1_REJECT.ALLOW_SNP, 0x4027
UNC_CHA_RxC_RRQ1_REJECT.ANY0, 0x127
UNC_CHA_RxC_RRQ1_REJECT.HA, 0x227
UNC_CHA_RxC_RRQ1_REJECT.LLC_OR_SF_WAY, 0x2027
UNC_CHA_RxC_RRQ1_REJECT.LLC_VICTIM, 0x427
UNC_CHA_RxC_RRQ1_REJECT.PA_MATCH, 0x8027
UNC_CHA_RxC_RRQ1_REJECT.SF_VICTIM, 0x827
UNC_CHA_RxC_RRQ1_REJECT.VICTIM, 0x1027
UNC_CHA_RxC_WBQ0_REJECT.AD_REQ_VN0, 0x128
UNC_CHA_RxC_WBQ0_REJECT.AD_RSP_VN0, 0x228
UNC_CHA_RxC_WBQ0_REJECT.AK_NON_UPI, 0x4028
UNC_CHA_RxC_WBQ0_REJECT.BL_NCB_VN0, 0x1028
UNC_CHA_RxC_WBQ0_REJECT.BL_NCS_VN0, 0x2028
UNC_CHA_RxC_WBQ0_REJECT.BL_RSP_VN0, 0x428
UNC_CHA_RxC_WBQ0_REJECT.BL_WB_VN0, 0x828
UNC_CHA_RxC_WBQ0_REJECT.IV_NON_UPI, 0x8028
UNC_CHA_RxC_WBQ1_REJECT.ALLOW_SNP, 0x4029
UNC_CHA_RxC_WBQ1_REJECT.ANY0, 0x129
UNC_CHA_RxC_WBQ1_REJECT.HA, 0x229
UNC_CHA_RxC_WBQ1_REJECT.LLC_OR_SF_WAY, 0x2029
UNC_CHA_RxC_WBQ1_REJECT.LLC_VICTIM, 0x429
UNC_CHA_RxC_WBQ1_REJECT.PA_MATCH, 0x8029
UNC_CHA_RxC_WBQ1_REJECT.SF_VICTIM, 0x829
UNC_CHA_RxC_WBQ1_REJECT.VICTIM, 0x1029
UNC_CHA_RxR_BUSY_STARVED.AD_ALL, 0x11e5
UNC_CHA_RxR_BUSY_STARVED.AD_CRD, 0x10e5
UNC_CHA_RxR_BUSY_STARVED.AD_UNCRD, 0x1e5
UNC_CHA_RxR_BUSY_STARVED.BL_ALL, 0x44e5
UNC_CHA_RxR_BUSY_STARVED.BL_CRD, 0x40e5
UNC_CHA_RxR_BUSY_STARVED.BL_UNCRD, 0x4e5
UNC_CHA_RxR_BYPASS.AD_ALL, 0x11e2
UNC_CHA_RxR_BYPASS.AD_CRD, 0x10e2
UNC_CHA_RxR_BYPASS.AD_UNCRD, 0x1e2
UNC_CHA_RxR_BYPASS.AK, 0x2e2
UNC_CHA_RxR_BYPASS.AKC_UNCRD, 0x80e2
UNC_CHA_RxR_BYPASS.BL_ALL, 0x44e2
UNC_CHA_RxR_BYPASS.BL_CRD, 0x40e2
UNC_CHA_RxR_BYPASS.BL_UNCRD, 0x4e2
UNC_CHA_RxR_BYPASS.IV, 0x8e2
UNC_CHA_RxR_CRD_STARVED.AD_ALL, 0x11e3
UNC_CHA_RxR_CRD_STARVED.AD_CRD, 0x10e3
UNC_CHA_RxR_CRD_STARVED.AD_UNCRD, 0x1e3
UNC_CHA_RxR_CRD_STARVED.AK, 0x2e3
UNC_CHA_RxR_CRD_STARVED.BL_ALL, 0x44e3
UNC_CHA_RxR_CRD_STARVED.BL_CRD, 0x40e3
UNC_CHA_RxR_CRD_STARVED.BL_UNCRD, 0x4e3
UNC_CHA_RxR_CRD_STARVED.IFV, 0x80e3
UNC_CHA_RxR_CRD_STARVED.IV, 0x8e3
UNC_CHA_RxR_CRD_STARVED_1, 0xe4
UNC_CHA_RxR_INSERTS.AD_ALL, 0x11e1
UNC_CHA_RxR_INSERTS.AD_CRD, 0x10e1
UNC_CHA_RxR_INSERTS.AD_UNCRD, 0x1e1
UNC_CHA_RxR_INSERTS.AK, 0x2e1
UNC_CHA_RxR_INSERTS.AKC_UNCRD, 0x80e1
UNC_CHA_RxR_INSERTS.BL_ALL, 0x44e1
UNC_CHA_RxR_INSERTS.BL_CRD, 0x40e1
UNC_CHA_RxR_INSERTS.BL_UNCRD, 0x4e1
UNC_CHA_RxR_INSERTS.IV, 0x8e1
UNC_CHA_RxR_OCCUPANCY.AD_ALL, 0x11e0
UNC_CHA_RxR_OCCUPANCY.AD_CRD, 0x10e0
UNC_CHA_RxR_OCCUPANCY.AD_UNCRD, 0x1e0
UNC_CHA_RxR_OCCUPANCY.AK, 0x2e0
UNC_CHA_RxR_OCCUPANCY.AKC_UNCRD, 0x80e0
UNC_CHA_RxR_OCCUPANCY.BL_ALL, 0x44e0
UNC_CHA_RxR_OCCUPANCY.BL_CRD, 0x20e0
UNC_CHA_RxR_OCCUPANCY.BL_UNCRD, 0x4e0
UNC_CHA_RxR_OCCUPANCY.IV, 0x8e0
UNC_CHA_SF_EVICTION.E_STATE, 0x23d
UNC_CHA_SF_EVICTION.M_STATE, 0x13d
UNC_CHA_SF_EVICTION.S_STATE, 0x43d
UNC_CHA_SNOOPS_SENT.ALL, 0x151
UNC_CHA_SNOOPS_SENT.BCST_LOCAL, 0x1051
UNC_CHA_SNOOPS_SENT.BCST_REMOTE, 0x2051
UNC_CHA_SNOOPS_SENT.DIRECT_LOCAL, 0x4051
UNC_CHA_SNOOPS_SENT.DIRECT_REMOTE, 0x8051
UNC_CHA_SNOOPS_SENT.LOCAL, 0x451
UNC_CHA_SNOOPS_SENT.REMOTE, 0x851
UNC_CHA_SNOOP_RESP.RSPCNFLCT, 0x405c
UNC_CHA_SNOOP_RESP.RSPFWD, 0x805c
UNC_CHA_SNOOP_RESP.RSPFWDWB, 0x205c
UNC_CHA_SNOOP_RESP.RSPI, 0x15c
UNC_CHA_SNOOP_RESP.RSPIFWD, 0x45c
UNC_CHA_SNOOP_RESP.RSPS, 0x25c
UNC_CHA_SNOOP_RESP.RSPSFWD, 0x85c
UNC_CHA_SNOOP_RESP.RSPWB, 0x105c
UNC_CHA_SNOOP_RESP_LOCAL.RSPCNFLCT, 0x405d
UNC_CHA_SNOOP_RESP_LOCAL.RSPFWD, 0x805d
UNC_CHA_SNOOP_RESP_LOCAL.RSPFWDWB, 0x205d
UNC_CHA_SNOOP_RESP_LOCAL.RSPI, 0x15d
UNC_CHA_SNOOP_RESP_LOCAL.RSPIFWD, 0x45d
UNC_CHA_SNOOP_RESP_LOCAL.RSPS, 0x25d
UNC_CHA_SNOOP_RESP_LOCAL.RSPSFWD, 0x85d
UNC_CHA_SNOOP_RESP_LOCAL.RSPWB, 0x105d
UNC_CHA_SNOOP_RSP_MISC.MTOI_RSPDATAM, 0x26b
UNC_CHA_SNOOP_RSP_MISC.MTOI_RSPIFWDM, 0x16b
UNC_CHA_SNOOP_RSP_MISC.PULLDATAPTL_HITLLC, 0x206b
UNC_CHA_SNOOP_RSP_MISC.PULLDATAPTL_HITSF, 0x106b
UNC_CHA_SNOOP_RSP_MISC.RSPIFWDMPTL_HITLLC, 0x86b
UNC_CHA_SNOOP_RSP_MISC.RSPIFWDMPTL_HITSF, 0x46b
UNC_CHA_STALL0_NO_TxR_HORZ_CRD_AD_AG0.TGR0, 0x1d0
UNC_CHA_STALL0_NO_TxR_HORZ_CRD_AD_AG0.TGR1, 0x2d0
UNC_CHA_STALL0_NO_TxR_HORZ_CRD_AD_AG0.TGR2, 0x4d0
UNC_CHA_STALL0_NO_TxR_HORZ_CRD_AD_AG0.TGR3, 0x8d0
UNC_CHA_STALL0_NO_TxR_HORZ_CRD_AD_AG0.TGR4, 0x10d0
UNC_CHA_STALL0_NO_TxR_HORZ_CRD_AD_AG0.TGR5, 0x20d0
UNC_CHA_STALL0_NO_TxR_HORZ_CRD_AD_AG0.TGR6, 0x40d0
UNC_CHA_STALL0_NO_TxR_HORZ_CRD_AD_AG0.TGR7, 0x80d0
UNC_CHA_STALL0_NO_TxR_HORZ_CRD_AD_AG1.TGR0, 0x1d2
UNC_CHA_STALL0_NO_TxR_HORZ_CRD_AD_AG1.TGR1, 0x2d2
UNC_CHA_STALL0_NO_TxR_HORZ_CRD_AD_AG1.TGR2, 0x4d2
UNC_CHA_STALL0_NO_TxR_HORZ_CRD_AD_AG1.TGR3, 0x8d2
UNC_CHA_STALL0_NO_TxR_HORZ_CRD_AD_AG1.TGR4, 0x10d2
UNC_CHA_STALL0_NO_TxR_HORZ_CRD_AD_AG1.TGR5, 0x20d2
UNC_CHA_STALL0_NO_TxR_HORZ_CRD_AD_AG1.TGR6, 0x40d2
UNC_CHA_STALL0_NO_TxR_HORZ_CRD_AD_AG1.TGR7, 0x80d2
UNC_CHA_STALL0_NO_TxR_HORZ_CRD_BL_AG0.TGR0, 0x1d4
UNC_CHA_STALL0_NO_TxR_HORZ_CRD_BL_AG0.TGR1, 0x2d4
UNC_CHA_STALL0_NO_TxR_HORZ_CRD_BL_AG0.TGR2, 0x4d4
UNC_CHA_STALL0_NO_TxR_HORZ_CRD_BL_AG0.TGR3, 0x8d4
UNC_CHA_STALL0_NO_TxR_HORZ_CRD_BL_AG0.TGR4, 0x10d4
UNC_CHA_STALL0_NO_TxR_HORZ_CRD_BL_AG0.TGR5, 0x20d4
UNC_CHA_STALL0_NO_TxR_HORZ_CRD_BL_AG0.TGR6, 0x40d4
UNC_CHA_STALL0_NO_TxR_HORZ_CRD_BL_AG0.TGR7, 0x80d4
UNC_CHA_STALL0_NO_TxR_HORZ_CRD_BL_AG1.TGR0, 0x1d6
UNC_CHA_STALL0_NO_TxR_HORZ_CRD_BL_AG1.TGR1, 0x2d6
UNC_CHA_STALL0_NO_TxR_HORZ_CRD_BL_AG1.TGR2, 0x4d6
UNC_CHA_STALL0_NO_TxR_HORZ_CRD_BL_AG1.TGR3, 0x8d6
UNC_CHA_STALL0_NO_TxR_HORZ_CRD_BL_AG1.TGR4, 0x10d6
UNC_CHA_STALL0_NO_TxR_HORZ_CRD_BL_AG1.TGR5, 0x20d6
UNC_CHA_STALL0_NO_TxR_HORZ_CRD_BL_AG1.TGR6, 0x40d6
UNC_CHA_STALL0_NO_TxR_HORZ_CRD_BL_AG1.TGR7, 0x80d6
UNC_CHA_STALL1_NO_TxR_HORZ_CRD_AD_AG0.TGR10, 0x4d1
UNC_CHA_STALL1_NO_TxR_HORZ_CRD_AD_AG0.TGR8, 0x1d1
UNC_CHA_STALL1_NO_TxR_HORZ_CRD_AD_AG0.TGR9, 0x2d1
UNC_CHA_STALL1_NO_TxR_HORZ_CRD_AD_AG1_1.TGR10, 0x4d3
UNC_CHA_STALL1_NO_TxR_HORZ_CRD_AD_AG1_1.TGR8, 0x1d3
UNC_CHA_STALL1_NO_TxR_HORZ_CRD_AD_AG1_1.TGR9, 0x2d3
UNC_CHA_STALL1_NO_TxR_HORZ_CRD_BL_AG0_1.TGR10, 0x4d5
UNC_CHA_STALL1_NO_TxR_HORZ_CRD_BL_AG0_1.TGR8, 0x1d5
UNC_CHA_STALL1_NO_TxR_HORZ_CRD_BL_AG0_1.TGR9, 0x2d5
UNC_CHA_STALL1_NO_TxR_HORZ_CRD_BL_AG1_1.TGR10, 0x4d7
UNC_CHA_STALL1_NO_TxR_HORZ_CRD_BL_AG1_1.TGR8, 0x1d7
UNC_CHA_STALL1_NO_TxR_HORZ_CRD_BL_AG1_1.TGR9, 0x2d7
UNC_CHA_TOR_INSERTS.ALL, 0xc001ffff35
UNC_CHA_TOR_INSERTS.DDR, 0x35
UNC_CHA_TOR_INSERTS.DDR4, 0x35
UNC_CHA_TOR_INSERTS.EVICT, 0x235
UNC_CHA_TOR_INSERTS.HIT, 0x35
UNC_CHA_TOR_INSERTS.IA, 0xc001ff0135
UNC_CHA_TOR_INSERTS.IA_CLFLUSH, 0xc8c7ff0135
UNC_CHA_TOR_INSERTS.IA_CLFLUSHOPT, 0xc8d7ff0135
UNC_CHA_TOR_INSERTS.IA_CRD, 0xc80fff0135
UNC_CHA_TOR_INSERTS.IA_CRD_PREF, 0xc88fff0135
UNC_CHA_TOR_INSERTS.IA_DRD, 0xc817ff0135
UNC_CHA_TOR_INSERTS.IA_DRDPTE, 0xc837ff0135
UNC_CHA_TOR_INSERTS.IA_DRD_OPT, 0xc827ff0135
UNC_CHA_TOR_INSERTS.IA_DRD_OPT_PREF, 0xc8a7ff0135
UNC_CHA_TOR_INSERTS.IA_DRD_PREF, 0xc897ff0135
UNC_CHA_TOR_INSERTS.IA_HIT, 0xc001fd0135
UNC_CHA_TOR_INSERTS.IA_HIT_CRD, 0xc80ffd0135
UNC_CHA_TOR_INSERTS.IA_HIT_CRD_PREF, 0xc88ffd0135
UNC_CHA_TOR_INSERTS.IA_HIT_DRD, 0xc817fd0135
UNC_CHA_TOR_INSERTS.IA_HIT_DRDPTE, 0xc837fd0135
UNC_CHA_TOR_INSERTS.IA_HIT_DRD_OPT, 0xc827fd0135
UNC_CHA_TOR_INSERTS.IA_HIT_DRD_OPT_PREF, 0xc8a7fd0135
UNC_CHA_TOR_INSERTS.IA_HIT_DRD_PREF, 0xc897fd0135
UNC_CHA_TOR_INSERTS.IA_HIT_ITOM, 0xcc47fd0135
UNC_CHA_TOR_INSERTS.IA_HIT_LLCPREFCODE, 0xcccffd0135
UNC_CHA_TOR_INSERTS.IA_HIT_LLCPREFCRD, 0xcccffd0135
UNC_CHA_TOR_INSERTS.IA_HIT_LLCPREFDATA, 0xccd7fd0135
UNC_CHA_TOR_INSERTS.IA_HIT_LLCPREFDRD, 0xccd7fd0135
UNC_CHA_TOR_INSERTS.IA_HIT_LLCPREFRFO, 0xccc7fd0135
UNC_CHA_TOR_INSERTS.IA_HIT_RFO, 0xc807fd0135
UNC_CHA_TOR_INSERTS.IA_HIT_RFO_PREF, 0xc887fd0135
UNC_CHA_TOR_INSERTS.IA_HIT_SPECITOM, 0xcc57fd0135
UNC_CHA_TOR_INSERTS.IA_ITOM, 0xcc47ff0135
UNC_CHA_TOR_INSERTS.IA_ITOMCACHENEAR, 0xcd47ff0135
UNC_CHA_TOR_INSERTS.IA_LLCPREFCODE, 0xcccfff0135
UNC_CHA_TOR_INSERTS.IA_LLCPREFDATA, 0xccd7ff0135
UNC_CHA_TOR_INSERTS.IA_LLCPREFRFO, 0xccc7ff0135
UNC_CHA_TOR_INSERTS.IA_MISS, 0xc001fe0135
UNC_CHA_TOR_INSERTS.IA_MISS_CRD, 0xc80ffe0135
UNC_CHA_TOR_INSERTS.IA_MISS_CRD_LOCAL, 0xc80efe0135
UNC_CHA_TOR_INSERTS.IA_MISS_CRD_PREF, 0xc88ffe0135
UNC_CHA_TOR_INSERTS.IA_MISS_CRD_PREF_LOCAL, 0xc88efe0135
UNC_CHA_TOR_INSERTS.IA_MISS_CRD_PREF_REMOTE, 0xc88f7e0135
UNC_CHA_TOR_INSERTS.IA_MISS_CRD_REMOTE, 0xc80f7e0135
UNC_CHA_TOR_INSERTS.IA_MISS_DRD, 0xc817fe0135
UNC_CHA_TOR_INSERTS.IA_MISS_DRDPTE, 0xc837fe0135
UNC_CHA_TOR_INSERTS.IA_MISS_DRD_DDR, 0xc817860135
UNC_CHA_TOR_INSERTS.IA_MISS_DRD_LOCAL, 0xc816fe0135
UNC_CHA_TOR_INSERTS.IA_MISS_DRD_LOCAL_DDR, 0xc816860135
UNC_CHA_TOR_INSERTS.IA_MISS_DRD_LOCAL_PMM, 0xc8168a0135
UNC_CHA_TOR_INSERTS.IA_MISS_DRD_OPT, 0xc827fe0135
UNC_CHA_TOR_INSERTS.IA_MISS_DRD_OPT_PREF, 0xc8a7fe0135
UNC_CHA_TOR_INSERTS.IA_MISS_DRD_PMM, 0xc8178a0135
UNC_CHA_TOR_INSERTS.IA_MISS_DRD_PREF, 0xc897fe0135
UNC_CHA_TOR_INSERTS.IA_MISS_DRD_PREF_DDR, 0xc897860135
UNC_CHA_TOR_INSERTS.IA_MISS_DRD_PREF_LOCAL, 0xc896fe0135
UNC_CHA_TOR_INSERTS.IA_MISS_DRD_PREF_LOCAL_DDR, 0xc896860135
UNC_CHA_TOR_INSERTS.IA_MISS_DRD_PREF_LOCAL_PMM, 0xc8968a0135
UNC_CHA_TOR_INSERTS.IA_MISS_DRD_PREF_PMM, 0xc8978a0135
UNC_CHA_TOR_INSERTS.IA_MISS_DRD_PREF_REMOTE, 0xc8977e0135
UNC_CHA_TOR_INSERTS.IA_MISS_DRD_PREF_REMOTE_DDR, 0xc897060135
UNC_CHA_TOR_INSERTS.IA_MISS_DRD_PREF_REMOTE_PMM, 0xc8970a0135
UNC_CHA_TOR_INSERTS.IA_MISS_DRD_REMOTE, 0xc8177e0135
UNC_CHA_TOR_INSERTS.IA_MISS_DRD_REMOTE_DDR, 0xc817060135
UNC_CHA_TOR_INSERTS.IA_MISS_DRD_REMOTE_PMM, 0xc8170a0135
UNC_CHA_TOR_INSERTS.IA_MISS_FULL_STREAMING_WR, 0xc867fe0135
UNC_CHA_TOR_INSERTS.IA_MISS_FULL_STREAMING_WR_DDR, 0xc867860135
UNC_CHA_TOR_INSERTS.IA_MISS_FULL_STREAMING_WR_DRAM, 0xc867860135
UNC_CHA_TOR_INSERTS.IA_MISS_FULL_STREAMING_WR_LOCAL_DDR, 0xc866860135
UNC_CHA_TOR_INSERTS.IA_MISS_FULL_STREAMING_WR_LOCAL_DRAM, 0xc866860135
UNC_CHA_TOR_INSERTS.IA_MISS_FULL_STREAMING_WR_LOCAL_PMM, 0xc8668a0135
UNC_CHA_TOR_INSERTS.IA_MISS_FULL_STREAMING_WR_PMM, 0xc8678a0135
UNC_CHA_TOR_INSERTS.IA_MISS_FULL_STREAMING_WR_REMOTE_DDR, 0xc867060135
UNC_CHA_TOR_INSERTS.IA_MISS_FULL_STREAMING_WR_REMOTE_DRAM, 0xc867060135
UNC_CHA_TOR_INSERTS.IA_MISS_FULL_STREAMING_WR_REMOTE_PMM, 0xc8670a0135
UNC_CHA_TOR_INSERTS.IA_MISS_ITOM, 0xcc47fe0135
UNC_CHA_TOR_INSERTS.IA_MISS_LLCPREFCODE, 0xcccffe0135
UNC_CHA_TOR_INSERTS.IA_MISS_LLCPREFDATA, 0xccd7fe0135
UNC_CHA_TOR_INSERTS.IA_MISS_LLCPREFRFO, 0xccc7fe0135
UNC_CHA_TOR_INSERTS.IA_MISS_LOCAL_WCILF_DDR, 0xc866860135
UNC_CHA_TOR_INSERTS.IA_MISS_LOCAL_WCILF_PMM, 0xc8668a0135
UNC_CHA_TOR_INSERTS.IA_MISS_LOCAL_WCIL_DDR, 0xc86e860135
UNC_CHA_TOR_INSERTS.IA_MISS_LOCAL_WCIL_PMM, 0xc86e8a0135
UNC_CHA_TOR_INSERTS.IA_MISS_PARTIAL_STREAMING_WR, 0xc86ffe0135
UNC_CHA_TOR_INSERTS.IA_MISS_PARTIAL_STREAMING_WR_DDR, 0xc86f860135
UNC_CHA_TOR_INSERTS.IA_MISS_PARTIAL_STREAMING_WR_DRAM, 0xc86f860135
UNC_CHA_TOR_INSERTS.IA_MISS_PARTIAL_STREAMING_WR_LOCAL_DDR, 0xc86e860135
UNC_CHA_TOR_INSERTS.IA_MISS_PARTIAL_STREAMING_WR_LOCAL_DRAM, 0xc86e860135
UNC_CHA_TOR_INSERTS.IA_MISS_PARTIAL_STREAMING_WR_LOCAL_PMM, 0xc86e8a0135
UNC_CHA_TOR_INSERTS.IA_MISS_PARTIAL_STREAMING_WR_PMM, 0xc86f8a0135
UNC_CHA_TOR_INSERTS.IA_MISS_PARTIAL_STREAMING_WR_REMOTE_DDR, 0xc86f060135
UNC_CHA_TOR_INSERTS.IA_MISS_PARTIAL_STREAMING_WR_REMOTE_DRAM, 0xc86f060135
UNC_CHA_TOR_INSERTS.IA_MISS_PARTIAL_STREAMING_WR_REMOTE_PMM, 0xc86f0a0135
UNC_CHA_TOR_INSERTS.IA_MISS_REMOTE_WCILF_DDR, 0xc867060135
UNC_CHA_TOR_INSERTS.IA_MISS_REMOTE_WCILF_PMM, 0xc8670a0135
UNC_CHA_TOR_INSERTS.IA_MISS_REMOTE_WCIL_DDR, 0xc86f060135
UNC_CHA_TOR_INSERTS.IA_MISS_REMOTE_WCIL_PMM, 0xc86f0a0135
UNC_CHA_TOR_INSERTS.IA_MISS_RFO, 0xc807fe0135
UNC_CHA_TOR_INSERTS.IA_MISS_RFO_LOCAL, 0xc806fe0135
UNC_CHA_TOR_INSERTS.IA_MISS_RFO_PREF, 0xc887fe0135
UNC_CHA_TOR_INSERTS.IA_MISS_RFO_PREF_LOCAL, 0xc886fe0135
UNC_CHA_TOR_INSERTS.IA_MISS_RFO_PREF_REMOTE, 0xc8877e0135
UNC_CHA_TOR_INSERTS.IA_MISS_RFO_REMOTE, 0xc8077e0135
UNC_CHA_TOR_INSERTS.IA_MISS_SPECITOM, 0xcc57fe0135
UNC_CHA_TOR_INSERTS.IA_MISS_UCRDF, 0xc877de0135
UNC_CHA_TOR_INSERTS.IA_MISS_WCIL, 0xc86ffe0135
UNC_CHA_TOR_INSERTS.IA_MISS_WCILF, 0xc867fe0135
UNC_CHA_TOR_INSERTS.IA_MISS_WCILF_DDR, 0xc867860135
UNC_CHA_TOR_INSERTS.IA_MISS_WCILF_PMM, 0xc8678a0135
UNC_CHA_TOR_INSERTS.IA_MISS_WCIL_DDR, 0xc86f860135
UNC_CHA_TOR_INSERTS.IA_MISS_WCIL_PMM, 0xc86f8a0135
UNC_CHA_TOR_INSERTS.IA_MISS_WIL, 0xc87fde0135
UNC_CHA_TOR_INSERTS.IA_RFO, 0xc807ff0135
UNC_CHA_TOR_INSERTS.IA_RFO_PREF, 0xc887ff0135
UNC_CHA_TOR_INSERTS.IA_SPECITOM, 0xcc57ff0135
UNC_CHA_TOR_INSERTS.IA_WBEFTOE, 0xcc3fff0135
UNC_CHA_TOR_INSERTS.IA_WBEFTOI, 0xcc37ff0135
UNC_CHA_TOR_INSERTS.IA_WBMTOE, 0xcc2fff0135
UNC_CHA_TOR_INSERTS.IA_WBMTOI, 0xcc27ff0135
UNC_CHA_TOR_INSERTS.IA_WBSTOI, 0xcc67ff0135
UNC_CHA_TOR_INSERTS.IA_WCIL, 0xc86fff0135
UNC_CHA_TOR_INSERTS.IA_WCILF, 0xc867ff0135
UNC_CHA_TOR_INSERTS.IO, 0xc001ff0435
UNC_CHA_TOR_INSERTS.IO_CLFLUSH, 0xc8c3ff0435
UNC_CHA_TOR_INSERTS.IO_HIT, 0xc001fd0435
UNC_CHA_TOR_INSERTS.IO_HIT_ITOM, 0xcc43fd0435
UNC_CHA_TOR_INSERTS.IO_HIT_ITOMCACHENEAR, 0xcd43fd0435
UNC_CHA_TOR_INSERTS.IO_HIT_PCIRDCUR, 0xc8f3fd0435
UNC_CHA_TOR_INSERTS.IO_HIT_RFO, 0xc803fd0435
UNC_CHA_TOR_INSERTS.IO_ITOM, 0xcc43ff0435
UNC_CHA_TOR_INSERTS.IO_ITOMCACHENEAR, 0xcd43ff0435
UNC_CHA_TOR_INSERTS.IO_ITOMCACHENEAR_LOCAL, 0xcd42ff0435
UNC_CHA_TOR_INSERTS.IO_ITOMCACHENEAR_REMOTE, 0xcd437f0435
UNC_CHA_TOR_INSERTS.IO_ITOM_LOCAL, 0xcc42ff0435
UNC_CHA_TOR_INSERTS.IO_ITOM_REMOTE, 0xcc437f0435
UNC_CHA_TOR_INSERTS.IO_MISS, 0xc001fe0435
UNC_CHA_TOR_INSERTS.IO_MISS_ITOM, 0xcc43fe0435
UNC_CHA_TOR_INSERTS.IO_MISS_ITOMCACHENEAR, 0xcd43fe0435
UNC_CHA_TOR_INSERTS.IO_MISS_PCIRDCUR, 0xc8f3fe0435
UNC_CHA_TOR_INSERTS.IO_MISS_RFO, 0xc803fe0435
UNC_CHA_TOR_INSERTS.IO_PCIRDCUR, 0xc8f3ff0435
UNC_CHA_TOR_INSERTS.IO_PCIRDCUR_LOCAL, 0xc8f2ff0435
UNC_CHA_TOR_INSERTS.IO_PCIRDCUR_REMOTE, 0xc8f37f0435
UNC_CHA_TOR_INSERTS.IO_RFO, 0xc803ff0435
UNC_CHA_TOR_INSERTS.IO_WBMTOI, 0xcc23ff0435
UNC_CHA_TOR_INSERTS.IPQ, 0x835
UNC_CHA_TOR_INSERTS.IRQ_IA, 0x135
UNC_CHA_TOR_INSERTS.IRQ_NON_IA, 0x1035
UNC_CHA_TOR_INSERTS.ISOC, 0x35
UNC_CHA_TOR_INSERTS.LOCAL_TGT, 0x35
UNC_CHA_TOR_INSERTS.LOC_ALL, 0xc000ff0535
UNC_CHA_TOR_INSERTS.LOC_IA, 0xc000ff0135
UNC_CHA_TOR_INSERTS.LOC_IO, 0xc000ff0435
UNC_CHA_TOR_INSERTS.MATCH_OPC, 0x35
UNC_CHA_TOR_INSERTS.MISS, 0x35
UNC_CHA_TOR_INSERTS.MMCFG, 0x35
UNC_CHA_TOR_INSERTS.NEARMEM, 0x35
UNC_CHA_TOR_INSERTS.NONCOH, 0x35
UNC_CHA_TOR_INSERTS.NOT_NEARMEM, 0x35
UNC_CHA_TOR_INSERTS.PMM, 0x35
UNC_CHA_TOR_INSERTS.PREMORPH_OPC, 0x35
UNC_CHA_TOR_INSERTS.PRQ_IOSF, 0x435
UNC_CHA_TOR_INSERTS.PRQ_NON_IOSF, 0x2035
UNC_CHA_TOR_INSERTS.REMOTE_TGT, 0x35
UNC_CHA_TOR_INSERTS.RRQ, 0x4035
UNC_CHA_TOR_INSERTS.WBQ, 0x8035
UNC_CHA_TOR_OCCUPANCY.DDR, 0x36
UNC_CHA_TOR_OCCUPANCY.EVICT, 0x236
UNC_CHA_TOR_OCCUPANCY.HIT, 0x36
UNC_CHA_TOR_OCCUPANCY.IA, 0xc001ff0136
UNC_CHA_TOR_OCCUPANCY.IA_CLFLUSH, 0xc8c7ff0136
UNC_CHA_TOR_OCCUPANCY.IA_CLFLUSHOPT, 0xc8d7ff0136
UNC_CHA_TOR_OCCUPANCY.IA_CRD, 0xc80fff0136
UNC_CHA_TOR_OCCUPANCY.IA_CRD_PREF, 0xc88fff0136
UNC_CHA_TOR_OCCUPANCY.IA_DRD, 0xc817ff0136
UNC_CHA_TOR_OCCUPANCY.IA_DRDPTE, 0xc837ff0136
UNC_CHA_TOR_OCCUPANCY.IA_DRD_OPT, 0xc827ff0136
UNC_CHA_TOR_OCCUPANCY.IA_DRD_OPT_PREF, 0xc8a7ff0136
UNC_CHA_TOR_OCCUPANCY.IA_DRD_PREF, 0xc897ff0136
UNC_CHA_TOR_OCCUPANCY.IA_HIT, 0xc001fd0136
UNC_CHA_TOR_OCCUPANCY.IA_HIT_CRD, 0xc80ffd0136
UNC_CHA_TOR_OCCUPANCY.IA_HIT_CRD_PREF, 0xc88ffd0136
UNC_CHA_TOR_OCCUPANCY.IA_HIT_DRD, 0xc817fd0136
UNC_CHA_TOR_OCCUPANCY.IA_HIT_DRDPTE, 0xc837fd0136
UNC_CHA_TOR_OCCUPANCY.IA_HIT_DRD_OPT, 0xc827fd0136
UNC_CHA_TOR_OCCUPANCY.IA_HIT_DRD_OPT_PREF, 0xc8a7fd0136
UNC_CHA_TOR_OCCUPANCY.IA_HIT_DRD_PREF, 0xc897fd0136
UNC_CHA_TOR_OCCUPANCY.IA_HIT_ITOM, 0xcc47fd0136
UNC_CHA_TOR_OCCUPANCY.IA_HIT_LLCPREFCODE, 0xcccffd0136
UNC_CHA_TOR_OCCUPANCY.IA_HIT_LLCPREFDATA, 0xccd7fd0136
UNC_CHA_TOR_OCCUPANCY.IA_HIT_LLCPREFRFO, 0xccc7fd0136
UNC_CHA_TOR_OCCUPANCY.IA_HIT_RFO, 0xc807fd0136
UNC_CHA_TOR_OCCUPANCY.IA_HIT_RFO_PREF, 0xc887fd0136
UNC_CHA_TOR_OCCUPANCY.IA_ITOM, 0xcc47ff0136
UNC_CHA_TOR_OCCUPANCY.IA_ITOMCACHENEAR, 0xcd47ff0136
UNC_CHA_TOR_OCCUPANCY.IA_LLCPREFCODE, 0xcccfff0136
UNC_CHA_TOR_OCCUPANCY.IA_LLCPREFDATA, 0xccd7ff0136
UNC_CHA_TOR_OCCUPANCY.IA_LLCPREFRFO, 0xccc7ff0136
UNC_CHA_TOR_OCCUPANCY.IA_MISS, 0xc001fe0136
UNC_CHA_TOR_OCCUPANCY.IA_MISS_CRD, 0xc80ffe0136
UNC_CHA_TOR_OCCUPANCY.IA_MISS_CRD_LOCAL, 0xc80efe0136
UNC_CHA_TOR_OCCUPANCY.IA_MISS_CRD_PREF, 0xc88ffe0136
UNC_CHA_TOR_OCCUPANCY.IA_MISS_CRD_PREF_LOCAL, 0xc88efe0136
UNC_CHA_TOR_OCCUPANCY.IA_MISS_CRD_PREF_REMOTE, 0xc88f7e0136
UNC_CHA_TOR_OCCUPANCY.IA_MISS_CRD_REMOTE, 0xc80f7e0136
UNC_CHA_TOR_OCCUPANCY.IA_MISS_DRD, 0xc817fe0136
UNC_CHA_TOR_OCCUPANCY.IA_MISS_DRDPTE, 0xc837fe0136
UNC_CHA_TOR_OCCUPANCY.IA_MISS_DRD_DDR, 0xc817860136
UNC_CHA_TOR_OCCUPANCY.IA_MISS_DRD_LOCAL, 0xc816fe0136
UNC_CHA_TOR_OCCUPANCY.IA_MISS_DRD_LOCAL_DDR, 0xc816860136
UNC_CHA_TOR_OCCUPANCY.IA_MISS_DRD_LOCAL_PMM, 0xc8168a0136
UNC_CHA_TOR_OCCUPANCY.IA_MISS_DRD_OPT, 0xc827fe0136
UNC_CHA_TOR_OCCUPANCY.IA_MISS_DRD_OPT_PREF, 0xc8a7fe0136
UNC_CHA_TOR_OCCUPANCY.IA_MISS_DRD_PMM, 0xc8178a0136
UNC_CHA_TOR_OCCUPANCY.IA_MISS_DRD_PREF, 0xc897fe0136
UNC_CHA_TOR_OCCUPANCY.IA_MISS_DRD_PREF_DDR, 0xc897860136
UNC_CHA_TOR_OCCUPANCY.IA_MISS_DRD_PREF_LOCAL, 0xc896fe0136
UNC_CHA_TOR_OCCUPANCY.IA_MISS_DRD_PREF_LOCAL_DDR, 0xc896860136
UNC_CHA_TOR_OCCUPANCY.IA_MISS_DRD_PREF_LOCAL_PMM, 0xc8968a0136
UNC_CHA_TOR_OCCUPANCY.IA_MISS_DRD_PREF_PMM, 0xc8978a0136
UNC_CHA_TOR_OCCUPANCY.IA_MISS_DRD_PREF_REMOTE, 0xc8977e0136
UNC_CHA_TOR_OCCUPANCY.IA_MISS_DRD_PREF_REMOTE_DDR, 0xc897060136
UNC_CHA_TOR_OCCUPANCY.IA_MISS_DRD_PREF_REMOTE_PMM, 0xc8970a0136
UNC_CHA_TOR_OCCUPANCY.IA_MISS_DRD_REMOTE, 0xc8177e0136
UNC_CHA_TOR_OCCUPANCY.IA_MISS_DRD_REMOTE_DDR, 0xc817060136
UNC_CHA_TOR_OCCUPANCY.IA_MISS_DRD_REMOTE_PMM, 0xc8170a0136
UNC_CHA_TOR_OCCUPANCY.IA_MISS_FULL_STREAMING_WR, 0xc867fe0136
UNC_CHA_TOR_OCCUPANCY.IA_MISS_FULL_STREAMING_WR_DDR, 0xc867860136
UNC_CHA_TOR_OCCUPANCY.IA_MISS_FULL_STREAMING_WR_LOCAL_DDR, 0xc866860136
UNC_CHA_TOR_OCCUPANCY.IA_MISS_FULL_STREAMING_WR_LOCAL_PMM, 0xc8668a0136
UNC_CHA_TOR_OCCUPANCY.IA_MISS_FULL_STREAMING_WR_PMM, 0xc8678a0136
UNC_CHA_TOR_OCCUPANCY.IA_MISS_FULL_STREAMING_WR_REMOTE_DDR, 0xc867060136
UNC_CHA_TOR_OCCUPANCY.IA_MISS_FULL_STREAMING_WR_REMOTE_PMM, 0xc8670a0136
UNC_CHA_TOR_OCCUPANCY.IA_MISS_ITOM, 0xcc47fe0136
UNC_CHA_TOR_OCCUPANCY.IA_MISS_LLCPREFCODE, 0xcccffe0136
UNC_CHA_TOR_OCCUPANCY.IA_MISS_LLCPREFDATA, 0xccd7fe0136
UNC_CHA_TOR_OCCUPANCY.IA_MISS_LLCPREFRFO, 0xccc7fe0136
UNC_CHA_TOR_OCCUPANCY.IA_MISS_LOCAL_WCILF_DDR, 0xc866860136
UNC_CHA_TOR_OCCUPANCY.IA_MISS_LOCAL_WCILF_PMM, 0xc8668a0136
UNC_CHA_TOR_OCCUPANCY.IA_MISS_LOCAL_WCIL_DDR, 0xc86e860136
UNC_CHA_TOR_OCCUPANCY.IA_MISS_LOCAL_WCIL_PMM, 0xc86e8a0136
UNC_CHA_TOR_OCCUPANCY.IA_MISS_PARTIAL_STREAMING_WR, 0xc86ffe0136
UNC_CHA_TOR_OCCUPANCY.IA_MISS_PARTIAL_STREAMING_WR_DDR, 0xc86f860136
UNC_CHA_TOR_OCCUPANCY.IA_MISS_PARTIAL_STREAMING_WR_LOCAL_DDR, 0xc86e860136
UNC_CHA_TOR_OCCUPANCY.IA_MISS_PARTIAL_STREAMING_WR_LOCAL_PMM, 0xc86e8a0136
UNC_CHA_TOR_OCCUPANCY.IA_MISS_PARTIAL_STREAMING_WR_PMM, 0xc86f8a0136
UNC_CHA_TOR_OCCUPANCY.IA_MISS_PARTIAL_STREAMING_WR_REMOTE_DDR, 0xc86f060136
UNC_CHA_TOR_OCCUPANCY.IA_MISS_PARTIAL_STREAMING_WR_REMOTE_PMM, 0xc86f0a0136
UNC_CHA_TOR_OCCUPANCY.IA_MISS_REMOTE_WCILF_DDR, 0xc867060136
UNC_CHA_TOR_OCCUPANCY.IA_MISS_REMOTE_WCILF_PMM, 0xc8670a0136
UNC_CHA_TOR_OCCUPANCY.IA_MISS_REMOTE_WCIL_DDR, 0xc86f060136
UNC_CHA_TOR_OCCUPANCY.IA_MISS_REMOTE_WCIL_PMM, 0xc86f0a0136
UNC_CHA_TOR_OCCUPANCY.IA_MISS_RFO, 0xc807fe0136
UNC_CHA_TOR_OCCUPANCY.IA_MISS_RFO_LOCAL, 0xc806fe0136
UNC_CHA_TOR_OCCUPANCY.IA_MISS_RFO_PREF, 0xc887fe0136
UNC_CHA_TOR_OCCUPANCY.IA_MISS_RFO_PREF_LOCAL, 0xc886fe0136
UNC_CHA_TOR_OCCUPANCY.IA_MISS_RFO_PREF_REMOTE, 0xc8877e0136
UNC_CHA_TOR_OCCUPANCY.IA_MISS_RFO_REMOTE, 0xc8077e0136
UNC_CHA_TOR_OCCUPANCY.IA_MISS_SPECITOM, 0xcc57fe0136
UNC_CHA_TOR_OCCUPANCY.IA_MISS_UCRDF, 0xc877de0136
UNC_CHA_TOR_OCCUPANCY.IA_MISS_WCIL, 0xc86ffe0136
UNC_CHA_TOR_OCCUPANCY.IA_MISS_WCILF, 0xc867fe0136
UNC_CHA_TOR_OCCUPANCY.IA_MISS_WCILF_DDR, 0xc867860136
UNC_CHA_TOR_OCCUPANCY.IA_MISS_WCILF_PMM, 0xc8678a0136
UNC_CHA_TOR_OCCUPANCY.IA_MISS_WCIL_DDR, 0xc86f860136
UNC_CHA_TOR_OCCUPANCY.IA_MISS_WCIL_PMM, 0xc86f8a0136
UNC_CHA_TOR_OCCUPANCY.IA_MISS_WIL, 0xc87fde0136
UNC_CHA_TOR_OCCUPANCY.IA_RFO, 0xc807ff0136
UNC_CHA_TOR_OCCUPANCY.IA_RFO_PREF, 0xc887ff0136
UNC_CHA_TOR_OCCUPANCY.IA_SPECITOM, 0xcc57ff0136
UNC_CHA_TOR_OCCUPANCY.IA_WBMTOI, 0xcc27ff0136
UNC_CHA_TOR_OCCUPANCY.IA_WCIL, 0xc86fff0136
UNC_CHA_TOR_OCCUPANCY.IA_WCILF, 0xc867ff0136
UNC_CHA_TOR_OCCUPANCY.IO, 0xc001ff0436
UNC_CHA_TOR_OCCUPANCY.IO_CLFLUSH, 0xc8c3ff0436
UNC_CHA_TOR_OCCUPANCY.IO_HIT, 0xc001fd0436
UNC_CHA_TOR_OCCUPANCY.IO_HIT_ITOM, 0xcc43fd0436
UNC_CHA_TOR_OCCUPANCY.IO_HIT_ITOMCACHENEAR, 0xcd43fd0436
UNC_CHA_TOR_OCCUPANCY.IO_HIT_PCIRDCUR, 0xc8f3fd0436
UNC_CHA_TOR_OCCUPANCY.IO_HIT_RFO, 0xc803fd0436
UNC_CHA_TOR_OCCUPANCY.IO_ITOM, 0xcc43ff0436
UNC_CHA_TOR_OCCUPANCY.IO_ITOMCACHENEAR, 0xcd43ff0436
UNC_CHA_TOR_OCCUPANCY.IO_MISS, 0xc001fe0436
UNC_CHA_TOR_OCCUPANCY.IO_MISS_ITOM, 0xcc43fe0436
UNC_CHA_TOR_OCCUPANCY.IO_MISS_ITOMCACHENEAR, 0xcd43fe0436
UNC_CHA_TOR_OCCUPANCY.IO_MISS_PCIRDCUR, 0xc8f3fe0436
UNC_CHA_TOR_OCCUPANCY.IO_MISS_RFO, 0xc803fe0436
UNC_CHA_TOR_OCCUPANCY.IO_PCIRDCUR, 0xc8f3ff0436
UNC_CHA_TOR_OCCUPANCY.IO_RFO, 0xc803ff0436
UNC_CHA_TOR_OCCUPANCY.IO_WBMTOI, 0xcc23ff0436
UNC_CHA_TOR_OCCUPANCY.IPQ, 0x836
UNC_CHA_TOR_OCCUPANCY.IRQ_IA, 0x136
UNC_CHA_TOR_OCCUPANCY.IRQ_NON_IA, 0x1036
UNC_CHA_TOR_OCCUPANCY.ISOC, 0x36
UNC_CHA_TOR_OCCUPANCY.LOCAL_TGT, 0x36
UNC_CHA_TOR_OCCUPANCY.LOC_ALL, 0xc000ff0536
UNC_CHA_TOR_OCCUPANCY.LOC_IA, 0xc000ff0136
UNC_CHA_TOR_OCCUPANCY.LOC_IO, 0xc000ff0436
UNC_CHA_TOR_OCCUPANCY.MATCH_OPC, 0x36
UNC_CHA_TOR_OCCUPANCY.MISS, 0x36
UNC_CHA_TOR_OCCUPANCY.MMCFG, 0x36
UNC_CHA_TOR_OCCUPANCY.NEARMEM, 0x36
UNC_CHA_TOR_OCCUPANCY.NONCOH, 0x36
UNC_CHA_TOR_OCCUPANCY.NOT_NEARMEM, 0x36
UNC_CHA_TOR_OCCUPANCY.PMM, 0x36
UNC_CHA_TOR_OCCUPANCY.PREMORPH_OPC, 0x36
UNC_CHA_TOR_OCCUPANCY.PRQ, 0x436
UNC_CHA_TOR_OCCUPANCY.PRQ_NON_IOSF, 0x2036
UNC_CHA_TOR_OCCUPANCY.REMOTE_TGT, 0x36
UNC_CHA_TxR_HORZ_ADS_USED.AD_ALL, 0x11a6
UNC_CHA_TxR_HORZ_ADS_USED.AD_CRD, 0x10a6
UNC_CHA_TxR_HORZ_ADS_USED.AD_UNCRD, 0x1a6
UNC_CHA_TxR_HORZ_ADS_USED.BL_ALL, 0x44a6
UNC_CHA_TxR_HORZ_ADS_USED.BL_CRD, 0x40a6
UNC_CHA_TxR_HORZ_ADS_USED.BL_UNCRD, 0x4a6
UNC_CHA_TxR_HORZ_BYPASS.AD_ALL, 0x11a7
UNC_CHA_TxR_HORZ_BYPASS.AD_CRD, 0x10a7
UNC_CHA_TxR_HORZ_BYPASS.AD_UNCRD, 0x1a7
UNC_CHA_TxR_HORZ_BYPASS.AK, 0x2a7
UNC_CHA_TxR_HORZ_BYPASS.AKC_UNCRD, 0x80a7
UNC_CHA_TxR_HORZ_BYPASS.BL_ALL, 0x44a7
UNC_CHA_TxR_HORZ_BYPASS.BL_CRD, 0x40a7
UNC_CHA_TxR_HORZ_BYPASS.BL_UNCRD, 0x4a7
UNC_CHA_TxR_HORZ_BYPASS.IV, 0x8a7
UNC_CHA_TxR_HORZ_CYCLES_FULL.AD_ALL, 0x11a2
UNC_CHA_TxR_HORZ_CYCLES_FULL.AD_CRD, 0x10a2
UNC_CHA_TxR_HORZ_CYCLES_FULL.AD_UNCRD, 0x1a2
UNC_CHA_TxR_HORZ_CYCLES_FULL.AK, 0x2a2
UNC_CHA_TxR_HORZ_CYCLES_FULL.AKC_UNCRD, 0x80a2
UNC_CHA_TxR_HORZ_CYCLES_FULL.BL_ALL, 0x44a2
UNC_CHA_TxR_HORZ_CYCLES_FULL.BL_CRD, 0x40a2
UNC_CHA_TxR_HORZ_CYCLES_FULL.BL_UNCRD, 0x4a2
UNC_CHA_TxR_HORZ_CYCLES_FULL.IV, 0x8a2
UNC_CHA_TxR_HORZ_CYCLES_NE.AD_ALL, 0x11a3
UNC_CHA_TxR_HORZ_CYCLES_NE.AD_CRD, 0x10a3
UNC_CHA_TxR_HORZ_CYCLES_NE.AD_UNCRD, 0x1a3
UNC_CHA_TxR_HORZ_CYCLES_NE.AK, 0x2a3
UNC_CHA_TxR_HORZ_CYCLES_NE.AKC_UNCRD, 0x80a3
UNC_CHA_TxR_HORZ_CYCLES_NE.BL_ALL, 0x44a3
UNC_CHA_TxR_HORZ_CYCLES_NE.BL_CRD, 0x40a3
UNC_CHA_TxR_HORZ_CYCLES_NE.BL_UNCRD, 0x4a3
UNC_CHA_TxR_HORZ_CYCLES_NE.IV, 0x8a3
UNC_CHA_TxR_HORZ_INSERTS.AD_ALL, 0x11a1
UNC_CHA_TxR_HORZ_INSERTS.AD_CRD, 0x10a1
UNC_CHA_TxR_HORZ_INSERTS.AD_UNCRD, 0x1a1
UNC_CHA_TxR_HORZ_INSERTS.AK, 0x2a1
UNC_CHA_TxR_HORZ_INSERTS.AKC_UNCRD, 0x80a1
UNC_CHA_TxR_HORZ_INSERTS.BL_ALL, 0x44a1
UNC_CHA_TxR_HORZ_INSERTS.BL_CRD, 0x40a1
UNC_CHA_TxR_HORZ_INSERTS.BL_UNCRD, 0x4a1
UNC_CHA_TxR_HORZ_INSERTS.IV, 0x8a1
UNC_CHA_TxR_HORZ_NACK.AD_ALL, 0x11a4
UNC_CHA_TxR_HORZ_NACK.AD_CRD, 0x10a4
UNC_CHA_TxR_HORZ_NACK.AD_UNCRD, 0x1a4
UNC_CHA_TxR_HORZ_NACK.AK, 0x2a4
UNC_CHA_TxR_HORZ_NACK.AKC_UNCRD, 0x80a4
UNC_CHA_TxR_HORZ_NACK.BL_ALL, 0x44a4
UNC_CHA_TxR_HORZ_NACK.BL_CRD, 0x40a4
UNC_CHA_TxR_HORZ_NACK.BL_UNCRD, 0x4a4
UNC_CHA_TxR_HORZ_NACK.IV, 0x8a4
UNC_CHA_TxR_HORZ_OCCUPANCY.AD_ALL, 0x11a0
UNC_CHA_TxR_HORZ_OCCUPANCY.AD_CRD, 0x10a0
UNC_CHA_TxR_HORZ_OCCUPANCY.AD_UNCRD, 0x1a0
UNC_CHA_TxR_HORZ_OCCUPANCY.AK, 0x2a0
UNC_CHA_TxR_HORZ_OCCUPANCY.AKC_UNCRD, 0x80a0
UNC_CHA_TxR_HORZ_OCCUPANCY.BL_ALL, 0x44a0
UNC_CHA_TxR_HORZ_OCCUPANCY.BL_CRD, 0x40a0
UNC_CHA_TxR_HORZ_OCCUPANCY.BL_UNCRD, 0x4a0
UNC_CHA_TxR_HORZ_OCCUPANCY.IV, 0x8a0
UNC_CHA_TxR_HORZ_STARVED.AD_ALL, 0x1a5
UNC_CHA_TxR_HORZ_STARVED.AD_UNCRD, 0x1a5
UNC_CHA_TxR_HORZ_STARVED.AK, 0x2a5
UNC_CHA_TxR_HORZ_STARVED.AKC_UNCRD, 0x80a5
UNC_CHA_TxR_HORZ_STARVED.BL_ALL, 0x4a5
UNC_CHA_TxR_HORZ_STARVED.BL_UNCRD, 0x4a5
UNC_CHA_TxR_HORZ_STARVED.IV, 0x8a5
UNC_CHA_TxR_VERT_ADS_USED.AD_AG0, 0x19c
UNC_CHA_TxR_VERT_ADS_USED.AD_AG1, 0x109c
UNC_CHA_TxR_VERT_ADS_USED.BL_AG0, 0x49c
UNC_CHA_TxR_VERT_ADS_USED.BL_AG1, 0x409c
UNC_CHA_TxR_VERT_BYPASS.AD_AG0, 0x19d
UNC_CHA_TxR_VERT_BYPASS.AD_AG1, 0x109d
UNC_CHA_TxR_VERT_BYPASS.AK_AG0, 0x29d
UNC_CHA_TxR_VERT_BYPASS.AK_AG1, 0x209d
UNC_CHA_TxR_VERT_BYPASS.BL_AG0, 0x49d
UNC_CHA_TxR_VERT_BYPASS.BL_AG1, 0x409d
UNC_CHA_TxR_VERT_BYPASS.IV_AG1, 0x89d
UNC_CHA_TxR_VERT_BYPASS_1.AKC_AG0, 0x19e
UNC_CHA_TxR_VERT_BYPASS_1.AKC_AG1, 0x29e
UNC_CHA_TxR_VERT_CYCLES_FULL0.AD_AG0, 0x194
UNC_CHA_TxR_VERT_CYCLES_FULL0.AD_AG1, 0x1094
UNC_CHA_TxR_VERT_CYCLES_FULL0.AK_AG0, 0x294
UNC_CHA_TxR_VERT_CYCLES_FULL0.AK_AG1, 0x2094
UNC_CHA_TxR_VERT_CYCLES_FULL0.BL_AG0, 0x494
UNC_CHA_TxR_VERT_CYCLES_FULL0.BL_AG1, 0x4094
UNC_CHA_TxR_VERT_CYCLES_FULL0.IV_AG0, 0x894
UNC_CHA_TxR_VERT_CYCLES_FULL1.AKC_AG0, 0x195
UNC_CHA_TxR_VERT_CYCLES_FULL1.AKC_AG1, 0x295
UNC_CHA_TxR_VERT_CYCLES_NE0.AD_AG0, 0x196
UNC_CHA_TxR_VERT_CYCLES_NE0.AD_AG1, 0x1096
UNC_CHA_TxR_VERT_CYCLES_NE0.AK_AG0, 0x296
UNC_CHA_TxR_VERT_CYCLES_NE0.AK_AG1, 0x2096
UNC_CHA_TxR_VERT_CYCLES_NE0.BL_AG0, 0x496
UNC_CHA_TxR_VERT_CYCLES_NE0.BL_AG1, 0x4096
UNC_CHA_TxR_VERT_CYCLES_NE0.IV_AG0, 0x896
UNC_CHA_TxR_VERT_CYCLES_NE1.AKC_AG0, 0x197
UNC_CHA_TxR_VERT_CYCLES_NE1.AKC_AG1, 0x297
UNC_CHA_TxR_VERT_INSERTS0.AD_AG0, 0x192
UNC_CHA_TxR_VERT_INSERTS0.AD_AG1, 0x1092
UNC_CHA_TxR_VERT_INSERTS0.AK_AG0, 0x292
UNC_CHA_TxR_VERT_INSERTS0.AK_AG1, 0x2092
UNC_CHA_TxR_VERT_INSERTS0.BL_AG0, 0x492
UNC_CHA_TxR_VERT_INSERTS0.BL_AG1, 0x4092
UNC_CHA_TxR_VERT_INSERTS0.IV_AG0, 0x892
UNC_CHA_TxR_VERT_INSERTS1.AKC_AG0, 0x193
UNC_CHA_TxR_VERT_INSERTS1.AKC_AG1, 0x293
UNC_CHA_TxR_VERT_NACK0.AD_AG0, 0x198
UNC_CHA_TxR_VERT_NACK0.AD_AG1, 0x1098
UNC_CHA_TxR_VERT_NACK0.AK_AG0, 0x298
UNC_CHA_TxR_VERT_NACK0.AK_AG1, 0x2098
UNC_CHA_TxR_VERT_NACK0.BL_AG0, 0x498
UNC_CHA_TxR_VERT_NACK0.BL_AG1, 0x4098
UNC_CHA_TxR_VERT_NACK0.IV_AG0, 0x898
UNC_CHA_TxR_VERT_NACK1.AKC_AG0, 0x199
UNC_CHA_TxR_VERT_NACK1.AKC_AG1, 0x299
UNC_CHA_TxR_VERT_OCCUPANCY0.AD_AG0, 0x190
UNC_CHA_TxR_VERT_OCCUPANCY0.AD_AG1, 0x1090
UNC_CHA_TxR_VERT_OCCUPANCY0.AK_AG0, 0x290
UNC_CHA_TxR_VERT_OCCUPANCY0.AK_AG1, 0x2090
UNC_CHA_TxR_VERT_OCCUPANCY0.BL_AG0, 0x490
UNC_CHA_TxR_VERT_OCCUPANCY0.BL_AG1, 0x4090
UNC_CHA_TxR_VERT_OCCUPANCY0.IV_AG0, 0x890
UNC_CHA_TxR_VERT_OCCUPANCY1.AKC_AG0, 0x191
UNC_CHA_TxR_VERT_OCCUPANCY1.AKC_AG1, 0x291
UNC_CHA_TxR_VERT_STARVED0.AD_AG0, 0x19a
UNC_CHA_TxR_VERT_STARVED0.AD_AG1, 0x109a
UNC_CHA_TxR_VERT_STARVED0.AK_AG0, 0x29a
UNC_CHA_TxR_VERT_STARVED0.AK_AG1, 0x209a
UNC_CHA_TxR_VERT_STARVED0.BL_AG0, 0x49a
UNC_CHA_TxR_VERT_STARVED0.BL_AG1, 0x409a
UNC_CHA_TxR_VERT_STARVED0.IV_AG0, 0x89a
UNC_CHA_TxR_VERT_STARVED1.AKC_AG0, 0x19b
UNC_CHA_TxR_VERT_STARVED1.AKC_AG1, 0x29b
UNC_CHA_TxR_VERT_STARVED1.TGC, 0x49b
UNC_CHA_VERT_RING_AD_IN_USE.DN_EVEN, 0x4b0
UNC_CHA_VERT_RING_AD_IN_USE.DN_ODD, 0x8b0
UNC_CHA_VERT_RING_AD_IN_USE.UP_EVEN, 0x1b0
UNC_CHA_VERT_RING_AD_IN_USE.UP_ODD, 0x2b0
UNC_CHA_VERT_RING_AKC_IN_USE.DN_EVEN, 0x4b4
UNC_CHA_VERT_RING_AKC_IN_USE.DN_ODD, 0x8b4
UNC_CHA_VERT_RING_AKC_IN_USE.UP_EVEN, 0x1b4
UNC_CHA_VERT_RING_AKC_IN_USE.UP_ODD, 0x2b4
UNC_CHA_VERT_RING_AK_IN_USE.DN_EVEN, 0x4b1
UNC_CHA_VERT_RING_AK_IN_USE.DN_ODD, 0x8b1
UNC_CHA_VERT_RING_AK_IN_USE.UP_EVEN, 0x1b1
UNC_CHA_VERT_RING_AK_IN_USE.UP_ODD, 0x2b1
UNC_CHA_VERT_RING_BL_IN_USE.DN_EVEN, 0x4b2
UNC_CHA_VERT_RING_BL_IN_USE.DN_ODD, 0x8b2
UNC_CHA_VERT_RING_BL_IN_USE.UP_EVEN, 0x1b2
UNC_CHA_VERT_RING_BL_IN_USE.UP_ODD, 0x2b2
UNC_CHA_VERT_RING_IV_IN_USE.DN, 0x4b3
UNC_CHA_VERT_RING_IV_IN_USE.UP, 0x1b3
UNC_CHA_VERT_RING_TGC_IN_USE.DN_EVEN, 0x4b5
UNC_CHA_VERT_RING_TGC_IN_USE.DN_ODD, 0x8b5
UNC_CHA_VERT_RING_TGC_IN_USE.UP_EVEN, 0x1b5
UNC_CHA_VERT_RING_TGC_IN_USE.UP_ODD, 0x2b5
UNC_CHA_WB_PUSH_MTOI.LLC, 0x156
UNC_CHA_WB_PUSH_MTOI.MEM, 0x256
UNC_CHA_WRITE_NO_CREDITS.MC0, 0x15a
UNC_CHA_WRITE_NO_CREDITS.MC1, 0x25a
UNC_CHA_WRITE_NO_CREDITS.MC10, 0x5a
UNC_CHA_WRITE_NO_CREDITS.MC11, 0x5a
UNC_CHA_WRITE_NO_CREDITS.MC12, 0x5a
UNC_CHA_WRITE_NO_CREDITS.MC13, 0x5a
UNC_CHA_WRITE_NO_CREDITS.MC2, 0x45a
UNC_CHA_WRITE_NO_CREDITS.MC3, 0x85a
UNC_CHA_WRITE_NO_CREDITS.MC4, 0x105a
UNC_CHA_WRITE_NO_CREDITS.MC5, 0x205a
UNC_CHA_WRITE_NO_CREDITS.MC6, 0x405a
UNC_CHA_WRITE_NO_CREDITS.MC7, 0x805a
UNC_CHA_WRITE_NO_CREDITS.MC8, 0x5a
UNC_CHA_WRITE_NO_CREDITS.MC9, 0x5a
UNC_CHA_XPT_PREF.DROP0_CONFLICT, 0x86f
UNC_CHA_XPT_PREF.DROP0_NOCRD, 0x46f
UNC_CHA_XPT_PREF.DROP1_CONFLICT, 0x806f
UNC_CHA_XPT_PREF.DROP1_NOCRD, 0x406f
UNC_CHA_XPT_PREF.SENT0, 0x16f
UNC_CHA_XPT_PREF.SENT1, 0x106f
CORE_POWER.LVL0_TURBO_LICENSE, 0x728
CORE_POWER.LVL1_TURBO_LICENSE, 0x1828
CORE_POWER.LVL2_TURBO_LICENSE, 0x2028
BACLEARS.ANY, 0x1e6
DECODE.LCP, 0x187
DSB2MITE_SWITCHES.COUNT, 0x2ab
DSB2MITE_SWITCHES.PENALTY_CYCLES, 0x2ab
FRONTEND_RETIRED.ANY_DSB_MISS, 0x1c6
FRONTEND_RETIRED.DSB_MISS, 0x1c6
FRONTEND_RETIRED.ITLB_MISS, 0x1c6
FRONTEND_RETIRED.L1I_MISS, 0x1c6
FRONTEND_RETIRED.L2_MISS, 0x1c6
FRONTEND_RETIRED.LATENCY_GE_1, 0x1c6
FRONTEND_RETIRED.LATENCY_GE_128, 0x1c6
FRONTEND_RETIRED.LATENCY_GE_16, 0x1c6
FRONTEND_RETIRED.LATENCY_GE_2, 0x1c6
FRONTEND_RETIRED.LATENCY_GE_256, 0x1c6
FRONTEND_RETIRED.LATENCY_GE_2_BUBBLES_GE_1, 0x1c6
FRONTEND_RETIRED.LATENCY_GE_32, 0x1c6
FRONTEND_RETIRED.LATENCY_GE_4, 0x1c6
FRONTEND_RETIRED.LATENCY_GE_512, 0x1c6
FRONTEND_RETIRED.LATENCY_GE_64, 0x1c6
FRONTEND_RETIRED.LATENCY_GE_8, 0x1c6
FRONTEND_RETIRED.STLB_MISS, 0x1c6
ICACHE_16B.IFDATA_STALL, 0x480
ICACHE_64B.IFTAG_HIT, 0x183
ICACHE_64B.IFTAG_MISS, 0x283
ICACHE_64B.IFTAG_STALL, 0x483
ICACHE_DATA.STALLS, 0x480
ICACHE_TAG.STALLS, 0x483
IDQ.DSB_CYCLES_ANY, 0x879
IDQ.DSB_CYCLES_OK, 0x879
IDQ.DSB_UOPS, 0x879
IDQ.MITE_CYCLES_ANY, 0x479
IDQ.MITE_CYCLES_OK, 0x479
IDQ.MITE_UOPS, 0x479
IDQ.MS_SWITCHES, 0x3079
IDQ.MS_UOPS, 0x3079
IDQ_UOPS_NOT_DELIVERED.CORE, 0x19c
IDQ_UOPS_NOT_DELIVERED.CYCLES_0_UOPS_DELIV.CORE, 0x19c
IDQ_UOPS_NOT_DELIVERED.CYCLES_FE_WAS_OK, 0x19c
UNC_I_CACHE_TOTAL_OCCUPANCY.ANY, 0x10f
UNC_I_CACHE_TOTAL_OCCUPANCY.IV_Q, 0x20f
UNC_I_CACHE_TOTAL_OCCUPANCY.MEM, 0x40f
UNC_I_CLOCKTICKS, 0x1
UNC_I_COHERENT_OPS.CLFLUSH, 0x8010
UNC_I_COHERENT_OPS.PCITOM, 0x1010
UNC_I_COHERENT_OPS.RFO, 0x810
UNC_I_COHERENT_OPS.WBMTOI, 0x4010
UNC_I_FAF_FULL, 0x17
UNC_I_FAF_INSERTS, 0x18
UNC_I_FAF_OCCUPANCY, 0x19
UNC_I_FAF_TRANSACTIONS, 0x16
UNC_I_IRP_ALL.EVICTS, 0x420
UNC_I_IRP_ALL.INBOUND_INSERTS, 0x120
UNC_I_IRP_ALL.OUTBOUND_INSERTS, 0x220
UNC_I_MISC0.2ND_ATOMIC_INSERT, 0x101e
UNC_I_MISC0.2ND_RD_INSERT, 0x41e
UNC_I_MISC0.2ND_WR_INSERT, 0x81e
UNC_I_MISC0.FAST_REJ, 0x21e
UNC_I_MISC0.FAST_REQ, 0x11e
UNC_I_MISC0.FAST_XFER, 0x201e
UNC_I_MISC0.PF_ACK_HINT, 0x401e
UNC_I_MISC0.SLOWPATH_FWPF_NO_PRF, 0x801e
UNC_I_MISC1.LOST_FWD, 0x101f
UNC_I_MISC1.SEC_RCVD_INVLD, 0x201f
UNC_I_MISC1.SEC_RCVD_VLD, 0x401f
UNC_I_MISC1.SLOW_E, 0x41f
UNC_I_MISC1.SLOW_I, 0x11f
UNC_I_MISC1.SLOW_M, 0x81f
UNC_I_MISC1.SLOW_S, 0x21f
UNC_I_P2P_INSERTS, 0x14
UNC_I_P2P_OCCUPANCY, 0x15
UNC_I_P2P_TRANSACTIONS.CMPL, 0x813
UNC_I_P2P_TRANSACTIONS.LOC, 0x4013
UNC_I_P2P_TRANSACTIONS.LOC_AND_TGT_MATCH, 0x8013
UNC_I_P2P_TRANSACTIONS.MSG, 0x413
UNC_I_P2P_TRANSACTIONS.RD, 0x113
UNC_I_P2P_TRANSACTIONS.REM, 0x1013
UNC_I_P2P_TRANSACTIONS.REM_AND_TGT_MATCH, 0x2013
UNC_I_P2P_TRANSACTIONS.WR, 0x213
UNC_I_SNOOP_RESP.ALL_HIT, 0x7e12
UNC_I_SNOOP_RESP.ALL_HIT_ES, 0x7412
UNC_I_SNOOP_RESP.ALL_HIT_I, 0x7212
UNC_I_SNOOP_RESP.ALL_HIT_M, 0x7812
UNC_I_SNOOP_RESP.ALL_MISS, 0x7112
UNC_I_SNOOP_RESP.HIT_ES, 0x412
UNC_I_SNOOP_RESP.HIT_I, 0x212
UNC_I_SNOOP_RESP.HIT_M, 0x812
UNC_I_SNOOP_RESP.MISS, 0x112
UNC_I_SNOOP_RESP.SNPCODE, 0x1012
UNC_I_SNOOP_RESP.SNPDATA, 0x2012
UNC_I_SNOOP_RESP.SNPINV, 0x4012
UNC_I_TRANSACTIONS.ATOMIC, 0x1011
UNC_I_TRANSACTIONS.OTHER, 0x2011
UNC_I_TRANSACTIONS.WRITES, 0x211
UNC_I_TRANSACTIONS.WR_PREF, 0x811
UNC_I_TxC_AK_INSERTS, 0xb
UNC_I_TxC_BL_DRS_CYCLES_FULL, 0x5
UNC_I_TxC_BL_DRS_INSERTS, 0x2
UNC_I_TxC_BL_DRS_OCCUPANCY, 0x8
UNC_I_TxC_BL_NCB_CYCLES_FULL, 0x6
UNC_I_TxC_BL_NCB_INSERTS, 0x3
UNC_I_TxC_BL_NCB_OCCUPANCY, 0x9
UNC_I_TxC_BL_NCS_CYCLES_FULL, 0x7
UNC_I_TxC_BL_NCS_INSERTS, 0x4
UNC_I_TxC_BL_NCS_OCCUPANCY, 0xa
UNC_I_TxR2_AD01_STALL_CREDIT_CYCLES, 0x1c
UNC_I_TxR2_AD0_STALL_CREDIT_CYCLES, 0x1a
UNC_I_TxR2_AD1_STALL_CREDIT_CYCLES, 0x1b
UNC_I_TxR2_BL_STALL_CREDIT_CYCLES, 0x1d
UNC_I_TxS_DATA_INSERTS_NCB, 0xd
UNC_I_TxS_DATA_INSERTS_NCS, 0xe
UNC_I_TxS_REQUEST_OCCUPANCY, 0xc
UNC_M2M_AG0_AD_CRD_ACQUIRED0.TGR0, 0x180
UNC_M2M_AG0_AD_CRD_ACQUIRED0.TGR1, 0x280
UNC_M2M_AG0_AD_CRD_ACQUIRED0.TGR2, 0x480
UNC_M2M_AG0_AD_CRD_ACQUIRED0.TGR3, 0x880
UNC_M2M_AG0_AD_CRD_ACQUIRED0.TGR4, 0x1080
UNC_M2M_AG0_AD_CRD_ACQUIRED0.TGR5, 0x2080
UNC_M2M_AG0_AD_CRD_ACQUIRED0.TGR6, 0x4080
UNC_M2M_AG0_AD_CRD_ACQUIRED0.TGR7, 0x8080
UNC_M2M_AG0_AD_CRD_ACQUIRED1.TGR10, 0x481
UNC_M2M_AG0_AD_CRD_ACQUIRED1.TGR8, 0x181
UNC_M2M_AG0_AD_CRD_ACQUIRED1.TGR9, 0x281
UNC_M2M_AG0_AD_CRD_OCCUPANCY0.TGR0, 0x182
UNC_M2M_AG0_AD_CRD_OCCUPANCY0.TGR1, 0x282
UNC_M2M_AG0_AD_CRD_OCCUPANCY0.TGR2, 0x482
UNC_M2M_AG0_AD_CRD_OCCUPANCY0.TGR3, 0x882
UNC_M2M_AG0_AD_CRD_OCCUPANCY0.TGR4, 0x1082
UNC_M2M_AG0_AD_CRD_OCCUPANCY0.TGR5, 0x2082
UNC_M2M_AG0_AD_CRD_OCCUPANCY0.TGR6, 0x4082
UNC_M2M_AG0_AD_CRD_OCCUPANCY0.TGR7, 0x8082
UNC_M2M_AG0_AD_CRD_OCCUPANCY1.TGR10, 0x483
UNC_M2M_AG0_AD_CRD_OCCUPANCY1.TGR8, 0x183
UNC_M2M_AG0_AD_CRD_OCCUPANCY1.TGR9, 0x283
UNC_M2M_AG0_BL_CRD_ACQUIRED0.TGR0, 0x188
UNC_M2M_AG0_BL_CRD_ACQUIRED0.TGR1, 0x288
UNC_M2M_AG0_BL_CRD_ACQUIRED0.TGR2, 0x488
UNC_M2M_AG0_BL_CRD_ACQUIRED0.TGR3, 0x888
UNC_M2M_AG0_BL_CRD_ACQUIRED0.TGR4, 0x1088
UNC_M2M_AG0_BL_CRD_ACQUIRED0.TGR5, 0x2088
UNC_M2M_AG0_BL_CRD_ACQUIRED0.TGR6, 0x4088
UNC_M2M_AG0_BL_CRD_ACQUIRED0.TGR7, 0x8088
UNC_M2M_AG0_BL_CRD_ACQUIRED1.TGR10, 0x489
UNC_M2M_AG0_BL_CRD_ACQUIRED1.TGR8, 0x189
UNC_M2M_AG0_BL_CRD_ACQUIRED1.TGR9, 0x289
UNC_M2M_AG0_BL_CRD_OCCUPANCY0.TGR0, 0x18a
UNC_M2M_AG0_BL_CRD_OCCUPANCY0.TGR1, 0x28a
UNC_M2M_AG0_BL_CRD_OCCUPANCY0.TGR2, 0x48a
UNC_M2M_AG0_BL_CRD_OCCUPANCY0.TGR3, 0x88a
UNC_M2M_AG0_BL_CRD_OCCUPANCY0.TGR4, 0x108a
UNC_M2M_AG0_BL_CRD_OCCUPANCY0.TGR5, 0x208a
UNC_M2M_AG0_BL_CRD_OCCUPANCY0.TGR6, 0x408a
UNC_M2M_AG0_BL_CRD_OCCUPANCY0.TGR7, 0x808a
UNC_M2M_AG0_BL_CRD_OCCUPANCY1.TGR10, 0x48b
UNC_M2M_AG0_BL_CRD_OCCUPANCY1.TGR8, 0x18b
UNC_M2M_AG0_BL_CRD_OCCUPANCY1.TGR9, 0x28b
UNC_M2M_AG1_AD_CRD_ACQUIRED0.TGR0, 0x184
UNC_M2M_AG1_AD_CRD_ACQUIRED0.TGR1, 0x284
UNC_M2M_AG1_AD_CRD_ACQUIRED0.TGR2, 0x484
UNC_M2M_AG1_AD_CRD_ACQUIRED0.TGR3, 0x884
UNC_M2M_AG1_AD_CRD_ACQUIRED0.TGR4, 0x1084
UNC_M2M_AG1_AD_CRD_ACQUIRED0.TGR5, 0x2084
UNC_M2M_AG1_AD_CRD_ACQUIRED0.TGR6, 0x4084
UNC_M2M_AG1_AD_CRD_ACQUIRED0.TGR7, 0x8084
UNC_M2M_AG1_AD_CRD_ACQUIRED1.TGR10, 0x485
UNC_M2M_AG1_AD_CRD_ACQUIRED1.TGR8, 0x185
UNC_M2M_AG1_AD_CRD_ACQUIRED1.TGR9, 0x285
UNC_M2M_AG1_AD_CRD_OCCUPANCY0.TGR0, 0x186
UNC_M2M_AG1_AD_CRD_OCCUPANCY0.TGR1, 0x286
UNC_M2M_AG1_AD_CRD_OCCUPANCY0.TGR2, 0x486
UNC_M2M_AG1_AD_CRD_OCCUPANCY0.TGR3, 0x886
UNC_M2M_AG1_AD_CRD_OCCUPANCY0.TGR4, 0x1086
UNC_M2M_AG1_AD_CRD_OCCUPANCY0.TGR5, 0x2086
UNC_M2M_AG1_AD_CRD_OCCUPANCY0.TGR6, 0x4086
UNC_M2M_AG1_AD_CRD_OCCUPANCY0.TGR7, 0x8086
UNC_M2M_AG1_AD_CRD_OCCUPANCY1.TGR10, 0x487
UNC_M2M_AG1_AD_CRD_OCCUPANCY1.TGR8, 0x187
UNC_M2M_AG1_AD_CRD_OCCUPANCY1.TGR9, 0x287
UNC_M2M_AG1_BL_CRD_ACQUIRED0.TGR0, 0x18c
UNC_M2M_AG1_BL_CRD_ACQUIRED0.TGR1, 0x28c
UNC_M2M_AG1_BL_CRD_ACQUIRED0.TGR2, 0x48c
UNC_M2M_AG1_BL_CRD_ACQUIRED0.TGR3, 0x88c
UNC_M2M_AG1_BL_CRD_ACQUIRED0.TGR4, 0x108c
UNC_M2M_AG1_BL_CRD_ACQUIRED0.TGR5, 0x208c
UNC_M2M_AG1_BL_CRD_ACQUIRED0.TGR6, 0x408c
UNC_M2M_AG1_BL_CRD_ACQUIRED0.TGR7, 0x808c
UNC_M2M_AG1_BL_CRD_ACQUIRED1.TGR10, 0x48d
UNC_M2M_AG1_BL_CRD_ACQUIRED1.TGR8, 0x18d
UNC_M2M_AG1_BL_CRD_ACQUIRED1.TGR9, 0x28d
UNC_M2M_AG1_BL_CRD_OCCUPANCY0.TGR0, 0x18e
UNC_M2M_AG1_BL_CRD_OCCUPANCY0.TGR1, 0x28e
UNC_M2M_AG1_BL_CRD_OCCUPANCY0.TGR2, 0x48e
UNC_M2M_AG1_BL_CRD_OCCUPANCY0.TGR3, 0x88e
UNC_M2M_AG1_BL_CRD_OCCUPANCY0.TGR4, 0x108e
UNC_M2M_AG1_BL_CRD_OCCUPANCY0.TGR5, 0x208e
UNC_M2M_AG1_BL_CRD_OCCUPANCY0.TGR6, 0x408e
UNC_M2M_AG1_BL_CRD_OCCUPANCY0.TGR7, 0x808e
UNC_M2M_AG1_BL_CRD_OCCUPANCY1.TGR10, 0x48f
UNC_M2M_AG1_BL_CRD_OCCUPANCY1.TGR8, 0x18f
UNC_M2M_AG1_BL_CRD_OCCUPANCY1.TGR9, 0x28f
UNC_M2M_BYPASS_M2M_EGRESS.NOT_TAKEN, 0x222
UNC_M2M_BYPASS_M2M_EGRESS.TAKEN, 0x122
UNC_M2M_BYPASS_M2M_INGRESS.NOT_TAKEN, 0x221
UNC_M2M_BYPASS_M2M_INGRESS.TAKEN, 0x121
UNC_M2M_CMS_CLOCKTICKS, 0xc0
UNC_M2M_DIRECT2CORE_NOT_TAKEN_DIRSTATE, 0x24
UNC_M2M_DIRECT2CORE_NOT_TAKEN_NOTFORKED, 0x60
UNC_M2M_DIRECT2CORE_TXN_OVERRIDE, 0x25
UNC_M2M_DIRECT2UPI_NOT_TAKEN_CREDITS, 0x28
UNC_M2M_DIRECT2UPI_NOT_TAKEN_DIRSTATE, 0x27
UNC_M2M_DIRECT2UPI_TXN_OVERRIDE, 0x29
UNC_M2M_DIRECTORY_HIT.CLEAN_A, 0x802a
UNC_M2M_DIRECTORY_HIT.CLEAN_I, 0x102a
UNC_M2M_DIRECTORY_HIT.CLEAN_P, 0x402a
UNC_M2M_DIRECTORY_HIT.CLEAN_S, 0x202a
UNC_M2M_DIRECTORY_HIT.DIRTY_A, 0x82a
UNC_M2M_DIRECTORY_HIT.DIRTY_I, 0x12a
UNC_M2M_DIRECTORY_HIT.DIRTY_P, 0x42a
UNC_M2M_DIRECTORY_HIT.DIRTY_S, 0x22a
UNC_M2M_DIRECTORY_LOOKUP.ANY, 0x12d
UNC_M2M_DIRECTORY_LOOKUP.STATE_A, 0x82d
UNC_M2M_DIRECTORY_LOOKUP.STATE_I, 0x22d
UNC_M2M_DIRECTORY_LOOKUP.STATE_S, 0x42d
UNC_M2M_DIRECTORY_MISS.CLEAN_A, 0x802b
UNC_M2M_DIRECTORY_MISS.CLEAN_I, 0x102b
UNC_M2M_DIRECTORY_MISS.CLEAN_P, 0x402b
UNC_M2M_DIRECTORY_MISS.CLEAN_S, 0x202b
UNC_M2M_DIRECTORY_MISS.DIRTY_A, 0x82b
UNC_M2M_DIRECTORY_MISS.DIRTY_I, 0x12b
UNC_M2M_DIRECTORY_MISS.DIRTY_P, 0x42b
UNC_M2M_DIRECTORY_MISS.DIRTY_S, 0x22b
UNC_M2M_DIRECTORY_UPDATE.ANY, 0x12e
UNC_M2M_DISTRESS_ASSERTED.DPT_LOCAL, 0x4af
UNC_M2M_DISTRESS_ASSERTED.DPT_NONLOCAL, 0x8af
UNC_M2M_DISTRESS_ASSERTED.DPT_STALL_IV, 0x40af
UNC_M2M_DISTRESS_ASSERTED.DPT_STALL_NOCRD, 0x80af
UNC_M2M_DISTRESS_ASSERTED.HORZ, 0x2af
UNC_M2M_DISTRESS_ASSERTED.PMM_LOCAL, 0x10af
UNC_M2M_DISTRESS_ASSERTED.PMM_NONLOCAL, 0x20af
UNC_M2M_DISTRESS_ASSERTED.VERT, 0x1af
UNC_M2M_DISTRESS_PMM, 0xf2
UNC_M2M_DISTRESS_PMM_MEMMODE, 0xf1
UNC_M2M_EGRESS_ORDERING.IV_SNOOPGO_DN, 0x4ba
UNC_M2M_EGRESS_ORDERING.IV_SNOOPGO_UP, 0x1ba
UNC_M2M_HORZ_RING_AD_IN_USE.LEFT_EVEN, 0x1b6
UNC_M2M_HORZ_RING_AD_IN_USE.LEFT_ODD, 0x2b6
UNC_M2M_HORZ_RING_AD_IN_USE.RIGHT_EVEN, 0x4b6
UNC_M2M_HORZ_RING_AD_IN_USE.RIGHT_ODD, 0x8b6
UNC_M2M_HORZ_RING_AKC_IN_USE.LEFT_EVEN, 0x1bb
UNC_M2M_HORZ_RING_AKC_IN_USE.LEFT_ODD, 0x2bb
UNC_M2M_HORZ_RING_AKC_IN_USE.RIGHT_EVEN, 0x4bb
UNC_M2M_HORZ_RING_AKC_IN_USE.RIGHT_ODD, 0x8bb
UNC_M2M_HORZ_RING_AK_IN_USE.LEFT_EVEN, 0x1b7
UNC_M2M_HORZ_RING_AK_IN_USE.LEFT_ODD, 0x2b7
UNC_M2M_HORZ_RING_AK_IN_USE.RIGHT_EVEN, 0x4b7
UNC_M2M_HORZ_RING_AK_IN_USE.RIGHT_ODD, 0x8b7
UNC_M2M_HORZ_RING_BL_IN_USE.LEFT_EVEN, 0x1b8
UNC_M2M_HORZ_RING_BL_IN_USE.LEFT_ODD, 0x2b8
UNC_M2M_HORZ_RING_BL_IN_USE.RIGHT_EVEN, 0x4b8
UNC_M2M_HORZ_RING_BL_IN_USE.RIGHT_ODD, 0x8b8
UNC_M2M_HORZ_RING_IV_IN_USE.LEFT, 0x1b9
UNC_M2M_HORZ_RING_IV_IN_USE.RIGHT, 0x4b9
UNC_M2M_IMC_READS.ALL, 0x70437
UNC_M2M_IMC_READS.CH0_ALL, 0x10437
UNC_M2M_IMC_READS.CH0_FROM_TGR, 0x14037
UNC_M2M_IMC_READS.CH0_ISOCH, 0x10237
UNC_M2M_IMC_READS.CH0_NORMAL, 0x10137
UNC_M2M_IMC_READS.CH0_TO_DDR_AS_CACHE, 0x11037
UNC_M2M_IMC_READS.CH0_TO_DDR_AS_MEM, 0x10837
UNC_M2M_IMC_READS.CH0_TO_PMM, 0x12037
UNC_M2M_IMC_READS.CH1_ALL, 0x20437
UNC_M2M_IMC_READS.CH1_FROM_TGR, 0x24037
UNC_M2M_IMC_READS.CH1_ISOCH, 0x20237
UNC_M2M_IMC_READS.CH1_NORMAL, 0x20137
UNC_M2M_IMC_READS.CH1_TO_DDR_AS_CACHE, 0x21037
UNC_M2M_IMC_READS.CH1_TO_DDR_AS_MEM, 0x20837
UNC_M2M_IMC_READS.CH1_TO_PMM, 0x22037
UNC_M2M_IMC_READS.CH2_FROM_TGR, 0x44037
UNC_M2M_IMC_READS.FROM_TGR, 0x74037
UNC_M2M_IMC_READS.ISOCH, 0x70237
UNC_M2M_IMC_READS.NORMAL, 0x70137
UNC_M2M_IMC_READS.TO_DDR_AS_CACHE, 0x71037
UNC_M2M_IMC_READS.TO_DDR_AS_MEM, 0x70837
UNC_M2M_IMC_READS.TO_PMM, 0x72037
UNC_M2M_IMC_WRITES.ALL, 0x1c1038
UNC_M2M_IMC_WRITES.CH0_ALL, 0x41038
UNC_M2M_IMC_WRITES.CH0_FROM_TGR, 0x38
UNC_M2M_IMC_WRITES.CH0_FULL, 0x40138
UNC_M2M_IMC_WRITES.CH0_FULL_ISOCH, 0x40438
UNC_M2M_IMC_WRITES.CH0_NI, 0x38
UNC_M2M_IMC_WRITES.CH0_NI_MISS, 0x38
UNC_M2M_IMC_WRITES.CH0_PARTIAL, 0x40238
UNC_M2M_IMC_WRITES.CH0_PARTIAL_ISOCH, 0x40838
UNC_M2M_IMC_WRITES.CH0_TO_DDR_AS_CACHE, 0x44038
UNC_M2M_IMC_WRITES.CH0_TO_DDR_AS_MEM, 0x42038
UNC_M2M_IMC_WRITES.CH0_TO_PMM, 0x48038
UNC_M2M_IMC_WRITES.CH1_ALL, 0x81038
UNC_M2M_IMC_WRITES.CH1_FROM_TGR, 0x38
UNC_M2M_IMC_WRITES.CH1_FULL, 0x80138
UNC_M2M_IMC_WRITES.CH1_FULL_ISOCH, 0x80438
UNC_M2M_IMC_WRITES.CH1_NI, 0x38
UNC_M2M_IMC_WRITES.CH1_NI_MISS, 0x38
UNC_M2M_IMC_WRITES.CH1_PARTIAL, 0x80238
UNC_M2M_IMC_WRITES.CH1_PARTIAL_ISOCH, 0x80838
UNC_M2M_IMC_WRITES.CH1_TO_DDR_AS_CACHE, 0x84038
UNC_M2M_IMC_WRITES.CH1_TO_DDR_AS_MEM, 0x82038
UNC_M2M_IMC_WRITES.CH1_TO_PMM, 0x88038
UNC_M2M_IMC_WRITES.FROM_TGR, 0x38
UNC_M2M_IMC_WRITES.FULL, 0x1c0138
UNC_M2M_IMC_WRITES.FULL_ISOCH, 0x1c0438
UNC_M2M_IMC_WRITES.NI, 0x38
UNC_M2M_IMC_WRITES.NI_MISS, 0x38
UNC_M2M_IMC_WRITES.PARTIAL, 0x1c0238
UNC_M2M_IMC_WRITES.PARTIAL_ISOCH, 0x1c0838
UNC_M2M_IMC_WRITES.TO_DDR_AS_CACHE, 0x1c4038
UNC_M2M_IMC_WRITES.TO_DDR_AS_MEM, 0x1c2038
UNC_M2M_IMC_WRITES.TO_PMM, 0x1c8038
UNC_M2M_MIRR_WRQ_INSERTS, 0x64
UNC_M2M_MIRR_WRQ_OCCUPANCY, 0x65
UNC_M2M_MISC_EXTERNAL.MBE_INST0, 0x1e6
UNC_M2M_MISC_EXTERNAL.MBE_INST1, 0x2e6
UNC_M2M_PKT_MATCH.MC, 0x24c
UNC_M2M_PKT_MATCH.MESH, 0x14c
UNC_M2M_PREFCAM_CIS_DROPS, 0x73
UNC_M2M_PREFCAM_CYCLES_FULL.ALLCH, 0x76b
UNC_M2M_PREFCAM_CYCLES_FULL.CH0, 0x16b
UNC_M2M_PREFCAM_CYCLES_FULL.CH1, 0x26b
UNC_M2M_PREFCAM_CYCLES_FULL.CH2, 0x46b
UNC_M2M_PREFCAM_CYCLES_NE.ALLCH, 0x76c
UNC_M2M_PREFCAM_CYCLES_NE.CH0, 0x16c
UNC_M2M_PREFCAM_CYCLES_NE.CH1, 0x26c
UNC_M2M_PREFCAM_CYCLES_NE.CH2, 0x46c
UNC_M2M_PREFCAM_DEALLOCS.CH0_HITA0_INVAL, 0x16e
UNC_M2M_PREFCAM_DEALLOCS.CH0_HITA1_INVAL, 0x26e
UNC_M2M_PREFCAM_DEALLOCS.CH0_MISS_INVAL, 0x46e
UNC_M2M_PREFCAM_DEALLOCS.CH0_RSP_PDRESET, 0x86e
UNC_M2M_PREFCAM_DEALLOCS.CH1_HITA0_INVAL, 0x106e
UNC_M2M_PREFCAM_DEALLOCS.CH1_HITA1_INVAL, 0x206e
UNC_M2M_PREFCAM_DEALLOCS.CH1_MISS_INVAL, 0x406e
UNC_M2M_PREFCAM_DEALLOCS.CH1_RSP_PDRESET, 0x806e
UNC_M2M_PREFCAM_DEALLOCS.CH2_HITA0_INVAL, 0x6e
UNC_M2M_PREFCAM_DEALLOCS.CH2_HITA1_INVAL, 0x6e
UNC_M2M_PREFCAM_DEALLOCS.CH2_MISS_INVAL, 0x6e
UNC_M2M_PREFCAM_DEALLOCS.CH2_RSP_PDRESET, 0x6e
UNC_M2M_PREFCAM_DEMAND_DROPS.CH0_UPI, 0x26f
UNC_M2M_PREFCAM_DEMAND_DROPS.CH0_XPT, 0x16f
UNC_M2M_PREFCAM_DEMAND_DROPS.CH1_UPI, 0x86f
UNC_M2M_PREFCAM_DEMAND_DROPS.CH1_XPT, 0x46f
UNC_M2M_PREFCAM_DEMAND_DROPS.CH2_UPI, 0x206f
UNC_M2M_PREFCAM_DEMAND_DROPS.CH2_XPT, 0x106f
UNC_M2M_PREFCAM_DEMAND_DROPS.UPI_ALLCH, 0x2a6f
UNC_M2M_PREFCAM_DEMAND_DROPS.XPT_ALLCH, 0x156f
UNC_M2M_PREFCAM_DEMAND_MERGE.CH0_XPTUPI, 0x174
UNC_M2M_PREFCAM_DEMAND_MERGE.CH1_XPTUPI, 0x474
UNC_M2M_PREFCAM_DEMAND_MERGE.CH2_XPTUPI, 0x1074
UNC_M2M_PREFCAM_DEMAND_MERGE.XPTUPI_ALLCH, 0x1574
UNC_M2M_PREFCAM_DEMAND_NO_MERGE.CH0_XPTUPI, 0x175
UNC_M2M_PREFCAM_DEMAND_NO_MERGE.CH1_XPTUPI, 0x475
UNC_M2M_PREFCAM_DEMAND_NO_MERGE.CH2_XPTUPI, 0x1075
UNC_M2M_PREFCAM_DEMAND_NO_MERGE.XPTUPI_ALLCH, 0x1575
UNC_M2M_PREFCAM_DROP_REASONS_CH0.ERRORBLK_RxC, 0x1070
UNC_M2M_PREFCAM_DROP_REASONS_CH0.NOT_PF_SAD_REGION, 0x270
UNC_M2M_PREFCAM_DROP_REASONS_CH0.PF_AD_CRD, 0x2070
UNC_M2M_PREFCAM_DROP_REASONS_CH0.PF_CAM_FULL, 0x4070
UNC_M2M_PREFCAM_DROP_REASONS_CH0.PF_CAM_HIT, 0x470
UNC_M2M_PREFCAM_DROP_REASONS_CH0.PF_SECURE_DROP, 0x170
UNC_M2M_PREFCAM_DROP_REASONS_CH0.RPQ_PROXY, 0x70
UNC_M2M_PREFCAM_DROP_REASONS_CH0.STOP_B2B, 0x870
UNC_M2M_PREFCAM_DROP_REASONS_CH0.UPI_THRESH, 0x70
UNC_M2M_PREFCAM_DROP_REASONS_CH0.WPQ_PROXY, 0x8070
UNC_M2M_PREFCAM_DROP_REASONS_CH0.XPT_THRESH, 0x70
UNC_M2M_PREFCAM_DROP_REASONS_CH1.ERRORBLK_RxC, 0x1071
UNC_M2M_PREFCAM_DROP_REASONS_CH1.NOT_PF_SAD_REGION, 0x271
UNC_M2M_PREFCAM_DROP_REASONS_CH1.PF_AD_CRD, 0x2071
UNC_M2M_PREFCAM_DROP_REASONS_CH1.PF_CAM_FULL, 0x4071
UNC_M2M_PREFCAM_DROP_REASONS_CH1.PF_CAM_HIT, 0x471
UNC_M2M_PREFCAM_DROP_REASONS_CH1.PF_SECURE_DROP, 0x171
UNC_M2M_PREFCAM_DROP_REASONS_CH1.RPQ_PROXY, 0x71
UNC_M2M_PREFCAM_DROP_REASONS_CH1.STOP_B2B, 0x871
UNC_M2M_PREFCAM_DROP_REASONS_CH1.UPI_THRESH, 0x71
UNC_M2M_PREFCAM_DROP_REASONS_CH1.WPQ_PROXY, 0x8071
UNC_M2M_PREFCAM_DROP_REASONS_CH1.XPT_THRESH, 0x71
UNC_M2M_PREFCAM_DROP_REASONS_CH2.ERRORBLK_RxC, 0x1072
UNC_M2M_PREFCAM_DROP_REASONS_CH2.NOT_PF_SAD_REGION, 0x272
UNC_M2M_PREFCAM_DROP_REASONS_CH2.PF_AD_CRD, 0x2072
UNC_M2M_PREFCAM_DROP_REASONS_CH2.PF_CAM_FULL, 0x4072
UNC_M2M_PREFCAM_DROP_REASONS_CH2.PF_CAM_HIT, 0x472
UNC_M2M_PREFCAM_DROP_REASONS_CH2.PF_SECURE_DROP, 0x172
UNC_M2M_PREFCAM_DROP_REASONS_CH2.RPQ_PROXY, 0x72
UNC_M2M_PREFCAM_DROP_REASONS_CH2.STOP_B2B, 0x872
UNC_M2M_PREFCAM_DROP_REASONS_CH2.UPI_THRESH, 0x72
UNC_M2M_PREFCAM_DROP_REASONS_CH2.WPQ_PROXY, 0x8072
UNC_M2M_PREFCAM_DROP_REASONS_CH2.XPT_THRESH, 0x72
UNC_M2M_PREFCAM_INSERTS.CH0_UPI, 0x26d
UNC_M2M_PREFCAM_INSERTS.CH0_XPT, 0x16d
UNC_M2M_PREFCAM_INSERTS.CH1_UPI, 0x86d
UNC_M2M_PREFCAM_INSERTS.CH1_XPT, 0x46d
UNC_M2M_PREFCAM_INSERTS.CH2_UPI, 0x206d
UNC_M2M_PREFCAM_INSERTS.CH2_XPT, 0x106d
UNC_M2M_PREFCAM_INSERTS.UPI_ALLCH, 0x2a6d
UNC_M2M_PREFCAM_INSERTS.XPT_ALLCH, 0x156d
UNC_M2M_PREFCAM_OCCUPANCY.ALLCH, 0x76a
UNC_M2M_PREFCAM_OCCUPANCY.CH0, 0x16a
UNC_M2M_PREFCAM_OCCUPANCY.CH1, 0x26a
UNC_M2M_PREFCAM_OCCUPANCY.CH2, 0x46a
UNC_M2M_PREFCAM_RESP_MISS.ALLCH, 0x776
UNC_M2M_PREFCAM_RESP_MISS.CH0, 0x176
UNC_M2M_PREFCAM_RESP_MISS.CH1, 0x276
UNC_M2M_PREFCAM_RESP_MISS.CH2, 0x476
UNC_M2M_PREFCAM_RxC_CYCLES_NE, 0x79
UNC_M2M_PREFCAM_RxC_DEALLOCS.1LM_POSTED, 0x27a
UNC_M2M_PREFCAM_RxC_DEALLOCS.CIS, 0x87a
UNC_M2M_PREFCAM_RxC_DEALLOCS.PMM_MEMMODE_ACCEPT, 0x47a
UNC_M2M_PREFCAM_RxC_DEALLOCS.SQUASHED, 0x17a
UNC_M2M_PREFCAM_RxC_INSERTS, 0x78
UNC_M2M_PREFCAM_RxC_OCCUPANCY, 0x77
UNC_M2M_RING_BOUNCES_HORZ.AD, 0x1ac
UNC_M2M_RING_BOUNCES_HORZ.AK, 0x2ac
UNC_M2M_RING_BOUNCES_HORZ.BL, 0x4ac
UNC_M2M_RING_BOUNCES_HORZ.IV, 0x8ac
UNC_M2M_RING_BOUNCES_VERT.AD, 0x1aa
UNC_M2M_RING_BOUNCES_VERT.AK, 0x2aa
UNC_M2M_RING_BOUNCES_VERT.AKC, 0x10aa
UNC_M2M_RING_BOUNCES_VERT.BL, 0x4aa
UNC_M2M_RING_BOUNCES_VERT.IV, 0x8aa
UNC_M2M_RING_SINK_STARVED_HORZ.AD, 0x1ad
UNC_M2M_RING_SINK_STARVED_HORZ.AK, 0x2ad
UNC_M2M_RING_SINK_STARVED_HORZ.AK_AG1, 0x20ad
UNC_M2M_RING_SINK_STARVED_HORZ.BL, 0x4ad
UNC_M2M_RING_SINK_STARVED_HORZ.IV, 0x8ad
UNC_M2M_RING_SINK_STARVED_VERT.AD, 0x1ab
UNC_M2M_RING_SINK_STARVED_VERT.AK, 0x2ab
UNC_M2M_RING_SINK_STARVED_VERT.AKC, 0x10ab
UNC_M2M_RING_SINK_STARVED_VERT.BL, 0x4ab
UNC_M2M_RING_SINK_STARVED_VERT.IV, 0x8ab
UNC_M2M_RING_SRC_THRTL, 0xae
UNC_M2M_RPQ_NO_REG_CRD.CH0, 0x143
UNC_M2M_RPQ_NO_REG_CRD.CH1, 0x243
UNC_M2M_RPQ_NO_REG_CRD.CH2, 0x443
UNC_M2M_RPQ_NO_REG_CRD_PMM.CHN0, 0x14f
UNC_M2M_RPQ_NO_REG_CRD_PMM.CHN1, 0x24f
UNC_M2M_RPQ_NO_REG_CRD_PMM.CHN2, 0x44f
UNC_M2M_RPQ_NO_SPEC_CRD.CH0, 0x144
UNC_M2M_RPQ_NO_SPEC_CRD.CH1, 0x244
UNC_M2M_RPQ_NO_SPEC_CRD.CH2, 0x444
UNC_M2M_RxC_AD_CYCLES_FULL, 0x4
UNC_M2M_RxC_AD_CYCLES_NE, 0x3
UNC_M2M_RxC_AD_INSERTS, 0x1
UNC_M2M_RxC_AD_OCCUPANCY, 0x2
UNC_M2M_RxC_AD_PREF_OCCUPANCY, 0x77
UNC_M2M_RxC_AK_WR_CMP, 0x5c
UNC_M2M_RxC_BL_CYCLES_FULL, 0x8
UNC_M2M_RxC_BL_CYCLES_NE, 0x7
UNC_M2M_RxC_BL_INSERTS, 0x5
UNC_M2M_RxC_BL_OCCUPANCY, 0x6
UNC_M2M_RxR_BUSY_STARVED.AD_ALL, 0x11e5
UNC_M2M_RxR_BUSY_STARVED.AD_CRD, 0x10e5
UNC_M2M_RxR_BUSY_STARVED.AD_UNCRD, 0x1e5
UNC_M2M_RxR_BUSY_STARVED.BL_ALL, 0x44e5
UNC_M2M_RxR_BUSY_STARVED.BL_CRD, 0x40e5
UNC_M2M_RxR_BUSY_STARVED.BL_UNCRD, 0x4e5
UNC_M2M_RxR_BYPASS.AD_ALL, 0x11e2
UNC_M2M_RxR_BYPASS.AD_CRD, 0x10e2
UNC_M2M_RxR_BYPASS.AD_UNCRD, 0x1e2
UNC_M2M_RxR_BYPASS.AK, 0x2e2
UNC_M2M_RxR_BYPASS.AKC_UNCRD, 0x80e2
UNC_M2M_RxR_BYPASS.BL_ALL, 0x44e2
UNC_M2M_RxR_BYPASS.BL_CRD, 0x40e2
UNC_M2M_RxR_BYPASS.BL_UNCRD, 0x4e2
UNC_M2M_RxR_BYPASS.IV, 0x8e2
UNC_M2M_RxR_CRD_STARVED.AD_ALL, 0x11e3
UNC_M2M_RxR_CRD_STARVED.AD_CRD, 0x10e3
UNC_M2M_RxR_CRD_STARVED.AD_UNCRD, 0x1e3
UNC_M2M_RxR_CRD_STARVED.AK, 0x2e3
UNC_M2M_RxR_CRD_STARVED.BL_ALL, 0x44e3
UNC_M2M_RxR_CRD_STARVED.BL_CRD, 0x40e3
UNC_M2M_RxR_CRD_STARVED.BL_UNCRD, 0x4e3
UNC_M2M_RxR_CRD_STARVED.IFV, 0x80e3
UNC_M2M_RxR_CRD_STARVED.IV, 0x8e3
UNC_M2M_RxR_CRD_STARVED_1, 0xe4
UNC_M2M_RxR_INSERTS.AD_ALL, 0x11e1
UNC_M2M_RxR_INSERTS.AD_CRD, 0x10e1
UNC_M2M_RxR_INSERTS.AD_UNCRD, 0x1e1
UNC_M2M_RxR_INSERTS.AK, 0x2e1
UNC_M2M_RxR_INSERTS.AKC_UNCRD, 0x80e1
UNC_M2M_RxR_INSERTS.BL_ALL, 0x44e1
UNC_M2M_RxR_INSERTS.BL_CRD, 0x40e1
UNC_M2M_RxR_INSERTS.BL_UNCRD, 0x4e1
UNC_M2M_RxR_INSERTS.IV, 0x8e1
UNC_M2M_RxR_OCCUPANCY.AD_ALL, 0x11e0
UNC_M2M_RxR_OCCUPANCY.AD_CRD, 0x10e0
UNC_M2M_RxR_OCCUPANCY.AD_UNCRD, 0x1e0
UNC_M2M_RxR_OCCUPANCY.AK, 0x2e0
UNC_M2M_RxR_OCCUPANCY.AKC_UNCRD, 0x80e0
UNC_M2M_RxR_OCCUPANCY.BL_ALL, 0x44e0
UNC_M2M_RxR_OCCUPANCY.BL_CRD, 0x20e0
UNC_M2M_RxR_OCCUPANCY.BL_UNCRD, 0x4e0
UNC_M2M_RxR_OCCUPANCY.IV, 0x8e0
UNC_M2M_SCOREBOARD_AD_RETRY_ACCEPTS, 0x33
UNC_M2M_SCOREBOARD_AD_RETRY_REJECTS, 0x34
UNC_M2M_SCOREBOARD_BL_RETRY_ACCEPTS, 0x35
UNC_M2M_SCOREBOARD_BL_RETRY_REJECTS, 0x36
UNC_M2M_SCOREBOARD_RD_ACCEPTS, 0x2f
UNC_M2M_SCOREBOARD_RD_REJECTS, 0x30
UNC_M2M_SCOREBOARD_WR_ACCEPTS, 0x31
UNC_M2M_SCOREBOARD_WR_REJECTS, 0x32
UNC_M2M_STALL0_NO_TxR_HORZ_CRD_AD_AG0.TGR0, 0x1d0
UNC_M2M_STALL0_NO_TxR_HORZ_CRD_AD_AG0.TGR1, 0x2d0
UNC_M2M_STALL0_NO_TxR_HORZ_CRD_AD_AG0.TGR2, 0x4d0
UNC_M2M_STALL0_NO_TxR_HORZ_CRD_AD_AG0.TGR3, 0x8d0
UNC_M2M_STALL0_NO_TxR_HORZ_CRD_AD_AG0.TGR4, 0x10d0
UNC_M2M_STALL0_NO_TxR_HORZ_CRD_AD_AG0.TGR5, 0x20d0
UNC_M2M_STALL0_NO_TxR_HORZ_CRD_AD_AG0.TGR6, 0x40d0
UNC_M2M_STALL0_NO_TxR_HORZ_CRD_AD_AG0.TGR7, 0x80d0
UNC_M2M_STALL0_NO_TxR_HORZ_CRD_AD_AG1.TGR0, 0x1d2
UNC_M2M_STALL0_NO_TxR_HORZ_CRD_AD_AG1.TGR1, 0x2d2
UNC_M2M_STALL0_NO_TxR_HORZ_CRD_AD_AG1.TGR2, 0x4d2
UNC_M2M_STALL0_NO_TxR_HORZ_CRD_AD_AG1.TGR3, 0x8d2
UNC_M2M_STALL0_NO_TxR_HORZ_CRD_AD_AG1.TGR4, 0x10d2
UNC_M2M_STALL0_NO_TxR_HORZ_CRD_AD_AG1.TGR5, 0x20d2
UNC_M2M_STALL0_NO_TxR_HORZ_CRD_AD_AG1.TGR6, 0x40d2
UNC_M2M_STALL0_NO_TxR_HORZ_CRD_AD_AG1.TGR7, 0x80d2
UNC_M2M_STALL0_NO_TxR_HORZ_CRD_BL_AG0.TGR0, 0x1d4
UNC_M2M_STALL0_NO_TxR_HORZ_CRD_BL_AG0.TGR1, 0x2d4
UNC_M2M_STALL0_NO_TxR_HORZ_CRD_BL_AG0.TGR2, 0x4d4
UNC_M2M_STALL0_NO_TxR_HORZ_CRD_BL_AG0.TGR3, 0x8d4
UNC_M2M_STALL0_NO_TxR_HORZ_CRD_BL_AG0.TGR4, 0x10d4
UNC_M2M_STALL0_NO_TxR_HORZ_CRD_BL_AG0.TGR5, 0x20d4
UNC_M2M_STALL0_NO_TxR_HORZ_CRD_BL_AG0.TGR6, 0x40d4
UNC_M2M_STALL0_NO_TxR_HORZ_CRD_BL_AG0.TGR7, 0x80d4
UNC_M2M_STALL0_NO_TxR_HORZ_CRD_BL_AG1.TGR0, 0x1d6
UNC_M2M_STALL0_NO_TxR_HORZ_CRD_BL_AG1.TGR1, 0x2d6
UNC_M2M_STALL0_NO_TxR_HORZ_CRD_BL_AG1.TGR2, 0x4d6
UNC_M2M_STALL0_NO_TxR_HORZ_CRD_BL_AG1.TGR3, 0x8d6
UNC_M2M_STALL0_NO_TxR_HORZ_CRD_BL_AG1.TGR4, 0x10d6
UNC_M2M_STALL0_NO_TxR_HORZ_CRD_BL_AG1.TGR5, 0x20d6
UNC_M2M_STALL0_NO_TxR_HORZ_CRD_BL_AG1.TGR6, 0x40d6
UNC_M2M_STALL0_NO_TxR_HORZ_CRD_BL_AG1.TGR7, 0x80d6
UNC_M2M_STALL1_NO_TxR_HORZ_CRD_AD_AG0.TGR10, 0x4d1
UNC_M2M_STALL1_NO_TxR_HORZ_CRD_AD_AG0.TGR8, 0x1d1
UNC_M2M_STALL1_NO_TxR_HORZ_CRD_AD_AG0.TGR9, 0x2d1
UNC_M2M_STALL1_NO_TxR_HORZ_CRD_AD_AG1_1.TGR10, 0x4d3
UNC_M2M_STALL1_NO_TxR_HORZ_CRD_AD_AG1_1.TGR8, 0x1d3
UNC_M2M_STALL1_NO_TxR_HORZ_CRD_AD_AG1_1.TGR9, 0x2d3
UNC_M2M_STALL1_NO_TxR_HORZ_CRD_BL_AG0_1.TGR10, 0x4d5
UNC_M2M_STALL1_NO_TxR_HORZ_CRD_BL_AG0_1.TGR8, 0x1d5
UNC_M2M_STALL1_NO_TxR_HORZ_CRD_BL_AG0_1.TGR9, 0x2d5
UNC_M2M_STALL1_NO_TxR_HORZ_CRD_BL_AG1_1.TGR10, 0x4d7
UNC_M2M_STALL1_NO_TxR_HORZ_CRD_BL_AG1_1.TGR8, 0x1d7
UNC_M2M_STALL1_NO_TxR_HORZ_CRD_BL_AG1_1.TGR9, 0x2d7
UNC_M2M_TAG_HIT.NM_RD_HIT_CLEAN, 0x12c
UNC_M2M_TAG_HIT.NM_RD_HIT_DIRTY, 0x22c
UNC_M2M_TAG_HIT.NM_UFILL_HIT_CLEAN, 0x42c
UNC_M2M_TAG_HIT.NM_UFILL_HIT_DIRTY, 0x82c
UNC_M2M_TAG_MISS, 0x61
UNC_M2M_TGR_AD_CREDITS, 0x41
UNC_M2M_TGR_BL_CREDITS, 0x42
UNC_M2M_TRACKER_FULL.CH0, 0x145
UNC_M2M_TRACKER_FULL.CH1, 0x245
UNC_M2M_TRACKER_FULL.CH2, 0x445
UNC_M2M_TRACKER_INSERTS.CH0, 0x149
UNC_M2M_TRACKER_INSERTS.CH1, 0x249
UNC_M2M_TRACKER_INSERTS.CH2, 0x449
UNC_M2M_TRACKER_NE.CH0, 0x146
UNC_M2M_TRACKER_NE.CH1, 0x246
UNC_M2M_TRACKER_NE.CH2, 0x446
UNC_M2M_TRACKER_OCCUPANCY.CH0, 0x147
UNC_M2M_TRACKER_OCCUPANCY.CH1, 0x247
UNC_M2M_TRACKER_OCCUPANCY.CH2, 0x447
UNC_M2M_TxC_AD_CREDITS_ACQUIRED, 0xd
UNC_M2M_TxC_AD_CREDIT_OCCUPANCY, 0xe
UNC_M2M_TxC_AD_CYCLES_FULL, 0xc
UNC_M2M_TxC_AD_CYCLES_NE, 0xb
UNC_M2M_TxC_AD_INSERTS, 0x9
UNC_M2M_TxC_AD_NO_CREDIT_CYCLES, 0xf
UNC_M2M_TxC_AD_NO_CREDIT_STALLED, 0x10
UNC_M2M_TxC_AD_OCCUPANCY, 0xa
UNC_M2M_TxC_AK.CRD_CBO, 0x239
UNC_M2M_TxC_AK.NDR, 0x139
UNC_M2M_TxC_AKC_CREDITS, 0x5f
UNC_M2M_TxC_AK_CREDITS_ACQUIRED.CMS0, 0x11d
UNC_M2M_TxC_AK_CREDITS_ACQUIRED.CMS1, 0x21d
UNC_M2M_TxC_AK_CYCLES_FULL.ALL, 0x314
UNC_M2M_TxC_AK_CYCLES_FULL.CMS0, 0x114
UNC_M2M_TxC_AK_CYCLES_FULL.CMS1, 0x214
UNC_M2M_TxC_AK_CYCLES_FULL.RDCRD0, 0x814
UNC_M2M_TxC_AK_CYCLES_FULL.RDCRD1, 0x8814
UNC_M2M_TxC_AK_CYCLES_FULL.WRCMP0, 0x2014
UNC_M2M_TxC_AK_CYCLES_FULL.WRCMP1, 0xa014
UNC_M2M_TxC_AK_CYCLES_FULL.WRCRD0, 0x1014
UNC_M2M_TxC_AK_CYCLES_FULL.WRCRD1, 0x9014
UNC_M2M_TxC_AK_CYCLES_NE.ALL, 0x313
UNC_M2M_TxC_AK_CYCLES_NE.CMS0, 0x113
UNC_M2M_TxC_AK_CYCLES_NE.CMS1, 0x213
UNC_M2M_TxC_AK_CYCLES_NE.RDCRD, 0x813
UNC_M2M_TxC_AK_CYCLES_NE.WRCMP, 0x2013
UNC_M2M_TxC_AK_CYCLES_NE.WRCRD, 0x1013
UNC_M2M_TxC_AK_INSERTS.ALL, 0x311
UNC_M2M_TxC_AK_INSERTS.CMS0, 0x111
UNC_M2M_TxC_AK_INSERTS.CMS1, 0x211
UNC_M2M_TxC_AK_INSERTS.PREF_RD_CAM_HIT, 0x4011
UNC_M2M_TxC_AK_INSERTS.RDCRD, 0x811
UNC_M2M_TxC_AK_INSERTS.WRCMP, 0x2011
UNC_M2M_TxC_AK_INSERTS.WRCRD, 0x1011
UNC_M2M_TxC_AK_NO_CREDIT_CYCLES.CMS0, 0x11f
UNC_M2M_TxC_AK_NO_CREDIT_CYCLES.CMS1, 0x21f
UNC_M2M_TxC_AK_NO_CREDIT_STALLED.CMS0, 0x120
UNC_M2M_TxC_AK_NO_CREDIT_STALLED.CMS1, 0x220
UNC_M2M_TxC_AK_OCCUPANCY.ALL, 0x312
UNC_M2M_TxC_AK_OCCUPANCY.CMS0, 0x112
UNC_M2M_TxC_AK_OCCUPANCY.CMS1, 0x212
UNC_M2M_TxC_AK_OCCUPANCY.RDCRD, 0x812
UNC_M2M_TxC_AK_OCCUPANCY.WRCMP, 0x2012
UNC_M2M_TxC_AK_OCCUPANCY.WRCRD, 0x1012
UNC_M2M_TxC_BL.DRS_CACHE, 0x140
UNC_M2M_TxC_BL.DRS_CORE, 0x240
UNC_M2M_TxC_BL.DRS_UPI, 0x440
UNC_M2M_TxC_BL_CREDITS_ACQUIRED.CMS0, 0x119
UNC_M2M_TxC_BL_CREDITS_ACQUIRED.CMS1, 0x219
UNC_M2M_TxC_BL_CYCLES_FULL.ALL, 0x318
UNC_M2M_TxC_BL_CYCLES_FULL.CMS0, 0x118
UNC_M2M_TxC_BL_CYCLES_FULL.CMS1, 0x218
UNC_M2M_TxC_BL_CYCLES_NE.ALL, 0x317
UNC_M2M_TxC_BL_CYCLES_NE.CMS0, 0x117
UNC_M2M_TxC_BL_CYCLES_NE.CMS1, 0x217
UNC_M2M_TxC_BL_INSERTS.ALL, 0x315
UNC_M2M_TxC_BL_INSERTS.CMS0, 0x115
UNC_M2M_TxC_BL_INSERTS.CMS1, 0x215
UNC_M2M_TxC_BL_NO_CREDIT_CYCLES.CMS0, 0x11b
UNC_M2M_TxC_BL_NO_CREDIT_CYCLES.CMS1, 0x21b
UNC_M2M_TxC_BL_NO_CREDIT_STALLED.CMS0, 0x11c
UNC_M2M_TxC_BL_NO_CREDIT_STALLED.CMS1, 0x21c
UNC_M2M_TxR_HORZ_ADS_USED.AD_ALL, 0x11a6
UNC_M2M_TxR_HORZ_ADS_USED.AD_CRD, 0x10a6
UNC_M2M_TxR_HORZ_ADS_USED.AD_UNCRD, 0x1a6
UNC_M2M_TxR_HORZ_ADS_USED.BL_ALL, 0x44a6
UNC_M2M_TxR_HORZ_ADS_USED.BL_CRD, 0x40a6
UNC_M2M_TxR_HORZ_ADS_USED.BL_UNCRD, 0x4a6
UNC_M2M_TxR_HORZ_BYPASS.AD_ALL, 0x11a7
UNC_M2M_TxR_HORZ_BYPASS.AD_CRD, 0x10a7
UNC_M2M_TxR_HORZ_BYPASS.AD_UNCRD, 0x1a7
UNC_M2M_TxR_HORZ_BYPASS.AK, 0x2a7
UNC_M2M_TxR_HORZ_BYPASS.AKC_UNCRD, 0x80a7
UNC_M2M_TxR_HORZ_BYPASS.BL_ALL, 0x44a7
UNC_M2M_TxR_HORZ_BYPASS.BL_CRD, 0x40a7
UNC_M2M_TxR_HORZ_BYPASS.BL_UNCRD, 0x4a7
UNC_M2M_TxR_HORZ_BYPASS.IV, 0x8a7
UNC_M2M_TxR_HORZ_CYCLES_FULL.AD_ALL, 0x11a2
UNC_M2M_TxR_HORZ_CYCLES_FULL.AD_CRD, 0x10a2
UNC_M2M_TxR_HORZ_CYCLES_FULL.AD_UNCRD, 0x1a2
UNC_M2M_TxR_HORZ_CYCLES_FULL.AK, 0x2a2
UNC_M2M_TxR_HORZ_CYCLES_FULL.AKC_UNCRD, 0x80a2
UNC_M2M_TxR_HORZ_CYCLES_FULL.BL_ALL, 0x44a2
UNC_M2M_TxR_HORZ_CYCLES_FULL.BL_CRD, 0x40a2
UNC_M2M_TxR_HORZ_CYCLES_FULL.BL_UNCRD, 0x4a2
UNC_M2M_TxR_HORZ_CYCLES_FULL.IV, 0x8a2
UNC_M2M_TxR_HORZ_CYCLES_NE.AD_ALL, 0x11a3
UNC_M2M_TxR_HORZ_CYCLES_NE.AD_CRD, 0x10a3
UNC_M2M_TxR_HORZ_CYCLES_NE.AD_UNCRD, 0x1a3
UNC_M2M_TxR_HORZ_CYCLES_NE.AK, 0x2a3
UNC_M2M_TxR_HORZ_CYCLES_NE.AKC_UNCRD, 0x80a3
UNC_M2M_TxR_HORZ_CYCLES_NE.BL_ALL, 0x44a3
UNC_M2M_TxR_HORZ_CYCLES_NE.BL_CRD, 0x40a3
UNC_M2M_TxR_HORZ_CYCLES_NE.BL_UNCRD, 0x4a3
UNC_M2M_TxR_HORZ_CYCLES_NE.IV, 0x8a3
UNC_M2M_TxR_HORZ_INSERTS.AD_ALL, 0x11a1
UNC_M2M_TxR_HORZ_INSERTS.AD_CRD, 0x10a1
UNC_M2M_TxR_HORZ_INSERTS.AD_UNCRD, 0x1a1
UNC_M2M_TxR_HORZ_INSERTS.AK, 0x2a1
UNC_M2M_TxR_HORZ_INSERTS.AKC_UNCRD, 0x80a1
UNC_M2M_TxR_HORZ_INSERTS.BL_ALL, 0x44a1
UNC_M2M_TxR_HORZ_INSERTS.BL_CRD, 0x40a1
UNC_M2M_TxR_HORZ_INSERTS.BL_UNCRD, 0x4a1
UNC_M2M_TxR_HORZ_INSERTS.IV, 0x8a1
UNC_M2M_TxR_HORZ_NACK.AD_ALL, 0x11a4
UNC_M2M_TxR_HORZ_NACK.AD_CRD, 0x10a4
UNC_M2M_TxR_HORZ_NACK.AD_UNCRD, 0x1a4
UNC_M2M_TxR_HORZ_NACK.AK, 0x2a4
UNC_M2M_TxR_HORZ_NACK.AKC_UNCRD, 0x80a4
UNC_M2M_TxR_HORZ_NACK.BL_ALL, 0x44a4
UNC_M2M_TxR_HORZ_NACK.BL_CRD, 0x40a4
UNC_M2M_TxR_HORZ_NACK.BL_UNCRD, 0x4a4
UNC_M2M_TxR_HORZ_NACK.IV, 0x8a4
UNC_M2M_TxR_HORZ_OCCUPANCY.AD_ALL, 0x11a0
UNC_M2M_TxR_HORZ_OCCUPANCY.AD_CRD, 0x10a0
UNC_M2M_TxR_HORZ_OCCUPANCY.AD_UNCRD, 0x1a0
UNC_M2M_TxR_HORZ_OCCUPANCY.AK, 0x2a0
UNC_M2M_TxR_HORZ_OCCUPANCY.AKC_UNCRD, 0x80a0
UNC_M2M_TxR_HORZ_OCCUPANCY.BL_ALL, 0x44a0
UNC_M2M_TxR_HORZ_OCCUPANCY.BL_CRD, 0x40a0
UNC_M2M_TxR_HORZ_OCCUPANCY.BL_UNCRD, 0x4a0
UNC_M2M_TxR_HORZ_OCCUPANCY.IV, 0x8a0
UNC_M2M_TxR_HORZ_STARVED.AD_ALL, 0x1a5
UNC_M2M_TxR_HORZ_STARVED.AD_UNCRD, 0x1a5
UNC_M2M_TxR_HORZ_STARVED.AK, 0x2a5
UNC_M2M_TxR_HORZ_STARVED.AKC_UNCRD, 0x80a5
UNC_M2M_TxR_HORZ_STARVED.BL_ALL, 0x4a5
UNC_M2M_TxR_HORZ_STARVED.BL_UNCRD, 0x4a5
UNC_M2M_TxR_HORZ_STARVED.IV, 0x8a5
UNC_M2M_TxR_VERT_ADS_USED.AD_AG0, 0x19c
UNC_M2M_TxR_VERT_ADS_USED.AD_AG1, 0x109c
UNC_M2M_TxR_VERT_ADS_USED.BL_AG0, 0x49c
UNC_M2M_TxR_VERT_ADS_USED.BL_AG1, 0x409c
UNC_M2M_TxR_VERT_BYPASS.AD_AG0, 0x19d
UNC_M2M_TxR_VERT_BYPASS.AD_AG1, 0x109d
UNC_M2M_TxR_VERT_BYPASS.AK_AG0, 0x29d
UNC_M2M_TxR_VERT_BYPASS.AK_AG1, 0x209d
UNC_M2M_TxR_VERT_BYPASS.BL_AG0, 0x49d
UNC_M2M_TxR_VERT_BYPASS.BL_AG1, 0x409d
UNC_M2M_TxR_VERT_BYPASS.IV_AG1, 0x89d
UNC_M2M_TxR_VERT_BYPASS_1.AKC_AG0, 0x19e
UNC_M2M_TxR_VERT_BYPASS_1.AKC_AG1, 0x29e
UNC_M2M_TxR_VERT_CYCLES_FULL0.AD_AG0, 0x194
UNC_M2M_TxR_VERT_CYCLES_FULL0.AD_AG1, 0x1094
UNC_M2M_TxR_VERT_CYCLES_FULL0.AK_AG0, 0x294
UNC_M2M_TxR_VERT_CYCLES_FULL0.AK_AG1, 0x2094
UNC_M2M_TxR_VERT_CYCLES_FULL0.BL_AG0, 0x494
UNC_M2M_TxR_VERT_CYCLES_FULL0.BL_AG1, 0x4094
UNC_M2M_TxR_VERT_CYCLES_FULL0.IV_AG0, 0x894
UNC_M2M_TxR_VERT_CYCLES_FULL1.AKC_AG0, 0x195
UNC_M2M_TxR_VERT_CYCLES_FULL1.AKC_AG1, 0x295
UNC_M2M_TxR_VERT_CYCLES_NE0.AD_AG0, 0x196
UNC_M2M_TxR_VERT_CYCLES_NE0.AD_AG1, 0x1096
UNC_M2M_TxR_VERT_CYCLES_NE0.AK_AG0, 0x296
UNC_M2M_TxR_VERT_CYCLES_NE0.AK_AG1, 0x2096
UNC_M2M_TxR_VERT_CYCLES_NE0.BL_AG0, 0x496
UNC_M2M_TxR_VERT_CYCLES_NE0.BL_AG1, 0x4096
UNC_M2M_TxR_VERT_CYCLES_NE0.IV_AG0, 0x896
UNC_M2M_TxR_VERT_CYCLES_NE1.AKC_AG0, 0x197
UNC_M2M_TxR_VERT_CYCLES_NE1.AKC_AG1, 0x297
UNC_M2M_TxR_VERT_INSERTS0.AD_AG0, 0x192
UNC_M2M_TxR_VERT_INSERTS0.AD_AG1, 0x1092
UNC_M2M_TxR_VERT_INSERTS0.AK_AG0, 0x292
UNC_M2M_TxR_VERT_INSERTS0.AK_AG1, 0x2092
UNC_M2M_TxR_VERT_INSERTS0.BL_AG0, 0x492
UNC_M2M_TxR_VERT_INSERTS0.BL_AG1, 0x4092
UNC_M2M_TxR_VERT_INSERTS0.IV_AG0, 0x892
UNC_M2M_TxR_VERT_INSERTS1.AKC_AG0, 0x193
UNC_M2M_TxR_VERT_INSERTS1.AKC_AG1, 0x293
UNC_M2M_TxR_VERT_NACK0.AD_AG0, 0x198
UNC_M2M_TxR_VERT_NACK0.AD_AG1, 0x1098
UNC_M2M_TxR_VERT_NACK0.AK_AG0, 0x298
UNC_M2M_TxR_VERT_NACK0.AK_AG1, 0x2098
UNC_M2M_TxR_VERT_NACK0.BL_AG0, 0x498
UNC_M2M_TxR_VERT_NACK0.BL_AG1, 0x4098
UNC_M2M_TxR_VERT_NACK0.IV_AG0, 0x898
UNC_M2M_TxR_VERT_NACK1.AKC_AG0, 0x199
UNC_M2M_TxR_VERT_NACK1.AKC_AG1, 0x299
UNC_M2M_TxR_VERT_OCCUPANCY0.AD_AG0, 0x190
UNC_M2M_TxR_VERT_OCCUPANCY0.AD_AG1, 0x1090
UNC_M2M_TxR_VERT_OCCUPANCY0.AK_AG0, 0x290
UNC_M2M_TxR_VERT_OCCUPANCY0.AK_AG1, 0x2090
UNC_M2M_TxR_VERT_OCCUPANCY0.BL_AG0, 0x490
UNC_M2M_TxR_VERT_OCCUPANCY0.BL_AG1, 0x4090
UNC_M2M_TxR_VERT_OCCUPANCY0.IV_AG0, 0x890
UNC_M2M_TxR_VERT_OCCUPANCY1.AKC_AG0, 0x191
UNC_M2M_TxR_VERT_OCCUPANCY1.AKC_AG1, 0x291
UNC_M2M_TxR_VERT_STARVED0.AD_AG0, 0x19a
UNC_M2M_TxR_VERT_STARVED0.AD_AG1, 0x109a
UNC_M2M_TxR_VERT_STARVED0.AK_AG0, 0x29a
UNC_M2M_TxR_VERT_STARVED0.AK_AG1, 0x209a
UNC_M2M_TxR_VERT_STARVED0.BL_AG0, 0x49a
UNC_M2M_TxR_VERT_STARVED0.BL_AG1, 0x409a
UNC_M2M_TxR_VERT_STARVED0.IV_AG0, 0x89a
UNC_M2M_TxR_VERT_STARVED1.AKC_AG0, 0x19b
UNC_M2M_TxR_VERT_STARVED1.AKC_AG1, 0x29b
UNC_M2M_TxR_VERT_STARVED1.TGC, 0x49b
UNC_M2M_VERT_RING_AD_IN_USE.DN_EVEN, 0x4b0
UNC_M2M_VERT_RING_AD_IN_USE.DN_ODD, 0x8b0
UNC_M2M_VERT_RING_AD_IN_USE.UP_EVEN, 0x1b0
UNC_M2M_VERT_RING_AD_IN_USE.UP_ODD, 0x2b0
UNC_M2M_VERT_RING_AKC_IN_USE.DN_EVEN, 0x4b4
UNC_M2M_VERT_RING_AKC_IN_USE.DN_ODD, 0x8b4
UNC_M2M_VERT_RING_AKC_IN_USE.UP_EVEN, 0x1b4
UNC_M2M_VERT_RING_AKC_IN_USE.UP_ODD, 0x2b4
UNC_M2M_VERT_RING_AK_IN_USE.DN_EVEN, 0x4b1
UNC_M2M_VERT_RING_AK_IN_USE.DN_ODD, 0x8b1
UNC_M2M_VERT_RING_AK_IN_USE.UP_EVEN, 0x1b1
UNC_M2M_VERT_RING_AK_IN_USE.UP_ODD, 0x2b1
UNC_M2M_VERT_RING_BL_IN_USE.DN_EVEN, 0x4b2
UNC_M2M_VERT_RING_BL_IN_USE.DN_ODD, 0x8b2
UNC_M2M_VERT_RING_BL_IN_USE.UP_EVEN, 0x1b2
UNC_M2M_VERT_RING_BL_IN_USE.UP_ODD, 0x2b2
UNC_M2M_VERT_RING_IV_IN_USE.DN, 0x4b3
UNC_M2M_VERT_RING_IV_IN_USE.UP, 0x1b3
UNC_M2M_VERT_RING_TGC_IN_USE.DN_EVEN, 0x4b5
UNC_M2M_VERT_RING_TGC_IN_USE.DN_ODD, 0x8b5
UNC_M2M_VERT_RING_TGC_IN_USE.UP_EVEN, 0x1b5
UNC_M2M_VERT_RING_TGC_IN_USE.UP_ODD, 0x2b5
UNC_M2M_WPQ_FLUSH.CH0, 0x158
UNC_M2M_WPQ_FLUSH.CH1, 0x258
UNC_M2M_WPQ_FLUSH.CH2, 0x458
UNC_M2M_WPQ_NO_REG_CRD.CHN0, 0x14d
UNC_M2M_WPQ_NO_REG_CRD.CHN1, 0x24d
UNC_M2M_WPQ_NO_REG_CRD.CHN2, 0x44d
UNC_M2M_WPQ_NO_REG_CRD_PMM.CHN0, 0x151
UNC_M2M_WPQ_NO_REG_CRD_PMM.CHN1, 0x251
UNC_M2M_WPQ_NO_REG_CRD_PMM.CHN2, 0x451
UNC_M2M_WPQ_NO_SPEC_CRD.CHN0, 0x14e
UNC_M2M_WPQ_NO_SPEC_CRD.CHN1, 0x24e
UNC_M2M_WPQ_NO_SPEC_CRD.CHN2, 0x44e
UNC_M2M_WR_TRACKER_FULL.CH0, 0x14a
UNC_M2M_WR_TRACKER_FULL.CH1, 0x24a
UNC_M2M_WR_TRACKER_FULL.CH2, 0x44a
UNC_M2M_WR_TRACKER_FULL.MIRR, 0x84a
UNC_M2M_WR_TRACKER_INSERTS.CH0, 0x156
UNC_M2M_WR_TRACKER_INSERTS.CH1, 0x256
UNC_M2M_WR_TRACKER_INSERTS.CH2, 0x456
UNC_M2M_WR_TRACKER_NE.CH0, 0x14b
UNC_M2M_WR_TRACKER_NE.CH1, 0x24b
UNC_M2M_WR_TRACKER_NE.CH2, 0x44b
UNC_M2M_WR_TRACKER_NE.MIRR, 0x84b
UNC_M2M_WR_TRACKER_NE.MIRR_NONTGR, 0x104b
UNC_M2M_WR_TRACKER_NE.MIRR_PWR, 0x204b
UNC_M2M_WR_TRACKER_NONPOSTED_INSERTS.CH0, 0x163
UNC_M2M_WR_TRACKER_NONPOSTED_INSERTS.CH1, 0x263
UNC_M2M_WR_TRACKER_NONPOSTED_INSERTS.CH2, 0x463
UNC_M2M_WR_TRACKER_NONPOSTED_OCCUPANCY.CH0, 0x162
UNC_M2M_WR_TRACKER_NONPOSTED_OCCUPANCY.CH1, 0x262
UNC_M2M_WR_TRACKER_NONPOSTED_OCCUPANCY.CH2, 0x462
UNC_M2M_WR_TRACKER_OCCUPANCY.CH0, 0x155
UNC_M2M_WR_TRACKER_OCCUPANCY.CH1, 0x255
UNC_M2M_WR_TRACKER_OCCUPANCY.CH2, 0x455
UNC_M2M_WR_TRACKER_OCCUPANCY.MIRR, 0x855
UNC_M2M_WR_TRACKER_OCCUPANCY.MIRR_NONTGR, 0x1055
UNC_M2M_WR_TRACKER_OCCUPANCY.MIRR_PWR, 0x2055
UNC_M2M_WR_TRACKER_POSTED_INSERTS.CH0, 0x15e
UNC_M2M_WR_TRACKER_POSTED_INSERTS.CH1, 0x25e
UNC_M2M_WR_TRACKER_POSTED_INSERTS.CH2, 0x45e
UNC_M2M_WR_TRACKER_POSTED_OCCUPANCY.CH0, 0x15d
UNC_M2M_WR_TRACKER_POSTED_OCCUPANCY.CH1, 0x25d
UNC_M2M_WR_TRACKER_POSTED_OCCUPANCY.CH2, 0x45d
UNC_M3UPI_AG0_AD_CRD_ACQUIRED0.TGR0, 0x180
UNC_M3UPI_AG0_AD_CRD_ACQUIRED0.TGR1, 0x280
UNC_M3UPI_AG0_AD_CRD_ACQUIRED0.TGR2, 0x480
UNC_M3UPI_AG0_AD_CRD_ACQUIRED0.TGR3, 0x880
UNC_M3UPI_AG0_AD_CRD_ACQUIRED0.TGR4, 0x1080
UNC_M3UPI_AG0_AD_CRD_ACQUIRED0.TGR5, 0x2080
UNC_M3UPI_AG0_AD_CRD_ACQUIRED0.TGR6, 0x4080
UNC_M3UPI_AG0_AD_CRD_ACQUIRED0.TGR7, 0x8080
UNC_M3UPI_AG0_AD_CRD_ACQUIRED1.TGR10, 0x481
UNC_M3UPI_AG0_AD_CRD_ACQUIRED1.TGR8, 0x181
UNC_M3UPI_AG0_AD_CRD_ACQUIRED1.TGR9, 0x281
UNC_M3UPI_AG0_AD_CRD_OCCUPANCY0.TGR0, 0x182
UNC_M3UPI_AG0_AD_CRD_OCCUPANCY0.TGR1, 0x282
UNC_M3UPI_AG0_AD_CRD_OCCUPANCY0.TGR2, 0x482
UNC_M3UPI_AG0_AD_CRD_OCCUPANCY0.TGR3, 0x882
UNC_M3UPI_AG0_AD_CRD_OCCUPANCY0.TGR4, 0x1082
UNC_M3UPI_AG0_AD_CRD_OCCUPANCY0.TGR5, 0x2082
UNC_M3UPI_AG0_AD_CRD_OCCUPANCY0.TGR6, 0x4082
UNC_M3UPI_AG0_AD_CRD_OCCUPANCY0.TGR7, 0x8082
UNC_M3UPI_AG0_AD_CRD_OCCUPANCY1.TGR10, 0x483
UNC_M3UPI_AG0_AD_CRD_OCCUPANCY1.TGR8, 0x183
UNC_M3UPI_AG0_AD_CRD_OCCUPANCY1.TGR9, 0x283
UNC_M3UPI_AG0_BL_CRD_ACQUIRED0.TGR0, 0x188
UNC_M3UPI_AG0_BL_CRD_ACQUIRED0.TGR1, 0x288
UNC_M3UPI_AG0_BL_CRD_ACQUIRED0.TGR2, 0x488
UNC_M3UPI_AG0_BL_CRD_ACQUIRED0.TGR3, 0x888
UNC_M3UPI_AG0_BL_CRD_ACQUIRED0.TGR4, 0x1088
UNC_M3UPI_AG0_BL_CRD_ACQUIRED0.TGR5, 0x2088
UNC_M3UPI_AG0_BL_CRD_ACQUIRED0.TGR6, 0x4088
UNC_M3UPI_AG0_BL_CRD_ACQUIRED0.TGR7, 0x8088
UNC_M3UPI_AG0_BL_CRD_ACQUIRED1.TGR10, 0x489
UNC_M3UPI_AG0_BL_CRD_ACQUIRED1.TGR8, 0x189
UNC_M3UPI_AG0_BL_CRD_ACQUIRED1.TGR9, 0x289
UNC_M3UPI_AG0_BL_CRD_OCCUPANCY0.TGR0, 0x18a
UNC_M3UPI_AG0_BL_CRD_OCCUPANCY0.TGR1, 0x28a
UNC_M3UPI_AG0_BL_CRD_OCCUPANCY0.TGR2, 0x48a
UNC_M3UPI_AG0_BL_CRD_OCCUPANCY0.TGR3, 0x88a
UNC_M3UPI_AG0_BL_CRD_OCCUPANCY0.TGR4, 0x108a
UNC_M3UPI_AG0_BL_CRD_OCCUPANCY0.TGR5, 0x208a
UNC_M3UPI_AG0_BL_CRD_OCCUPANCY0.TGR6, 0x408a
UNC_M3UPI_AG0_BL_CRD_OCCUPANCY0.TGR7, 0x808a
UNC_M3UPI_AG0_BL_CRD_OCCUPANCY1.TGR10, 0x48b
UNC_M3UPI_AG0_BL_CRD_OCCUPANCY1.TGR8, 0x18b
UNC_M3UPI_AG0_BL_CRD_OCCUPANCY1.TGR9, 0x28b
UNC_M3UPI_AG1_AD_CRD_ACQUIRED0.TGR0, 0x184
UNC_M3UPI_AG1_AD_CRD_ACQUIRED0.TGR1, 0x284
UNC_M3UPI_AG1_AD_CRD_ACQUIRED0.TGR2, 0x484
UNC_M3UPI_AG1_AD_CRD_ACQUIRED0.TGR3, 0x884
UNC_M3UPI_AG1_AD_CRD_ACQUIRED0.TGR4, 0x1084
UNC_M3UPI_AG1_AD_CRD_ACQUIRED0.TGR5, 0x2084
UNC_M3UPI_AG1_AD_CRD_ACQUIRED0.TGR6, 0x4084
UNC_M3UPI_AG1_AD_CRD_ACQUIRED0.TGR7, 0x8084
UNC_M3UPI_AG1_AD_CRD_ACQUIRED1.TGR10, 0x485
UNC_M3UPI_AG1_AD_CRD_ACQUIRED1.TGR8, 0x185
UNC_M3UPI_AG1_AD_CRD_ACQUIRED1.TGR9, 0x285
UNC_M3UPI_AG1_AD_CRD_OCCUPANCY0.TGR0, 0x186
UNC_M3UPI_AG1_AD_CRD_OCCUPANCY0.TGR1, 0x286
UNC_M3UPI_AG1_AD_CRD_OCCUPANCY0.TGR2, 0x486
UNC_M3UPI_AG1_AD_CRD_OCCUPANCY0.TGR3, 0x886
UNC_M3UPI_AG1_AD_CRD_OCCUPANCY0.TGR4, 0x1086
UNC_M3UPI_AG1_AD_CRD_OCCUPANCY0.TGR5, 0x2086
UNC_M3UPI_AG1_AD_CRD_OCCUPANCY0.TGR6, 0x4086
UNC_M3UPI_AG1_AD_CRD_OCCUPANCY0.TGR7, 0x8086
UNC_M3UPI_AG1_AD_CRD_OCCUPANCY1.TGR10, 0x487
UNC_M3UPI_AG1_AD_CRD_OCCUPANCY1.TGR8, 0x187
UNC_M3UPI_AG1_AD_CRD_OCCUPANCY1.TGR9, 0x287
UNC_M3UPI_AG1_BL_CRD_ACQUIRED0.TGR0, 0x18c
UNC_M3UPI_AG1_BL_CRD_ACQUIRED0.TGR1, 0x28c
UNC_M3UPI_AG1_BL_CRD_ACQUIRED0.TGR2, 0x48c
UNC_M3UPI_AG1_BL_CRD_ACQUIRED0.TGR3, 0x88c
UNC_M3UPI_AG1_BL_CRD_ACQUIRED0.TGR4, 0x108c
UNC_M3UPI_AG1_BL_CRD_ACQUIRED0.TGR5, 0x208c
UNC_M3UPI_AG1_BL_CRD_ACQUIRED0.TGR6, 0x408c
UNC_M3UPI_AG1_BL_CRD_ACQUIRED0.TGR7, 0x808c
UNC_M3UPI_AG1_BL_CRD_ACQUIRED1.TGR10, 0x48d
UNC_M3UPI_AG1_BL_CRD_ACQUIRED1.TGR8, 0x18d
UNC_M3UPI_AG1_BL_CRD_ACQUIRED1.TGR9, 0x28d
UNC_M3UPI_AG1_BL_CRD_OCCUPANCY0.TGR0, 0x18e
UNC_M3UPI_AG1_BL_CRD_OCCUPANCY0.TGR1, 0x28e
UNC_M3UPI_AG1_BL_CRD_OCCUPANCY0.TGR2, 0x48e
UNC_M3UPI_AG1_BL_CRD_OCCUPANCY0.TGR3, 0x88e
UNC_M3UPI_AG1_BL_CRD_OCCUPANCY0.TGR4, 0x108e
UNC_M3UPI_AG1_BL_CRD_OCCUPANCY0.TGR5, 0x208e
UNC_M3UPI_AG1_BL_CRD_OCCUPANCY0.TGR6, 0x408e
UNC_M3UPI_AG1_BL_CRD_OCCUPANCY0.TGR7, 0x808e
UNC_M3UPI_AG1_BL_CRD_OCCUPANCY1.TGR10, 0x48f
UNC_M3UPI_AG1_BL_CRD_OCCUPANCY1.TGR8, 0x18f
UNC_M3UPI_AG1_BL_CRD_OCCUPANCY1.TGR9, 0x28f
UNC_M3UPI_CHA_AD_CREDITS_EMPTY.REQ, 0x422
UNC_M3UPI_CHA_AD_CREDITS_EMPTY.SNP, 0x822
UNC_M3UPI_CHA_AD_CREDITS_EMPTY.VNA, 0x122
UNC_M3UPI_CHA_AD_CREDITS_EMPTY.WB, 0x222
UNC_M3UPI_CLOCKTICKS, 0x1
UNC_M3UPI_CMS_CLOCKTICKS, 0xc0
UNC_M3UPI_D2C_SENT, 0x2b
UNC_M3UPI_D2U_SENT, 0x2a
UNC_M3UPI_DISTRESS_ASSERTED.DPT_LOCAL, 0x4af
UNC_M3UPI_DISTRESS_ASSERTED.DPT_NONLOCAL, 0x8af
UNC_M3UPI_DISTRESS_ASSERTED.DPT_STALL_IV, 0x40af
UNC_M3UPI_DISTRESS_ASSERTED.DPT_STALL_NOCRD, 0x80af
UNC_M3UPI_DISTRESS_ASSERTED.HORZ, 0x2af
UNC_M3UPI_DISTRESS_ASSERTED.PMM_LOCAL, 0x10af
UNC_M3UPI_DISTRESS_ASSERTED.PMM_NONLOCAL, 0x20af
UNC_M3UPI_DISTRESS_ASSERTED.VERT, 0x1af
UNC_M3UPI_EGRESS_ORDERING.IV_SNOOPGO_DN, 0x4ba
UNC_M3UPI_EGRESS_ORDERING.IV_SNOOPGO_UP, 0x1ba
UNC_M3UPI_HORZ_RING_AD_IN_USE.LEFT_EVEN, 0x1b6
UNC_M3UPI_HORZ_RING_AD_IN_USE.LEFT_ODD, 0x2b6
UNC_M3UPI_HORZ_RING_AD_IN_USE.RIGHT_EVEN, 0x4b6
UNC_M3UPI_HORZ_RING_AD_IN_USE.RIGHT_ODD, 0x8b6
UNC_M3UPI_HORZ_RING_AKC_IN_USE.LEFT_EVEN, 0x1bb
UNC_M3UPI_HORZ_RING_AKC_IN_USE.LEFT_ODD, 0x2bb
UNC_M3UPI_HORZ_RING_AKC_IN_USE.RIGHT_EVEN, 0x4bb
UNC_M3UPI_HORZ_RING_AKC_IN_USE.RIGHT_ODD, 0x8bb
UNC_M3UPI_HORZ_RING_AK_IN_USE.LEFT_EVEN, 0x1b7
UNC_M3UPI_HORZ_RING_AK_IN_USE.LEFT_ODD, 0x2b7
UNC_M3UPI_HORZ_RING_AK_IN_USE.RIGHT_EVEN, 0x4b7
UNC_M3UPI_HORZ_RING_AK_IN_USE.RIGHT_ODD, 0x8b7
UNC_M3UPI_HORZ_RING_BL_IN_USE.LEFT_EVEN, 0x1b8
UNC_M3UPI_HORZ_RING_BL_IN_USE.LEFT_ODD, 0x2b8
UNC_M3UPI_HORZ_RING_BL_IN_USE.RIGHT_EVEN, 0x4b8
UNC_M3UPI_HORZ_RING_BL_IN_USE.RIGHT_ODD, 0x8b8
UNC_M3UPI_HORZ_RING_IV_IN_USE.LEFT, 0x1b9
UNC_M3UPI_HORZ_RING_IV_IN_USE.RIGHT, 0x4b9
UNC_M3UPI_M2_BL_CREDITS_EMPTY.IIO1_NCB, 0x123
UNC_M3UPI_M2_BL_CREDITS_EMPTY.IIO2_NCB, 0x223
UNC_M3UPI_M2_BL_CREDITS_EMPTY.IIO3_NCB, 0x423
UNC_M3UPI_M2_BL_CREDITS_EMPTY.IIO4_NCB, 0x823
UNC_M3UPI_M2_BL_CREDITS_EMPTY.IIO5_NCB, 0x1023
UNC_M3UPI_M2_BL_CREDITS_EMPTY.NCS, 0x4023
UNC_M3UPI_M2_BL_CREDITS_EMPTY.NCS_SEL, 0x8023
UNC_M3UPI_M2_BL_CREDITS_EMPTY.UBOX_NCB, 0x2023
UNC_M3UPI_MISC_EXTERNAL.MBE_INST0, 0x1e6
UNC_M3UPI_MISC_EXTERNAL.MBE_INST1, 0x2e6
UNC_M3UPI_MULTI_SLOT_RCVD.AD_SLOT0, 0x13e
UNC_M3UPI_MULTI_SLOT_RCVD.AD_SLOT1, 0x23e
UNC_M3UPI_MULTI_SLOT_RCVD.AD_SLOT2, 0x43e
UNC_M3UPI_MULTI_SLOT_RCVD.AK_SLOT0, 0x103e
UNC_M3UPI_MULTI_SLOT_RCVD.AK_SLOT2, 0x203e
UNC_M3UPI_MULTI_SLOT_RCVD.BL_SLOT0, 0x83e
UNC_M3UPI_RING_BOUNCES_HORZ.AD, 0x1ac
UNC_M3UPI_RING_BOUNCES_HORZ.AK, 0x2ac
UNC_M3UPI_RING_BOUNCES_HORZ.BL, 0x4ac
UNC_M3UPI_RING_BOUNCES_HORZ.IV, 0x8ac
UNC_M3UPI_RING_BOUNCES_VERT.AD, 0x1aa
UNC_M3UPI_RING_BOUNCES_VERT.AK, 0x2aa
UNC_M3UPI_RING_BOUNCES_VERT.AKC, 0x10aa
UNC_M3UPI_RING_BOUNCES_VERT.BL, 0x4aa
UNC_M3UPI_RING_BOUNCES_VERT.IV, 0x8aa
UNC_M3UPI_RING_SINK_STARVED_HORZ.AD, 0x1ad
UNC_M3UPI_RING_SINK_STARVED_HORZ.AK, 0x2ad
UNC_M3UPI_RING_SINK_STARVED_HORZ.AK_AG1, 0x20ad
UNC_M3UPI_RING_SINK_STARVED_HORZ.BL, 0x4ad
UNC_M3UPI_RING_SINK_STARVED_HORZ.IV, 0x8ad
UNC_M3UPI_RING_SINK_STARVED_VERT.AD, 0x1ab
UNC_M3UPI_RING_SINK_STARVED_VERT.AK, 0x2ab
UNC_M3UPI_RING_SINK_STARVED_VERT.AKC, 0x10ab
UNC_M3UPI_RING_SINK_STARVED_VERT.BL, 0x4ab
UNC_M3UPI_RING_SINK_STARVED_VERT.IV, 0x8ab
UNC_M3UPI_RING_SRC_THRTL, 0xae
UNC_M3UPI_RxC_ARB_LOST_VN0.AD_REQ, 0x14b
UNC_M3UPI_RxC_ARB_LOST_VN0.AD_RSP, 0x44b
UNC_M3UPI_RxC_ARB_LOST_VN0.AD_SNP, 0x24b
UNC_M3UPI_RxC_ARB_LOST_VN0.BL_NCB, 0x204b
UNC_M3UPI_RxC_ARB_LOST_VN0.BL_NCS, 0x404b
UNC_M3UPI_RxC_ARB_LOST_VN0.BL_RSP, 0x84b
UNC_M3UPI_RxC_ARB_LOST_VN0.BL_WB, 0x104b
UNC_M3UPI_RxC_ARB_LOST_VN1.AD_REQ, 0x14c
UNC_M3UPI_RxC_ARB_LOST_VN1.AD_RSP, 0x44c
UNC_M3UPI_RxC_ARB_LOST_VN1.AD_SNP, 0x24c
UNC_M3UPI_RxC_ARB_LOST_VN1.BL_NCB, 0x204c
UNC_M3UPI_RxC_ARB_LOST_VN1.BL_NCS, 0x404c
UNC_M3UPI_RxC_ARB_LOST_VN1.BL_RSP, 0x84c
UNC_M3UPI_RxC_ARB_LOST_VN1.BL_WB, 0x104c
UNC_M3UPI_RxC_ARB_MISC.ADBL_PARALLEL_WIN_VN0, 0x104d
UNC_M3UPI_RxC_ARB_MISC.ADBL_PARALLEL_WIN_VN1, 0x204d
UNC_M3UPI_RxC_ARB_MISC.ALL_PARALLEL_WIN, 0x804d
UNC_M3UPI_RxC_ARB_MISC.NO_PROG_AD_VN0, 0x14d
UNC_M3UPI_RxC_ARB_MISC.NO_PROG_AD_VN1, 0x24d
UNC_M3UPI_RxC_ARB_MISC.NO_PROG_BL_VN0, 0x44d
UNC_M3UPI_RxC_ARB_MISC.NO_PROG_BL_VN1, 0x84d
UNC_M3UPI_RxC_ARB_MISC.VN01_PARALLEL_WIN, 0x404d
UNC_M3UPI_RxC_ARB_NOCRD_VN0.AD_REQ, 0x147
UNC_M3UPI_RxC_ARB_NOCRD_VN0.AD_RSP, 0x447
UNC_M3UPI_RxC_ARB_NOCRD_VN0.AD_SNP, 0x247
UNC_M3UPI_RxC_ARB_NOCRD_VN0.BL_NCB, 0x2047
UNC_M3UPI_RxC_ARB_NOCRD_VN0.BL_NCS, 0x4047
UNC_M3UPI_RxC_ARB_NOCRD_VN0.BL_RSP, 0x847
UNC_M3UPI_RxC_ARB_NOCRD_VN0.BL_WB, 0x1047
UNC_M3UPI_RxC_ARB_NOCRD_VN1.AD_REQ, 0x148
UNC_M3UPI_RxC_ARB_NOCRD_VN1.AD_RSP, 0x448
UNC_M3UPI_RxC_ARB_NOCRD_VN1.AD_SNP, 0x248
UNC_M3UPI_RxC_ARB_NOCRD_VN1.BL_NCB, 0x2048
UNC_M3UPI_RxC_ARB_NOCRD_VN1.BL_NCS, 0x4048
UNC_M3UPI_RxC_ARB_NOCRD_VN1.BL_RSP, 0x848
UNC_M3UPI_RxC_ARB_NOCRD_VN1.BL_WB, 0x1048
UNC_M3UPI_RxC_ARB_NOREQ_VN0.AD_REQ, 0x149
UNC_M3UPI_RxC_ARB_NOREQ_VN0.AD_RSP, 0x449
UNC_M3UPI_RxC_ARB_NOREQ_VN0.AD_SNP, 0x249
UNC_M3UPI_RxC_ARB_NOREQ_VN0.BL_NCB, 0x2049
UNC_M3UPI_RxC_ARB_NOREQ_VN0.BL_NCS, 0x4049
UNC_M3UPI_RxC_ARB_NOREQ_VN0.BL_RSP, 0x849
UNC_M3UPI_RxC_ARB_NOREQ_VN0.BL_WB, 0x1049
UNC_M3UPI_RxC_ARB_NOREQ_VN1.AD_REQ, 0x14a
UNC_M3UPI_RxC_ARB_NOREQ_VN1.AD_RSP, 0x44a
UNC_M3UPI_RxC_ARB_NOREQ_VN1.AD_SNP, 0x24a
UNC_M3UPI_RxC_ARB_NOREQ_VN1.BL_NCB, 0x204a
UNC_M3UPI_RxC_ARB_NOREQ_VN1.BL_NCS, 0x404a
UNC_M3UPI_RxC_ARB_NOREQ_VN1.BL_RSP, 0x84a
UNC_M3UPI_RxC_ARB_NOREQ_VN1.BL_WB, 0x104a
UNC_M3UPI_RxC_BYPASSED.AD_S0_BL_ARB, 0x240
UNC_M3UPI_RxC_BYPASSED.AD_S0_IDLE, 0x140
UNC_M3UPI_RxC_BYPASSED.AD_S1_BL_SLOT, 0x440
UNC_M3UPI_RxC_BYPASSED.AD_S2_BL_SLOT, 0x840
UNC_M3UPI_RxC_CRD_MISC.ANY_BGF_FIFO, 0x15f
UNC_M3UPI_RxC_CRD_MISC.ANY_BGF_PATH, 0x25f
UNC_M3UPI_RxC_CRD_MISC.LT1_FOR_D2K, 0x105f
UNC_M3UPI_RxC_CRD_MISC.LT2_FOR_D2K, 0x205f
UNC_M3UPI_RxC_CRD_MISC.VN0_NO_D2K_FOR_ARB, 0x45f
UNC_M3UPI_RxC_CRD_MISC.VN1_NO_D2K_FOR_ARB, 0x85f
UNC_M3UPI_RxC_CRD_OCC.CONSUMED, 0x8060
UNC_M3UPI_RxC_CRD_OCC.D2K_CRD, 0x1060
UNC_M3UPI_RxC_CRD_OCC.FLITS_IN_FIFO, 0x260
UNC_M3UPI_RxC_CRD_OCC.FLITS_IN_PATH, 0x460
UNC_M3UPI_RxC_CRD_OCC.P1P_FIFO, 0x4060
UNC_M3UPI_RxC_CRD_OCC.P1P_TOTAL, 0x2060
UNC_M3UPI_RxC_CRD_OCC.TxQ_CRD, 0x860
UNC_M3UPI_RxC_CRD_OCC.VNA_IN_USE, 0x160
UNC_M3UPI_RxC_CYCLES_NE_VN0.AD_REQ, 0x143
UNC_M3UPI_RxC_CYCLES_NE_VN0.AD_RSP, 0x443
UNC_M3UPI_RxC_CYCLES_NE_VN0.AD_SNP, 0x243
UNC_M3UPI_RxC_CYCLES_NE_VN0.BL_NCB, 0x2043
UNC_M3UPI_RxC_CYCLES_NE_VN0.BL_NCS, 0x4043
UNC_M3UPI_RxC_CYCLES_NE_VN0.BL_RSP, 0x843
UNC_M3UPI_RxC_CYCLES_NE_VN0.BL_WB, 0x1043
UNC_M3UPI_RxC_CYCLES_NE_VN1.AD_REQ, 0x144
UNC_M3UPI_RxC_CYCLES_NE_VN1.AD_RSP, 0x444
UNC_M3UPI_RxC_CYCLES_NE_VN1.AD_SNP, 0x244
UNC_M3UPI_RxC_CYCLES_NE_VN1.BL_NCB, 0x2044
UNC_M3UPI_RxC_CYCLES_NE_VN1.BL_NCS, 0x4044
UNC_M3UPI_RxC_CYCLES_NE_VN1.BL_RSP, 0x844
UNC_M3UPI_RxC_CYCLES_NE_VN1.BL_WB, 0x1044
UNC_M3UPI_RxC_DATA_FLITS_NOT_SENT.ALL, 0x155
UNC_M3UPI_RxC_DATA_FLITS_NOT_SENT.NO_BGF, 0x855
UNC_M3UPI_RxC_DATA_FLITS_NOT_SENT.NO_TXQ, 0x1055
UNC_M3UPI_RxC_DATA_FLITS_NOT_SENT.TSV_HI, 0x255
UNC_M3UPI_RxC_DATA_FLITS_NOT_SENT.VALID_FOR_FLIT, 0x455
UNC_M3UPI_RxC_FLITS_GEN_BL.P0_WAIT, 0x157
UNC_M3UPI_RxC_FLITS_GEN_BL.P1P_AT_LIMIT, 0x1057
UNC_M3UPI_RxC_FLITS_GEN_BL.P1P_BUSY, 0x857
UNC_M3UPI_RxC_FLITS_GEN_BL.P1P_FIFO_FULL, 0x4057
UNC_M3UPI_RxC_FLITS_GEN_BL.P1P_HOLD_P0, 0x2057
UNC_M3UPI_RxC_FLITS_GEN_BL.P1P_TO_LIMBO, 0x457
UNC_M3UPI_RxC_FLITS_GEN_BL.P1_WAIT, 0x257
UNC_M3UPI_RxC_FLITS_MISC.S2REQ_IN_HOLDOFF, 0x458
UNC_M3UPI_RxC_FLITS_MISC.S2REQ_IN_SERVICE, 0x858
UNC_M3UPI_RxC_FLITS_MISC.S2REQ_RECEIVED, 0x158
UNC_M3UPI_RxC_FLITS_MISC.S2REQ_WITHDRAWN, 0x258
UNC_M3UPI_RxC_FLITS_SLOT_BL.ALL, 0x156
UNC_M3UPI_RxC_FLITS_SLOT_BL.NEED_DATA, 0x256
UNC_M3UPI_RxC_FLITS_SLOT_BL.P0_WAIT, 0x456
UNC_M3UPI_RxC_FLITS_SLOT_BL.P1_NOT_REQ, 0x1056
UNC_M3UPI_RxC_FLITS_SLOT_BL.P1_NOT_REQ_BUT_BUBBLE, 0x2056
UNC_M3UPI_RxC_FLITS_SLOT_BL.P1_NOT_REQ_NOT_AVAIL, 0x4056
UNC_M3UPI_RxC_FLITS_SLOT_BL.P1_WAIT, 0x856
UNC_M3UPI_RxC_FLIT_GEN_HDR1.ACCUM, 0x151
UNC_M3UPI_RxC_FLIT_GEN_HDR1.ACCUM_READ, 0x251
UNC_M3UPI_RxC_FLIT_GEN_HDR1.ACCUM_WASTED, 0x451
UNC_M3UPI_RxC_FLIT_GEN_HDR1.AHEAD_BLOCKED, 0x851
UNC_M3UPI_RxC_FLIT_GEN_HDR1.AHEAD_MSG1_AFTER, 0x8051
UNC_M3UPI_RxC_FLIT_GEN_HDR1.AHEAD_MSG1_DURING, 0x1051
UNC_M3UPI_RxC_FLIT_GEN_HDR1.AHEAD_MSG2_AFTER, 0x2051
UNC_M3UPI_RxC_FLIT_GEN_HDR1.AHEAD_MSG2_SENT, 0x4051
UNC_M3UPI_RxC_FLIT_GEN_HDR2.PAR, 0x452
UNC_M3UPI_RxC_FLIT_GEN_HDR2.PAR_FLIT, 0x1052
UNC_M3UPI_RxC_FLIT_GEN_HDR2.PAR_MSG, 0x852
UNC_M3UPI_RxC_FLIT_GEN_HDR2.RMSTALL, 0x152
UNC_M3UPI_RxC_FLIT_GEN_HDR2.RMSTALL_NOMSG, 0x252
UNC_M3UPI_RxC_HDR_FLITS_SENT.1_MSG, 0x154
UNC_M3UPI_RxC_HDR_FLITS_SENT.1_MSG_VNX, 0x854
UNC_M3UPI_RxC_HDR_FLITS_SENT.2_MSGS, 0x254
UNC_M3UPI_RxC_HDR_FLITS_SENT.3_MSGS, 0x454
UNC_M3UPI_RxC_HDR_FLITS_SENT.SLOTS_1, 0x1054
UNC_M3UPI_RxC_HDR_FLITS_SENT.SLOTS_2, 0x2054
UNC_M3UPI_RxC_HDR_FLITS_SENT.SLOTS_3, 0x4054
UNC_M3UPI_RxC_HDR_FLIT_NOT_SENT.ALL, 0x153
UNC_M3UPI_RxC_HDR_FLIT_NOT_SENT.NO_BGF_CRD, 0x853
UNC_M3UPI_RxC_HDR_FLIT_NOT_SENT.NO_BGF_NO_MSG, 0x2053
UNC_M3UPI_RxC_HDR_FLIT_NOT_SENT.NO_TXQ_CRD, 0x1053
UNC_M3UPI_RxC_HDR_FLIT_NOT_SENT.NO_TXQ_NO_MSG, 0x4053
UNC_M3UPI_RxC_HDR_FLIT_NOT_SENT.TSV_HI, 0x253
UNC_M3UPI_RxC_HDR_FLIT_NOT_SENT.VALID_FOR_FLIT, 0x453
UNC_M3UPI_RxC_HELD.CANT_SLOT_AD, 0x1050
UNC_M3UPI_RxC_HELD.CANT_SLOT_BL, 0x2050
UNC_M3UPI_RxC_HELD.PARALLEL_ATTEMPT, 0x450
UNC_M3UPI_RxC_HELD.PARALLEL_SUCCESS, 0x850
UNC_M3UPI_RxC_HELD.VN0, 0x150
UNC_M3UPI_RxC_HELD.VN1, 0x250
UNC_M3UPI_RxC_INSERTS_VN0.AD_REQ, 0x141
UNC_M3UPI_RxC_INSERTS_VN0.AD_RSP, 0x441
UNC_M3UPI_RxC_INSERTS_VN0.AD_SNP, 0x241
UNC_M3UPI_RxC_INSERTS_VN0.BL_NCB, 0x2041
UNC_M3UPI_RxC_INSERTS_VN0.BL_NCS, 0x4041
UNC_M3UPI_RxC_INSERTS_VN0.BL_RSP, 0x841
UNC_M3UPI_RxC_INSERTS_VN0.BL_WB, 0x1041
UNC_M3UPI_RxC_INSERTS_VN1.AD_REQ, 0x142
UNC_M3UPI_RxC_INSERTS_VN1.AD_RSP, 0x442
UNC_M3UPI_RxC_INSERTS_VN1.AD_SNP, 0x242
UNC_M3UPI_RxC_INSERTS_VN1.BL_NCB, 0x2042
UNC_M3UPI_RxC_INSERTS_VN1.BL_NCS, 0x4042
UNC_M3UPI_RxC_INSERTS_VN1.BL_RSP, 0x842
UNC_M3UPI_RxC_INSERTS_VN1.BL_WB, 0x1042
UNC_M3UPI_RxC_OCCUPANCY_VN0.AD_REQ, 0x145
UNC_M3UPI_RxC_OCCUPANCY_VN0.AD_RSP, 0x445
UNC_M3UPI_RxC_OCCUPANCY_VN0.AD_SNP, 0x245
UNC_M3UPI_RxC_OCCUPANCY_VN0.BL_NCB, 0x2045
UNC_M3UPI_RxC_OCCUPANCY_VN0.BL_NCS, 0x4045
UNC_M3UPI_RxC_OCCUPANCY_VN0.BL_RSP, 0x845
UNC_M3UPI_RxC_OCCUPANCY_VN0.BL_WB, 0x1045
UNC_M3UPI_RxC_OCCUPANCY_VN1.AD_REQ, 0x146
UNC_M3UPI_RxC_OCCUPANCY_VN1.AD_RSP, 0x446
UNC_M3UPI_RxC_OCCUPANCY_VN1.AD_SNP, 0x246
UNC_M3UPI_RxC_OCCUPANCY_VN1.BL_NCB, 0x2046
UNC_M3UPI_RxC_OCCUPANCY_VN1.BL_NCS, 0x4046
UNC_M3UPI_RxC_OCCUPANCY_VN1.BL_RSP, 0x846
UNC_M3UPI_RxC_OCCUPANCY_VN1.BL_WB, 0x1046
UNC_M3UPI_RxC_PACKING_MISS_VN0.AD_REQ, 0x14e
UNC_M3UPI_RxC_PACKING_MISS_VN0.AD_RSP, 0x44e
UNC_M3UPI_RxC_PACKING_MISS_VN0.AD_SNP, 0x24e
UNC_M3UPI_RxC_PACKING_MISS_VN0.BL_NCB, 0x204e
UNC_M3UPI_RxC_PACKING_MISS_VN0.BL_NCS, 0x404e
UNC_M3UPI_RxC_PACKING_MISS_VN0.BL_RSP, 0x84e
UNC_M3UPI_RxC_PACKING_MISS_VN0.BL_WB, 0x104e
UNC_M3UPI_RxC_PACKING_MISS_VN1.AD_REQ, 0x14f
UNC_M3UPI_RxC_PACKING_MISS_VN1.AD_RSP, 0x44f
UNC_M3UPI_RxC_PACKING_MISS_VN1.AD_SNP, 0x24f
UNC_M3UPI_RxC_PACKING_MISS_VN1.BL_NCB, 0x204f
UNC_M3UPI_RxC_PACKING_MISS_VN1.BL_NCS, 0x404f
UNC_M3UPI_RxC_PACKING_MISS_VN1.BL_RSP, 0x84f
UNC_M3UPI_RxC_PACKING_MISS_VN1.BL_WB, 0x104f
UNC_M3UPI_RxC_VNA_CRD.ANY_IN_USE, 0x205a
UNC_M3UPI_RxC_VNA_CRD.CORRECTED, 0x15a
UNC_M3UPI_RxC_VNA_CRD.LT1, 0x25a
UNC_M3UPI_RxC_VNA_CRD.LT10, 0x105a
UNC_M3UPI_RxC_VNA_CRD.LT4, 0x45a
UNC_M3UPI_RxC_VNA_CRD.LT5, 0x85a
UNC_M3UPI_RxC_VNA_CRD_MISC.REQ_ADBL_ALLOC_L5, 0x259
UNC_M3UPI_RxC_VNA_CRD_MISC.REQ_VN01_ALLOC_LT10, 0x159
UNC_M3UPI_RxC_VNA_CRD_MISC.VN0_JUST_AD, 0x1059
UNC_M3UPI_RxC_VNA_CRD_MISC.VN0_JUST_BL, 0x2059
UNC_M3UPI_RxC_VNA_CRD_MISC.VN0_ONLY, 0x459
UNC_M3UPI_RxC_VNA_CRD_MISC.VN1_JUST_AD, 0x4059
UNC_M3UPI_RxC_VNA_CRD_MISC.VN1_JUST_BL, 0x8059
UNC_M3UPI_RxC_VNA_CRD_MISC.VN1_ONLY, 0x859
UNC_M3UPI_RxR_BUSY_STARVED.AD_ALL, 0x11e5
UNC_M3UPI_RxR_BUSY_STARVED.AD_CRD, 0x10e5
UNC_M3UPI_RxR_BUSY_STARVED.AD_UNCRD, 0x1e5
UNC_M3UPI_RxR_BUSY_STARVED.BL_ALL, 0x44e5
UNC_M3UPI_RxR_BUSY_STARVED.BL_CRD, 0x40e5
UNC_M3UPI_RxR_BUSY_STARVED.BL_UNCRD, 0x4e5
UNC_M3UPI_RxR_BYPASS.AD_ALL, 0x11e2
UNC_M3UPI_RxR_BYPASS.AD_CRD, 0x10e2
UNC_M3UPI_RxR_BYPASS.AD_UNCRD, 0x1e2
UNC_M3UPI_RxR_BYPASS.AK, 0x2e2
UNC_M3UPI_RxR_BYPASS.AKC_UNCRD, 0x80e2
UNC_M3UPI_RxR_BYPASS.BL_ALL, 0x44e2
UNC_M3UPI_RxR_BYPASS.BL_CRD, 0x40e2
UNC_M3UPI_RxR_BYPASS.BL_UNCRD, 0x4e2
UNC_M3UPI_RxR_BYPASS.IV, 0x8e2
UNC_M3UPI_RxR_CRD_STARVED.AD_ALL, 0x11e3
UNC_M3UPI_RxR_CRD_STARVED.AD_CRD, 0x10e3
UNC_M3UPI_RxR_CRD_STARVED.AD_UNCRD, 0x1e3
UNC_M3UPI_RxR_CRD_STARVED.AK, 0x2e3
UNC_M3UPI_RxR_CRD_STARVED.BL_ALL, 0x44e3
UNC_M3UPI_RxR_CRD_STARVED.BL_CRD, 0x40e3
UNC_M3UPI_RxR_CRD_STARVED.BL_UNCRD, 0x4e3
UNC_M3UPI_RxR_CRD_STARVED.IFV, 0x80e3
UNC_M3UPI_RxR_CRD_STARVED.IV, 0x8e3
UNC_M3UPI_RxR_CRD_STARVED_1, 0xe4
UNC_M3UPI_RxR_INSERTS.AD_ALL, 0x11e1
UNC_M3UPI_RxR_INSERTS.AD_CRD, 0x10e1
UNC_M3UPI_RxR_INSERTS.AD_UNCRD, 0x1e1
UNC_M3UPI_RxR_INSERTS.AK, 0x2e1
UNC_M3UPI_RxR_INSERTS.AKC_UNCRD, 0x80e1
UNC_M3UPI_RxR_INSERTS.BL_ALL, 0x44e1
UNC_M3UPI_RxR_INSERTS.BL_CRD, 0x40e1
UNC_M3UPI_RxR_INSERTS.BL_UNCRD, 0x4e1
UNC_M3UPI_RxR_INSERTS.IV, 0x8e1
UNC_M3UPI_RxR_OCCUPANCY.AD_ALL, 0x11e0
UNC_M3UPI_RxR_OCCUPANCY.AD_CRD, 0x10e0
UNC_M3UPI_RxR_OCCUPANCY.AD_UNCRD, 0x1e0
UNC_M3UPI_RxR_OCCUPANCY.AK, 0x2e0
UNC_M3UPI_RxR_OCCUPANCY.AKC_UNCRD, 0x80e0
UNC_M3UPI_RxR_OCCUPANCY.BL_ALL, 0x44e0
UNC_M3UPI_RxR_OCCUPANCY.BL_CRD, 0x20e0
UNC_M3UPI_RxR_OCCUPANCY.BL_UNCRD, 0x4e0
UNC_M3UPI_RxR_OCCUPANCY.IV, 0x8e0
UNC_M3UPI_STALL0_NO_TxR_HORZ_CRD_AD_AG0.TGR0, 0x1d0
UNC_M3UPI_STALL0_NO_TxR_HORZ_CRD_AD_AG0.TGR1, 0x2d0
UNC_M3UPI_STALL0_NO_TxR_HORZ_CRD_AD_AG0.TGR2, 0x4d0
UNC_M3UPI_STALL0_NO_TxR_HORZ_CRD_AD_AG0.TGR3, 0x8d0
UNC_M3UPI_STALL0_NO_TxR_HORZ_CRD_AD_AG0.TGR4, 0x10d0
UNC_M3UPI_STALL0_NO_TxR_HORZ_CRD_AD_AG0.TGR5, 0x20d0
UNC_M3UPI_STALL0_NO_TxR_HORZ_CRD_AD_AG0.TGR6, 0x40d0
UNC_M3UPI_STALL0_NO_TxR_HORZ_CRD_AD_AG0.TGR7, 0x80d0
UNC_M3UPI_STALL0_NO_TxR_HORZ_CRD_AD_AG1.TGR0, 0x1d2
UNC_M3UPI_STALL0_NO_TxR_HORZ_CRD_AD_AG1.TGR1, 0x2d2
UNC_M3UPI_STALL0_NO_TxR_HORZ_CRD_AD_AG1.TGR2, 0x4d2
UNC_M3UPI_STALL0_NO_TxR_HORZ_CRD_AD_AG1.TGR3, 0x8d2
UNC_M3UPI_STALL0_NO_TxR_HORZ_CRD_AD_AG1.TGR4, 0x10d2
UNC_M3UPI_STALL0_NO_TxR_HORZ_CRD_AD_AG1.TGR5, 0x20d2
UNC_M3UPI_STALL0_NO_TxR_HORZ_CRD_AD_AG1.TGR6, 0x40d2
UNC_M3UPI_STALL0_NO_TxR_HORZ_CRD_AD_AG1.TGR7, 0x80d2
UNC_M3UPI_STALL0_NO_TxR_HORZ_CRD_BL_AG0.TGR0, 0x1d4
UNC_M3UPI_STALL0_NO_TxR_HORZ_CRD_BL_AG0.TGR1, 0x2d4
UNC_M3UPI_STALL0_NO_TxR_HORZ_CRD_BL_AG0.TGR2, 0x4d4
UNC_M3UPI_STALL0_NO_TxR_HORZ_CRD_BL_AG0.TGR3, 0x8d4
UNC_M3UPI_STALL0_NO_TxR_HORZ_CRD_BL_AG0.TGR4, 0x10d4
UNC_M3UPI_STALL0_NO_TxR_HORZ_CRD_BL_AG0.TGR5, 0x20d4
UNC_M3UPI_STALL0_NO_TxR_HORZ_CRD_BL_AG0.TGR6, 0x40d4
UNC_M3UPI_STALL0_NO_TxR_HORZ_CRD_BL_AG0.TGR7, 0x80d4
UNC_M3UPI_STALL0_NO_TxR_HORZ_CRD_BL_AG1.TGR0, 0x1d6
UNC_M3UPI_STALL0_NO_TxR_HORZ_CRD_BL_AG1.TGR1, 0x2d6
UNC_M3UPI_STALL0_NO_TxR_HORZ_CRD_BL_AG1.TGR2, 0x4d6
UNC_M3UPI_STALL0_NO_TxR_HORZ_CRD_BL_AG1.TGR3, 0x8d6
UNC_M3UPI_STALL0_NO_TxR_HORZ_CRD_BL_AG1.TGR4, 0x10d6
UNC_M3UPI_STALL0_NO_TxR_HORZ_CRD_BL_AG1.TGR5, 0x20d6
UNC_M3UPI_STALL0_NO_TxR_HORZ_CRD_BL_AG1.TGR6, 0x40d6
UNC_M3UPI_STALL0_NO_TxR_HORZ_CRD_BL_AG1.TGR7, 0x80d6
UNC_M3UPI_STALL1_NO_TxR_HORZ_CRD_AD_AG0.TGR10, 0x4d1
UNC_M3UPI_STALL1_NO_TxR_HORZ_CRD_AD_AG0.TGR8, 0x1d1
UNC_M3UPI_STALL1_NO_TxR_HORZ_CRD_AD_AG0.TGR9, 0x2d1
UNC_M3UPI_STALL1_NO_TxR_HORZ_CRD_AD_AG1_1.TGR10, 0x4d3
UNC_M3UPI_STALL1_NO_TxR_HORZ_CRD_AD_AG1_1.TGR8, 0x1d3
UNC_M3UPI_STALL1_NO_TxR_HORZ_CRD_AD_AG1_1.TGR9, 0x2d3
UNC_M3UPI_STALL1_NO_TxR_HORZ_CRD_BL_AG0_1.TGR10, 0x4d5
UNC_M3UPI_STALL1_NO_TxR_HORZ_CRD_BL_AG0_1.TGR8, 0x1d5
UNC_M3UPI_STALL1_NO_TxR_HORZ_CRD_BL_AG0_1.TGR9, 0x2d5
UNC_M3UPI_STALL1_NO_TxR_HORZ_CRD_BL_AG1_1.TGR10, 0x4d7
UNC_M3UPI_STALL1_NO_TxR_HORZ_CRD_BL_AG1_1.TGR8, 0x1d7
UNC_M3UPI_STALL1_NO_TxR_HORZ_CRD_BL_AG1_1.TGR9, 0x2d7
UNC_M3UPI_TxC_AD_ARB_FAIL.VN0_REQ, 0x130
UNC_M3UPI_TxC_AD_ARB_FAIL.VN0_RSP, 0x430
UNC_M3UPI_TxC_AD_ARB_FAIL.VN0_SNP, 0x230
UNC_M3UPI_TxC_AD_ARB_FAIL.VN0_WB, 0x830
UNC_M3UPI_TxC_AD_ARB_FAIL.VN1_REQ, 0x1030
UNC_M3UPI_TxC_AD_ARB_FAIL.VN1_RSP, 0x4030
UNC_M3UPI_TxC_AD_ARB_FAIL.VN1_SNP, 0x2030
UNC_M3UPI_TxC_AD_ARB_FAIL.VN1_WB, 0x8030
UNC_M3UPI_TxC_AD_FLQ_BYPASS.AD_SLOT0, 0x12c
UNC_M3UPI_TxC_AD_FLQ_BYPASS.AD_SLOT1, 0x22c
UNC_M3UPI_TxC_AD_FLQ_BYPASS.AD_SLOT2, 0x42c
UNC_M3UPI_TxC_AD_FLQ_BYPASS.BL_EARLY_RSP, 0x82c
UNC_M3UPI_TxC_AD_FLQ_CYCLES_NE.VN0_REQ, 0x127
UNC_M3UPI_TxC_AD_FLQ_CYCLES_NE.VN0_RSP, 0x427
UNC_M3UPI_TxC_AD_FLQ_CYCLES_NE.VN0_SNP, 0x227
UNC_M3UPI_TxC_AD_FLQ_CYCLES_NE.VN0_WB, 0x827
UNC_M3UPI_TxC_AD_FLQ_CYCLES_NE.VN1_REQ, 0x1027
UNC_M3UPI_TxC_AD_FLQ_CYCLES_NE.VN1_RSP, 0x4027
UNC_M3UPI_TxC_AD_FLQ_CYCLES_NE.VN1_SNP, 0x2027
UNC_M3UPI_TxC_AD_FLQ_CYCLES_NE.VN1_WB, 0x8027
UNC_M3UPI_TxC_AD_FLQ_INSERTS.VN0_REQ, 0x12d
UNC_M3UPI_TxC_AD_FLQ_INSERTS.VN0_RSP, 0x42d
UNC_M3UPI_TxC_AD_FLQ_INSERTS.VN0_SNP, 0x22d
UNC_M3UPI_TxC_AD_FLQ_INSERTS.VN0_WB, 0x82d
UNC_M3UPI_TxC_AD_FLQ_INSERTS.VN1_REQ, 0x102d
UNC_M3UPI_TxC_AD_FLQ_INSERTS.VN1_RSP, 0x402d
UNC_M3UPI_TxC_AD_FLQ_INSERTS.VN1_SNP, 0x202d
UNC_M3UPI_TxC_AD_FLQ_OCCUPANCY.VN0_REQ, 0x11c
UNC_M3UPI_TxC_AD_FLQ_OCCUPANCY.VN0_RSP, 0x41c
UNC_M3UPI_TxC_AD_FLQ_OCCUPANCY.VN0_SNP, 0x21c
UNC_M3UPI_TxC_AD_FLQ_OCCUPANCY.VN0_WB, 0x81c
UNC_M3UPI_TxC_AD_FLQ_OCCUPANCY.VN1_REQ, 0x101c
UNC_M3UPI_TxC_AD_FLQ_OCCUPANCY.VN1_RSP, 0x401c
UNC_M3UPI_TxC_AD_FLQ_OCCUPANCY.VN1_SNP, 0x201c
UNC_M3UPI_TxC_AK_FLQ_INSERTS, 0x2f
UNC_M3UPI_TxC_AK_FLQ_OCCUPANCY, 0x1e
UNC_M3UPI_TxC_BL_ARB_FAIL.VN0_NCB, 0x435
UNC_M3UPI_TxC_BL_ARB_FAIL.VN0_NCS, 0x835
UNC_M3UPI_TxC_BL_ARB_FAIL.VN0_RSP, 0x135
UNC_M3UPI_TxC_BL_ARB_FAIL.VN0_WB, 0x235
UNC_M3UPI_TxC_BL_ARB_FAIL.VN1_NCB, 0x4035
UNC_M3UPI_TxC_BL_ARB_FAIL.VN1_NCS, 0x8035
UNC_M3UPI_TxC_BL_ARB_FAIL.VN1_RSP, 0x1035
UNC_M3UPI_TxC_BL_ARB_FAIL.VN1_WB, 0x2035
UNC_M3UPI_TxC_BL_FLQ_CYCLES_NE.VN0_REQ, 0x128
UNC_M3UPI_TxC_BL_FLQ_CYCLES_NE.VN0_RSP, 0x428
UNC_M3UPI_TxC_BL_FLQ_CYCLES_NE.VN0_SNP, 0x228
UNC_M3UPI_TxC_BL_FLQ_CYCLES_NE.VN0_WB, 0x828
UNC_M3UPI_TxC_BL_FLQ_CYCLES_NE.VN1_REQ, 0x1028
UNC_M3UPI_TxC_BL_FLQ_CYCLES_NE.VN1_RSP, 0x4028
UNC_M3UPI_TxC_BL_FLQ_CYCLES_NE.VN1_SNP, 0x2028
UNC_M3UPI_TxC_BL_FLQ_CYCLES_NE.VN1_WB, 0x8028
UNC_M3UPI_TxC_BL_FLQ_INSERTS.VN0_NCB, 0x12e
UNC_M3UPI_TxC_BL_FLQ_INSERTS.VN0_NCS, 0x22e
UNC_M3UPI_TxC_BL_FLQ_INSERTS.VN0_RSP, 0x82e
UNC_M3UPI_TxC_BL_FLQ_INSERTS.VN0_WB, 0x42e
UNC_M3UPI_TxC_BL_FLQ_INSERTS.VN1_NCB, 0x102e
UNC_M3UPI_TxC_BL_FLQ_INSERTS.VN1_NCS, 0x202e
UNC_M3UPI_TxC_BL_FLQ_INSERTS.VN1_RSP, 0x802e
UNC_M3UPI_TxC_BL_FLQ_INSERTS.VN1_WB, 0x402e
UNC_M3UPI_TxC_BL_FLQ_OCCUPANCY.VN0_NCB, 0x41d
UNC_M3UPI_TxC_BL_FLQ_OCCUPANCY.VN0_NCS, 0x81d
UNC_M3UPI_TxC_BL_FLQ_OCCUPANCY.VN0_RSP, 0x11d
UNC_M3UPI_TxC_BL_FLQ_OCCUPANCY.VN0_WB, 0x21d
UNC_M3UPI_TxC_BL_FLQ_OCCUPANCY.VN1_NCB, 0x401d
UNC_M3UPI_TxC_BL_FLQ_OCCUPANCY.VN1_NCS, 0x801d
UNC_M3UPI_TxC_BL_FLQ_OCCUPANCY.VN1_RSP, 0x101d
UNC_M3UPI_TxC_BL_FLQ_OCCUPANCY.VN1_WB, 0x201d
UNC_M3UPI_TxC_BL_WB_FLQ_OCCUPANCY.VN0_LOCAL, 0x11f
UNC_M3UPI_TxC_BL_WB_FLQ_OCCUPANCY.VN0_THROUGH, 0x21f
UNC_M3UPI_TxC_BL_WB_FLQ_OCCUPANCY.VN0_WRPULL, 0x41f
UNC_M3UPI_TxC_BL_WB_FLQ_OCCUPANCY.VN1_LOCAL, 0x101f
UNC_M3UPI_TxC_BL_WB_FLQ_OCCUPANCY.VN1_THROUGH, 0x201f
UNC_M3UPI_TxC_BL_WB_FLQ_OCCUPANCY.VN1_WRPULL, 0x401f
UNC_M3UPI_TxR_HORZ_ADS_USED.AD_ALL, 0x11a6
UNC_M3UPI_TxR_HORZ_ADS_USED.AD_CRD, 0x10a6
UNC_M3UPI_TxR_HORZ_ADS_USED.AD_UNCRD, 0x1a6
UNC_M3UPI_TxR_HORZ_ADS_USED.BL_ALL, 0x44a6
UNC_M3UPI_TxR_HORZ_ADS_USED.BL_CRD, 0x40a6
UNC_M3UPI_TxR_HORZ_ADS_USED.BL_UNCRD, 0x4a6
UNC_M3UPI_TxR_HORZ_BYPASS.AD_ALL, 0x11a7
UNC_M3UPI_TxR_HORZ_BYPASS.AD_CRD, 0x10a7
UNC_M3UPI_TxR_HORZ_BYPASS.AD_UNCRD, 0x1a7
UNC_M3UPI_TxR_HORZ_BYPASS.AK, 0x2a7
UNC_M3UPI_TxR_HORZ_BYPASS.AKC_UNCRD, 0x80a7
UNC_M3UPI_TxR_HORZ_BYPASS.BL_ALL, 0x44a7
UNC_M3UPI_TxR_HORZ_BYPASS.BL_CRD, 0x40a7
UNC_M3UPI_TxR_HORZ_BYPASS.BL_UNCRD, 0x4a7
UNC_M3UPI_TxR_HORZ_BYPASS.IV, 0x8a7
UNC_M3UPI_TxR_HORZ_CYCLES_FULL.AD_ALL, 0x11a2
UNC_M3UPI_TxR_HORZ_CYCLES_FULL.AD_CRD, 0x10a2
UNC_M3UPI_TxR_HORZ_CYCLES_FULL.AD_UNCRD, 0x1a2
UNC_M3UPI_TxR_HORZ_CYCLES_FULL.AK, 0x2a2
UNC_M3UPI_TxR_HORZ_CYCLES_FULL.AKC_UNCRD, 0x80a2
UNC_M3UPI_TxR_HORZ_CYCLES_FULL.BL_ALL, 0x44a2
UNC_M3UPI_TxR_HORZ_CYCLES_FULL.BL_CRD, 0x40a2
UNC_M3UPI_TxR_HORZ_CYCLES_FULL.BL_UNCRD, 0x4a2
UNC_M3UPI_TxR_HORZ_CYCLES_FULL.IV, 0x8a2
UNC_M3UPI_TxR_HORZ_CYCLES_NE.AD_ALL, 0x11a3
UNC_M3UPI_TxR_HORZ_CYCLES_NE.AD_CRD, 0x10a3
UNC_M3UPI_TxR_HORZ_CYCLES_NE.AD_UNCRD, 0x1a3
UNC_M3UPI_TxR_HORZ_CYCLES_NE.AK, 0x2a3
UNC_M3UPI_TxR_HORZ_CYCLES_NE.AKC_UNCRD, 0x80a3
UNC_M3UPI_TxR_HORZ_CYCLES_NE.BL_ALL, 0x44a3
UNC_M3UPI_TxR_HORZ_CYCLES_NE.BL_CRD, 0x40a3
UNC_M3UPI_TxR_HORZ_CYCLES_NE.BL_UNCRD, 0x4a3
UNC_M3UPI_TxR_HORZ_CYCLES_NE.IV, 0x8a3
UNC_M3UPI_TxR_HORZ_INSERTS.AD_ALL, 0x11a1
UNC_M3UPI_TxR_HORZ_INSERTS.AD_CRD, 0x10a1
UNC_M3UPI_TxR_HORZ_INSERTS.AD_UNCRD, 0x1a1
UNC_M3UPI_TxR_HORZ_INSERTS.AK, 0x2a1
UNC_M3UPI_TxR_HORZ_INSERTS.AKC_UNCRD, 0x80a1
UNC_M3UPI_TxR_HORZ_INSERTS.BL_ALL, 0x44a1
UNC_M3UPI_TxR_HORZ_INSERTS.BL_CRD, 0x40a1
UNC_M3UPI_TxR_HORZ_INSERTS.BL_UNCRD, 0x4a1
UNC_M3UPI_TxR_HORZ_INSERTS.IV, 0x8a1
UNC_M3UPI_TxR_HORZ_NACK.AD_ALL, 0x11a4
UNC_M3UPI_TxR_HORZ_NACK.AD_CRD, 0x10a4
UNC_M3UPI_TxR_HORZ_NACK.AD_UNCRD, 0x1a4
UNC_M3UPI_TxR_HORZ_NACK.AK, 0x2a4
UNC_M3UPI_TxR_HORZ_NACK.AKC_UNCRD, 0x80a4
UNC_M3UPI_TxR_HORZ_NACK.BL_ALL, 0x44a4
UNC_M3UPI_TxR_HORZ_NACK.BL_CRD, 0x40a4
UNC_M3UPI_TxR_HORZ_NACK.BL_UNCRD, 0x4a4
UNC_M3UPI_TxR_HORZ_NACK.IV, 0x8a4
UNC_M3UPI_TxR_HORZ_OCCUPANCY.AD_ALL, 0x11a0
UNC_M3UPI_TxR_HORZ_OCCUPANCY.AD_CRD, 0x10a0
UNC_M3UPI_TxR_HORZ_OCCUPANCY.AD_UNCRD, 0x1a0
UNC_M3UPI_TxR_HORZ_OCCUPANCY.AK, 0x2a0
UNC_M3UPI_TxR_HORZ_OCCUPANCY.AKC_UNCRD, 0x80a0
UNC_M3UPI_TxR_HORZ_OCCUPANCY.BL_ALL, 0x44a0
UNC_M3UPI_TxR_HORZ_OCCUPANCY.BL_CRD, 0x40a0
UNC_M3UPI_TxR_HORZ_OCCUPANCY.BL_UNCRD, 0x4a0
UNC_M3UPI_TxR_HORZ_OCCUPANCY.IV, 0x8a0
UNC_M3UPI_TxR_HORZ_STARVED.AD_ALL, 0x1a5
UNC_M3UPI_TxR_HORZ_STARVED.AD_UNCRD, 0x1a5
UNC_M3UPI_TxR_HORZ_STARVED.AK, 0x2a5
UNC_M3UPI_TxR_HORZ_STARVED.AKC_UNCRD, 0x80a5
UNC_M3UPI_TxR_HORZ_STARVED.BL_ALL, 0x4a5
UNC_M3UPI_TxR_HORZ_STARVED.BL_UNCRD, 0x4a5
UNC_M3UPI_TxR_HORZ_STARVED.IV, 0x8a5
UNC_M3UPI_TxR_VERT_ADS_USED.AD_AG0, 0x19c
UNC_M3UPI_TxR_VERT_ADS_USED.AD_AG1, 0x109c
UNC_M3UPI_TxR_VERT_ADS_USED.BL_AG0, 0x49c
UNC_M3UPI_TxR_VERT_ADS_USED.BL_AG1, 0x409c
UNC_M3UPI_TxR_VERT_BYPASS.AD_AG0, 0x19d
UNC_M3UPI_TxR_VERT_BYPASS.AD_AG1, 0x109d
UNC_M3UPI_TxR_VERT_BYPASS.AK_AG0, 0x29d
UNC_M3UPI_TxR_VERT_BYPASS.AK_AG1, 0x209d
UNC_M3UPI_TxR_VERT_BYPASS.BL_AG0, 0x49d
UNC_M3UPI_TxR_VERT_BYPASS.BL_AG1, 0x409d
UNC_M3UPI_TxR_VERT_BYPASS.IV_AG1, 0x89d
UNC_M3UPI_TxR_VERT_BYPASS_1.AKC_AG0, 0x19e
UNC_M3UPI_TxR_VERT_BYPASS_1.AKC_AG1, 0x29e
UNC_M3UPI_TxR_VERT_CYCLES_FULL0.AD_AG0, 0x194
UNC_M3UPI_TxR_VERT_CYCLES_FULL0.AD_AG1, 0x1094
UNC_M3UPI_TxR_VERT_CYCLES_FULL0.AK_AG0, 0x294
UNC_M3UPI_TxR_VERT_CYCLES_FULL0.AK_AG1, 0x2094
UNC_M3UPI_TxR_VERT_CYCLES_FULL0.BL_AG0, 0x494
UNC_M3UPI_TxR_VERT_CYCLES_FULL0.BL_AG1, 0x4094
UNC_M3UPI_TxR_VERT_CYCLES_FULL0.IV_AG0, 0x894
UNC_M3UPI_TxR_VERT_CYCLES_FULL1.AKC_AG0, 0x195
UNC_M3UPI_TxR_VERT_CYCLES_FULL1.AKC_AG1, 0x295
UNC_M3UPI_TxR_VERT_CYCLES_NE0.AD_AG0, 0x196
UNC_M3UPI_TxR_VERT_CYCLES_NE0.AD_AG1, 0x1096
UNC_M3UPI_TxR_VERT_CYCLES_NE0.AK_AG0, 0x296
UNC_M3UPI_TxR_VERT_CYCLES_NE0.AK_AG1, 0x2096
UNC_M3UPI_TxR_VERT_CYCLES_NE0.BL_AG0, 0x496
UNC_M3UPI_TxR_VERT_CYCLES_NE0.BL_AG1, 0x4096
UNC_M3UPI_TxR_VERT_CYCLES_NE0.IV_AG0, 0x896
UNC_M3UPI_TxR_VERT_CYCLES_NE1.AKC_AG0, 0x197
UNC_M3UPI_TxR_VERT_CYCLES_NE1.AKC_AG1, 0x297
UNC_M3UPI_TxR_VERT_INSERTS0.AD_AG0, 0x192
UNC_M3UPI_TxR_VERT_INSERTS0.AD_AG1, 0x1092
UNC_M3UPI_TxR_VERT_INSERTS0.AK_AG0, 0x292
UNC_M3UPI_TxR_VERT_INSERTS0.AK_AG1, 0x2092
UNC_M3UPI_TxR_VERT_INSERTS0.BL_AG0, 0x492
UNC_M3UPI_TxR_VERT_INSERTS0.BL_AG1, 0x4092
UNC_M3UPI_TxR_VERT_INSERTS0.IV_AG0, 0x892
UNC_M3UPI_TxR_VERT_INSERTS1.AKC_AG0, 0x193
UNC_M3UPI_TxR_VERT_INSERTS1.AKC_AG1, 0x293
UNC_M3UPI_TxR_VERT_NACK0.AD_AG0, 0x198
UNC_M3UPI_TxR_VERT_NACK0.AD_AG1, 0x1098
UNC_M3UPI_TxR_VERT_NACK0.AK_AG0, 0x298
UNC_M3UPI_TxR_VERT_NACK0.AK_AG1, 0x2098
UNC_M3UPI_TxR_VERT_NACK0.BL_AG0, 0x498
UNC_M3UPI_TxR_VERT_NACK0.BL_AG1, 0x4098
UNC_M3UPI_TxR_VERT_NACK0.IV_AG0, 0x898
UNC_M3UPI_TxR_VERT_NACK1.AKC_AG0, 0x199
UNC_M3UPI_TxR_VERT_NACK1.AKC_AG1, 0x299
UNC_M3UPI_TxR_VERT_OCCUPANCY0.AD_AG0, 0x190
UNC_M3UPI_TxR_VERT_OCCUPANCY0.AD_AG1, 0x1090
UNC_M3UPI_TxR_VERT_OCCUPANCY0.AK_AG0, 0x290
UNC_M3UPI_TxR_VERT_OCCUPANCY0.AK_AG1, 0x2090
UNC_M3UPI_TxR_VERT_OCCUPANCY0.BL_AG0, 0x490
UNC_M3UPI_TxR_VERT_OCCUPANCY0.BL_AG1, 0x4090
UNC_M3UPI_TxR_VERT_OCCUPANCY0.IV_AG0, 0x890
UNC_M3UPI_TxR_VERT_OCCUPANCY1.AKC_AG0, 0x191
UNC_M3UPI_TxR_VERT_OCCUPANCY1.AKC_AG1, 0x291
UNC_M3UPI_TxR_VERT_STARVED0.AD_AG0, 0x19a
UNC_M3UPI_TxR_VERT_STARVED0.AD_AG1, 0x109a
UNC_M3UPI_TxR_VERT_STARVED0.AK_AG0, 0x29a
UNC_M3UPI_TxR_VERT_STARVED0.AK_AG1, 0x209a
UNC_M3UPI_TxR_VERT_STARVED0.BL_AG0, 0x49a
UNC_M3UPI_TxR_VERT_STARVED0.BL_AG1, 0x409a
UNC_M3UPI_TxR_VERT_STARVED0.IV_AG0, 0x89a
UNC_M3UPI_TxR_VERT_STARVED1.AKC_AG0, 0x19b
UNC_M3UPI_TxR_VERT_STARVED1.AKC_AG1, 0x29b
UNC_M3UPI_TxR_VERT_STARVED1.TGC, 0x49b
UNC_M3UPI_UPI_PEER_AD_CREDITS_EMPTY.VN0_REQ, 0x220
UNC_M3UPI_UPI_PEER_AD_CREDITS_EMPTY.VN0_RSP, 0x820
UNC_M3UPI_UPI_PEER_AD_CREDITS_EMPTY.VN0_SNP, 0x420
UNC_M3UPI_UPI_PEER_AD_CREDITS_EMPTY.VN1_REQ, 0x1020
UNC_M3UPI_UPI_PEER_AD_CREDITS_EMPTY.VN1_RSP, 0x4020
UNC_M3UPI_UPI_PEER_AD_CREDITS_EMPTY.VN1_SNP, 0x2020
UNC_M3UPI_UPI_PEER_AD_CREDITS_EMPTY.VNA, 0x120
UNC_M3UPI_UPI_PEER_BL_CREDITS_EMPTY.VN0_NCS_NCB, 0x421
UNC_M3UPI_UPI_PEER_BL_CREDITS_EMPTY.VN0_RSP, 0x221
UNC_M3UPI_UPI_PEER_BL_CREDITS_EMPTY.VN0_WB, 0x821
UNC_M3UPI_UPI_PEER_BL_CREDITS_EMPTY.VN1_NCS_NCB, 0x2021
UNC_M3UPI_UPI_PEER_BL_CREDITS_EMPTY.VN1_RSP, 0x1021
UNC_M3UPI_UPI_PEER_BL_CREDITS_EMPTY.VN1_WB, 0x4021
UNC_M3UPI_UPI_PEER_BL_CREDITS_EMPTY.VNA, 0x121
UNC_M3UPI_UPI_PREFETCH_SPAWN, 0x29
UNC_M3UPI_VERT_RING_AD_IN_USE.DN_EVEN, 0x4b0
UNC_M3UPI_VERT_RING_AD_IN_USE.DN_ODD, 0x8b0
UNC_M3UPI_VERT_RING_AD_IN_USE.UP_EVEN, 0x1b0
UNC_M3UPI_VERT_RING_AD_IN_USE.UP_ODD, 0x2b0
UNC_M3UPI_VERT_RING_AKC_IN_USE.DN_EVEN, 0x4b4
UNC_M3UPI_VERT_RING_AKC_IN_USE.DN_ODD, 0x8b4
UNC_M3UPI_VERT_RING_AKC_IN_USE.UP_EVEN, 0x1b4
UNC_M3UPI_VERT_RING_AKC_IN_USE.UP_ODD, 0x2b4
UNC_M3UPI_VERT_RING_AK_IN_USE.DN_EVEN, 0x4b1
UNC_M3UPI_VERT_RING_AK_IN_USE.DN_ODD, 0x8b1
UNC_M3UPI_VERT_RING_AK_IN_USE.UP_EVEN, 0x1b1
UNC_M3UPI_VERT_RING_AK_IN_USE.UP_ODD, 0x2b1
UNC_M3UPI_VERT_RING_BL_IN_USE.DN_EVEN, 0x4b2
UNC_M3UPI_VERT_RING_BL_IN_USE.DN_ODD, 0x8b2
UNC_M3UPI_VERT_RING_BL_IN_USE.UP_EVEN, 0x1b2
UNC_M3UPI_VERT_RING_BL_IN_USE.UP_ODD, 0x2b2
UNC_M3UPI_VERT_RING_IV_IN_USE.DN, 0x4b3
UNC_M3UPI_VERT_RING_IV_IN_USE.UP, 0x1b3
UNC_M3UPI_VERT_RING_TGC_IN_USE.DN_EVEN, 0x4b5
UNC_M3UPI_VERT_RING_TGC_IN_USE.DN_ODD, 0x8b5
UNC_M3UPI_VERT_RING_TGC_IN_USE.UP_EVEN, 0x1b5
UNC_M3UPI_VERT_RING_TGC_IN_USE.UP_ODD, 0x2b5
UNC_M3UPI_VN0_CREDITS_USED.NCB, 0x105b
UNC_M3UPI_VN0_CREDITS_USED.NCS, 0x205b
UNC_M3UPI_VN0_CREDITS_USED.REQ, 0x15b
UNC_M3UPI_VN0_CREDITS_USED.RSP, 0x45b
UNC_M3UPI_VN0_CREDITS_USED.SNP, 0x25b
UNC_M3UPI_VN0_CREDITS_USED.WB, 0x85b
UNC_M3UPI_VN0_NO_CREDITS.NCB, 0x105d
UNC_M3UPI_VN0_NO_CREDITS.NCS, 0x205d
UNC_M3UPI_VN0_NO_CREDITS.REQ, 0x15d
UNC_M3UPI_VN0_NO_CREDITS.RSP, 0x45d
UNC_M3UPI_VN0_NO_CREDITS.SNP, 0x25d
UNC_M3UPI_VN0_NO_CREDITS.WB, 0x85d
UNC_M3UPI_VN1_CREDITS_USED.NCB, 0x105c
UNC_M3UPI_VN1_CREDITS_USED.NCS, 0x205c
UNC_M3UPI_VN1_CREDITS_USED.REQ, 0x15c
UNC_M3UPI_VN1_CREDITS_USED.RSP, 0x45c
UNC_M3UPI_VN1_CREDITS_USED.SNP, 0x25c
UNC_M3UPI_VN1_CREDITS_USED.WB, 0x85c
UNC_M3UPI_VN1_NO_CREDITS.NCB, 0x105e
UNC_M3UPI_VN1_NO_CREDITS.NCS, 0x205e
UNC_M3UPI_VN1_NO_CREDITS.REQ, 0x15e
UNC_M3UPI_VN1_NO_CREDITS.RSP, 0x45e
UNC_M3UPI_VN1_NO_CREDITS.SNP, 0x25e
UNC_M3UPI_VN1_NO_CREDITS.WB, 0x85e
UNC_M3UPI_WB_OCC_COMPARE.BOTHNONZERO_RT_EQ_LOCALDEST_VN0, 0x827e
UNC_M3UPI_WB_OCC_COMPARE.BOTHNONZERO_RT_EQ_LOCALDEST_VN1, 0xa07e
UNC_M3UPI_WB_OCC_COMPARE.BOTHNONZERO_RT_GT_LOCALDEST_VN0, 0x817e
UNC_M3UPI_WB_OCC_COMPARE.BOTHNONZERO_RT_GT_LOCALDEST_VN1, 0x907e
UNC_M3UPI_WB_OCC_COMPARE.BOTHNONZERO_RT_LT_LOCALDEST_VN0, 0x847e
UNC_M3UPI_WB_OCC_COMPARE.BOTHNONZERO_RT_LT_LOCALDEST_VN1, 0xc07e
UNC_M3UPI_WB_OCC_COMPARE.RT_EQ_LOCALDEST_VN0, 0x27e
UNC_M3UPI_WB_OCC_COMPARE.RT_EQ_LOCALDEST_VN1, 0x207e
UNC_M3UPI_WB_OCC_COMPARE.RT_GT_LOCALDEST_VN0, 0x17e
UNC_M3UPI_WB_OCC_COMPARE.RT_GT_LOCALDEST_VN1, 0x107e
UNC_M3UPI_WB_OCC_COMPARE.RT_LT_LOCALDEST_VN0, 0x47e
UNC_M3UPI_WB_OCC_COMPARE.RT_LT_LOCALDEST_VN1, 0x407e
UNC_M3UPI_WB_PENDING.LOCALDEST_VN0, 0x17d
UNC_M3UPI_WB_PENDING.LOCALDEST_VN1, 0x107d
UNC_M3UPI_WB_PENDING.LOCAL_AND_RT_VN0, 0x47d
UNC_M3UPI_WB_PENDING.LOCAL_AND_RT_VN1, 0x407d
UNC_M3UPI_WB_PENDING.ROUTETHRU_VN0, 0x27d
UNC_M3UPI_WB_PENDING.ROUTETHRU_VN1, 0x207d
UNC_M3UPI_WB_PENDING.WAITING4PULL_VN0, 0x87d
UNC_M3UPI_WB_PENDING.WAITING4PULL_VN1, 0x807d
UNC_M3UPI_XPT_PFTCH.ARB, 0x461
UNC_M3UPI_XPT_PFTCH.ARRIVED, 0x161
UNC_M3UPI_XPT_PFTCH.BYPASS, 0x261
UNC_M3UPI_XPT_PFTCH.FLITTED, 0x1061
UNC_M3UPI_XPT_PFTCH.LOST_ARB, 0x861
UNC_M3UPI_XPT_PFTCH.LOST_OLD, 0x2061
UNC_M3UPI_XPT_PFTCH.LOST_QFULL, 0x2061
UNC_UPI_CLOCKTICKS, 0x1
UNC_UPI_DIRECT_ATTEMPTS.D2C, 0x112
UNC_UPI_DIRECT_ATTEMPTS.D2K, 0x212
UNC_UPI_FLOWQ_NO_VNA_CRD.AD_VNA_EQ0, 0x118
UNC_UPI_FLOWQ_NO_VNA_CRD.AD_VNA_EQ1, 0x218
UNC_UPI_FLOWQ_NO_VNA_CRD.AD_VNA_EQ2, 0x418
UNC_UPI_FLOWQ_NO_VNA_CRD.AK_VNA_EQ0, 0x1018
UNC_UPI_FLOWQ_NO_VNA_CRD.AK_VNA_EQ1, 0x2018
UNC_UPI_FLOWQ_NO_VNA_CRD.AK_VNA_EQ2, 0x4018
UNC_UPI_FLOWQ_NO_VNA_CRD.AK_VNA_EQ3, 0x8018
UNC_UPI_FLOWQ_NO_VNA_CRD.BL_VNA_EQ0, 0x818
UNC_UPI_L1_POWER_CYCLES, 0x21
UNC_UPI_M3_BYP_BLOCKED.BGF_CRD, 0x814
UNC_UPI_M3_BYP_BLOCKED.FLOWQ_AD_VNA_LE2, 0x114
UNC_UPI_M3_BYP_BLOCKED.FLOWQ_AK_VNA_LE3, 0x414
UNC_UPI_M3_BYP_BLOCKED.FLOWQ_BL_VNA_EQ0, 0x214
UNC_UPI_M3_BYP_BLOCKED.GV_BLOCK, 0x1014
UNC_UPI_M3_CRD_RETURN_BLOCKED, 0x16
UNC_UPI_M3_RXQ_BLOCKED.BGF_CRD, 0x2015
UNC_UPI_M3_RXQ_BLOCKED.FLOWQ_AD_VNA_BTW_2_THRESH, 0x215
UNC_UPI_M3_RXQ_BLOCKED.FLOWQ_AD_VNA_LE2, 0x115
UNC_UPI_M3_RXQ_BLOCKED.FLOWQ_AK_VNA_LE3, 0x1015
UNC_UPI_M3_RXQ_BLOCKED.FLOWQ_BL_VNA_BTW_0_THRESH, 0x815
UNC_UPI_M3_RXQ_BLOCKED.FLOWQ_BL_VNA_EQ0, 0x415
UNC_UPI_M3_RXQ_BLOCKED.GV_BLOCK, 0x4015
UNC_UPI_PHY_INIT_CYCLES, 0x20
UNC_UPI_POWER_L1_NACK, 0x23
UNC_UPI_POWER_L1_REQ, 0x22
UNC_UPI_REQ_SLOT2_FROM_M3.ACK, 0x846
UNC_UPI_REQ_SLOT2_FROM_M3.VN0, 0x246
UNC_UPI_REQ_SLOT2_FROM_M3.VN1, 0x446
UNC_UPI_REQ_SLOT2_FROM_M3.VNA, 0x146
UNC_UPI_RxL0P_POWER_CYCLES, 0x25
UNC_UPI_RxL0_POWER_CYCLES, 0x24
UNC_UPI_RxL_BASIC_HDR_MATCH.NCB, 0xe05
UNC_UPI_RxL_BASIC_HDR_MATCH.NCB_OPC, 0x10e05
UNC_UPI_RxL_BASIC_HDR_MATCH.NCS, 0xf05
UNC_UPI_RxL_BASIC_HDR_MATCH.NCS_OPC, 0x10f05
UNC_UPI_RxL_BASIC_HDR_MATCH.REQ, 0x805
UNC_UPI_RxL_BASIC_HDR_MATCH.REQ_OPC, 0x10805
UNC_UPI_RxL_BASIC_HDR_MATCH.RSPCNFLT, 0x1aa05
UNC_UPI_RxL_BASIC_HDR_MATCH.RSPI, 0x12a05
UNC_UPI_RxL_BASIC_HDR_MATCH.RSP_DATA, 0xc05
UNC_UPI_RxL_BASIC_HDR_MATCH.RSP_DATA_OPC, 0x10c05
UNC_UPI_RxL_BASIC_HDR_MATCH.RSP_NODATA, 0xa05
UNC_UPI_RxL_BASIC_HDR_MATCH.RSP_NODATA_OPC, 0x10a05
UNC_UPI_RxL_BASIC_HDR_MATCH.SNP, 0x905
UNC_UPI_RxL_BASIC_HDR_MATCH.SNP_OPC, 0x10905
UNC_UPI_RxL_BASIC_HDR_MATCH.WB, 0xd05
UNC_UPI_RxL_BASIC_HDR_MATCH.WB_OPC, 0x10d05
UNC_UPI_RxL_BYPASSED.SLOT0, 0x131
UNC_UPI_RxL_BYPASSED.SLOT1, 0x231
UNC_UPI_RxL_BYPASSED.SLOT2, 0x431
UNC_UPI_RxL_CRC_ERRORS, 0xb
UNC_UPI_RxL_CRC_LLR_REQ_TRANSMIT, 0x8
UNC_UPI_RxL_CREDITS_CONSUMED_VN0, 0x39
UNC_UPI_RxL_CREDITS_CONSUMED_VN1, 0x3a
UNC_UPI_RxL_CREDITS_CONSUMED_VNA, 0x38
UNC_UPI_RxL_FLITS.ALL_DATA, 0xf03
UNC_UPI_RxL_FLITS.ALL_NULL, 0x2703
UNC_UPI_RxL_FLITS.DATA, 0x803
UNC_UPI_RxL_FLITS.IDLE, 0x4703
UNC_UPI_RxL_FLITS.LLCRD, 0x1003
UNC_UPI_RxL_FLITS.LLCTRL, 0x4003
UNC_UPI_RxL_FLITS.NON_DATA, 0x9703
UNC_UPI_RxL_FLITS.NULL, 0x2003
UNC_UPI_RxL_FLITS.PROTHDR, 0x8003
UNC_UPI_RxL_FLITS.SLOT0, 0x103
UNC_UPI_RxL_FLITS.SLOT1, 0x203
UNC_UPI_RxL_FLITS.SLOT2, 0x403
UNC_UPI_RxL_INSERTS.SLOT0, 0x130
UNC_UPI_RxL_INSERTS.SLOT1, 0x230
UNC_UPI_RxL_INSERTS.SLOT2, 0x430
UNC_UPI_RxL_OCCUPANCY.SLOT0, 0x132
UNC_UPI_RxL_OCCUPANCY.SLOT1, 0x232
UNC_UPI_RxL_OCCUPANCY.SLOT2, 0x432
UNC_UPI_RxL_SLOT_BYPASS.S0_RXQ1, 0x133
UNC_UPI_RxL_SLOT_BYPASS.S0_RXQ2, 0x233
UNC_UPI_RxL_SLOT_BYPASS.S1_RXQ0, 0x433
UNC_UPI_RxL_SLOT_BYPASS.S1_RXQ2, 0x833
UNC_UPI_RxL_SLOT_BYPASS.S2_RXQ0, 0x1033
UNC_UPI_RxL_SLOT_BYPASS.S2_RXQ1, 0x2033
UNC_UPI_TxL0P_CLK_ACTIVE.CFG_CTL, 0x12a
UNC_UPI_TxL0P_CLK_ACTIVE.DFX, 0x402a
UNC_UPI_TxL0P_CLK_ACTIVE.RETRY, 0x202a
UNC_UPI_TxL0P_CLK_ACTIVE.RXQ, 0x22a
UNC_UPI_TxL0P_CLK_ACTIVE.RXQ_BYPASS, 0x42a
UNC_UPI_TxL0P_CLK_ACTIVE.RXQ_CRED, 0x82a
UNC_UPI_TxL0P_CLK_ACTIVE.SPARE, 0x802a
UNC_UPI_TxL0P_CLK_ACTIVE.TXQ, 0x102a
UNC_UPI_TxL0P_POWER_CYCLES, 0x27
UNC_UPI_TxL0P_POWER_CYCLES_LL_ENTER, 0x28
UNC_UPI_TxL0P_POWER_CYCLES_M3_EXIT, 0x29
UNC_UPI_TxL0_POWER_CYCLES, 0x26
UNC_UPI_TxL_BASIC_HDR_MATCH.NCB, 0xe04
UNC_UPI_TxL_BASIC_HDR_MATCH.NCB_OPC, 0x10e04
UNC_UPI_TxL_BASIC_HDR_MATCH.NCS, 0xf04
UNC_UPI_TxL_BASIC_HDR_MATCH.NCS_OPC, 0x10f04
UNC_UPI_TxL_BASIC_HDR_MATCH.REQ, 0x804
UNC_UPI_TxL_BASIC_HDR_MATCH.REQ_OPC, 0x10804
UNC_UPI_TxL_BASIC_HDR_MATCH.RSPCNFLT, 0x1aa04
UNC_UPI_TxL_BASIC_HDR_MATCH.RSPI, 0x12a04
UNC_UPI_TxL_BASIC_HDR_MATCH.RSP_DATA, 0xc04
UNC_UPI_TxL_BASIC_HDR_MATCH.RSP_DATA_OPC, 0x10c04
UNC_UPI_TxL_BASIC_HDR_MATCH.RSP_NODATA, 0xa04
UNC_UPI_TxL_BASIC_HDR_MATCH.RSP_NODATA_OPC, 0x10a04
UNC_UPI_TxL_BASIC_HDR_MATCH.SNP, 0x904
UNC_UPI_TxL_BASIC_HDR_MATCH.SNP_OPC, 0x10904
UNC_UPI_TxL_BASIC_HDR_MATCH.WB, 0xd04
UNC_UPI_TxL_BASIC_HDR_MATCH.WB_OPC, 0x10d04
UNC_UPI_TxL_BYPASSED, 0x41
UNC_UPI_TxL_FLITS.ALL_DATA, 0xf02
UNC_UPI_TxL_FLITS.ALL_NULL, 0x2702
UNC_UPI_TxL_FLITS.DATA, 0x802
UNC_UPI_TxL_FLITS.IDLE, 0x4702
UNC_UPI_TxL_FLITS.LLCRD, 0x1002
UNC_UPI_TxL_FLITS.LLCTRL, 0x4002
UNC_UPI_TxL_FLITS.NON_DATA, 0x9702
UNC_UPI_TxL_FLITS.NULL, 0x2002
UNC_UPI_TxL_FLITS.PROTHDR, 0x8002
UNC_UPI_TxL_FLITS.SLOT0, 0x102
UNC_UPI_TxL_FLITS.SLOT1, 0x202
UNC_UPI_TxL_FLITS.SLOT2, 0x402
UNC_UPI_TxL_INSERTS, 0x40
UNC_UPI_TxL_OCCUPANCY, 0x42
UNC_UPI_VNA_CREDIT_RETURN_BLOCKED_VN01, 0x45
UNC_UPI_VNA_CREDIT_RETURN_OCCUPANCY, 0x44
UNC_U_CLOCKTICKS, 0xff
UNC_U_EVENT_MSG.DOORBELL_RCVD, 0x842
UNC_U_EVENT_MSG.INT_PRIO, 0x1042
UNC_U_EVENT_MSG.IPI_RCVD, 0x442
UNC_U_EVENT_MSG.MSI_RCVD, 0x242
UNC_U_EVENT_MSG.VLW_RCVD, 0x142
UNC_U_LOCK_CYCLES, 0x44
UNC_U_M2U_MISC1.RxC_CYCLES_NE_CBO_NCB, 0x14d
UNC_U_M2U_MISC1.RxC_CYCLES_NE_CBO_NCS, 0x24d
UNC_U_M2U_MISC1.RxC_CYCLES_NE_UPI_NCB, 0x44d
UNC_U_M2U_MISC1.RxC_CYCLES_NE_UPI_NCS, 0x84d
UNC_U_M2U_MISC1.TxC_CYCLES_CRD_OVF_CBO_NCB, 0x104d
UNC_U_M2U_MISC1.TxC_CYCLES_CRD_OVF_CBO_NCS, 0x204d
UNC_U_M2U_MISC1.TxC_CYCLES_CRD_OVF_UPI_NCB, 0x404d
UNC_U_M2U_MISC1.TxC_CYCLES_CRD_OVF_UPI_NCS, 0x804d
UNC_U_M2U_MISC2.RxC_CYCLES_EMPTY_BL, 0x24e
UNC_U_M2U_MISC2.RxC_CYCLES_FULL_BL, 0x14e
UNC_U_M2U_MISC2.TxC_CYCLES_CRD_OVF_VN0_NCB, 0x44e
UNC_U_M2U_MISC2.TxC_CYCLES_CRD_OVF_VN0_NCS, 0x84e
UNC_U_M2U_MISC2.TxC_CYCLES_EMPTY_AK, 0x204e
UNC_U_M2U_MISC2.TxC_CYCLES_EMPTY_AKC, 0x404e
UNC_U_M2U_MISC2.TxC_CYCLES_EMPTY_BL, 0x104e
UNC_U_M2U_MISC2.TxC_CYCLES_FULL_BL, 0x804e
UNC_U_M2U_MISC3.TxC_CYCLES_FULL_AK, 0x14f
UNC_U_M2U_MISC3.TxC_CYCLES_FULL_AKC, 0x24f
UNC_U_PHOLD_CYCLES.ASSERT_TO_ACK, 0x145
UNC_U_RACU_DRNG.PFTCH_BUF_EMPTY, 0x44c
UNC_U_RACU_DRNG.RDRAND, 0x14c
UNC_U_RACU_DRNG.RDSEED, 0x24c
UNC_U_RACU_REQUESTS, 0x46
ARITH.DIVIDER_ACTIVE, 0x914
ARITH.FP_DIVIDER_ACTIVE, 0x114
ASSISTS.ANY, 0x7c1
BR_INST_RETIRED.ALL_BRANCHES, 0xc4
BR_INST_RETIRED.COND, 0x11c4
BR_INST_RETIRED.COND_NTAKEN, 0x10c4
BR_INST_RETIRED.COND_TAKEN, 0x1c4
BR_INST_RETIRED.FAR_BRANCH, 0x40c4
BR_INST_RETIRED.INDIRECT, 0x80c4
BR_INST_RETIRED.NEAR_CALL, 0x2c4
BR_INST_RETIRED.NEAR_RETURN, 0x8c4
BR_INST_RETIRED.NEAR_TAKEN, 0x20c4
BR_MISP_RETIRED.ALL_BRANCHES, 0xc5
BR_MISP_RETIRED.COND, 0x11c5
BR_MISP_RETIRED.COND_NTAKEN, 0x10c5
BR_MISP_RETIRED.COND_TAKEN, 0x1c5
BR_MISP_RETIRED.INDIRECT, 0x80c5
BR_MISP_RETIRED.INDIRECT_CALL, 0x2c5
BR_MISP_RETIRED.NEAR_TAKEN, 0x20c5
BR_MISP_RETIRED.RET, 0x8c5
CPU_CLK_UNHALTED.DISTRIBUTED, 0x2ec
CPU_CLK_UNHALTED.ONE_THREAD_ACTIVE, 0x23c
CPU_CLK_UNHALTED.REF_DISTRIBUTED, 0x83c
CPU_CLK_UNHALTED.REF_XCLK, 0x13c
CPU_CLK_UNHALTED.THREAD_P, 0x3c
CYCLE_ACTIVITY.CYCLES_L1D_MISS, 0x8a3
CYCLE_ACTIVITY.CYCLES_L2_MISS, 0x1a3
CYCLE_ACTIVITY.CYCLES_MEM_ANY, 0x10a3
CYCLE_ACTIVITY.STALLS_L1D_MISS, 0xca3
CYCLE_ACTIVITY.STALLS_L2_MISS, 0x5a3
CYCLE_ACTIVITY.STALLS_MEM_ANY, 0x14a3
CYCLE_ACTIVITY.STALLS_TOTAL, 0x4a3
EXE_ACTIVITY.1_PORTS_UTIL, 0x2a6
EXE_ACTIVITY.2_PORTS_UTIL, 0x4a6
EXE_ACTIVITY.3_PORTS_UTIL, 0x8a6
EXE_ACTIVITY.4_PORTS_UTIL, 0x10a6
EXE_ACTIVITY.BOUND_ON_STORES, 0x40a6
ILD_STALL.LCP, 0x187
INST_DECODED.DECODERS, 0x155
INST_RETIRED.ANY_P, 0xc0
INST_RETIRED.NOP, 0x2c0
INT_MISC.ALL_RECOVERY_CYCLES, 0x30d
INT_MISC.CLEARS_COUNT, 0x10d
INT_MISC.CLEAR_RESTEER_CYCLES, 0x800d
INT_MISC.RECOVERY_CYCLES, 0x10d
INT_MISC.UOP_DROPPING, 0x100d
LD_BLOCKS.NO_SR, 0x803
LD_BLOCKS.STORE_FORWARD, 0x203
LD_BLOCKS_PARTIAL.ADDRESS_ALIAS, 0x107
LOAD_HIT_PREFETCH.SWPF, 0x14c
LSD.CYCLES_ACTIVE, 0x1a8
LSD.CYCLES_OK, 0x1a8
LSD.UOPS, 0x1a8
MACHINE_CLEARS.COUNT, 0x1c3
MACHINE_CLEARS.SMC, 0x4c3
MISC_RETIRED.LBR_INSERTS, 0x20cc
MISC_RETIRED.PAUSE_INST, 0x40cc
RESOURCE_STALLS.SB, 0x8a2
RESOURCE_STALLS.SCOREBOARD, 0x2a2
RS_EVENTS.EMPTY_CYCLES, 0x15e
RS_EVENTS.EMPTY_END, 0x15e
TOPDOWN.BACKEND_BOUND_SLOTS, 0x2a4
TOPDOWN.SLOTS_P, 0x1a4
UOPS_DECODED.DEC0, 0x156
UOPS_DISPATCHED.PORT_0, 0x1a1
UOPS_DISPATCHED.PORT_1, 0x2a1
UOPS_DISPATCHED.PORT_2_3, 0x4a1
UOPS_DISPATCHED.PORT_4_9, 0x10a1
UOPS_DISPATCHED.PORT_5, 0x20a1
UOPS_DISPATCHED.PORT_6, 0x40a1
UOPS_DISPATCHED.PORT_7_8, 0x80a1
UOPS_EXECUTED.CORE_CYCLES_GE_1, 0x2b1
UOPS_EXECUTED.CORE_CYCLES_GE_2, 0x2b1
UOPS_EXECUTED.CORE_CYCLES_GE_3, 0x2b1
UOPS_EXECUTED.CORE_CYCLES_GE_4, 0x2b1
UOPS_EXECUTED.CYCLES_GE_1, 0x1b1
UOPS_EXECUTED.CYCLES_GE_2, 0x1b1
UOPS_EXECUTED.CYCLES_GE_3, 0x1b1
UOPS_EXECUTED.CYCLES_GE_4, 0x1b1
UOPS_EXECUTED.STALL_CYCLES, 0x1b1
UOPS_EXECUTED.THREAD, 0x1b1
UOPS_EXECUTED.X87, 0x10b1
UOPS_ISSUED.ANY, 0x10e
UOPS_ISSUED.STALL_CYCLES, 0x10e
UOPS_ISSUED.VECTOR_WIDTH_MISMATCH, 0x20e
UOPS_RETIRED.SLOTS, 0x2c2
UOPS_RETIRED.STALL_CYCLES, 0x2c2
UOPS_RETIRED.TOTAL_CYCLES, 0x2c2
UNC_IIO_BANDWIDTH_IN.PART0_FREERUN, 0x20ff
UNC_IIO_BANDWIDTH_IN.PART1_FREERUN, 0x21ff
UNC_IIO_BANDWIDTH_IN.PART2_FREERUN, 0x22ff
UNC_IIO_BANDWIDTH_IN.PART3_FREERUN, 0x23ff
UNC_IIO_BANDWIDTH_IN.PART4_FREERUN, 0x24ff
UNC_IIO_BANDWIDTH_IN.PART5_FREERUN, 0x25ff
UNC_IIO_BANDWIDTH_IN.PART6_FREERUN, 0x26ff
UNC_IIO_BANDWIDTH_IN.PART7_FREERUN, 0x27ff
UNC_IIO_CLOCKTICKS, 0x1
UNC_IIO_CLOCKTICKS_FREERUN, 0x10ff
UNC_IIO_COMP_BUF_INSERTS.CMPD.ALL, 0x3c2
UNC_IIO_COMP_BUF_INSERTS.CMPD.ALL_PARTS, 0x3c2
UNC_IIO_COMP_BUF_INSERTS.CMPD.PART0, 0x3c2
UNC_IIO_COMP_BUF_INSERTS.CMPD.PART1, 0x3c2
UNC_IIO_COMP_BUF_INSERTS.CMPD.PART2, 0x3c2
UNC_IIO_COMP_BUF_INSERTS.CMPD.PART3, 0x3c2
UNC_IIO_COMP_BUF_INSERTS.CMPD.PART4, 0x3c2
UNC_IIO_COMP_BUF_INSERTS.CMPD.PART5, 0x3c2
UNC_IIO_COMP_BUF_INSERTS.CMPD.PART6, 0x3c2
UNC_IIO_COMP_BUF_INSERTS.CMPD.PART7, 0x3c2
UNC_IIO_COMP_BUF_OCCUPANCY.CMPD.ALL, 0xffd5
UNC_IIO_COMP_BUF_OCCUPANCY.CMPD.ALL_PARTS, 0xffd5
UNC_IIO_COMP_BUF_OCCUPANCY.CMPD.PART0, 0x1d5
UNC_IIO_COMP_BUF_OCCUPANCY.CMPD.PART1, 0x2d5
UNC_IIO_COMP_BUF_OCCUPANCY.CMPD.PART2, 0x4d5
UNC_IIO_COMP_BUF_OCCUPANCY.CMPD.PART3, 0x8d5
UNC_IIO_COMP_BUF_OCCUPANCY.CMPD.PART4, 0x10d5
UNC_IIO_COMP_BUF_OCCUPANCY.CMPD.PART5, 0x20d5
UNC_IIO_COMP_BUF_OCCUPANCY.CMPD.PART6, 0x40d5
UNC_IIO_COMP_BUF_OCCUPANCY.CMPD.PART7, 0x80d5
UNC_IIO_DATA_REQ_BY_CPU.CFG_READ.IOMMU0, 0x40c0
UNC_IIO_DATA_REQ_BY_CPU.CFG_READ.IOMMU1, 0x40c0
UNC_IIO_DATA_REQ_BY_CPU.CFG_READ.PART0, 0x40c0
UNC_IIO_DATA_REQ_BY_CPU.CFG_READ.PART1, 0x40c0
UNC_IIO_DATA_REQ_BY_CPU.CFG_READ.PART2, 0x40c0
UNC_IIO_DATA_REQ_BY_CPU.CFG_READ.PART3, 0x40c0
UNC_IIO_DATA_REQ_BY_CPU.CFG_READ.PART4, 0x40c0
UNC_IIO_DATA_REQ_BY_CPU.CFG_READ.PART5, 0x40c0
UNC_IIO_DATA_REQ_BY_CPU.CFG_READ.PART6, 0x40c0
UNC_IIO_DATA_REQ_BY_CPU.CFG_READ.PART7, 0x40c0
UNC_IIO_DATA_REQ_BY_CPU.CFG_WRITE.IOMMU0, 0x10c0
UNC_IIO_DATA_REQ_BY_CPU.CFG_WRITE.IOMMU1, 0x10c0
UNC_IIO_DATA_REQ_BY_CPU.CFG_WRITE.PART0, 0x10c0
UNC_IIO_DATA_REQ_BY_CPU.CFG_WRITE.PART1, 0x10c0
UNC_IIO_DATA_REQ_BY_CPU.CFG_WRITE.PART2, 0x10c0
UNC_IIO_DATA_REQ_BY_CPU.CFG_WRITE.PART3, 0x10c0
UNC_IIO_DATA_REQ_BY_CPU.CFG_WRITE.PART4, 0x10c0
UNC_IIO_DATA_REQ_BY_CPU.CFG_WRITE.PART5, 0x10c0
UNC_IIO_DATA_REQ_BY_CPU.CFG_WRITE.PART6, 0x10c0
UNC_IIO_DATA_REQ_BY_CPU.CFG_WRITE.PART7, 0x10c0
UNC_IIO_DATA_REQ_BY_CPU.IO_READ.IOMMU0, 0x80c0
UNC_IIO_DATA_REQ_BY_CPU.IO_READ.IOMMU1, 0x80c0
UNC_IIO_DATA_REQ_BY_CPU.IO_READ.PART0, 0x80c0
UNC_IIO_DATA_REQ_BY_CPU.IO_READ.PART1, 0x80c0
UNC_IIO_DATA_REQ_BY_CPU.IO_READ.PART2, 0x80c0
UNC_IIO_DATA_REQ_BY_CPU.IO_READ.PART3, 0x80c0
UNC_IIO_DATA_REQ_BY_CPU.IO_READ.PART4, 0x80c0
UNC_IIO_DATA_REQ_BY_CPU.IO_READ.PART5, 0x80c0
UNC_IIO_DATA_REQ_BY_CPU.IO_READ.PART6, 0x80c0
UNC_IIO_DATA_REQ_BY_CPU.IO_READ.PART7, 0x80c0
UNC_IIO_DATA_REQ_BY_CPU.IO_WRITE.IOMMU0, 0x20c0
UNC_IIO_DATA_REQ_BY_CPU.IO_WRITE.IOMMU1, 0x20c0
UNC_IIO_DATA_REQ_BY_CPU.IO_WRITE.PART0, 0x20c0
UNC_IIO_DATA_REQ_BY_CPU.IO_WRITE.PART1, 0x20c0
UNC_IIO_DATA_REQ_BY_CPU.IO_WRITE.PART2, 0x20c0
UNC_IIO_DATA_REQ_BY_CPU.IO_WRITE.PART3, 0x20c0
UNC_IIO_DATA_REQ_BY_CPU.IO_WRITE.PART4, 0x20c0
UNC_IIO_DATA_REQ_BY_CPU.IO_WRITE.PART5, 0x20c0
UNC_IIO_DATA_REQ_BY_CPU.IO_WRITE.PART6, 0x20c0
UNC_IIO_DATA_REQ_BY_CPU.IO_WRITE.PART7, 0x20c0
UNC_IIO_DATA_REQ_BY_CPU.MEM_READ.IOMMU0, 0x4c0
UNC_IIO_DATA_REQ_BY_CPU.MEM_READ.IOMMU1, 0x4c0
UNC_IIO_DATA_REQ_BY_CPU.MEM_READ.PART0, 0x4c0
UNC_IIO_DATA_REQ_BY_CPU.MEM_READ.PART1, 0x4c0
UNC_IIO_DATA_REQ_BY_CPU.MEM_READ.PART2, 0x4c0
UNC_IIO_DATA_REQ_BY_CPU.MEM_READ.PART3, 0x4c0
UNC_IIO_DATA_REQ_BY_CPU.MEM_READ.PART4, 0x4c0
UNC_IIO_DATA_REQ_BY_CPU.MEM_READ.PART5, 0x4c0
UNC_IIO_DATA_REQ_BY_CPU.MEM_READ.PART6, 0x4c0
UNC_IIO_DATA_REQ_BY_CPU.MEM_READ.PART7, 0x4c0
UNC_IIO_DATA_REQ_BY_CPU.MEM_WRITE.IOMMU0, 0x1c0
UNC_IIO_DATA_REQ_BY_CPU.MEM_WRITE.IOMMU1, 0x1c0
UNC_IIO_DATA_REQ_BY_CPU.MEM_WRITE.PART0, 0x1c0
UNC_IIO_DATA_REQ_BY_CPU.MEM_WRITE.PART1, 0x1c0
UNC_IIO_DATA_REQ_BY_CPU.MEM_WRITE.PART2, 0x1c0
UNC_IIO_DATA_REQ_BY_CPU.MEM_WRITE.PART3, 0x1c0
UNC_IIO_DATA_REQ_BY_CPU.MEM_WRITE.PART4, 0x1c0
UNC_IIO_DATA_REQ_BY_CPU.MEM_WRITE.PART5, 0x1c0
UNC_IIO_DATA_REQ_BY_CPU.MEM_WRITE.PART6, 0x1c0
UNC_IIO_DATA_REQ_BY_CPU.MEM_WRITE.PART7, 0x1c0
UNC_IIO_DATA_REQ_BY_CPU.PEER_READ.IOMMU0, 0x8c0
UNC_IIO_DATA_REQ_BY_CPU.PEER_READ.IOMMU1, 0x8c0
UNC_IIO_DATA_REQ_BY_CPU.PEER_READ.PART0, 0x8c0
UNC_IIO_DATA_REQ_BY_CPU.PEER_READ.PART1, 0x8c0
UNC_IIO_DATA_REQ_BY_CPU.PEER_READ.PART2, 0x8c0
UNC_IIO_DATA_REQ_BY_CPU.PEER_READ.PART3, 0x8c0
UNC_IIO_DATA_REQ_BY_CPU.PEER_READ.PART4, 0x8c0
UNC_IIO_DATA_REQ_BY_CPU.PEER_READ.PART5, 0x8c0
UNC_IIO_DATA_REQ_BY_CPU.PEER_READ.PART6, 0x8c0
UNC_IIO_DATA_REQ_BY_CPU.PEER_READ.PART7, 0x8c0
UNC_IIO_DATA_REQ_BY_CPU.PEER_WRITE.IOMMU0, 0x2c0
UNC_IIO_DATA_REQ_BY_CPU.PEER_WRITE.IOMMU1, 0x2c0
UNC_IIO_DATA_REQ_BY_CPU.PEER_WRITE.PART0, 0x2c0
UNC_IIO_DATA_REQ_BY_CPU.PEER_WRITE.PART1, 0x2c0
UNC_IIO_DATA_REQ_BY_CPU.PEER_WRITE.PART2, 0x2c0
UNC_IIO_DATA_REQ_BY_CPU.PEER_WRITE.PART3, 0x2c0
UNC_IIO_DATA_REQ_BY_CPU.PEER_WRITE.PART4, 0x2c0
UNC_IIO_DATA_REQ_BY_CPU.PEER_WRITE.PART5, 0x2c0
UNC_IIO_DATA_REQ_BY_CPU.PEER_WRITE.PART6, 0x2c0
UNC_IIO_DATA_REQ_BY_CPU.PEER_WRITE.PART7, 0x2c0
UNC_IIO_DATA_REQ_OF_CPU.ATOMIC.IOMMU0, 0x1083
UNC_IIO_DATA_REQ_OF_CPU.ATOMIC.IOMMU1, 0x1083
UNC_IIO_DATA_REQ_OF_CPU.ATOMIC.PART0, 0x1083
UNC_IIO_DATA_REQ_OF_CPU.ATOMIC.PART1, 0x1083
UNC_IIO_DATA_REQ_OF_CPU.ATOMIC.PART2, 0x1083
UNC_IIO_DATA_REQ_OF_CPU.ATOMIC.PART3, 0x1083
UNC_IIO_DATA_REQ_OF_CPU.ATOMIC.PART4, 0x1083
UNC_IIO_DATA_REQ_OF_CPU.ATOMIC.PART5, 0x1083
UNC_IIO_DATA_REQ_OF_CPU.ATOMIC.PART6, 0x1083
UNC_IIO_DATA_REQ_OF_CPU.ATOMIC.PART7, 0x1083
UNC_IIO_DATA_REQ_OF_CPU.CMPD.IOMMU0, 0x8083
UNC_IIO_DATA_REQ_OF_CPU.CMPD.IOMMU1, 0x8083
UNC_IIO_DATA_REQ_OF_CPU.CMPD.PART0, 0x8083
UNC_IIO_DATA_REQ_OF_CPU.CMPD.PART1, 0x8083
UNC_IIO_DATA_REQ_OF_CPU.CMPD.PART2, 0x8083
UNC_IIO_DATA_REQ_OF_CPU.CMPD.PART3, 0x8083
UNC_IIO_DATA_REQ_OF_CPU.CMPD.PART4, 0x8083
UNC_IIO_DATA_REQ_OF_CPU.CMPD.PART5, 0x8083
UNC_IIO_DATA_REQ_OF_CPU.CMPD.PART6, 0x8083
UNC_IIO_DATA_REQ_OF_CPU.CMPD.PART7, 0x8083
UNC_IIO_DATA_REQ_OF_CPU.MEM_READ.IOMMU0, 0x483
UNC_IIO_DATA_REQ_OF_CPU.MEM_READ.IOMMU1, 0x483
UNC_IIO_DATA_REQ_OF_CPU.MEM_READ.PART0, 0x483
UNC_IIO_DATA_REQ_OF_CPU.MEM_READ.PART1, 0x483
UNC_IIO_DATA_REQ_OF_CPU.MEM_READ.PART2, 0x483
UNC_IIO_DATA_REQ_OF_CPU.MEM_READ.PART3, 0x483
UNC_IIO_DATA_REQ_OF_CPU.MEM_READ.PART4, 0x483
UNC_IIO_DATA_REQ_OF_CPU.MEM_READ.PART5, 0x483
UNC_IIO_DATA_REQ_OF_CPU.MEM_READ.PART6, 0x483
UNC_IIO_DATA_REQ_OF_CPU.MEM_READ.PART7, 0x483
UNC_IIO_DATA_REQ_OF_CPU.MEM_WRITE.IOMMU0, 0x183
UNC_IIO_DATA_REQ_OF_CPU.MEM_WRITE.IOMMU1, 0x183
UNC_IIO_DATA_REQ_OF_CPU.MEM_WRITE.PART0, 0x183
UNC_IIO_DATA_REQ_OF_CPU.MEM_WRITE.PART1, 0x183
UNC_IIO_DATA_REQ_OF_CPU.MEM_WRITE.PART2, 0x183
UNC_IIO_DATA_REQ_OF_CPU.MEM_WRITE.PART3, 0x183
UNC_IIO_DATA_REQ_OF_CPU.MEM_WRITE.PART4, 0x183
UNC_IIO_DATA_REQ_OF_CPU.MEM_WRITE.PART5, 0x183
UNC_IIO_DATA_REQ_OF_CPU.MEM_WRITE.PART6, 0x183
UNC_IIO_DATA_REQ_OF_CPU.MEM_WRITE.PART7, 0x183
UNC_IIO_DATA_REQ_OF_CPU.MSG.IOMMU0, 0x4083
UNC_IIO_DATA_REQ_OF_CPU.MSG.IOMMU1, 0x4083
UNC_IIO_DATA_REQ_OF_CPU.MSG.PART0, 0x4083
UNC_IIO_DATA_REQ_OF_CPU.MSG.PART1, 0x4083
UNC_IIO_DATA_REQ_OF_CPU.MSG.PART2, 0x4083
UNC_IIO_DATA_REQ_OF_CPU.MSG.PART3, 0x4083
UNC_IIO_DATA_REQ_OF_CPU.MSG.PART4, 0x4083
UNC_IIO_DATA_REQ_OF_CPU.MSG.PART5, 0x4083
UNC_IIO_DATA_REQ_OF_CPU.MSG.PART6, 0x4083
UNC_IIO_DATA_REQ_OF_CPU.MSG.PART7, 0x4083
UNC_IIO_DATA_REQ_OF_CPU.PEER_READ.IOMMU0, 0x883
UNC_IIO_DATA_REQ_OF_CPU.PEER_READ.IOMMU1, 0x883
UNC_IIO_DATA_REQ_OF_CPU.PEER_READ.PART0, 0x883
UNC_IIO_DATA_REQ_OF_CPU.PEER_READ.PART1, 0x883
UNC_IIO_DATA_REQ_OF_CPU.PEER_READ.PART2, 0x883
UNC_IIO_DATA_REQ_OF_CPU.PEER_READ.PART3, 0x883
UNC_IIO_DATA_REQ_OF_CPU.PEER_READ.PART4, 0x883
UNC_IIO_DATA_REQ_OF_CPU.PEER_READ.PART5, 0x883
UNC_IIO_DATA_REQ_OF_CPU.PEER_READ.PART6, 0x883
UNC_IIO_DATA_REQ_OF_CPU.PEER_READ.PART7, 0x883
UNC_IIO_DATA_REQ_OF_CPU.PEER_WRITE.IOMMU0, 0x283
UNC_IIO_DATA_REQ_OF_CPU.PEER_WRITE.IOMMU1, 0x283
UNC_IIO_DATA_REQ_OF_CPU.PEER_WRITE.PART0, 0x283
UNC_IIO_DATA_REQ_OF_CPU.PEER_WRITE.PART1, 0x283
UNC_IIO_DATA_REQ_OF_CPU.PEER_WRITE.PART2, 0x283
UNC_IIO_DATA_REQ_OF_CPU.PEER_WRITE.PART3, 0x283
UNC_IIO_DATA_REQ_OF_CPU.PEER_WRITE.PART4, 0x283
UNC_IIO_DATA_REQ_OF_CPU.PEER_WRITE.PART5, 0x283
UNC_IIO_DATA_REQ_OF_CPU.PEER_WRITE.PART6, 0x283
UNC_IIO_DATA_REQ_OF_CPU.PEER_WRITE.PART7, 0x283
UNC_IIO_INBOUND_ARB_REQ.DATA, 0x2086
UNC_IIO_INBOUND_ARB_REQ.FINAL_RD_WR, 0x886
UNC_IIO_INBOUND_ARB_REQ.IOMMU_HIT, 0x286
UNC_IIO_INBOUND_ARB_REQ.IOMMU_REQ, 0x186
UNC_IIO_INBOUND_ARB_REQ.REQ_OWN, 0x486
UNC_IIO_INBOUND_ARB_REQ.WR, 0x1086
UNC_IIO_INBOUND_ARB_WON.DATA, 0x2087
UNC_IIO_INBOUND_ARB_WON.FINAL_RD_WR, 0x887
UNC_IIO_INBOUND_ARB_WON.IOMMU_HIT, 0x287
UNC_IIO_INBOUND_ARB_WON.IOMMU_REQ, 0x187
UNC_IIO_INBOUND_ARB_WON.REQ_OWN, 0x487
UNC_IIO_INBOUND_ARB_WON.WR, 0x1087
UNC_IIO_IOMMU0.1G_HITS, 0x1040
UNC_IIO_IOMMU0.2M_HITS, 0x840
UNC_IIO_IOMMU0.4K_HITS, 0x440
UNC_IIO_IOMMU0.ALL_LOOKUPS, 0x240
UNC_IIO_IOMMU0.CTXT_CACHE_HITS, 0x8040
UNC_IIO_IOMMU0.CTXT_CACHE_LOOKUPS, 0x4040
UNC_IIO_IOMMU0.FIRST_LOOKUPS, 0x140
UNC_IIO_IOMMU0.MISSES, 0x2040
UNC_IIO_IOMMU1.CYC_PWT_FULL, 0x8041
UNC_IIO_IOMMU1.NUM_MEM_ACCESSES, 0x4041
UNC_IIO_IOMMU1.PWC_1G_HITS, 0x841
UNC_IIO_IOMMU1.PWC_2M_HITS, 0x441
UNC_IIO_IOMMU1.PWC_4K_HITS, 0x241
UNC_IIO_IOMMU1.PWC_512G_HITS, 0x1041
UNC_IIO_IOMMU1.PWC_CACHE_FILLS, 0x2041
UNC_IIO_IOMMU1.PWT_CACHE_LOOKUPS, 0x141
UNC_IIO_IOMMU3.INT_CACHE_HITS, 0x8043
UNC_IIO_IOMMU3.INT_CACHE_LOOKUPS, 0x4043
UNC_IIO_IOMMU3.NUM_CTXT_CACHE_INVAL_DEVICE, 0x2043
UNC_IIO_IOMMU3.NUM_CTXT_CACHE_INVAL_DOMAIN, 0x1043
UNC_IIO_IOMMU3.NUM_CTXT_CACHE_INVAL_GBL, 0x843
UNC_IIO_IOMMU3.NUM_INVAL_DOMAIN, 0x243
UNC_IIO_IOMMU3.NUM_INVAL_GBL, 0x143
UNC_IIO_IOMMU3.NUM_INVAL_PAGE, 0x443
UNC_IIO_MASK_MATCH_AND.BUS0, 0x102
UNC_IIO_MASK_MATCH_AND.BUS0_BUS1, 0x802
UNC_IIO_MASK_MATCH_AND.BUS0_NOT_BUS1, 0x402
UNC_IIO_MASK_MATCH_AND.BUS1, 0x202
UNC_IIO_MASK_MATCH_AND.NOT_BUS0_BUS1, 0x1002
UNC_IIO_MASK_MATCH_AND.NOT_BUS0_NOT_BUS1, 0x2002
UNC_IIO_MASK_MATCH_OR.BUS0, 0x103
UNC_IIO_MASK_MATCH_OR.BUS0_BUS1, 0x803
UNC_IIO_MASK_MATCH_OR.BUS0_NOT_BUS1, 0x403
UNC_IIO_MASK_MATCH_OR.BUS1, 0x203
UNC_IIO_MASK_MATCH_OR.NOT_BUS0_BUS1, 0x1003
UNC_IIO_MASK_MATCH_OR.NOT_BUS0_NOT_BUS1, 0x2003
UNC_IIO_NOTHING, 0x80
UNC_IIO_NUM_OUSTANDING_REQ_FROM_CPU.TO_IO, 0x8c5
UNC_IIO_NUM_OUTSTANDING_REQ_OF_CPU.DATA, 0x2088
UNC_IIO_NUM_OUTSTANDING_REQ_OF_CPU.FINAL_RD_WR, 0x888
UNC_IIO_NUM_OUTSTANDING_REQ_OF_CPU.IOMMU_HIT, 0x288
UNC_IIO_NUM_OUTSTANDING_REQ_OF_CPU.IOMMU_REQ, 0x188
UNC_IIO_NUM_OUTSTANDING_REQ_OF_CPU.REQ_OWN, 0x488
UNC_IIO_NUM_OUTSTANDING_REQ_OF_CPU.WR, 0x1088
UNC_IIO_NUM_REQ_FROM_CPU.ITC, 0x2c2
UNC_IIO_NUM_REQ_FROM_CPU.PREALLOC, 0x4c2
UNC_IIO_NUM_REQ_OF_CPU.ALL.DROP, 0x285
UNC_IIO_NUM_REQ_OF_CPU.COMMIT.ALL, 0x185
UNC_IIO_NUM_REQ_OF_CPU_BY_TGT.ABORT, 0x808e
UNC_IIO_NUM_REQ_OF_CPU_BY_TGT.CONFINED_P2P, 0x408e
UNC_IIO_NUM_REQ_OF_CPU_BY_TGT.LOC_P2P, 0x208e
UNC_IIO_NUM_REQ_OF_CPU_BY_TGT.MCAST, 0x28e
UNC_IIO_NUM_REQ_OF_CPU_BY_TGT.MEM, 0x88e
UNC_IIO_NUM_REQ_OF_CPU_BY_TGT.MSGB, 0x18e
UNC_IIO_NUM_REQ_OF_CPU_BY_TGT.REM_P2P, 0x108e
UNC_IIO_NUM_REQ_OF_CPU_BY_TGT.UBOX, 0x48e
UNC_IIO_NUM_TGT_MATCHED_REQ_OF_CPU, 0x8f
UNC_IIO_OUTBOUND_CL_REQS_ISSUED.TO_IO, 0x8d0
UNC_IIO_OUTBOUND_TLP_REQS_ISSUED.TO_IO, 0x8d1
UNC_IIO_PWT_OCCUPANCY, 0x42
UNC_IIO_REQ_FROM_PCIE_CL_CMPL.DATA, 0x2091
UNC_IIO_REQ_FROM_PCIE_CL_CMPL.FINAL_RD_WR, 0x891
UNC_IIO_REQ_FROM_PCIE_CL_CMPL.REQ_OWN, 0x491
UNC_IIO_REQ_FROM_PCIE_CL_CMPL.WR, 0x1091
UNC_IIO_REQ_FROM_PCIE_CMPL.DATA, 0x2092
UNC_IIO_REQ_FROM_PCIE_CMPL.FINAL_RD_WR, 0x892
UNC_IIO_REQ_FROM_PCIE_CMPL.IOMMU_HIT, 0x292
UNC_IIO_REQ_FROM_PCIE_CMPL.IOMMU_REQ, 0x192
UNC_IIO_REQ_FROM_PCIE_CMPL.REQ_OWN, 0x492
UNC_IIO_REQ_FROM_PCIE_CMPL.WR, 0x1092
UNC_IIO_REQ_FROM_PCIE_PASS_CMPL.DATA, 0x2090
UNC_IIO_REQ_FROM_PCIE_PASS_CMPL.FINAL_RD_WR, 0x890
UNC_IIO_REQ_FROM_PCIE_PASS_CMPL.REQ_OWN, 0x490
UNC_IIO_REQ_FROM_PCIE_PASS_CMPL.WR, 0x1090
UNC_IIO_SYMBOL_TIMES, 0x82
UNC_IIO_TXN_REQ_BY_CPU.CFG_READ.IOMMU0, 0x40c1
UNC_IIO_TXN_REQ_BY_CPU.CFG_READ.IOMMU1, 0x40c1
UNC_IIO_TXN_REQ_BY_CPU.CFG_READ.PART0, 0x40c1
UNC_IIO_TXN_REQ_BY_CPU.CFG_READ.PART1, 0x40c1
UNC_IIO_TXN_REQ_BY_CPU.CFG_READ.PART2, 0x40c1
UNC_IIO_TXN_REQ_BY_CPU.CFG_READ.PART3, 0x40c1
UNC_IIO_TXN_REQ_BY_CPU.CFG_READ.PART4, 0x40c1
UNC_IIO_TXN_REQ_BY_CPU.CFG_READ.PART5, 0x40c1
UNC_IIO_TXN_REQ_BY_CPU.CFG_READ.PART6, 0x40c1
UNC_IIO_TXN_REQ_BY_CPU.CFG_READ.PART7, 0x40c1
UNC_IIO_TXN_REQ_BY_CPU.CFG_WRITE.IOMMU0, 0x10c1
UNC_IIO_TXN_REQ_BY_CPU.CFG_WRITE.IOMMU1, 0x10c1
UNC_IIO_TXN_REQ_BY_CPU.CFG_WRITE.PART0, 0x10c1
UNC_IIO_TXN_REQ_BY_CPU.CFG_WRITE.PART1, 0x10c1
UNC_IIO_TXN_REQ_BY_CPU.CFG_WRITE.PART2, 0x10c1
UNC_IIO_TXN_REQ_BY_CPU.CFG_WRITE.PART3, 0x10c1
UNC_IIO_TXN_REQ_BY_CPU.CFG_WRITE.PART4, 0x10c1
UNC_IIO_TXN_REQ_BY_CPU.CFG_WRITE.PART5, 0x10c1
UNC_IIO_TXN_REQ_BY_CPU.CFG_WRITE.PART6, 0x10c1
UNC_IIO_TXN_REQ_BY_CPU.CFG_WRITE.PART7, 0x10c1
UNC_IIO_TXN_REQ_BY_CPU.IO_READ.IOMMU0, 0x80c1
UNC_IIO_TXN_REQ_BY_CPU.IO_READ.IOMMU1, 0x80c1
UNC_IIO_TXN_REQ_BY_CPU.IO_READ.PART0, 0x80c1
UNC_IIO_TXN_REQ_BY_CPU.IO_READ.PART1, 0x80c1
UNC_IIO_TXN_REQ_BY_CPU.IO_READ.PART2, 0x80c1
UNC_IIO_TXN_REQ_BY_CPU.IO_READ.PART3, 0x80c1
UNC_IIO_TXN_REQ_BY_CPU.IO_READ.PART4, 0x80c1
UNC_IIO_TXN_REQ_BY_CPU.IO_READ.PART5, 0x80c1
UNC_IIO_TXN_REQ_BY_CPU.IO_READ.PART6, 0x80c1
UNC_IIO_TXN_REQ_BY_CPU.IO_READ.PART7, 0x80c1
UNC_IIO_TXN_REQ_BY_CPU.IO_WRITE.IOMMU0, 0x20c1
UNC_IIO_TXN_REQ_BY_CPU.IO_WRITE.IOMMU1, 0x20c1
UNC_IIO_TXN_REQ_BY_CPU.IO_WRITE.PART0, 0x20c1
UNC_IIO_TXN_REQ_BY_CPU.IO_WRITE.PART1, 0x20c1
UNC_IIO_TXN_REQ_BY_CPU.IO_WRITE.PART2, 0x20c1
UNC_IIO_TXN_REQ_BY_CPU.IO_WRITE.PART3, 0x20c1
UNC_IIO_TXN_REQ_BY_CPU.IO_WRITE.PART4, 0x20c1
UNC_IIO_TXN_REQ_BY_CPU.IO_WRITE.PART5, 0x20c1
UNC_IIO_TXN_REQ_BY_CPU.IO_WRITE.PART6, 0x20c1
UNC_IIO_TXN_REQ_BY_CPU.IO_WRITE.PART7, 0x20c1
UNC_IIO_TXN_REQ_BY_CPU.MEM_READ.IOMMU0, 0x4c1
UNC_IIO_TXN_REQ_BY_CPU.MEM_READ.IOMMU1, 0x4c1
UNC_IIO_TXN_REQ_BY_CPU.MEM_READ.PART0, 0x4c1
UNC_IIO_TXN_REQ_BY_CPU.MEM_READ.PART1, 0x4c1
UNC_IIO_TXN_REQ_BY_CPU.MEM_READ.PART2, 0x4c1
UNC_IIO_TXN_REQ_BY_CPU.MEM_READ.PART3, 0x4c1
UNC_IIO_TXN_REQ_BY_CPU.MEM_READ.PART4, 0x4c1
UNC_IIO_TXN_REQ_BY_CPU.MEM_READ.PART5, 0x4c1
UNC_IIO_TXN_REQ_BY_CPU.MEM_READ.PART6, 0x4c1
UNC_IIO_TXN_REQ_BY_CPU.MEM_READ.PART7, 0x4c1
UNC_IIO_TXN_REQ_BY_CPU.MEM_WRITE.IOMMU0, 0x1c1
UNC_IIO_TXN_REQ_BY_CPU.MEM_WRITE.IOMMU1, 0x1c1
UNC_IIO_TXN_REQ_BY_CPU.MEM_WRITE.PART0, 0x1c1
UNC_IIO_TXN_REQ_BY_CPU.MEM_WRITE.PART1, 0x1c1
UNC_IIO_TXN_REQ_BY_CPU.MEM_WRITE.PART2, 0x1c1
UNC_IIO_TXN_REQ_BY_CPU.MEM_WRITE.PART3, 0x1c1
UNC_IIO_TXN_REQ_BY_CPU.MEM_WRITE.PART4, 0x1c1
UNC_IIO_TXN_REQ_BY_CPU.MEM_WRITE.PART5, 0x1c1
UNC_IIO_TXN_REQ_BY_CPU.MEM_WRITE.PART6, 0x1c1
UNC_IIO_TXN_REQ_BY_CPU.MEM_WRITE.PART7, 0x1c1
UNC_IIO_TXN_REQ_BY_CPU.PEER_READ.IOMMU0, 0x8c1
UNC_IIO_TXN_REQ_BY_CPU.PEER_READ.IOMMU1, 0x8c1
UNC_IIO_TXN_REQ_BY_CPU.PEER_READ.PART0, 0x8c1
UNC_IIO_TXN_REQ_BY_CPU.PEER_READ.PART1, 0x8c1
UNC_IIO_TXN_REQ_BY_CPU.PEER_READ.PART2, 0x8c1
UNC_IIO_TXN_REQ_BY_CPU.PEER_READ.PART3, 0x8c1
UNC_IIO_TXN_REQ_BY_CPU.PEER_READ.PART4, 0x8c1
UNC_IIO_TXN_REQ_BY_CPU.PEER_READ.PART5, 0x8c1
UNC_IIO_TXN_REQ_BY_CPU.PEER_READ.PART6, 0x8c1
UNC_IIO_TXN_REQ_BY_CPU.PEER_READ.PART7, 0x8c1
UNC_IIO_TXN_REQ_BY_CPU.PEER_WRITE.IOMMU0, 0x2c1
UNC_IIO_TXN_REQ_BY_CPU.PEER_WRITE.PART0, 0x2c1
UNC_IIO_TXN_REQ_BY_CPU.PEER_WRITE.PART1, 0x2c1
UNC_IIO_TXN_REQ_BY_CPU.PEER_WRITE.PART2, 0x2c1
UNC_IIO_TXN_REQ_BY_CPU.PEER_WRITE.PART3, 0x2c1
UNC_IIO_TXN_REQ_BY_CPU.PEER_WRITE.PART4, 0x2c1
UNC_IIO_TXN_REQ_BY_CPU.PEER_WRITE.PART5, 0x2c1
UNC_IIO_TXN_REQ_BY_CPU.PEER_WRITE.PART6, 0x2c1
UNC_IIO_TXN_REQ_BY_CPU.PEER_WRITE.PART7, 0x2c1
UNC_IIO_TXN_REQ_OF_CPU.ATOMIC.IOMMU0, 0x1084
UNC_IIO_TXN_REQ_OF_CPU.ATOMIC.IOMMU1, 0x1084
UNC_IIO_TXN_REQ_OF_CPU.ATOMIC.PART0, 0x1084
UNC_IIO_TXN_REQ_OF_CPU.ATOMIC.PART1, 0x1084
UNC_IIO_TXN_REQ_OF_CPU.ATOMIC.PART2, 0x1084
UNC_IIO_TXN_REQ_OF_CPU.ATOMIC.PART3, 0x1084
UNC_IIO_TXN_REQ_OF_CPU.ATOMIC.PART4, 0x1084
UNC_IIO_TXN_REQ_OF_CPU.ATOMIC.PART5, 0x1084
UNC_IIO_TXN_REQ_OF_CPU.ATOMIC.PART6, 0x1084
UNC_IIO_TXN_REQ_OF_CPU.ATOMIC.PART7, 0x1084
UNC_IIO_TXN_REQ_OF_CPU.CMPD.IOMMU0, 0x8084
UNC_IIO_TXN_REQ_OF_CPU.CMPD.IOMMU1, 0x8084
UNC_IIO_TXN_REQ_OF_CPU.CMPD.PART0, 0x8084
UNC_IIO_TXN_REQ_OF_CPU.CMPD.PART1, 0x8084
UNC_IIO_TXN_REQ_OF_CPU.CMPD.PART2, 0x8084
UNC_IIO_TXN_REQ_OF_CPU.CMPD.PART3, 0x8084
UNC_IIO_TXN_REQ_OF_CPU.CMPD.PART4, 0x8084
UNC_IIO_TXN_REQ_OF_CPU.CMPD.PART5, 0x8084
UNC_IIO_TXN_REQ_OF_CPU.CMPD.PART6, 0x8084
UNC_IIO_TXN_REQ_OF_CPU.CMPD.PART7, 0x8084
UNC_IIO_TXN_REQ_OF_CPU.MEM_READ.IOMMU0, 0x484
UNC_IIO_TXN_REQ_OF_CPU.MEM_READ.IOMMU1, 0x484
UNC_IIO_TXN_REQ_OF_CPU.MEM_READ.PART0, 0x484
UNC_IIO_TXN_REQ_OF_CPU.MEM_READ.PART1, 0x484
UNC_IIO_TXN_REQ_OF_CPU.MEM_READ.PART2, 0x484
UNC_IIO_TXN_REQ_OF_CPU.MEM_READ.PART3, 0x484
UNC_IIO_TXN_REQ_OF_CPU.MEM_READ.PART4, 0x484
UNC_IIO_TXN_REQ_OF_CPU.MEM_READ.PART5, 0x484
UNC_IIO_TXN_REQ_OF_CPU.MEM_READ.PART6, 0x484
UNC_IIO_TXN_REQ_OF_CPU.MEM_READ.PART7, 0x484
UNC_IIO_TXN_REQ_OF_CPU.MEM_WRITE.IOMMU0, 0x184
UNC_IIO_TXN_REQ_OF_CPU.MEM_WRITE.IOMMU1, 0x184
UNC_IIO_TXN_REQ_OF_CPU.MEM_WRITE.PART0, 0x184
UNC_IIO_TXN_REQ_OF_CPU.MEM_WRITE.PART1, 0x184
UNC_IIO_TXN_REQ_OF_CPU.MEM_WRITE.PART2, 0x184
UNC_IIO_TXN_REQ_OF_CPU.MEM_WRITE.PART3, 0x184
UNC_IIO_TXN_REQ_OF_CPU.MEM_WRITE.PART4, 0x184
UNC_IIO_TXN_REQ_OF_CPU.MEM_WRITE.PART5, 0x184
UNC_IIO_TXN_REQ_OF_CPU.MEM_WRITE.PART6, 0x184
UNC_IIO_TXN_REQ_OF_CPU.MEM_WRITE.PART7, 0x184
UNC_IIO_TXN_REQ_OF_CPU.MSG.IOMMU0, 0x4084
UNC_IIO_TXN_REQ_OF_CPU.MSG.IOMMU1, 0x4084
UNC_IIO_TXN_REQ_OF_CPU.MSG.PART0, 0x4084
UNC_IIO_TXN_REQ_OF_CPU.MSG.PART1, 0x4084
UNC_IIO_TXN_REQ_OF_CPU.MSG.PART2, 0x4084
UNC_IIO_TXN_REQ_OF_CPU.MSG.PART3, 0x4084
UNC_IIO_TXN_REQ_OF_CPU.MSG.PART4, 0x4084
UNC_IIO_TXN_REQ_OF_CPU.MSG.PART5, 0x4084
UNC_IIO_TXN_REQ_OF_CPU.MSG.PART6, 0x4084
UNC_IIO_TXN_REQ_OF_CPU.MSG.PART7, 0x4084
UNC_IIO_TXN_REQ_OF_CPU.PEER_READ.IOMMU0, 0x884
UNC_IIO_TXN_REQ_OF_CPU.PEER_READ.IOMMU1, 0x884
UNC_IIO_TXN_REQ_OF_CPU.PEER_READ.PART0, 0x884
UNC_IIO_TXN_REQ_OF_CPU.PEER_READ.PART1, 0x884
UNC_IIO_TXN_REQ_OF_CPU.PEER_READ.PART2, 0x884
UNC_IIO_TXN_REQ_OF_CPU.PEER_READ.PART3, 0x884
UNC_IIO_TXN_REQ_OF_CPU.PEER_READ.PART4, 0x884
UNC_IIO_TXN_REQ_OF_CPU.PEER_READ.PART5, 0x884
UNC_IIO_TXN_REQ_OF_CPU.PEER_READ.PART6, 0x884
UNC_IIO_TXN_REQ_OF_CPU.PEER_READ.PART7, 0x884
UNC_IIO_TXN_REQ_OF_CPU.PEER_WRITE.IOMMU0, 0x284
UNC_IIO_TXN_REQ_OF_CPU.PEER_WRITE.IOMMU1, 0x284
UNC_IIO_TXN_REQ_OF_CPU.PEER_WRITE.PART0, 0x284
UNC_IIO_TXN_REQ_OF_CPU.PEER_WRITE.PART1, 0x284
UNC_IIO_TXN_REQ_OF_CPU.PEER_WRITE.PART2, 0x284
UNC_IIO_TXN_REQ_OF_CPU.PEER_WRITE.PART3, 0x284
UNC_IIO_TXN_REQ_OF_CPU.PEER_WRITE.PART4, 0x284
UNC_IIO_TXN_REQ_OF_CPU.PEER_WRITE.PART5, 0x284
UNC_IIO_TXN_REQ_OF_CPU.PEER_WRITE.PART6, 0x284
UNC_IIO_TXN_REQ_OF_CPU.PEER_WRITE.PART7, 0x284
UNC_M2P_AG0_AD_CRD_ACQUIRED0.TGR0, 0x180
UNC_M2P_AG0_AD_CRD_ACQUIRED0.TGR1, 0x280
UNC_M2P_AG0_AD_CRD_ACQUIRED0.TGR2, 0x480
UNC_M2P_AG0_AD_CRD_ACQUIRED0.TGR3, 0x880
UNC_M2P_AG0_AD_CRD_ACQUIRED0.TGR4, 0x1080
UNC_M2P_AG0_AD_CRD_ACQUIRED0.TGR5, 0x2080
UNC_M2P_AG0_AD_CRD_ACQUIRED0.TGR6, 0x4080
UNC_M2P_AG0_AD_CRD_ACQUIRED0.TGR7, 0x8080
UNC_M2P_AG0_AD_CRD_ACQUIRED1.TGR10, 0x481
UNC_M2P_AG0_AD_CRD_ACQUIRED1.TGR8, 0x181
UNC_M2P_AG0_AD_CRD_ACQUIRED1.TGR9, 0x281
UNC_M2P_AG0_AD_CRD_OCCUPANCY0.TGR0, 0x182
UNC_M2P_AG0_AD_CRD_OCCUPANCY0.TGR1, 0x282
UNC_M2P_AG0_AD_CRD_OCCUPANCY0.TGR2, 0x482
UNC_M2P_AG0_AD_CRD_OCCUPANCY0.TGR3, 0x882
UNC_M2P_AG0_AD_CRD_OCCUPANCY0.TGR4, 0x1082
UNC_M2P_AG0_AD_CRD_OCCUPANCY0.TGR5, 0x2082
UNC_M2P_AG0_AD_CRD_OCCUPANCY0.TGR6, 0x4082
UNC_M2P_AG0_AD_CRD_OCCUPANCY0.TGR7, 0x8082
UNC_M2P_AG0_AD_CRD_OCCUPANCY1.TGR10, 0x483
UNC_M2P_AG0_AD_CRD_OCCUPANCY1.TGR8, 0x183
UNC_M2P_AG0_AD_CRD_OCCUPANCY1.TGR9, 0x283
UNC_M2P_AG0_BL_CRD_ACQUIRED0.TGR0, 0x188
UNC_M2P_AG0_BL_CRD_ACQUIRED0.TGR1, 0x288
UNC_M2P_AG0_BL_CRD_ACQUIRED0.TGR2, 0x488
UNC_M2P_AG0_BL_CRD_ACQUIRED0.TGR3, 0x888
UNC_M2P_AG0_BL_CRD_ACQUIRED0.TGR4, 0x1088
UNC_M2P_AG0_BL_CRD_ACQUIRED0.TGR5, 0x2088
UNC_M2P_AG0_BL_CRD_ACQUIRED0.TGR6, 0x4088
UNC_M2P_AG0_BL_CRD_ACQUIRED0.TGR7, 0x8088
UNC_M2P_AG0_BL_CRD_ACQUIRED1.TGR10, 0x489
UNC_M2P_AG0_BL_CRD_ACQUIRED1.TGR8, 0x189
UNC_M2P_AG0_BL_CRD_ACQUIRED1.TGR9, 0x289
UNC_M2P_AG0_BL_CRD_OCCUPANCY0.TGR0, 0x18a
UNC_M2P_AG0_BL_CRD_OCCUPANCY0.TGR1, 0x28a
UNC_M2P_AG0_BL_CRD_OCCUPANCY0.TGR2, 0x48a
UNC_M2P_AG0_BL_CRD_OCCUPANCY0.TGR3, 0x88a
UNC_M2P_AG0_BL_CRD_OCCUPANCY0.TGR4, 0x108a
UNC_M2P_AG0_BL_CRD_OCCUPANCY0.TGR5, 0x208a
UNC_M2P_AG0_BL_CRD_OCCUPANCY0.TGR6, 0x408a
UNC_M2P_AG0_BL_CRD_OCCUPANCY0.TGR7, 0x808a
UNC_M2P_AG0_BL_CRD_OCCUPANCY1.TGR10, 0x48b
UNC_M2P_AG0_BL_CRD_OCCUPANCY1.TGR8, 0x18b
UNC_M2P_AG0_BL_CRD_OCCUPANCY1.TGR9, 0x28b
UNC_M2P_AG1_AD_CRD_ACQUIRED0.TGR0, 0x184
UNC_M2P_AG1_AD_CRD_ACQUIRED0.TGR1, 0x284
UNC_M2P_AG1_AD_CRD_ACQUIRED0.TGR2, 0x484
UNC_M2P_AG1_AD_CRD_ACQUIRED0.TGR3, 0x884
UNC_M2P_AG1_AD_CRD_ACQUIRED0.TGR4, 0x1084
UNC_M2P_AG1_AD_CRD_ACQUIRED0.TGR5, 0x2084
UNC_M2P_AG1_AD_CRD_ACQUIRED0.TGR6, 0x4084
UNC_M2P_AG1_AD_CRD_ACQUIRED0.TGR7, 0x8084
UNC_M2P_AG1_AD_CRD_ACQUIRED1.TGR10, 0x485
UNC_M2P_AG1_AD_CRD_ACQUIRED1.TGR8, 0x185
UNC_M2P_AG1_AD_CRD_ACQUIRED1.TGR9, 0x285
UNC_M2P_AG1_AD_CRD_OCCUPANCY0.TGR0, 0x186
UNC_M2P_AG1_AD_CRD_OCCUPANCY0.TGR1, 0x286
UNC_M2P_AG1_AD_CRD_OCCUPANCY0.TGR2, 0x486
UNC_M2P_AG1_AD_CRD_OCCUPANCY0.TGR3, 0x886
UNC_M2P_AG1_AD_CRD_OCCUPANCY0.TGR4, 0x1086
UNC_M2P_AG1_AD_CRD_OCCUPANCY0.TGR5, 0x2086
UNC_M2P_AG1_AD_CRD_OCCUPANCY0.TGR6, 0x4086
UNC_M2P_AG1_AD_CRD_OCCUPANCY0.TGR7, 0x8086
UNC_M2P_AG1_AD_CRD_OCCUPANCY1.TGR10, 0x487
UNC_M2P_AG1_AD_CRD_OCCUPANCY1.TGR8, 0x187
UNC_M2P_AG1_AD_CRD_OCCUPANCY1.TGR9, 0x287
UNC_M2P_AG1_BL_CRD_ACQUIRED0.TGR0, 0x18c
UNC_M2P_AG1_BL_CRD_ACQUIRED0.TGR1, 0x28c
UNC_M2P_AG1_BL_CRD_ACQUIRED0.TGR2, 0x48c
UNC_M2P_AG1_BL_CRD_ACQUIRED0.TGR3, 0x88c
UNC_M2P_AG1_BL_CRD_ACQUIRED0.TGR4, 0x108c
UNC_M2P_AG1_BL_CRD_ACQUIRED0.TGR5, 0x208c
UNC_M2P_AG1_BL_CRD_ACQUIRED0.TGR6, 0x408c
UNC_M2P_AG1_BL_CRD_ACQUIRED0.TGR7, 0x808c
UNC_M2P_AG1_BL_CRD_ACQUIRED1.TGR10, 0x48d
UNC_M2P_AG1_BL_CRD_ACQUIRED1.TGR8, 0x18d
UNC_M2P_AG1_BL_CRD_ACQUIRED1.TGR9, 0x28d
UNC_M2P_AG1_BL_CRD_OCCUPANCY0.TGR0, 0x18e
UNC_M2P_AG1_BL_CRD_OCCUPANCY0.TGR1, 0x28e
UNC_M2P_AG1_BL_CRD_OCCUPANCY0.TGR2, 0x48e
UNC_M2P_AG1_BL_CRD_OCCUPANCY0.TGR3, 0x88e
UNC_M2P_AG1_BL_CRD_OCCUPANCY0.TGR4, 0x108e
UNC_M2P_AG1_BL_CRD_OCCUPANCY0.TGR5, 0x208e
UNC_M2P_AG1_BL_CRD_OCCUPANCY0.TGR6, 0x408e
UNC_M2P_AG1_BL_CRD_OCCUPANCY0.TGR7, 0x808e
UNC_M2P_AG1_BL_CRD_OCCUPANCY1.TGR10, 0x48f
UNC_M2P_AG1_BL_CRD_OCCUPANCY1.TGR8, 0x18f
UNC_M2P_AG1_BL_CRD_OCCUPANCY1.TGR9, 0x28f
UNC_M2P_CLOCKTICKS, 0x1
UNC_M2P_CMS_CLOCKTICKS, 0xc0
UNC_M2P_DISTRESS_ASSERTED.DPT_LOCAL, 0x4af
UNC_M2P_DISTRESS_ASSERTED.DPT_NONLOCAL, 0x8af
UNC_M2P_DISTRESS_ASSERTED.DPT_STALL_IV, 0x40af
UNC_M2P_DISTRESS_ASSERTED.DPT_STALL_NOCRD, 0x80af
UNC_M2P_DISTRESS_ASSERTED.HORZ, 0x2af
UNC_M2P_DISTRESS_ASSERTED.PMM_LOCAL, 0x10af
UNC_M2P_DISTRESS_ASSERTED.PMM_NONLOCAL, 0x20af
UNC_M2P_DISTRESS_ASSERTED.VERT, 0x1af
UNC_M2P_EGRESS_ORDERING.IV_SNOOPGO_DN, 0x4ba
UNC_M2P_EGRESS_ORDERING.IV_SNOOPGO_UP, 0x1ba
UNC_M2P_HORZ_RING_AD_IN_USE.LEFT_EVEN, 0x1b6
UNC_M2P_HORZ_RING_AD_IN_USE.LEFT_ODD, 0x2b6
UNC_M2P_HORZ_RING_AD_IN_USE.RIGHT_EVEN, 0x4b6
UNC_M2P_HORZ_RING_AD_IN_USE.RIGHT_ODD, 0x8b6
UNC_M2P_HORZ_RING_AKC_IN_USE.LEFT_EVEN, 0x1bb
UNC_M2P_HORZ_RING_AKC_IN_USE.LEFT_ODD, 0x2bb
UNC_M2P_HORZ_RING_AKC_IN_USE.RIGHT_EVEN, 0x4bb
UNC_M2P_HORZ_RING_AKC_IN_USE.RIGHT_ODD, 0x8bb
UNC_M2P_HORZ_RING_AK_IN_USE.LEFT_EVEN, 0x1b7
UNC_M2P_HORZ_RING_AK_IN_USE.LEFT_ODD, 0x2b7
UNC_M2P_HORZ_RING_AK_IN_USE.RIGHT_EVEN, 0x4b7
UNC_M2P_HORZ_RING_AK_IN_USE.RIGHT_ODD, 0x8b7
UNC_M2P_HORZ_RING_BL_IN_USE.LEFT_EVEN, 0x1b8
UNC_M2P_HORZ_RING_BL_IN_USE.LEFT_ODD, 0x2b8
UNC_M2P_HORZ_RING_BL_IN_USE.RIGHT_EVEN, 0x4b8
UNC_M2P_HORZ_RING_BL_IN_USE.RIGHT_ODD, 0x8b8
UNC_M2P_HORZ_RING_IV_IN_USE.LEFT, 0x1b9
UNC_M2P_HORZ_RING_IV_IN_USE.RIGHT, 0x4b9
UNC_M2P_IIO_CREDITS_ACQUIRED.DRS_0, 0x133
UNC_M2P_IIO_CREDITS_ACQUIRED.DRS_1, 0x233
UNC_M2P_IIO_CREDITS_ACQUIRED.NCB_0, 0x433
UNC_M2P_IIO_CREDITS_ACQUIRED.NCB_1, 0x833
UNC_M2P_IIO_CREDITS_ACQUIRED.NCS_0, 0x1033
UNC_M2P_IIO_CREDITS_ACQUIRED.NCS_1, 0x2033
UNC_M2P_IIO_CREDITS_REJECT.DRS, 0x834
UNC_M2P_IIO_CREDITS_REJECT.NCB, 0x1034
UNC_M2P_IIO_CREDITS_REJECT.NCS, 0x2034
UNC_M2P_IIO_CREDITS_USED.DRS_0, 0x132
UNC_M2P_IIO_CREDITS_USED.DRS_1, 0x232
UNC_M2P_IIO_CREDITS_USED.NCB_0, 0x432
UNC_M2P_IIO_CREDITS_USED.NCB_1, 0x832
UNC_M2P_IIO_CREDITS_USED.NCS_0, 0x1032
UNC_M2P_IIO_CREDITS_USED.NCS_1, 0x2032
UNC_M2P_LOCAL_DED_P2P_CRD_TAKEN_0.M2IOSF0_NCB, 0x146
UNC_M2P_LOCAL_DED_P2P_CRD_TAKEN_0.M2IOSF0_NCS, 0x246
UNC_M2P_LOCAL_DED_P2P_CRD_TAKEN_0.M2IOSF1_NCB, 0x446
UNC_M2P_LOCAL_DED_P2P_CRD_TAKEN_0.M2IOSF1_NCS, 0x846
UNC_M2P_LOCAL_DED_P2P_CRD_TAKEN_0.M2IOSF2_NCB, 0x1046
UNC_M2P_LOCAL_DED_P2P_CRD_TAKEN_0.M2IOSF2_NCS, 0x2046
UNC_M2P_LOCAL_DED_P2P_CRD_TAKEN_0.M2IOSF3_NCB, 0x4046
UNC_M2P_LOCAL_DED_P2P_CRD_TAKEN_0.M2IOSF3_NCS, 0x8046
UNC_M2P_LOCAL_DED_P2P_CRD_TAKEN_1.M2IOSF4_NCB, 0x147
UNC_M2P_LOCAL_DED_P2P_CRD_TAKEN_1.M2IOSF4_NCS, 0x247
UNC_M2P_LOCAL_DED_P2P_CRD_TAKEN_1.M2IOSF5_NCB, 0x447
UNC_M2P_LOCAL_DED_P2P_CRD_TAKEN_1.M2IOSF5_NCS, 0x847
UNC_M2P_LOCAL_P2P_DED_RETURNED_0.MS2IOSF0_NCB, 0x119
UNC_M2P_LOCAL_P2P_DED_RETURNED_0.MS2IOSF0_NCS, 0x219
UNC_M2P_LOCAL_P2P_DED_RETURNED_0.MS2IOSF1_NCB, 0x419
UNC_M2P_LOCAL_P2P_DED_RETURNED_0.MS2IOSF1_NCS, 0x819
UNC_M2P_LOCAL_P2P_DED_RETURNED_0.MS2IOSF2_NCB, 0x1019
UNC_M2P_LOCAL_P2P_DED_RETURNED_0.MS2IOSF2_NCS, 0x2019
UNC_M2P_LOCAL_P2P_DED_RETURNED_0.MS2IOSF3_NCB, 0x1019
UNC_M2P_LOCAL_P2P_DED_RETURNED_0.MS2IOSF3_NCS, 0x2019
UNC_M2P_LOCAL_P2P_DED_RETURNED_1.MS2IOSF4_NCB, 0x11a
UNC_M2P_LOCAL_P2P_DED_RETURNED_1.MS2IOSF4_NCS, 0x21a
UNC_M2P_LOCAL_P2P_DED_RETURNED_1.MS2IOSF5_NCB, 0x41a
UNC_M2P_LOCAL_P2P_DED_RETURNED_1.MS2IOSF5_NCS, 0x81a
UNC_M2P_LOCAL_P2P_SHAR_RETURNED.AGENT_0, 0x117
UNC_M2P_LOCAL_P2P_SHAR_RETURNED.AGENT_1, 0x217
UNC_M2P_LOCAL_P2P_SHAR_RETURNED.AGENT_2, 0x417
UNC_M2P_LOCAL_SHAR_P2P_CRD_RETURNED.AGENT_0, 0x144
UNC_M2P_LOCAL_SHAR_P2P_CRD_RETURNED.AGENT_1, 0x244
UNC_M2P_LOCAL_SHAR_P2P_CRD_RETURNED.AGENT_2, 0x444
UNC_M2P_LOCAL_SHAR_P2P_CRD_RETURNED.AGENT_3, 0x844
UNC_M2P_LOCAL_SHAR_P2P_CRD_RETURNED.AGENT_4, 0x1044
UNC_M2P_LOCAL_SHAR_P2P_CRD_RETURNED.AGENT_5, 0x2044
UNC_M2P_LOCAL_SHAR_P2P_CRD_TAKEN_0.M2IOSF0_NCB, 0x140
UNC_M2P_LOCAL_SHAR_P2P_CRD_TAKEN_0.M2IOSF0_NCS, 0x240
UNC_M2P_LOCAL_SHAR_P2P_CRD_TAKEN_0.M2IOSF1_NCB, 0x440
UNC_M2P_LOCAL_SHAR_P2P_CRD_TAKEN_0.M2IOSF1_NCS, 0x840
UNC_M2P_LOCAL_SHAR_P2P_CRD_TAKEN_0.M2IOSF2_NCB, 0x1040
UNC_M2P_LOCAL_SHAR_P2P_CRD_TAKEN_0.M2IOSF2_NCS, 0x2040
UNC_M2P_LOCAL_SHAR_P2P_CRD_TAKEN_0.M2IOSF3_NCB, 0x4040
UNC_M2P_LOCAL_SHAR_P2P_CRD_TAKEN_0.M2IOSF3_NCS, 0x8040
UNC_M2P_LOCAL_SHAR_P2P_CRD_TAKEN_1.M2IOSF4_NCB, 0x141
UNC_M2P_LOCAL_SHAR_P2P_CRD_TAKEN_1.M2IOSF4_NCS, 0x241
UNC_M2P_LOCAL_SHAR_P2P_CRD_TAKEN_1.M2IOSF5_NCB, 0x441
UNC_M2P_LOCAL_SHAR_P2P_CRD_TAKEN_1.M2IOSF5_NCS, 0x841
UNC_M2P_LOCAL_SHAR_P2P_CRD_WAIT_0.M2IOSF0_NCB, 0x14a
UNC_M2P_LOCAL_SHAR_P2P_CRD_WAIT_0.M2IOSF0_NCS, 0x24a
UNC_M2P_LOCAL_SHAR_P2P_CRD_WAIT_0.M2IOSF1_NCB, 0x44a
UNC_M2P_LOCAL_SHAR_P2P_CRD_WAIT_0.M2IOSF1_NCS, 0x84a
UNC_M2P_LOCAL_SHAR_P2P_CRD_WAIT_0.M2IOSF2_NCB, 0x104a
UNC_M2P_LOCAL_SHAR_P2P_CRD_WAIT_0.M2IOSF2_NCS, 0x204a
UNC_M2P_LOCAL_SHAR_P2P_CRD_WAIT_0.M2IOSF3_NCB, 0x404a
UNC_M2P_LOCAL_SHAR_P2P_CRD_WAIT_0.M2IOSF3_NCS, 0x804a
UNC_M2P_LOCAL_SHAR_P2P_CRD_WAIT_1.M2IOSF4_NCB, 0x14b
UNC_M2P_LOCAL_SHAR_P2P_CRD_WAIT_1.M2IOSF4_NCS, 0x24b
UNC_M2P_LOCAL_SHAR_P2P_CRD_WAIT_1.M2IOSF5_NCB, 0x44b
UNC_M2P_LOCAL_SHAR_P2P_CRD_WAIT_1.M2IOSF5_NCS, 0x84b
UNC_M2P_MISC_EXTERNAL.MBE_INST0, 0x1e6
UNC_M2P_MISC_EXTERNAL.MBE_INST1, 0x2e6
UNC_M2P_P2P_CRD_OCCUPANCY.ALL, 0x1014
UNC_M2P_P2P_CRD_OCCUPANCY.LOCAL_NCB, 0x114
UNC_M2P_P2P_CRD_OCCUPANCY.LOCAL_NCS, 0x214
UNC_M2P_P2P_CRD_OCCUPANCY.REMOTE_NCB, 0x414
UNC_M2P_P2P_CRD_OCCUPANCY.REMOTE_NCS, 0x814
UNC_M2P_P2P_DED_RECEIVED.ALL, 0x1016
UNC_M2P_P2P_DED_RECEIVED.LOCAL_NCB, 0x116
UNC_M2P_P2P_DED_RECEIVED.LOCAL_NCS, 0x216
UNC_M2P_P2P_DED_RECEIVED.REMOTE_NCB, 0x416
UNC_M2P_P2P_DED_RECEIVED.REMOTE_NCS, 0x816
UNC_M2P_P2P_SHAR_RECEIVED.ALL, 0x1015
UNC_M2P_P2P_SHAR_RECEIVED.LOCAL_NCB, 0x115
UNC_M2P_P2P_SHAR_RECEIVED.LOCAL_NCS, 0x215
UNC_M2P_P2P_SHAR_RECEIVED.REMOTE_NCB, 0x415
UNC_M2P_P2P_SHAR_RECEIVED.REMOTE_NCS, 0x815
UNC_M2P_REMOTE_DED_P2P_CRD_TAKEN_0.UPI0_DRS, 0x148
UNC_M2P_REMOTE_DED_P2P_CRD_TAKEN_0.UPI0_NCB, 0x248
UNC_M2P_REMOTE_DED_P2P_CRD_TAKEN_0.UPI0_NCS, 0x448
UNC_M2P_REMOTE_DED_P2P_CRD_TAKEN_0.UPI1_DRS, 0x848
UNC_M2P_REMOTE_DED_P2P_CRD_TAKEN_0.UPI1_NCB, 0x1048
UNC_M2P_REMOTE_DED_P2P_CRD_TAKEN_0.UPI1_NCS, 0x2048
UNC_M2P_REMOTE_DED_P2P_CRD_TAKEN_1.UPI2_DRS, 0x149
UNC_M2P_REMOTE_DED_P2P_CRD_TAKEN_1.UPI2_NCB, 0x249
UNC_M2P_REMOTE_DED_P2P_CRD_TAKEN_1.UPI2_NCS, 0x449
UNC_M2P_REMOTE_P2P_DED_RETURNED.UPI0_NCB, 0x11b
UNC_M2P_REMOTE_P2P_DED_RETURNED.UPI0_NCS, 0x21b
UNC_M2P_REMOTE_P2P_DED_RETURNED.UPI1_NCB, 0x41b
UNC_M2P_REMOTE_P2P_DED_RETURNED.UPI1_NCS, 0x81b
UNC_M2P_REMOTE_P2P_DED_RETURNED.UPI2_NCB, 0x101b
UNC_M2P_REMOTE_P2P_DED_RETURNED.UPI2_NCS, 0x201b
UNC_M2P_REMOTE_P2P_SHAR_RETURNED.AGENT_0, 0x118
UNC_M2P_REMOTE_P2P_SHAR_RETURNED.AGENT_1, 0x218
UNC_M2P_REMOTE_P2P_SHAR_RETURNED.AGENT_2, 0x418
UNC_M2P_REMOTE_SHAR_P2P_CRD_RETURNED.AGENT_0, 0x145
UNC_M2P_REMOTE_SHAR_P2P_CRD_RETURNED.AGENT_1, 0x245
UNC_M2P_REMOTE_SHAR_P2P_CRD_RETURNED.AGENT_2, 0x445
UNC_M2P_REMOTE_SHAR_P2P_CRD_TAKEN_0.UPI0_DRS, 0x142
UNC_M2P_REMOTE_SHAR_P2P_CRD_TAKEN_0.UPI0_NCB, 0x242
UNC_M2P_REMOTE_SHAR_P2P_CRD_TAKEN_0.UPI0_NCS, 0x442
UNC_M2P_REMOTE_SHAR_P2P_CRD_TAKEN_0.UPI1_DRS, 0x842
UNC_M2P_REMOTE_SHAR_P2P_CRD_TAKEN_0.UPI1_NCB, 0x1042
UNC_M2P_REMOTE_SHAR_P2P_CRD_TAKEN_0.UPI1_NCS, 0x2042
UNC_M2P_REMOTE_SHAR_P2P_CRD_TAKEN_1.UPI2_DRS, 0x143
UNC_M2P_REMOTE_SHAR_P2P_CRD_TAKEN_1.UPI2_NCB, 0x243
UNC_M2P_REMOTE_SHAR_P2P_CRD_TAKEN_1.UPI2_NCS, 0x443
UNC_M2P_REMOTE_SHAR_P2P_CRD_WAIT_0.UPI0_DRS, 0x14c
UNC_M2P_REMOTE_SHAR_P2P_CRD_WAIT_0.UPI0_NCB, 0x24c
UNC_M2P_REMOTE_SHAR_P2P_CRD_WAIT_0.UPI0_NCS, 0x44c
UNC_M2P_REMOTE_SHAR_P2P_CRD_WAIT_0.UPI1_DRS, 0x84c
UNC_M2P_REMOTE_SHAR_P2P_CRD_WAIT_0.UPI1_NCB, 0x104c
UNC_M2P_REMOTE_SHAR_P2P_CRD_WAIT_0.UPI1_NCS, 0x204c
UNC_M2P_REMOTE_SHAR_P2P_CRD_WAIT_1.UPI2_DRS, 0x14d
UNC_M2P_REMOTE_SHAR_P2P_CRD_WAIT_1.UPI2_NCB, 0x24d
UNC_M2P_REMOTE_SHAR_P2P_CRD_WAIT_1.UPI2_NCS, 0x44d
UNC_M2P_RING_BOUNCES_HORZ.AD, 0x1ac
UNC_M2P_RING_BOUNCES_HORZ.AK, 0x2ac
UNC_M2P_RING_BOUNCES_HORZ.BL, 0x4ac
UNC_M2P_RING_BOUNCES_HORZ.IV, 0x8ac
UNC_M2P_RING_BOUNCES_VERT.AD, 0x1aa
UNC_M2P_RING_BOUNCES_VERT.AK, 0x2aa
UNC_M2P_RING_BOUNCES_VERT.AKC, 0x10aa
UNC_M2P_RING_BOUNCES_VERT.BL, 0x4aa
UNC_M2P_RING_BOUNCES_VERT.IV, 0x8aa
UNC_M2P_RING_SINK_STARVED_HORZ.AD, 0x1ad
UNC_M2P_RING_SINK_STARVED_HORZ.AK, 0x2ad
UNC_M2P_RING_SINK_STARVED_HORZ.AK_AG1, 0x20ad
UNC_M2P_RING_SINK_STARVED_HORZ.BL, 0x4ad
UNC_M2P_RING_SINK_STARVED_HORZ.IV, 0x8ad
UNC_M2P_RING_SINK_STARVED_VERT.AD, 0x1ab
UNC_M2P_RING_SINK_STARVED_VERT.AK, 0x2ab
UNC_M2P_RING_SINK_STARVED_VERT.AKC, 0x10ab
UNC_M2P_RING_SINK_STARVED_VERT.BL, 0x4ab
UNC_M2P_RING_SINK_STARVED_VERT.IV, 0x8ab
UNC_M2P_RING_SRC_THRTL, 0xae
UNC_M2P_RxC_CYCLES_NE.ALL, 0x8010
UNC_M2P_RxC_CYCLES_NE.CHA_IDI, 0x110
UNC_M2P_RxC_CYCLES_NE.CHA_NCB, 0x210
UNC_M2P_RxC_CYCLES_NE.CHA_NCS, 0x410
UNC_M2P_RxC_CYCLES_NE.IIO_NCB, 0x2010
UNC_M2P_RxC_CYCLES_NE.IIO_NCS, 0x4010
UNC_M2P_RxC_CYCLES_NE.UPI_NCB, 0x810
UNC_M2P_RxC_CYCLES_NE.UPI_NCS, 0x1010
UNC_M2P_RxC_INSERTS.ALL, 0x8011
UNC_M2P_RxC_INSERTS.CHA_IDI, 0x111
UNC_M2P_RxC_INSERTS.CHA_NCB, 0x211
UNC_M2P_RxC_INSERTS.CHA_NCS, 0x411
UNC_M2P_RxC_INSERTS.IIO_NCB, 0x2011
UNC_M2P_RxC_INSERTS.IIO_NCS, 0x4011
UNC_M2P_RxC_INSERTS.UPI_NCB, 0x811
UNC_M2P_RxC_INSERTS.UPI_NCS, 0x1011
UNC_M2P_RxR_BUSY_STARVED.AD_ALL, 0x11e5
UNC_M2P_RxR_BUSY_STARVED.AD_CRD, 0x10e5
UNC_M2P_RxR_BUSY_STARVED.AD_UNCRD, 0x1e5
UNC_M2P_RxR_BUSY_STARVED.BL_ALL, 0x44e5
UNC_M2P_RxR_BUSY_STARVED.BL_CRD, 0x40e5
UNC_M2P_RxR_BUSY_STARVED.BL_UNCRD, 0x4e5
UNC_M2P_RxR_BYPASS.AD_ALL, 0x11e2
UNC_M2P_RxR_BYPASS.AD_CRD, 0x10e2
UNC_M2P_RxR_BYPASS.AD_UNCRD, 0x1e2
UNC_M2P_RxR_BYPASS.AK, 0x2e2
UNC_M2P_RxR_BYPASS.AKC_UNCRD, 0x80e2
UNC_M2P_RxR_BYPASS.BL_ALL, 0x44e2
UNC_M2P_RxR_BYPASS.BL_CRD, 0x40e2
UNC_M2P_RxR_BYPASS.BL_UNCRD, 0x4e2
UNC_M2P_RxR_BYPASS.IV, 0x8e2
UNC_M2P_RxR_CRD_STARVED.AD_ALL, 0x11e3
UNC_M2P_RxR_CRD_STARVED.AD_CRD, 0x10e3
UNC_M2P_RxR_CRD_STARVED.AD_UNCRD, 0x1e3
UNC_M2P_RxR_CRD_STARVED.AK, 0x2e3
UNC_M2P_RxR_CRD_STARVED.BL_ALL, 0x44e3
UNC_M2P_RxR_CRD_STARVED.BL_CRD, 0x40e3
UNC_M2P_RxR_CRD_STARVED.BL_UNCRD, 0x4e3
UNC_M2P_RxR_CRD_STARVED.IFV, 0x80e3
UNC_M2P_RxR_CRD_STARVED.IV, 0x8e3
UNC_M2P_RxR_CRD_STARVED_1, 0xe4
UNC_M2P_RxR_INSERTS.AD_ALL, 0x11e1
UNC_M2P_RxR_INSERTS.AD_CRD, 0x10e1
UNC_M2P_RxR_INSERTS.AD_UNCRD, 0x1e1
UNC_M2P_RxR_INSERTS.AK, 0x2e1
UNC_M2P_RxR_INSERTS.AKC_UNCRD, 0x80e1
UNC_M2P_RxR_INSERTS.BL_ALL, 0x44e1
UNC_M2P_RxR_INSERTS.BL_CRD, 0x40e1
UNC_M2P_RxR_INSERTS.BL_UNCRD, 0x4e1
UNC_M2P_RxR_INSERTS.IV, 0x8e1
UNC_M2P_RxR_OCCUPANCY.AD_ALL, 0x11e0
UNC_M2P_RxR_OCCUPANCY.AD_CRD, 0x10e0
UNC_M2P_RxR_OCCUPANCY.AD_UNCRD, 0x1e0
UNC_M2P_RxR_OCCUPANCY.AK, 0x2e0
UNC_M2P_RxR_OCCUPANCY.AKC_UNCRD, 0x80e0
UNC_M2P_RxR_OCCUPANCY.BL_ALL, 0x44e0
UNC_M2P_RxR_OCCUPANCY.BL_CRD, 0x20e0
UNC_M2P_RxR_OCCUPANCY.BL_UNCRD, 0x4e0
UNC_M2P_RxR_OCCUPANCY.IV, 0x8e0
UNC_M2P_STALL0_NO_TxR_HORZ_CRD_AD_AG0.TGR0, 0x1d0
UNC_M2P_STALL0_NO_TxR_HORZ_CRD_AD_AG0.TGR1, 0x2d0
UNC_M2P_STALL0_NO_TxR_HORZ_CRD_AD_AG0.TGR2, 0x4d0
UNC_M2P_STALL0_NO_TxR_HORZ_CRD_AD_AG0.TGR3, 0x8d0
UNC_M2P_STALL0_NO_TxR_HORZ_CRD_AD_AG0.TGR4, 0x10d0
UNC_M2P_STALL0_NO_TxR_HORZ_CRD_AD_AG0.TGR5, 0x20d0
UNC_M2P_STALL0_NO_TxR_HORZ_CRD_AD_AG0.TGR6, 0x40d0
UNC_M2P_STALL0_NO_TxR_HORZ_CRD_AD_AG0.TGR7, 0x80d0
UNC_M2P_STALL0_NO_TxR_HORZ_CRD_AD_AG1.TGR0, 0x1d2
UNC_M2P_STALL0_NO_TxR_HORZ_CRD_AD_AG1.TGR1, 0x2d2
UNC_M2P_STALL0_NO_TxR_HORZ_CRD_AD_AG1.TGR2, 0x4d2
UNC_M2P_STALL0_NO_TxR_HORZ_CRD_AD_AG1.TGR3, 0x8d2
UNC_M2P_STALL0_NO_TxR_HORZ_CRD_AD_AG1.TGR4, 0x10d2
UNC_M2P_STALL0_NO_TxR_HORZ_CRD_AD_AG1.TGR5, 0x20d2
UNC_M2P_STALL0_NO_TxR_HORZ_CRD_AD_AG1.TGR6, 0x40d2
UNC_M2P_STALL0_NO_TxR_HORZ_CRD_AD_AG1.TGR7, 0x80d2
UNC_M2P_STALL0_NO_TxR_HORZ_CRD_BL_AG0.TGR0, 0x1d4
UNC_M2P_STALL0_NO_TxR_HORZ_CRD_BL_AG0.TGR1, 0x2d4
UNC_M2P_STALL0_NO_TxR_HORZ_CRD_BL_AG0.TGR2, 0x4d4
UNC_M2P_STALL0_NO_TxR_HORZ_CRD_BL_AG0.TGR3, 0x8d4
UNC_M2P_STALL0_NO_TxR_HORZ_CRD_BL_AG0.TGR4, 0x10d4
UNC_M2P_STALL0_NO_TxR_HORZ_CRD_BL_AG0.TGR5, 0x20d4
UNC_M2P_STALL0_NO_TxR_HORZ_CRD_BL_AG0.TGR6, 0x40d4
UNC_M2P_STALL0_NO_TxR_HORZ_CRD_BL_AG0.TGR7, 0x80d4
UNC_M2P_STALL0_NO_TxR_HORZ_CRD_BL_AG1.TGR0, 0x1d6
UNC_M2P_STALL0_NO_TxR_HORZ_CRD_BL_AG1.TGR1, 0x2d6
UNC_M2P_STALL0_NO_TxR_HORZ_CRD_BL_AG1.TGR2, 0x4d6
UNC_M2P_STALL0_NO_TxR_HORZ_CRD_BL_AG1.TGR3, 0x8d6
UNC_M2P_STALL0_NO_TxR_HORZ_CRD_BL_AG1.TGR4, 0x10d6
UNC_M2P_STALL0_NO_TxR_HORZ_CRD_BL_AG1.TGR5, 0x20d6
UNC_M2P_STALL0_NO_TxR_HORZ_CRD_BL_AG1.TGR6, 0x40d6
UNC_M2P_STALL0_NO_TxR_HORZ_CRD_BL_AG1.TGR7, 0x80d6
UNC_M2P_STALL1_NO_TxR_HORZ_CRD_AD_AG0.TGR10, 0x4d1
UNC_M2P_STALL1_NO_TxR_HORZ_CRD_AD_AG0.TGR8, 0x1d1
UNC_M2P_STALL1_NO_TxR_HORZ_CRD_AD_AG0.TGR9, 0x2d1
UNC_M2P_STALL1_NO_TxR_HORZ_CRD_AD_AG1_1.TGR10, 0x4d3
UNC_M2P_STALL1_NO_TxR_HORZ_CRD_AD_AG1_1.TGR8, 0x1d3
UNC_M2P_STALL1_NO_TxR_HORZ_CRD_AD_AG1_1.TGR9, 0x2d3
UNC_M2P_STALL1_NO_TxR_HORZ_CRD_BL_AG0_1.TGR10, 0x4d5
UNC_M2P_STALL1_NO_TxR_HORZ_CRD_BL_AG0_1.TGR8, 0x1d5
UNC_M2P_STALL1_NO_TxR_HORZ_CRD_BL_AG0_1.TGR9, 0x2d5
UNC_M2P_STALL1_NO_TxR_HORZ_CRD_BL_AG1_1.TGR10, 0x4d7
UNC_M2P_STALL1_NO_TxR_HORZ_CRD_BL_AG1_1.TGR8, 0x1d7
UNC_M2P_STALL1_NO_TxR_HORZ_CRD_BL_AG1_1.TGR9, 0x2d7
UNC_M2P_TxC_CREDITS.PMM, 0x22d
UNC_M2P_TxC_CREDITS.PRQ, 0x12d
UNC_M2P_TxC_CYCLES_FULL.AD_0, 0x125
UNC_M2P_TxC_CYCLES_FULL.AD_1, 0x1025
UNC_M2P_TxC_CYCLES_FULL.AK_0, 0x225
UNC_M2P_TxC_CYCLES_FULL.AK_1, 0x2025
UNC_M2P_TxC_CYCLES_FULL.BL_0, 0x425
UNC_M2P_TxC_CYCLES_FULL.BL_1, 0x4025
UNC_M2P_TxC_CYCLES_FULL.PMM_BLOCK_0, 0x8025
UNC_M2P_TxC_CYCLES_FULL.PMM_BLOCK_1, 0x825
UNC_M2P_TxC_CYCLES_NE.AD_0, 0x123
UNC_M2P_TxC_CYCLES_NE.AD_1, 0x1023
UNC_M2P_TxC_CYCLES_NE.AK_0, 0x223
UNC_M2P_TxC_CYCLES_NE.AK_1, 0x2023
UNC_M2P_TxC_CYCLES_NE.BL_0, 0x423
UNC_M2P_TxC_CYCLES_NE.BL_1, 0x4023
UNC_M2P_TxC_CYCLES_NE.PMM_DISTRESS_0, 0x8023
UNC_M2P_TxC_CYCLES_NE.PMM_DISTRESS_1, 0x823
UNC_M2P_TxC_INSERTS.AD_0, 0x124
UNC_M2P_TxC_INSERTS.AD_1, 0x1024
UNC_M2P_TxC_INSERTS.AK_CRD_0, 0x824
UNC_M2P_TxC_INSERTS.AK_CRD_1, 0x8024
UNC_M2P_TxC_INSERTS.BL_0, 0x424
UNC_M2P_TxC_INSERTS.BL_1, 0x4024
UNC_M2P_TxR_HORZ_ADS_USED.AD_ALL, 0x11a6
UNC_M2P_TxR_HORZ_ADS_USED.AD_CRD, 0x10a6
UNC_M2P_TxR_HORZ_ADS_USED.AD_UNCRD, 0x1a6
UNC_M2P_TxR_HORZ_ADS_USED.BL_ALL, 0x44a6
UNC_M2P_TxR_HORZ_ADS_USED.BL_CRD, 0x40a6
UNC_M2P_TxR_HORZ_ADS_USED.BL_UNCRD, 0x4a6
UNC_M2P_TxR_HORZ_BYPASS.AD_ALL, 0x11a7
UNC_M2P_TxR_HORZ_BYPASS.AD_CRD, 0x10a7
UNC_M2P_TxR_HORZ_BYPASS.AD_UNCRD, 0x1a7
UNC_M2P_TxR_HORZ_BYPASS.AK, 0x2a7
UNC_M2P_TxR_HORZ_BYPASS.AKC_UNCRD, 0x80a7
UNC_M2P_TxR_HORZ_BYPASS.BL_ALL, 0x44a7
UNC_M2P_TxR_HORZ_BYPASS.BL_CRD, 0x40a7
UNC_M2P_TxR_HORZ_BYPASS.BL_UNCRD, 0x4a7
UNC_M2P_TxR_HORZ_BYPASS.IV, 0x8a7
UNC_M2P_TxR_HORZ_CYCLES_FULL.AD_ALL, 0x11a2
UNC_M2P_TxR_HORZ_CYCLES_FULL.AD_CRD, 0x10a2
UNC_M2P_TxR_HORZ_CYCLES_FULL.AD_UNCRD, 0x1a2
UNC_M2P_TxR_HORZ_CYCLES_FULL.AK, 0x2a2
UNC_M2P_TxR_HORZ_CYCLES_FULL.AKC_UNCRD, 0x80a2
UNC_M2P_TxR_HORZ_CYCLES_FULL.BL_ALL, 0x44a2
UNC_M2P_TxR_HORZ_CYCLES_FULL.BL_CRD, 0x40a2
UNC_M2P_TxR_HORZ_CYCLES_FULL.BL_UNCRD, 0x4a2
UNC_M2P_TxR_HORZ_CYCLES_FULL.IV, 0x8a2
UNC_M2P_TxR_HORZ_CYCLES_NE.AD_ALL, 0x11a3
UNC_M2P_TxR_HORZ_CYCLES_NE.AD_CRD, 0x10a3
UNC_M2P_TxR_HORZ_CYCLES_NE.AD_UNCRD, 0x1a3
UNC_M2P_TxR_HORZ_CYCLES_NE.AK, 0x2a3
UNC_M2P_TxR_HORZ_CYCLES_NE.AKC_UNCRD, 0x80a3
UNC_M2P_TxR_HORZ_CYCLES_NE.BL_ALL, 0x44a3
UNC_M2P_TxR_HORZ_CYCLES_NE.BL_CRD, 0x40a3
UNC_M2P_TxR_HORZ_CYCLES_NE.BL_UNCRD, 0x4a3
UNC_M2P_TxR_HORZ_CYCLES_NE.IV, 0x8a3
UNC_M2P_TxR_HORZ_INSERTS.AD_ALL, 0x11a1
UNC_M2P_TxR_HORZ_INSERTS.AD_CRD, 0x10a1
UNC_M2P_TxR_HORZ_INSERTS.AD_UNCRD, 0x1a1
UNC_M2P_TxR_HORZ_INSERTS.AK, 0x2a1
UNC_M2P_TxR_HORZ_INSERTS.AKC_UNCRD, 0x80a1
UNC_M2P_TxR_HORZ_INSERTS.BL_ALL, 0x44a1
UNC_M2P_TxR_HORZ_INSERTS.BL_CRD, 0x40a1
UNC_M2P_TxR_HORZ_INSERTS.BL_UNCRD, 0x4a1
UNC_M2P_TxR_HORZ_INSERTS.IV, 0x8a1
UNC_M2P_TxR_HORZ_NACK.AD_ALL, 0x11a4
UNC_M2P_TxR_HORZ_NACK.AD_CRD, 0x10a4
UNC_M2P_TxR_HORZ_NACK.AD_UNCRD, 0x1a4
UNC_M2P_TxR_HORZ_NACK.AK, 0x2a4
UNC_M2P_TxR_HORZ_NACK.AKC_UNCRD, 0x80a4
UNC_M2P_TxR_HORZ_NACK.BL_ALL, 0x44a4
UNC_M2P_TxR_HORZ_NACK.BL_CRD, 0x40a4
UNC_M2P_TxR_HORZ_NACK.BL_UNCRD, 0x4a4
UNC_M2P_TxR_HORZ_NACK.IV, 0x8a4
UNC_M2P_TxR_HORZ_OCCUPANCY.AD_ALL, 0x11a0
UNC_M2P_TxR_HORZ_OCCUPANCY.AD_CRD, 0x10a0
UNC_M2P_TxR_HORZ_OCCUPANCY.AD_UNCRD, 0x1a0
UNC_M2P_TxR_HORZ_OCCUPANCY.AK, 0x2a0
UNC_M2P_TxR_HORZ_OCCUPANCY.AKC_UNCRD, 0x80a0
UNC_M2P_TxR_HORZ_OCCUPANCY.BL_ALL, 0x44a0
UNC_M2P_TxR_HORZ_OCCUPANCY.BL_CRD, 0x40a0
UNC_M2P_TxR_HORZ_OCCUPANCY.BL_UNCRD, 0x4a0
UNC_M2P_TxR_HORZ_OCCUPANCY.IV, 0x8a0
UNC_M2P_TxR_HORZ_STARVED.AD_ALL, 0x1a5
UNC_M2P_TxR_HORZ_STARVED.AD_UNCRD, 0x1a5
UNC_M2P_TxR_HORZ_STARVED.AK, 0x2a5
UNC_M2P_TxR_HORZ_STARVED.AKC_UNCRD, 0x80a5
UNC_M2P_TxR_HORZ_STARVED.BL_ALL, 0x4a5
UNC_M2P_TxR_HORZ_STARVED.BL_UNCRD, 0x4a5
UNC_M2P_TxR_HORZ_STARVED.IV, 0x8a5
UNC_M2P_TxR_VERT_ADS_USED.AD_AG0, 0x19c
UNC_M2P_TxR_VERT_ADS_USED.AD_AG1, 0x109c
UNC_M2P_TxR_VERT_ADS_USED.BL_AG0, 0x49c
UNC_M2P_TxR_VERT_ADS_USED.BL_AG1, 0x409c
UNC_M2P_TxR_VERT_BYPASS.AD_AG0, 0x19d
UNC_M2P_TxR_VERT_BYPASS.AD_AG1, 0x109d
UNC_M2P_TxR_VERT_BYPASS.AK_AG0, 0x29d
UNC_M2P_TxR_VERT_BYPASS.AK_AG1, 0x209d
UNC_M2P_TxR_VERT_BYPASS.BL_AG0, 0x49d
UNC_M2P_TxR_VERT_BYPASS.BL_AG1, 0x409d
UNC_M2P_TxR_VERT_BYPASS.IV_AG1, 0x89d
UNC_M2P_TxR_VERT_BYPASS_1.AKC_AG0, 0x19e
UNC_M2P_TxR_VERT_BYPASS_1.AKC_AG1, 0x29e
UNC_M2P_TxR_VERT_CYCLES_FULL0.AD_AG0, 0x194
UNC_M2P_TxR_VERT_CYCLES_FULL0.AD_AG1, 0x1094
UNC_M2P_TxR_VERT_CYCLES_FULL0.AK_AG0, 0x294
UNC_M2P_TxR_VERT_CYCLES_FULL0.AK_AG1, 0x2094
UNC_M2P_TxR_VERT_CYCLES_FULL0.BL_AG0, 0x494
UNC_M2P_TxR_VERT_CYCLES_FULL0.BL_AG1, 0x4094
UNC_M2P_TxR_VERT_CYCLES_FULL0.IV_AG0, 0x894
UNC_M2P_TxR_VERT_CYCLES_FULL1.AKC_AG0, 0x195
UNC_M2P_TxR_VERT_CYCLES_FULL1.AKC_AG1, 0x295
UNC_M2P_TxR_VERT_CYCLES_NE0.AD_AG0, 0x196
UNC_M2P_TxR_VERT_CYCLES_NE0.AD_AG1, 0x1096
UNC_M2P_TxR_VERT_CYCLES_NE0.AK_AG0, 0x296
UNC_M2P_TxR_VERT_CYCLES_NE0.AK_AG1, 0x2096
UNC_M2P_TxR_VERT_CYCLES_NE0.BL_AG0, 0x496
UNC_M2P_TxR_VERT_CYCLES_NE0.BL_AG1, 0x4096
UNC_M2P_TxR_VERT_CYCLES_NE0.IV_AG0, 0x896
UNC_M2P_TxR_VERT_CYCLES_NE1.AKC_AG0, 0x197
UNC_M2P_TxR_VERT_CYCLES_NE1.AKC_AG1, 0x297
UNC_M2P_TxR_VERT_INSERTS0.AD_AG0, 0x192
UNC_M2P_TxR_VERT_INSERTS0.AD_AG1, 0x1092
UNC_M2P_TxR_VERT_INSERTS0.AK_AG0, 0x292
UNC_M2P_TxR_VERT_INSERTS0.AK_AG1, 0x2092
UNC_M2P_TxR_VERT_INSERTS0.BL_AG0, 0x492
UNC_M2P_TxR_VERT_INSERTS0.BL_AG1, 0x4092
UNC_M2P_TxR_VERT_INSERTS0.IV_AG0, 0x892
UNC_M2P_TxR_VERT_INSERTS1.AKC_AG0, 0x193
UNC_M2P_TxR_VERT_INSERTS1.AKC_AG1, 0x293
UNC_M2P_TxR_VERT_NACK0.AD_AG0, 0x198
UNC_M2P_TxR_VERT_NACK0.AD_AG1, 0x1098
UNC_M2P_TxR_VERT_NACK0.AK_AG0, 0x298
UNC_M2P_TxR_VERT_NACK0.AK_AG1, 0x2098
UNC_M2P_TxR_VERT_NACK0.BL_AG0, 0x498
UNC_M2P_TxR_VERT_NACK0.BL_AG1, 0x4098
UNC_M2P_TxR_VERT_NACK0.IV_AG0, 0x898
UNC_M2P_TxR_VERT_NACK1.AKC_AG0, 0x199
UNC_M2P_TxR_VERT_NACK1.AKC_AG1, 0x299
UNC_M2P_TxR_VERT_OCCUPANCY0.AD_AG0, 0x190
UNC_M2P_TxR_VERT_OCCUPANCY0.AD_AG1, 0x1090
UNC_M2P_TxR_VERT_OCCUPANCY0.AK_AG0, 0x290
UNC_M2P_TxR_VERT_OCCUPANCY0.AK_AG1, 0x2090
UNC_M2P_TxR_VERT_OCCUPANCY0.BL_AG0, 0x490
UNC_M2P_TxR_VERT_OCCUPANCY0.BL_AG1, 0x4090
UNC_M2P_TxR_VERT_OCCUPANCY0.IV_AG0, 0x890
UNC_M2P_TxR_VERT_OCCUPANCY1.AKC_AG0, 0x191
UNC_M2P_TxR_VERT_OCCUPANCY1.AKC_AG1, 0x291
UNC_M2P_TxR_VERT_STARVED0.AD_AG0, 0x19a
UNC_M2P_TxR_VERT_STARVED0.AD_AG1, 0x109a
UNC_M2P_TxR_VERT_STARVED0.AK_AG0, 0x29a
UNC_M2P_TxR_VERT_STARVED0.AK_AG1, 0x209a
UNC_M2P_TxR_VERT_STARVED0.BL_AG0, 0x49a
UNC_M2P_TxR_VERT_STARVED0.BL_AG1, 0x409a
UNC_M2P_TxR_VERT_STARVED0.IV_AG0, 0x89a
UNC_M2P_TxR_VERT_STARVED1.AKC_AG0, 0x19b
UNC_M2P_TxR_VERT_STARVED1.AKC_AG1, 0x29b
UNC_M2P_TxR_VERT_STARVED1.TGC, 0x49b
UNC_M2P_VERT_RING_AD_IN_USE.DN_EVEN, 0x4b0
UNC_M2P_VERT_RING_AD_IN_USE.DN_ODD, 0x8b0
UNC_M2P_VERT_RING_AD_IN_USE.UP_EVEN, 0x1b0
UNC_M2P_VERT_RING_AD_IN_USE.UP_ODD, 0x2b0
UNC_M2P_VERT_RING_AKC_IN_USE.DN_EVEN, 0x4b4
UNC_M2P_VERT_RING_AKC_IN_USE.DN_ODD, 0x8b4
UNC_M2P_VERT_RING_AKC_IN_USE.UP_EVEN, 0x1b4
UNC_M2P_VERT_RING_AKC_IN_USE.UP_ODD, 0x2b4
UNC_M2P_VERT_RING_AK_IN_USE.DN_EVEN, 0x4b1
UNC_M2P_VERT_RING_AK_IN_USE.DN_ODD, 0x8b1
UNC_M2P_VERT_RING_AK_IN_USE.UP_EVEN, 0x1b1
UNC_M2P_VERT_RING_AK_IN_USE.UP_ODD, 0x2b1
UNC_M2P_VERT_RING_BL_IN_USE.DN_EVEN, 0x4b2
UNC_M2P_VERT_RING_BL_IN_USE.DN_ODD, 0x8b2
UNC_M2P_VERT_RING_BL_IN_USE.UP_EVEN, 0x1b2
UNC_M2P_VERT_RING_BL_IN_USE.UP_ODD, 0x2b2
UNC_M2P_VERT_RING_IV_IN_USE.DN, 0x4b3
UNC_M2P_VERT_RING_IV_IN_USE.UP, 0x1b3
UNC_M2P_VERT_RING_TGC_IN_USE.DN_EVEN, 0x4b5
UNC_M2P_VERT_RING_TGC_IN_USE.DN_ODD, 0x8b5
UNC_M2P_VERT_RING_TGC_IN_USE.UP_EVEN, 0x1b5
UNC_M2P_VERT_RING_TGC_IN_USE.UP_ODD, 0x2b5
CORE_SNOOP_RESPONSE.I_FWD_FE, 0x20ef
CORE_SNOOP_RESPONSE.I_FWD_M, 0x10ef
CORE_SNOOP_RESPONSE.I_HIT_FSE, 0x2ef
CORE_SNOOP_RESPONSE.MISS, 0x1ef
CORE_SNOOP_RESPONSE.S_FWD_FE, 0x40ef
CORE_SNOOP_RESPONSE.S_FWD_M, 0x8ef
CORE_SNOOP_RESPONSE.S_HIT_FSE, 0x4ef
L1D.REPLACEMENT, 0x151
L1D_PEND_MISS.FB_FULL, 0x248
L1D_PEND_MISS.FB_FULL_PERIODS, 0x248
L1D_PEND_MISS.L2_STALL, 0x448
L1D_PEND_MISS.PENDING, 0x148
L1D_PEND_MISS.PENDING_CYCLES, 0x148
L2_LINES_IN.ALL, 0x1ff1
L2_LINES_OUT.NON_SILENT, 0x2f2
L2_LINES_OUT.SILENT, 0x1f2
L2_LINES_OUT.USELESS_HWPF, 0x4f2
L2_RQSTS.ALL_CODE_RD, 0xe424
L2_RQSTS.ALL_DEMAND_DATA_RD, 0xe124
L2_RQSTS.ALL_DEMAND_MISS, 0x2724
L2_RQSTS.ALL_RFO, 0xe224
L2_RQSTS.CODE_RD_HIT, 0xc424
L2_RQSTS.CODE_RD_MISS, 0x2424
L2_RQSTS.DEMAND_DATA_RD_HIT, 0xc124
L2_RQSTS.DEMAND_DATA_RD_MISS, 0x2124
L2_RQSTS.RFO_HIT, 0xc224
L2_RQSTS.RFO_MISS, 0x2224
L2_RQSTS.SWPF_HIT, 0xc824
L2_RQSTS.SWPF_MISS, 0x2824
L2_TRANS.L2_WB, 0x40f0
LONGEST_LAT_CACHE.MISS, 0x412e
LONGEST_LAT_CACHE.REFERENCE, 0x4f2e
MEM_INST_RETIRED.ALL_LOADS, 0x81d0
MEM_INST_RETIRED.ALL_STORES, 0x82d0
MEM_INST_RETIRED.ANY, 0x83d0
MEM_INST_RETIRED.LOCK_LOADS, 0x21d0
MEM_INST_RETIRED.SPLIT_LOADS, 0x41d0
MEM_INST_RETIRED.SPLIT_STORES, 0x42d0
MEM_INST_RETIRED.STLB_MISS_LOADS, 0x11d0
MEM_INST_RETIRED.STLB_MISS_STORES, 0x12d0
MEM_LOAD_L3_HIT_RETIRED.XSNP_FWD, 0x4d2
MEM_LOAD_L3_HIT_RETIRED.XSNP_HIT, 0x2d2
MEM_LOAD_L3_HIT_RETIRED.XSNP_HITM, 0x4d2
MEM_LOAD_L3_HIT_RETIRED.XSNP_MISS, 0x1d2
MEM_LOAD_L3_HIT_RETIRED.XSNP_NONE, 0x8d2
MEM_LOAD_L3_HIT_RETIRED.XSNP_NO_FWD, 0x2d2
MEM_LOAD_L3_MISS_RETIRED.LOCAL_DRAM, 0x1d3
MEM_LOAD_L3_MISS_RETIRED.REMOTE_DRAM, 0x2d3
MEM_LOAD_L3_MISS_RETIRED.REMOTE_FWD, 0x8d3
MEM_LOAD_L3_MISS_RETIRED.REMOTE_HITM, 0x4d3
MEM_LOAD_L3_MISS_RETIRED.REMOTE_PMM, 0x10d3
MEM_LOAD_MISC_RETIRED.UC, 0x4d4
MEM_LOAD_RETIRED.FB_HIT, 0x40d1
MEM_LOAD_RETIRED.L1_HIT, 0x1d1
MEM_LOAD_RETIRED.L1_MISS, 0x8d1
MEM_LOAD_RETIRED.L2_HIT, 0x2d1
MEM_LOAD_RETIRED.L2_MISS, 0x10d1
MEM_LOAD_RETIRED.L3_HIT, 0x4d1
MEM_LOAD_RETIRED.L3_MISS, 0x20d1
MEM_LOAD_RETIRED.LOCAL_PMM, 0x80d1
OFFCORE_REQUESTS.ALL_DATA_RD, 0x8b0
OFFCORE_REQUESTS.ALL_REQUESTS, 0x80b0
OFFCORE_REQUESTS.DEMAND_CODE_RD, 0x2b0
OFFCORE_REQUESTS.DEMAND_DATA_RD, 0x1b0
OFFCORE_REQUESTS.DEMAND_RFO, 0x4b0
OFFCORE_REQUESTS_OUTSTANDING.ALL_DATA_RD, 0x860
OFFCORE_REQUESTS_OUTSTANDING.CYCLES_WITH_DATA_RD, 0x860
OFFCORE_REQUESTS_OUTSTANDING.CYCLES_WITH_DEMAND_CODE_RD, 0x260
OFFCORE_REQUESTS_OUTSTANDING.CYCLES_WITH_DEMAND_RFO, 0x460
OFFCORE_REQUESTS_OUTSTANDING.DEMAND_CODE_RD, 0x260
OFFCORE_REQUESTS_OUTSTANDING.DEMAND_DATA_RD, 0x160
SQ_MISC.BUS_LOCK, 0x10f4
SQ_MISC.SQ_FULL, 0x4f4
SW_PREFETCH_ACCESS.ANY, 0xf32
SW_PREFETCH_ACCESS.NTA, 0x132
SW_PREFETCH_ACCESS.PREFETCHW, 0x832
SW_PREFETCH_ACCESS.T0, 0x232
SW_PREFETCH_ACCESS.T1_T2, 0x432
UNC_M_ACT_COUNT.ALL, 0xb01
UNC_M_ACT_COUNT.BYP, 0x801
UNC_M_CAS_COUNT.ALL, 0x3f04
UNC_M_CAS_COUNT.RD, 0xf04
UNC_M_CAS_COUNT.RD_PRE_REG, 0x204
UNC_M_CAS_COUNT.RD_PRE_UNDERFILL, 0x804
UNC_M_CAS_COUNT.RD_REG, 0x104
UNC_M_CAS_COUNT.RD_UNDERFILL, 0x404
UNC_M_CAS_COUNT.WR, 0x3004
UNC_M_CAS_COUNT.WR_NONPRE, 0x1004
UNC_M_CAS_COUNT.WR_PRE, 0x2004
UNC_M_CLOCKTICKS_FREERUN, 0x10ff
UNC_M_DRAM_PRE_ALL, 0x44
UNC_M_DRAM_REFRESH.HIGH, 0x445
UNC_M_DRAM_REFRESH.OPPORTUNISTIC, 0x145
UNC_M_DRAM_REFRESH.PANIC, 0x245
UNC_M_HCLOCKTICKS, 0xff
UNC_M_PARITY_ERRORS, 0x2c
UNC_M_PCLS.RD, 0x1a0
UNC_M_PCLS.TOTAL, 0x4a0
UNC_M_PCLS.WR, 0x2a0
UNC_M_PMM_CMD1.ALL, 0x1ea
UNC_M_PMM_CMD1.MISC, 0x80ea
UNC_M_PMM_CMD1.MISC_GNT, 0x40ea
UNC_M_PMM_CMD1.RD, 0x2ea
UNC_M_PMM_CMD1.RPQ_GNTS, 0x10ea
UNC_M_PMM_CMD1.UFILL_RD, 0x8ea
UNC_M_PMM_CMD1.WPQ_GNTS, 0x20ea
UNC_M_PMM_CMD1.WR, 0x4ea
UNC_M_PMM_CMD2.NODATA_EXP, 0x2eb
UNC_M_PMM_CMD2.NODATA_UNEXP, 0x4eb
UNC_M_PMM_CMD2.OPP_RD, 0x1eb
UNC_M_PMM_CMD2.PMM_ECC_ERROR, 0x20eb
UNC_M_PMM_CMD2.PMM_ERID_ERROR, 0x40eb
UNC_M_PMM_CMD2.PMM_ERID_STARVED, 0x80eb
UNC_M_PMM_CMD2.REQS_SLOT0, 0x8eb
UNC_M_PMM_CMD2.REQS_SLOT1, 0x10eb
UNC_M_PMM_RPQ_CYCLES_FULL, 0xe2
UNC_M_PMM_RPQ_CYCLES_NE, 0xe1
UNC_M_PMM_RPQ_INSERTS, 0xe3
UNC_M_PMM_RPQ_OCCUPANCY.ALL, 0x1e0
UNC_M_PMM_RPQ_OCCUPANCY.GNT_WAIT, 0x4e0
UNC_M_PMM_RPQ_OCCUPANCY.NO_GNT, 0x2e0
UNC_M_PMM_WPQ_CYCLES_FULL, 0xe6
UNC_M_PMM_WPQ_CYCLES_NE, 0xe5
UNC_M_PMM_WPQ_FLUSH, 0xe8
UNC_M_PMM_WPQ_FLUSH_CYC, 0xe9
UNC_M_PMM_WPQ_INSERTS, 0xe7
UNC_M_PMM_WPQ_OCCUPANCY.ALL, 0x1e4
UNC_M_PMM_WPQ_OCCUPANCY.CAS, 0x2e4
UNC_M_PMM_WPQ_OCCUPANCY.PWR, 0x4e4
UNC_M_POWER_CHANNEL_PPD, 0x85
UNC_M_POWER_CKE_CYCLES.LOW_0, 0x147
UNC_M_POWER_CKE_CYCLES.LOW_1, 0x247
UNC_M_POWER_CKE_CYCLES.LOW_2, 0x447
UNC_M_POWER_CKE_CYCLES.LOW_3, 0x847
UNC_M_POWER_CRIT_THROTTLE_CYCLES.SLOT0, 0x186
UNC_M_POWER_CRIT_THROTTLE_CYCLES.SLOT1, 0x286
UNC_M_POWER_SELF_REFRESH, 0x43
UNC_M_POWER_THROTTLE_CYCLES.SLOT0, 0x146
UNC_M_POWER_THROTTLE_CYCLES.SLOT1, 0x246
UNC_M_PRE_COUNT.ALL, 0x1c02
UNC_M_PRE_COUNT.PAGE_MISS, 0xc02
UNC_M_PRE_COUNT.PGT, 0x1002
UNC_M_PRE_COUNT.RD, 0x402
UNC_M_PRE_COUNT.WR, 0x802
UNC_M_RDB_FULL, 0x19
UNC_M_RDB_INSERTS, 0x17
UNC_M_RDB_NOT_EMPTY, 0x18
UNC_M_RDB_OCCUPANCY, 0x1a
UNC_M_RPQ_CYCLES_FULL_PCH0, 0x12
UNC_M_RPQ_CYCLES_FULL_PCH1, 0x15
UNC_M_RPQ_CYCLES_NE.PCH0, 0x111
UNC_M_RPQ_CYCLES_NE.PCH1, 0x211
UNC_M_RPQ_INSERTS.PCH0, 0x110
UNC_M_RPQ_INSERTS.PCH1, 0x210
UNC_M_RPQ_OCCUPANCY_PCH0, 0x80
UNC_M_RPQ_OCCUPANCY_PCH1, 0x81
UNC_M_SB_ACCESSES.ACCEPTS, 0x5d2
UNC_M_SB_ACCESSES.FMRD_CMPS, 0x40d2
UNC_M_SB_ACCESSES.FMWR_CMPS, 0x80d2
UNC_M_SB_ACCESSES.FM_RD_CMPS, 0x40d2
UNC_M_SB_ACCESSES.FM_WR_CMPS, 0x80d2
UNC_M_SB_ACCESSES.NMRD_CMPS, 0x10d2
UNC_M_SB_ACCESSES.NMWR_CMPS, 0x20d2
UNC_M_SB_ACCESSES.NM_RD_CMPS, 0x10d2
UNC_M_SB_ACCESSES.NM_WR_CMPS, 0x20d2
UNC_M_SB_ACCESSES.RD_ACCEPTS, 0x1d2
UNC_M_SB_ACCESSES.RD_REJECTS, 0x2d2
UNC_M_SB_ACCESSES.REJECTS, 0xad2
UNC_M_SB_ACCESSES.WR_ACCEPTS, 0x4d2
UNC_M_SB_ACCESSES.WR_REJECTS, 0x8d2
UNC_M_SB_CANARY.ALLOC, 0x1d9
UNC_M_SB_CANARY.DEALLOC, 0x2d9
UNC_M_SB_CANARY.FMRD_STARVED, 0x20d9
UNC_M_SB_CANARY.FMTGRWR_STARVED, 0x80d9
UNC_M_SB_CANARY.FMWR_STARVED, 0x40d9
UNC_M_SB_CANARY.FM_RD_STARVED, 0x20d9
UNC_M_SB_CANARY.FM_TGR_WR_STARVED, 0x80d9
UNC_M_SB_CANARY.FM_WR_STARVED, 0x40d9
UNC_M_SB_CANARY.NMRD_STARVED, 0x8d9
UNC_M_SB_CANARY.NMWR_STARVED, 0x10d9
UNC_M_SB_CANARY.NM_RD_STARVED, 0x8d9
UNC_M_SB_CANARY.NM_WR_STARVED, 0x10d9
UNC_M_SB_CANARY.VLD, 0x4d9
UNC_M_SB_CYCLES_FULL, 0xd1
UNC_M_SB_CYCLES_NE, 0xd0
UNC_M_SB_INSERTS.BLOCK_RDS, 0x10d6
UNC_M_SB_INSERTS.BLOCK_WRS, 0x20d6
UNC_M_SB_INSERTS.PMM_RDS, 0x4d6
UNC_M_SB_INSERTS.PMM_WRS, 0x8d6
UNC_M_SB_INSERTS.RDS, 0x1d6
UNC_M_SB_INSERTS.WRS, 0x2d6
UNC_M_SB_OCCUPANCY.BLOCK_RDS, 0x20d5
UNC_M_SB_OCCUPANCY.BLOCK_WRS, 0x40d5
UNC_M_SB_OCCUPANCY.PMM_RDS, 0x4d5
UNC_M_SB_OCCUPANCY.PMM_WRS, 0x8d5
UNC_M_SB_OCCUPANCY.RDS, 0x1d5
UNC_M_SB_PREF_INSERTS.ALL, 0x1da
UNC_M_SB_PREF_INSERTS.DDR, 0x2da
UNC_M_SB_PREF_INSERTS.PMM, 0x4da
UNC_M_SB_PREF_OCCUPANCY.ALL, 0x1db
UNC_M_SB_PREF_OCCUPANCY.DDR, 0x2db
UNC_M_SB_PREF_OCCUPANCY.PMEM, 0x4db
UNC_M_SB_PREF_OCCUPANCY.PMM, 0x4db
UNC_M_SB_REJECT.CANARY, 0x8d4
UNC_M_SB_REJECT.DDR_EARLY_CMP, 0x20d4
UNC_M_SB_REJECT.FM_ADDR_CNFLT, 0x2d4
UNC_M_SB_REJECT.NM_SET_CNFLT, 0x1d4
UNC_M_SB_REJECT.PATROL_SET_CNFLT, 0x4d4
UNC_M_SB_STRV_ALLOC.FMRD, 0x2d7
UNC_M_SB_STRV_ALLOC.FMTGR, 0x10d7
UNC_M_SB_STRV_ALLOC.FMWR, 0x8d7
UNC_M_SB_STRV_ALLOC.FM_RD, 0x2d7
UNC_M_SB_STRV_ALLOC.FM_TGR, 0x10d7
UNC_M_SB_STRV_ALLOC.FM_WR, 0x8d7
UNC_M_SB_STRV_ALLOC.NMRD, 0x1d7
UNC_M_SB_STRV_ALLOC.NMWR, 0x4d7
UNC_M_SB_STRV_ALLOC.NM_RD, 0x1d7
UNC_M_SB_STRV_ALLOC.NM_WR, 0x4d7
UNC_M_SB_STRV_DEALLOC.FMRD, 0x2de
UNC_M_SB_STRV_DEALLOC.FMTGR, 0x10de
UNC_M_SB_STRV_DEALLOC.FMWR, 0x8de
UNC_M_SB_STRV_DEALLOC.FM_RD, 0x2de
UNC_M_SB_STRV_DEALLOC.FM_TGR, 0x10de
UNC_M_SB_STRV_DEALLOC.FM_WR, 0x8de
UNC_M_SB_STRV_DEALLOC.NMRD, 0x1de
UNC_M_SB_STRV_DEALLOC.NMWR, 0x4de
UNC_M_SB_STRV_DEALLOC.NM_RD, 0x1de
UNC_M_SB_STRV_DEALLOC.NM_WR, 0x4de
UNC_M_SB_STRV_OCC.FMRD, 0x2d8
UNC_M_SB_STRV_OCC.FMTGR, 0x10d8
UNC_M_SB_STRV_OCC.FMWR, 0x8d8
UNC_M_SB_STRV_OCC.FM_RD, 0x2d8
UNC_M_SB_STRV_OCC.FM_TGR, 0x10d8
UNC_M_SB_STRV_OCC.FM_WR, 0x8d8
UNC_M_SB_STRV_OCC.NMRD, 0x1d8
UNC_M_SB_STRV_OCC.NMWR, 0x4d8
UNC_M_SB_STRV_OCC.NM_RD, 0x1d8
UNC_M_SB_STRV_OCC.NM_WR, 0x4d8
UNC_M_SB_TAGGED.DDR4_CMP, 0x8dd
UNC_M_SB_TAGGED.NEW, 0x1dd
UNC_M_SB_TAGGED.OCC, 0x80dd
UNC_M_SB_TAGGED.PMM0_CMP, 0x10dd
UNC_M_SB_TAGGED.PMM1_CMP, 0x20dd
UNC_M_SB_TAGGED.PMM2_CMP, 0x40dd
UNC_M_SB_TAGGED.RD_HIT, 0x2dd
UNC_M_SB_TAGGED.RD_MISS, 0x4dd
UNC_M_TAGCHK.HIT, 0x1d3
UNC_M_TAGCHK.MISS_CLEAN, 0x2d3
UNC_M_TAGCHK.MISS_DIRTY, 0x4d3
UNC_M_TAGCHK.NM_RD_HIT, 0x8d3
UNC_M_TAGCHK.NM_WR_HIT, 0x10d3
UNC_M_WPQ_CYCLES_FULL_PCH0, 0x22
UNC_M_WPQ_CYCLES_FULL_PCH1, 0x16
UNC_M_WPQ_CYCLES_NE.PCH0, 0x121
UNC_M_WPQ_CYCLES_NE.PCH1, 0x221
UNC_M_WPQ_INSERTS.PCH0, 0x120
UNC_M_WPQ_INSERTS.PCH1, 0x220
UNC_M_WPQ_OCCUPANCY_PCH0, 0x82
UNC_M_WPQ_OCCUPANCY_PCH1, 0x83
UNC_M_WPQ_READ_HIT.PCH0, 0x123
UNC_M_WPQ_READ_HIT.PCH1, 0x223
UNC_M_WPQ_WRITE_HIT.PCH0, 0x124
UNC_M_WPQ_WRITE_HIT.PCH1, 0x224
