CYCLE_ACTIVITY.STALLS_L3_MISS, 0x6a3
MACHINE_CLEARS.MEMORY_ORDERING, 0x2c3
MEMORY_ACTIVITY.CYCLES_L1D_MISS, 0x247
MEMORY_ACTIVITY.STALLS_L1D_MISS, 0x347
MEMORY_ACTIVITY.STALLS_L2_MISS, 0x547
MEMORY_ACTIVITY.STALLS_L3_MISS, 0x947
MEM_TRANS_RETIRED.LOAD_LATENCY_GT_1024, 0x1cd
MEM_TRANS_RETIRED.LOAD_LATENCY_GT_128, 0x1cd
MEM_TRANS_RETIRED.LOAD_LATENCY_GT_16, 0x1cd
MEM_TRANS_RETIRED.LOAD_LATENCY_GT_256, 0x1cd
MEM_TRANS_RETIRED.LOAD_LATENCY_GT_32, 0x1cd
MEM_TRANS_RETIRED.LOAD_LATENCY_GT_4, 0x1cd
MEM_TRANS_RETIRED.LOAD_LATENCY_GT_512, 0x1cd
MEM_TRANS_RETIRED.LOAD_LATENCY_GT_64, 0x1cd
MEM_TRANS_RETIRED.LOAD_LATENCY_GT_8, 0x1cd
MEM_TRANS_RETIRED.STORE_SAMPLE, 0x2cd
OFFCORE_REQUESTS.L3_MISS_DEMAND_DATA_RD, 0x1021
OFFCORE_REQUESTS_OUTSTANDING.L3_MISS_DEMAND_DATA_RD, 0x1020
RTM_RETIRED.ABORTED, 0x4c9
RTM_RETIRED.ABORTED_EVENTS, 0x80c9
RTM_RETIRED.ABORTED_MEM, 0x8c9
RTM_RETIRED.ABORTED_MEMTYPE, 0x40c9
RTM_RETIRED.ABORTED_UNFRIENDLY, 0x20c9
RTM_RETIRED.COMMIT, 0x2c9
RTM_RETIRED.START, 0x1c9
TX_MEM.ABORT_CAPACITY_READ, 0x8054
TX_MEM.ABORT_CAPACITY_WRITE, 0x254
TX_MEM.ABORT_CONFLICT, 0x154
DTLB_LOAD_MISSES.STLB_HIT, 0x2012
DTLB_LOAD_MISSES.WALK_ACTIVE, 0x1012
DTLB_LOAD_MISSES.WALK_COMPLETED, 0xe12
DTLB_LOAD_MISSES.WALK_COMPLETED_1G, 0x812
DTLB_LOAD_MISSES.WALK_COMPLETED_2M_4M, 0x412
DTLB_LOAD_MISSES.WALK_COMPLETED_4K, 0x212
DTLB_LOAD_MISSES.WALK_PENDING, 0x1012
DTLB_STORE_MISSES.STLB_HIT, 0x2013
DTLB_STORE_MISSES.WALK_ACTIVE, 0x1013
DTLB_STORE_MISSES.WALK_COMPLETED, 0xe13
DTLB_STORE_MISSES.WALK_COMPLETED_1G, 0x813
DTLB_STORE_MISSES.WALK_COMPLETED_2M_4M, 0x413
DTLB_STORE_MISSES.WALK_COMPLETED_4K, 0x213
DTLB_STORE_MISSES.WALK_PENDING, 0x1013
ITLB_MISSES.STLB_HIT, 0x2011
ITLB_MISSES.WALK_ACTIVE, 0x1011
ITLB_MISSES.WALK_COMPLETED, 0xe11
ITLB_MISSES.WALK_COMPLETED_2M_4M, 0x411
ITLB_MISSES.WALK_COMPLETED_4K, 0x211
ITLB_MISSES.WALK_PENDING, 0x1011
ARITH.FPDIV_ACTIVE, 0x1b0
ASSISTS.FP, 0x2c1
ASSISTS.SSE_AVX_MIX, 0x10c1
FP_ARITH_DISPATCHED.PORT_0, 0x1b3
FP_ARITH_DISPATCHED.PORT_1, 0x2b3
FP_ARITH_DISPATCHED.PORT_5, 0x4b3
FP_ARITH_DISPATCHED.V0, 0x1b3
FP_ARITH_DISPATCHED.V1, 0x2b3
FP_ARITH_DISPATCHED.V2, 0x4b3
FP_ARITH_INST_RETIRED.128B_PACKED_DOUBLE, 0x4c7
FP_ARITH_INST_RETIRED.128B_PACKED_SINGLE, 0x8c7
FP_ARITH_INST_RETIRED.256B_PACKED_DOUBLE, 0x10c7
FP_ARITH_INST_RETIRED.256B_PACKED_SINGLE, 0x20c7
FP_ARITH_INST_RETIRED.4_FLOPS, 0x18c7
FP_ARITH_INST_RETIRED.512B_PACKED_DOUBLE, 0x40c7
FP_ARITH_INST_RETIRED.512B_PACKED_SINGLE, 0x80c7
FP_ARITH_INST_RETIRED.8_FLOPS, 0x60c7
FP_ARITH_INST_RETIRED.SCALAR, 0x3c7
FP_ARITH_INST_RETIRED.SCALAR_DOUBLE, 0x1c7
FP_ARITH_INST_RETIRED.SCALAR_SINGLE, 0x2c7
FP_ARITH_INST_RETIRED.VECTOR, 0xfcc7
FP_ARITH_INST_RETIRED2.128B_PACKED_HALF, 0x4cf
FP_ARITH_INST_RETIRED2.256B_PACKED_HALF, 0x8cf
FP_ARITH_INST_RETIRED2.512B_PACKED_HALF, 0x10cf
FP_ARITH_INST_RETIRED2.COMPLEX_SCALAR_HALF, 0x2cf
FP_ARITH_INST_RETIRED2.SCALAR, 0x3cf
FP_ARITH_INST_RETIRED2.SCALAR_HALF, 0x1cf
FP_ARITH_INST_RETIRED2.VECTOR, 0x1ccf
UNC_P_CLOCKTICKS, 0x1
UNC_P_CORE_TRANSITION_CYCLES, 0x60
UNC_P_DEMOTIONS, 0x30
UNC_P_FIVR_PS_PS0_CYCLES, 0x75
UNC_P_FIVR_PS_PS1_CYCLES, 0x76
UNC_P_FIVR_PS_PS2_CYCLES, 0x77
UNC_P_FIVR_PS_PS3_CYCLES, 0x78
UNC_P_FREQ_CLIP_AVX256, 0x49
UNC_P_FREQ_CLIP_AVX512, 0x4a
UNC_P_FREQ_MAX_LIMIT_THERMAL_CYCLES, 0x4
UNC_P_FREQ_MAX_POWER_CYCLES, 0x5
UNC_P_FREQ_MIN_IO_P_CYCLES, 0x73
UNC_P_FREQ_TRANS_CYCLES, 0x74
UNC_P_MEMORY_PHASE_SHEDDING_CYCLES, 0x2f
UNC_P_PKG_RESIDENCY_C0_CYCLES, 0x2a
UNC_P_PKG_RESIDENCY_C2E_CYCLES, 0x2b
UNC_P_PKG_RESIDENCY_C6_CYCLES, 0x2d
UNC_P_PMAX_THROTTLED_CYCLES, 0x6
UNC_P_POWER_STATE_OCCUPANCY_CORES_C0, 0x35
UNC_P_POWER_STATE_OCCUPANCY_CORES_C3, 0x36
UNC_P_POWER_STATE_OCCUPANCY_CORES_C6, 0x37
UNC_P_PROCHOT_EXTERNAL_CYCLES, 0xa
UNC_P_PROCHOT_INTERNAL_CYCLES, 0x9
UNC_P_TOTAL_TRANSITION_CYCLES, 0x72
UNC_P_VR_HOT_CYCLES, 0x42
UNC_CHA_BYPASS_CHA_IMC.INTERMEDIATE, 0x257
UNC_CHA_BYPASS_CHA_IMC.NOT_TAKEN, 0x457
UNC_CHA_BYPASS_CHA_IMC.TAKEN, 0x157
UNC_CHA_CLOCKTICKS, 0x1
UNC_CHA_CMS_CLOCKTICKS, 0xc0
UNC_CHA_CORE_SNP.ANY_GTONE, 0xf233
UNC_CHA_CORE_SNP.ANY_ONE, 0xf133
UNC_CHA_CORE_SNP.CORE_GTONE, 0x4233
UNC_CHA_CORE_SNP.CORE_ONE, 0x4133
UNC_CHA_CORE_SNP.EVICT_GTONE, 0x8233
UNC_CHA_CORE_SNP.EVICT_ONE, 0x8133
UNC_CHA_CORE_SNP.EXT_GTONE, 0x2233
UNC_CHA_CORE_SNP.EXT_ONE, 0x2133
UNC_CHA_CORE_SNP.REMOTE_GTONE, 0x1233
UNC_CHA_CORE_SNP.REMOTE_ONE, 0x1133
UNC_CHA_DIRECT_GO.HA_SUPPRESS_DRD, 0x46e
UNC_CHA_DIRECT_GO.HA_SUPPRESS_NO_D2C, 0x26e
UNC_CHA_DIRECT_GO.HA_TOR_DEALLOC, 0x16e
UNC_CHA_DIRECT_GO_OPC.EXTCMP, 0x16d
UNC_CHA_DIRECT_GO_OPC.FAST_GO, 0x106d
UNC_CHA_DIRECT_GO_OPC.FAST_GO_PULL, 0x206d
UNC_CHA_DIRECT_GO_OPC.GO, 0x46d
UNC_CHA_DIRECT_GO_OPC.GO_PULL, 0x86d
UNC_CHA_DIRECT_GO_OPC.IDLE_DUE_SUPPRESS, 0x806d
UNC_CHA_DIRECT_GO_OPC.NOP, 0x406d
UNC_CHA_DIRECT_GO_OPC.PULL, 0x26d
UNC_CHA_DIR_LOOKUP.NO_SNP, 0x253
UNC_CHA_DIR_LOOKUP.SNP, 0x153
UNC_CHA_DIR_UPDATE.HA, 0x154
UNC_CHA_DIR_UPDATE.TOR, 0x254
UNC_CHA_EGRESS_ORDERING.IV_SNOOPGO_DN, 0x4ba
UNC_CHA_EGRESS_ORDERING.IV_SNOOPGO_UP, 0x1ba
UNC_CHA_HITME_HIT.EX_RDS, 0x15f
UNC_CHA_HITME_HIT.SHARED_OWNREQ, 0x45f
UNC_CHA_HITME_HIT.WBMTOE, 0x85f
UNC_CHA_HITME_HIT.WBMTOI_OR_S, 0x105f
UNC_CHA_HITME_LOOKUP.READ, 0x15e
UNC_CHA_HITME_LOOKUP.WRITE, 0x25e
UNC_CHA_HITME_MISS.NOTSHARED_RDINVOWN, 0x4060
UNC_CHA_HITME_MISS.READ_OR_INV, 0x8060
UNC_CHA_HITME_MISS.SHARED_RDINVOWN, 0x2060
UNC_CHA_HITME_UPDATE.DEALLOCATE, 0x1061
UNC_CHA_HITME_UPDATE.DEALLOCATE_RSPFWDI_LOC, 0x161
UNC_CHA_HITME_UPDATE.RDINVOWN, 0x861
UNC_CHA_HITME_UPDATE.RSPFWDI_REM, 0x261
UNC_CHA_HITME_UPDATE.SHARED, 0x461
UNC_CHA_IMC_READS_COUNT.NORMAL, 0x159
UNC_CHA_IMC_READS_COUNT.PRIORITY, 0x259
UNC_CHA_IMC_WRITES_COUNT.FULL, 0x15b
UNC_CHA_IMC_WRITES_COUNT.FULL_PRIORITY, 0x45b
UNC_CHA_IMC_WRITES_COUNT.PARTIAL, 0x25b
UNC_CHA_IMC_WRITES_COUNT.PARTIAL_PRIORITY, 0x85b
UNC_CHA_LLC_LOOKUP.ALL, 0x1fffff34
UNC_CHA_LLC_LOOKUP.ALL_REMOTE, 0x17e0ff34
UNC_CHA_LLC_LOOKUP.ANY_F, 0x34
UNC_CHA_LLC_LOOKUP.CODE, 0x1bd0ff34
UNC_CHA_LLC_LOOKUP.CODE_READ_F, 0x34
UNC_CHA_LLC_LOOKUP.COREPREF_OR_DMND_LOCAL_F, 0x34
UNC_CHA_LLC_LOOKUP.DATA_RD, 0x1bc1ff34
UNC_CHA_LLC_LOOKUP.DATA_READ_ALL, 0x1fc1ff34
UNC_CHA_LLC_LOOKUP.DATA_READ_F, 0x34
UNC_CHA_LLC_LOOKUP.DATA_READ_LOCAL, 0x841ff34
UNC_CHA_LLC_LOOKUP.DATA_READ_MISS, 0x1fc10134
UNC_CHA_LLC_LOOKUP.E, 0x2034
UNC_CHA_LLC_LOOKUP.F, 0x8034
UNC_CHA_LLC_LOOKUP.FLUSH_INV, 0x1a44ff34
UNC_CHA_LLC_LOOKUP.FLUSH_OR_INV_F, 0x34
UNC_CHA_LLC_LOOKUP.I, 0x134
UNC_CHA_LLC_LOOKUP.LLCPREF_LOCAL_F, 0x34
UNC_CHA_LLC_LOOKUP.LOCALLY_HOMED_ADDRESS, 0xbdfff34
UNC_CHA_LLC_LOOKUP.LOCAL_CODE, 0x19d0ff34
UNC_CHA_LLC_LOOKUP.LOCAL_DATA_RD, 0x19c1ff34
UNC_CHA_LLC_LOOKUP.LOCAL_DMND_CODE, 0x1850ff34
UNC_CHA_LLC_LOOKUP.LOCAL_DMND_DATA_RD, 0x1841ff34
UNC_CHA_LLC_LOOKUP.LOCAL_DMND_RFO, 0x1848ff34
UNC_CHA_LLC_LOOKUP.LOCAL_F, 0x34
UNC_CHA_LLC_LOOKUP.LOCAL_FLUSH_INV, 0x1844ff34
UNC_CHA_LLC_LOOKUP.LOCAL_LLC_PF, 0x189dff34
UNC_CHA_LLC_LOOKUP.LOCAL_PF, 0x199dff34
UNC_CHA_LLC_LOOKUP.LOCAL_PF_CODE, 0x1910ff34
UNC_CHA_LLC_LOOKUP.LOCAL_PF_DATA_RD, 0x1981ff34
UNC_CHA_LLC_LOOKUP.LOCAL_PF_RFO, 0x1908ff34
UNC_CHA_LLC_LOOKUP.LOCAL_RFO, 0x19c8ff34
UNC_CHA_LLC_LOOKUP.M, 0x4034
UNC_CHA_LLC_LOOKUP.MISS_ALL, 0x1fe00134
UNC_CHA_LLC_LOOKUP.OTHER_REQ_F, 0x34
UNC_CHA_LLC_LOOKUP.PREF_OR_DMND_REMOTE_F, 0x34
UNC_CHA_LLC_LOOKUP.REMOTELY_HOMED_ADDRESS, 0x15dfff34
UNC_CHA_LLC_LOOKUP.REMOTE_CODE, 0x1a10ff34
UNC_CHA_LLC_LOOKUP.REMOTE_DATA_RD, 0x1a01ff34
UNC_CHA_LLC_LOOKUP.REMOTE_F, 0x34
UNC_CHA_LLC_LOOKUP.REMOTE_FLUSH_INV, 0x1a04ff34
UNC_CHA_LLC_LOOKUP.REMOTE_OTHER, 0x1a02ff34
UNC_CHA_LLC_LOOKUP.REMOTE_RFO, 0x1a08ff34
UNC_CHA_LLC_LOOKUP.REMOTE_SNOOP_F, 0x34
UNC_CHA_LLC_LOOKUP.REMOTE_SNP, 0x1c19ff34
UNC_CHA_LLC_LOOKUP.RFO, 0x1bc8ff34
UNC_CHA_LLC_LOOKUP.RFO_F, 0x34
UNC_CHA_LLC_LOOKUP.RFO_LOCAL, 0x9c8ff34
UNC_CHA_LLC_LOOKUP.S, 0x1034
UNC_CHA_LLC_LOOKUP.SF_E, 0x434
UNC_CHA_LLC_LOOKUP.SF_H, 0x834
UNC_CHA_LLC_LOOKUP.SF_S, 0x234
UNC_CHA_LLC_LOOKUP.WRITE_LOCAL, 0x842ff34
UNC_CHA_LLC_LOOKUP.WRITE_REMOTE, 0x17c2ff34
UNC_CHA_LLC_VICTIMS.E_STATE, 0x237
UNC_CHA_LLC_VICTIMS.IA, 0x2037
UNC_CHA_LLC_VICTIMS.IO, 0x1037
UNC_CHA_LLC_VICTIMS.IO_E, 0x1237
UNC_CHA_LLC_VICTIMS.IO_FS, 0x1c37
UNC_CHA_LLC_VICTIMS.IO_M, 0x1137
UNC_CHA_LLC_VICTIMS.IO_MESF, 0x1f37
UNC_CHA_LLC_VICTIMS.LOCAL_ALL, 0x200f37
UNC_CHA_LLC_VICTIMS.LOCAL_E, 0x200237
UNC_CHA_LLC_VICTIMS.LOCAL_M, 0x200137
UNC_CHA_LLC_VICTIMS.LOCAL_ONLY, 0x37
UNC_CHA_LLC_VICTIMS.LOCAL_S, 0x200437
UNC_CHA_LLC_VICTIMS.M_STATE, 0x137
UNC_CHA_LLC_VICTIMS.REMOTE_ALL, 0x800f37
UNC_CHA_LLC_VICTIMS.REMOTE_E, 0x800237
UNC_CHA_LLC_VICTIMS.REMOTE_M, 0x800137
UNC_CHA_LLC_VICTIMS.REMOTE_ONLY, 0x37
UNC_CHA_LLC_VICTIMS.REMOTE_S, 0x800437
UNC_CHA_LLC_VICTIMS.S_STATE, 0x437
UNC_CHA_LLC_VICTIMS.TOTAL_E, 0x237
UNC_CHA_LLC_VICTIMS.TOTAL_M, 0x137
UNC_CHA_LLC_VICTIMS.TOTAL_S, 0x437
UNC_CHA_MISC.CV0_PREF_MISS, 0x2039
UNC_CHA_MISC.CV0_PREF_VIC, 0x1039
UNC_CHA_MISC.RFO_HIT_S, 0x839
UNC_CHA_MISC.RSPI_WAS_FSE, 0x139
UNC_CHA_MISC.WC_ALIASING, 0x239
UNC_CHA_OSB.LOCAL_INVITOE, 0x155
UNC_CHA_OSB.LOCAL_READ, 0x255
UNC_CHA_OSB.OFF_PWRHEURISTIC, 0x2055
UNC_CHA_OSB.REMOTE_READ, 0x455
UNC_CHA_OSB.REMOTE_READINVITOE, 0x855
UNC_CHA_OSB.RFO_HITS_SNP_BCAST, 0x1055
UNC_CHA_PMM_MEMMODE_NM_INVITOX.LOCAL, 0x165
UNC_CHA_PMM_MEMMODE_NM_INVITOX.REMOTE, 0x265
UNC_CHA_PMM_MEMMODE_NM_INVITOX.SETCONFLICT, 0x465
UNC_CHA_PMM_MEMMODE_NM_SETCONFLICTS.LLC, 0x264
UNC_CHA_PMM_MEMMODE_NM_SETCONFLICTS.SF, 0x164
UNC_CHA_PMM_MEMMODE_NM_SETCONFLICTS.TOR, 0x464
UNC_CHA_PMM_MEMMODE_NM_SETCONFLICTS2.IODC, 0x170
UNC_CHA_PMM_MEMMODE_NM_SETCONFLICTS2.MEMWR, 0x270
UNC_CHA_PMM_MEMMODE_NM_SETCONFLICTS2.MEMWRNI, 0x470
UNC_CHA_PMM_QOS.DDR4_FAST_INSERT, 0x266
UNC_CHA_PMM_QOS.REJ_IRQ, 0x866
UNC_CHA_PMM_QOS.SLOWTORQ_SKIP, 0x4066
UNC_CHA_PMM_QOS.SLOW_INSERT, 0x166
UNC_CHA_PMM_QOS.THROTTLE, 0x466
UNC_CHA_PMM_QOS.THROTTLE_IRQ, 0x2066
UNC_CHA_PMM_QOS.THROTTLE_PRQ, 0x1066
UNC_CHA_PMM_QOS_OCCUPANCY.DDR_FAST_FIFO, 0x267
UNC_CHA_PMM_QOS_OCCUPANCY.DDR_SLOW_FIFO, 0x167
UNC_CHA_READ_NO_CREDITS.MC0, 0x158
UNC_CHA_READ_NO_CREDITS.MC1, 0x258
UNC_CHA_READ_NO_CREDITS.MC2, 0x458
UNC_CHA_READ_NO_CREDITS.MC3, 0x858
UNC_CHA_READ_NO_CREDITS.MC4, 0x1058
UNC_CHA_READ_NO_CREDITS.MC5, 0x2058
UNC_CHA_REQUESTS.INVITOE, 0x3050
UNC_CHA_REQUESTS.INVITOE_LOCAL, 0x1050
UNC_CHA_REQUESTS.INVITOE_REMOTE, 0x2050
UNC_CHA_REQUESTS.READS, 0x350
UNC_CHA_REQUESTS.READS_LOCAL, 0x150
UNC_CHA_REQUESTS.READS_REMOTE, 0x250
UNC_CHA_REQUESTS.WRITES, 0xc50
UNC_CHA_REQUESTS.WRITES_LOCAL, 0x450
UNC_CHA_REQUESTS.WRITES_REMOTE, 0x850
UNC_CHA_RxC_INSERTS.IPQ, 0x413
UNC_CHA_RxC_INSERTS.IRQ, 0x113
UNC_CHA_RxC_INSERTS.IRQ_REJ, 0x213
UNC_CHA_RxC_INSERTS.PRQ, 0x1013
UNC_CHA_RxC_INSERTS.PRQ_REJ, 0x2013
UNC_CHA_RxC_INSERTS.RRQ, 0x4013
UNC_CHA_RxC_INSERTS.WBQ, 0x8013
UNC_CHA_RxC_IPQ0_REJECT.AD_REQ_VN0, 0x122
UNC_CHA_RxC_IPQ0_REJECT.AD_RSP_VN0, 0x222
UNC_CHA_RxC_IPQ0_REJECT.AK_NON_UPI, 0x4022
UNC_CHA_RxC_IPQ0_REJECT.BL_NCB_VN0, 0x1022
UNC_CHA_RxC_IPQ0_REJECT.BL_NCS_VN0, 0x2022
UNC_CHA_RxC_IPQ0_REJECT.BL_RSP_VN0, 0x422
UNC_CHA_RxC_IPQ0_REJECT.BL_WB_VN0, 0x822
UNC_CHA_RxC_IPQ0_REJECT.IV_NON_UPI, 0x8022
UNC_CHA_RxC_IPQ1_REJECT.ALLOW_SNP, 0x4023
UNC_CHA_RxC_IPQ1_REJECT.ANY0, 0x123
UNC_CHA_RxC_IPQ1_REJECT.HA, 0x223
UNC_CHA_RxC_IPQ1_REJECT.LLC_OR_SF_WAY, 0x2023
UNC_CHA_RxC_IPQ1_REJECT.LLC_VICTIM, 0x423
UNC_CHA_RxC_IPQ1_REJECT.PA_MATCH, 0x8023
UNC_CHA_RxC_IPQ1_REJECT.SF_VICTIM, 0x823
UNC_CHA_RxC_IPQ1_REJECT.VICTIM, 0x1023
UNC_CHA_RxC_IRQ0_REJECT.AD_REQ_VN0, 0x118
UNC_CHA_RxC_IRQ0_REJECT.AD_RSP_VN0, 0x218
UNC_CHA_RxC_IRQ0_REJECT.AK_NON_UPI, 0x4018
UNC_CHA_RxC_IRQ0_REJECT.BL_NCB_VN0, 0x1018
UNC_CHA_RxC_IRQ0_REJECT.BL_NCS_VN0, 0x2018
UNC_CHA_RxC_IRQ0_REJECT.BL_RSP_VN0, 0x418
UNC_CHA_RxC_IRQ0_REJECT.BL_WB_VN0, 0x818
UNC_CHA_RxC_IRQ0_REJECT.IV_NON_UPI, 0x8018
UNC_CHA_RxC_IRQ1_REJECT.ALLOW_SNP, 0x4019
UNC_CHA_RxC_IRQ1_REJECT.ANY0, 0x119
UNC_CHA_RxC_IRQ1_REJECT.HA, 0x219
UNC_CHA_RxC_IRQ1_REJECT.LLC_OR_SF_WAY, 0x2019
UNC_CHA_RxC_IRQ1_REJECT.LLC_VICTIM, 0x419
UNC_CHA_RxC_IRQ1_REJECT.PA_MATCH, 0x8019
UNC_CHA_RxC_IRQ1_REJECT.SF_VICTIM, 0x819
UNC_CHA_RxC_IRQ1_REJECT.VICTIM, 0x1019
UNC_CHA_RxC_ISMQ0_REJECT.AD_REQ_VN0, 0x124
UNC_CHA_RxC_ISMQ0_REJECT.AD_RSP_VN0, 0x224
UNC_CHA_RxC_ISMQ0_REJECT.AK_NON_UPI, 0x4024
UNC_CHA_RxC_ISMQ0_REJECT.BL_NCB_VN0, 0x1024
UNC_CHA_RxC_ISMQ0_REJECT.BL_NCS_VN0, 0x2024
UNC_CHA_RxC_ISMQ0_REJECT.BL_RSP_VN0, 0x424
UNC_CHA_RxC_ISMQ0_REJECT.BL_WB_VN0, 0x824
UNC_CHA_RxC_ISMQ0_REJECT.IV_NON_UPI, 0x8024
UNC_CHA_RxC_ISMQ0_RETRY.AD_REQ_VN0, 0x12c
UNC_CHA_RxC_ISMQ0_RETRY.AD_RSP_VN0, 0x22c
UNC_CHA_RxC_ISMQ0_RETRY.AK_NON_UPI, 0x402c
UNC_CHA_RxC_ISMQ0_RETRY.BL_NCB_VN0, 0x102c
UNC_CHA_RxC_ISMQ0_RETRY.BL_NCS_VN0, 0x202c
UNC_CHA_RxC_ISMQ0_RETRY.BL_RSP_VN0, 0x42c
UNC_CHA_RxC_ISMQ0_RETRY.BL_WB_VN0, 0x82c
UNC_CHA_RxC_ISMQ0_RETRY.IV_NON_UPI, 0x802c
UNC_CHA_RxC_ISMQ1_REJECT.ANY0, 0x125
UNC_CHA_RxC_ISMQ1_REJECT.HA, 0x225
UNC_CHA_RxC_ISMQ1_RETRY.ANY0, 0x12d
UNC_CHA_RxC_ISMQ1_RETRY.HA, 0x22d
UNC_CHA_RxC_OCCUPANCY.IPQ, 0x411
UNC_CHA_RxC_OCCUPANCY.RRQ, 0x4011
UNC_CHA_RxC_OCCUPANCY.WBQ, 0x8011
UNC_CHA_RxC_OTHER0_RETRY.AD_REQ_VN0, 0x12e
UNC_CHA_RxC_OTHER0_RETRY.AD_RSP_VN0, 0x22e
UNC_CHA_RxC_OTHER0_RETRY.AK_NON_UPI, 0x402e
UNC_CHA_RxC_OTHER0_RETRY.BL_NCB_VN0, 0x102e
UNC_CHA_RxC_OTHER0_RETRY.BL_NCS_VN0, 0x202e
UNC_CHA_RxC_OTHER0_RETRY.BL_RSP_VN0, 0x42e
UNC_CHA_RxC_OTHER0_RETRY.BL_WB_VN0, 0x82e
UNC_CHA_RxC_OTHER0_RETRY.IV_NON_UPI, 0x802e
UNC_CHA_RxC_OTHER1_RETRY.ALLOW_SNP, 0x402f
UNC_CHA_RxC_OTHER1_RETRY.ANY0, 0x12f
UNC_CHA_RxC_OTHER1_RETRY.HA, 0x22f
UNC_CHA_RxC_OTHER1_RETRY.LLC_OR_SF_WAY, 0x202f
UNC_CHA_RxC_OTHER1_RETRY.LLC_VICTIM, 0x42f
UNC_CHA_RxC_OTHER1_RETRY.PA_MATCH, 0x802f
UNC_CHA_RxC_OTHER1_RETRY.SF_VICTIM, 0x82f
UNC_CHA_RxC_OTHER1_RETRY.VICTIM, 0x102f
UNC_CHA_RxC_PRQ0_REJECT.AD_REQ_VN0, 0x120
UNC_CHA_RxC_PRQ0_REJECT.AD_RSP_VN0, 0x220
UNC_CHA_RxC_PRQ0_REJECT.AK_NON_UPI, 0x4020
UNC_CHA_RxC_PRQ0_REJECT.BL_NCB_VN0, 0x1020
UNC_CHA_RxC_PRQ0_REJECT.BL_NCS_VN0, 0x2020
UNC_CHA_RxC_PRQ0_REJECT.BL_RSP_VN0, 0x420
UNC_CHA_RxC_PRQ0_REJECT.BL_WB_VN0, 0x820
UNC_CHA_RxC_PRQ0_REJECT.IV_NON_UPI, 0x8020
UNC_CHA_RxC_PRQ1_REJECT.ALLOW_SNP, 0x4021
UNC_CHA_RxC_PRQ1_REJECT.ANY0, 0x121
UNC_CHA_RxC_PRQ1_REJECT.HA, 0x221
UNC_CHA_RxC_PRQ1_REJECT.LLC_OR_SF_WAY, 0x2021
UNC_CHA_RxC_PRQ1_REJECT.LLC_VICTIM, 0x421
UNC_CHA_RxC_PRQ1_REJECT.PA_MATCH, 0x8021
UNC_CHA_RxC_PRQ1_REJECT.SF_VICTIM, 0x821
UNC_CHA_RxC_PRQ1_REJECT.VICTIM, 0x1021
UNC_CHA_RxC_REQ_Q0_RETRY.AD_REQ_VN0, 0x12a
UNC_CHA_RxC_REQ_Q0_RETRY.AD_RSP_VN0, 0x22a
UNC_CHA_RxC_REQ_Q0_RETRY.AK_NON_UPI, 0x402a
UNC_CHA_RxC_REQ_Q0_RETRY.BL_NCB_VN0, 0x102a
UNC_CHA_RxC_REQ_Q0_RETRY.BL_NCS_VN0, 0x202a
UNC_CHA_RxC_REQ_Q0_RETRY.BL_RSP_VN0, 0x42a
UNC_CHA_RxC_REQ_Q0_RETRY.BL_WB_VN0, 0x82a
UNC_CHA_RxC_REQ_Q0_RETRY.IV_NON_UPI, 0x802a
UNC_CHA_RxC_REQ_Q1_RETRY.ALLOW_SNP, 0x402b
UNC_CHA_RxC_REQ_Q1_RETRY.ANY0, 0x12b
UNC_CHA_RxC_REQ_Q1_RETRY.HA, 0x22b
UNC_CHA_RxC_REQ_Q1_RETRY.LLC_OR_SF_WAY, 0x202b
UNC_CHA_RxC_REQ_Q1_RETRY.LLC_VICTIM, 0x42b
UNC_CHA_RxC_REQ_Q1_RETRY.PA_MATCH, 0x802b
UNC_CHA_RxC_REQ_Q1_RETRY.SF_VICTIM, 0x82b
UNC_CHA_RxC_REQ_Q1_RETRY.VICTIM, 0x102b
UNC_CHA_RxC_RRQ0_REJECT.AD_REQ_VN0, 0x126
UNC_CHA_RxC_RRQ0_REJECT.AD_RSP_VN0, 0x226
UNC_CHA_RxC_RRQ0_REJECT.AK_NON_UPI, 0x4026
UNC_CHA_RxC_RRQ0_REJECT.BL_NCB_VN0, 0x1026
UNC_CHA_RxC_RRQ0_REJECT.BL_NCS_VN0, 0x2026
UNC_CHA_RxC_RRQ0_REJECT.BL_RSP_VN0, 0x426
UNC_CHA_RxC_RRQ0_REJECT.BL_WB_VN0, 0x826
UNC_CHA_RxC_RRQ0_REJECT.IV_NON_UPI, 0x8026
UNC_CHA_RxC_RRQ1_REJECT.ALLOW_SNP, 0x4027
UNC_CHA_RxC_RRQ1_REJECT.ANY0, 0x127
UNC_CHA_RxC_RRQ1_REJECT.HA, 0x227
UNC_CHA_RxC_RRQ1_REJECT.LLC_OR_SF_WAY, 0x2027
UNC_CHA_RxC_RRQ1_REJECT.LLC_VICTIM, 0x427
UNC_CHA_RxC_RRQ1_REJECT.PA_MATCH, 0x8027
UNC_CHA_RxC_RRQ1_REJECT.SF_VICTIM, 0x827
UNC_CHA_RxC_RRQ1_REJECT.VICTIM, 0x1027
UNC_CHA_RxC_WBQ0_REJECT.AD_REQ_VN0, 0x128
UNC_CHA_RxC_WBQ0_REJECT.AD_RSP_VN0, 0x228
UNC_CHA_RxC_WBQ0_REJECT.AK_NON_UPI, 0x4028
UNC_CHA_RxC_WBQ0_REJECT.BL_NCB_VN0, 0x1028
UNC_CHA_RxC_WBQ0_REJECT.BL_NCS_VN0, 0x2028
UNC_CHA_RxC_WBQ0_REJECT.BL_RSP_VN0, 0x428
UNC_CHA_RxC_WBQ0_REJECT.BL_WB_VN0, 0x828
UNC_CHA_RxC_WBQ0_REJECT.IV_NON_UPI, 0x8028
UNC_CHA_RxC_WBQ1_REJECT.ALLOW_SNP, 0x4029
UNC_CHA_RxC_WBQ1_REJECT.ANY0, 0x129
UNC_CHA_RxC_WBQ1_REJECT.HA, 0x229
UNC_CHA_RxC_WBQ1_REJECT.LLC_OR_SF_WAY, 0x2029
UNC_CHA_RxC_WBQ1_REJECT.LLC_VICTIM, 0x429
UNC_CHA_RxC_WBQ1_REJECT.PA_MATCH, 0x8029
UNC_CHA_RxC_WBQ1_REJECT.SF_VICTIM, 0x829
UNC_CHA_RxC_WBQ1_REJECT.VICTIM, 0x1029
UNC_CHA_SNOOPS_SENT.ALL, 0x151
UNC_CHA_SNOOPS_SENT.BCST_LOCAL, 0x1051
UNC_CHA_SNOOPS_SENT.BCST_REMOTE, 0x2051
UNC_CHA_SNOOPS_SENT.DIRECT_LOCAL, 0x4051
UNC_CHA_SNOOPS_SENT.DIRECT_REMOTE, 0x8051
UNC_CHA_SNOOPS_SENT.LOCAL, 0x451
UNC_CHA_SNOOPS_SENT.REMOTE, 0x851
UNC_CHA_SNOOP_RESP.RSPCNFLCT, 0x405c
UNC_CHA_SNOOP_RESP.RSPFWD, 0x805c
UNC_CHA_SNOOP_RESP.RSPFWDWB, 0x205c
UNC_CHA_SNOOP_RESP.RSPI, 0x15c
UNC_CHA_SNOOP_RESP.RSPIFWD, 0x45c
UNC_CHA_SNOOP_RESP.RSPS, 0x25c
UNC_CHA_SNOOP_RESP.RSPSFWD, 0x85c
UNC_CHA_SNOOP_RESP.RSPWB, 0x105c
UNC_CHA_SNOOP_RESP_LOCAL.RSPCNFLCT, 0x405d
UNC_CHA_SNOOP_RESP_LOCAL.RSPFWD, 0x805d
UNC_CHA_SNOOP_RESP_LOCAL.RSPFWDWB, 0x205d
UNC_CHA_SNOOP_RESP_LOCAL.RSPI, 0x15d
UNC_CHA_SNOOP_RESP_LOCAL.RSPIFWD, 0x45d
UNC_CHA_SNOOP_RESP_LOCAL.RSPS, 0x25d
UNC_CHA_SNOOP_RESP_LOCAL.RSPSFWD, 0x85d
UNC_CHA_SNOOP_RESP_LOCAL.RSPWB, 0x105d
UNC_CHA_SNOOP_RSP_MISC.MTOI_RSPDATAM, 0x26b
UNC_CHA_SNOOP_RSP_MISC.MTOI_RSPIFWDM, 0x16b
UNC_CHA_SNOOP_RSP_MISC.PULLDATAPTL_HITLLC, 0x206b
UNC_CHA_SNOOP_RSP_MISC.PULLDATAPTL_HITSF, 0x106b
UNC_CHA_SNOOP_RSP_MISC.RSPIFWDMPTL_HITLLC, 0x86b
UNC_CHA_SNOOP_RSP_MISC.RSPIFWDMPTL_HITSF, 0x46b
UNC_CHA_TOR_INSERTS.ALL, 0xc001ffff35
UNC_CHA_TOR_INSERTS.DDR, 0x35
UNC_CHA_TOR_INSERTS.EVICT, 0x235
UNC_CHA_TOR_INSERTS.HIT, 0x35
UNC_CHA_TOR_INSERTS.IA, 0xc001ff0135
UNC_CHA_TOR_INSERTS.IA_CLFLUSH, 0xc8c7ff0135
UNC_CHA_TOR_INSERTS.IA_CLFLUSHOPT, 0xc8d7ff0135
UNC_CHA_TOR_INSERTS.IA_CRD, 0xc80fff0135
UNC_CHA_TOR_INSERTS.IA_CRD_PREF, 0xc88fff0135
UNC_CHA_TOR_INSERTS.IA_DRD, 0xc817ff0135
UNC_CHA_TOR_INSERTS.IA_DRDPTE, 0xc837ff0135
UNC_CHA_TOR_INSERTS.IA_DRD_OPT, 0xc827ff0135
UNC_CHA_TOR_INSERTS.IA_DRD_OPT_PREF, 0xc8a7ff0135
UNC_CHA_TOR_INSERTS.IA_DRD_PREF, 0xc897ff0135
UNC_CHA_TOR_INSERTS.IA_HIT, 0xc001fd0135
UNC_CHA_TOR_INSERTS.IA_HIT_CRD, 0xc80ffd0135
UNC_CHA_TOR_INSERTS.IA_HIT_CRD_PREF, 0xc88ffd0135
UNC_CHA_TOR_INSERTS.IA_HIT_CXL_ACC, 0x10c001810135
UNC_CHA_TOR_INSERTS.IA_HIT_CXL_ACC_LOCAL, 0x10c000810135
UNC_CHA_TOR_INSERTS.IA_HIT_DRD, 0xc817fd0135
UNC_CHA_TOR_INSERTS.IA_HIT_DRDPTE, 0xc837fd0135
UNC_CHA_TOR_INSERTS.IA_HIT_DRD_OPT, 0xc827fd0135
UNC_CHA_TOR_INSERTS.IA_HIT_DRD_OPT_PREF, 0xc8a7fd0135
UNC_CHA_TOR_INSERTS.IA_HIT_DRD_PREF, 0xc897fd0135
UNC_CHA_TOR_INSERTS.IA_HIT_ITOM, 0xcc47fd0135
UNC_CHA_TOR_INSERTS.IA_HIT_LLCPREFCODE, 0xcccffd0135
UNC_CHA_TOR_INSERTS.IA_HIT_LLCPREFDATA, 0xccd7fd0135
UNC_CHA_TOR_INSERTS.IA_HIT_LLCPREFRFO, 0xccc7fd0135
UNC_CHA_TOR_INSERTS.IA_HIT_RFO, 0xc807fd0135
UNC_CHA_TOR_INSERTS.IA_HIT_RFO_PREF, 0xc887fd0135
UNC_CHA_TOR_INSERTS.IA_ITOM, 0xcc47ff0135
UNC_CHA_TOR_INSERTS.IA_ITOMCACHENEAR, 0xcd47ff0135
UNC_CHA_TOR_INSERTS.IA_LLCPREFCODE, 0xcccfff0135
UNC_CHA_TOR_INSERTS.IA_LLCPREFDATA, 0xccd7ff0135
UNC_CHA_TOR_INSERTS.IA_LLCPREFRFO, 0xccc7ff0135
UNC_CHA_TOR_INSERTS.IA_MISS, 0xc001fe0135
UNC_CHA_TOR_INSERTS.IA_MISS_CRD, 0xc80ffe0135
UNC_CHA_TOR_INSERTS.IA_MISS_CRDMORPH_CXL_ACC, 0x10c80b820135
UNC_CHA_TOR_INSERTS.IA_MISS_CRD_LOCAL, 0xc80efe0135
UNC_CHA_TOR_INSERTS.IA_MISS_CRD_PREF, 0xc88ffe0135
UNC_CHA_TOR_INSERTS.IA_MISS_CRD_PREF_LOCAL, 0xc88efe0135
UNC_CHA_TOR_INSERTS.IA_MISS_CRD_PREF_REMOTE, 0xc88f7e0135
UNC_CHA_TOR_INSERTS.IA_MISS_CRD_REMOTE, 0xc80f7e0135
UNC_CHA_TOR_INSERTS.IA_MISS_CXL_ACC, 0x10c001820135
UNC_CHA_TOR_INSERTS.IA_MISS_CXL_ACC_LOCAL, 0x10c000820135
UNC_CHA_TOR_INSERTS.IA_MISS_DRD, 0xc817fe0135
UNC_CHA_TOR_INSERTS.IA_MISS_DRDMORPH_CXL_ACC, 0x10c813820135
UNC_CHA_TOR_INSERTS.IA_MISS_DRDPTE, 0xc837fe0135
UNC_CHA_TOR_INSERTS.IA_MISS_DRD_CXL_ACC, 0x10c817820135
UNC_CHA_TOR_INSERTS.IA_MISS_DRD_CXL_ACC_LOCAL, 0x10c816820135
UNC_CHA_TOR_INSERTS.IA_MISS_DRD_DDR, 0xc817860135
UNC_CHA_TOR_INSERTS.IA_MISS_DRD_LOCAL, 0xc816fe0135
UNC_CHA_TOR_INSERTS.IA_MISS_DRD_LOCAL_DDR, 0xc816860135
UNC_CHA_TOR_INSERTS.IA_MISS_DRD_LOCAL_PMM, 0xc8168a0135
UNC_CHA_TOR_INSERTS.IA_MISS_DRD_OPT, 0xc827fe0135
UNC_CHA_TOR_INSERTS.IA_MISS_DRD_OPT_CXL_ACC_LOCAL, 0x10c826820135
UNC_CHA_TOR_INSERTS.IA_MISS_DRD_OPT_PREF, 0xc8a7fe0135
UNC_CHA_TOR_INSERTS.IA_MISS_DRD_OPT_PREF_CXL_ACC_LOCAL, 0x10c8a6820135
UNC_CHA_TOR_INSERTS.IA_MISS_DRD_PMM, 0xc8178a0135
UNC_CHA_TOR_INSERTS.IA_MISS_DRD_PREF, 0xc897fe0135
UNC_CHA_TOR_INSERTS.IA_MISS_DRD_PREF_CXL_ACC, 0x10c897820135
UNC_CHA_TOR_INSERTS.IA_MISS_DRD_PREF_CXL_ACC_LOCAL, 0x10c896820135
UNC_CHA_TOR_INSERTS.IA_MISS_DRD_PREF_DDR, 0xc897860135
UNC_CHA_TOR_INSERTS.IA_MISS_DRD_PREF_LOCAL, 0xc896fe0135
UNC_CHA_TOR_INSERTS.IA_MISS_DRD_PREF_LOCAL_DDR, 0xc896860135
UNC_CHA_TOR_INSERTS.IA_MISS_DRD_PREF_LOCAL_PMM, 0xc8968a0135
UNC_CHA_TOR_INSERTS.IA_MISS_DRD_PREF_PMM, 0xc8978a0135
UNC_CHA_TOR_INSERTS.IA_MISS_DRD_PREF_REMOTE, 0xc8977e0135
UNC_CHA_TOR_INSERTS.IA_MISS_DRD_PREF_REMOTE_DDR, 0xc897060135
UNC_CHA_TOR_INSERTS.IA_MISS_DRD_PREF_REMOTE_PMM, 0xc8970a0135
UNC_CHA_TOR_INSERTS.IA_MISS_DRD_REMOTE, 0xc8177e0135
UNC_CHA_TOR_INSERTS.IA_MISS_DRD_REMOTE_DDR, 0xc817060135
UNC_CHA_TOR_INSERTS.IA_MISS_DRD_REMOTE_PMM, 0xc8170a0135
UNC_CHA_TOR_INSERTS.IA_MISS_ITOM, 0xcc47fe0135
UNC_CHA_TOR_INSERTS.IA_MISS_LLCPREFCODE, 0xcccffe0135
UNC_CHA_TOR_INSERTS.IA_MISS_LLCPREFCODE_CXL_ACC, 0x10cccf820135
UNC_CHA_TOR_INSERTS.IA_MISS_LLCPREFDATA, 0xccd7fe0135
UNC_CHA_TOR_INSERTS.IA_MISS_LLCPREFDATA_CXL_ACC, 0x10ccd7820135
UNC_CHA_TOR_INSERTS.IA_MISS_LLCPREFDATA_CXL_ACC_LOCAL, 0x10ccd6820135
UNC_CHA_TOR_INSERTS.IA_MISS_LLCPREFRFO, 0xccc7fe0135
UNC_CHA_TOR_INSERTS.IA_MISS_LLCPREFRFO_CXL_ACC, 0x10c887820135
UNC_CHA_TOR_INSERTS.IA_MISS_LLCPREFRFO_CXL_ACC_LOCAL, 0x10c886820135
UNC_CHA_TOR_INSERTS.IA_MISS_LOCAL_WCILF_DDR, 0xc866860135
UNC_CHA_TOR_INSERTS.IA_MISS_LOCAL_WCILF_PMM, 0xc8668a0135
UNC_CHA_TOR_INSERTS.IA_MISS_LOCAL_WCIL_DDR, 0xc86e860135
UNC_CHA_TOR_INSERTS.IA_MISS_LOCAL_WCIL_PMM, 0xc86e8a0135
UNC_CHA_TOR_INSERTS.IA_MISS_REMOTE_WCILF_DDR, 0xc867060135
UNC_CHA_TOR_INSERTS.IA_MISS_REMOTE_WCILF_PMM, 0xc8670a0135
UNC_CHA_TOR_INSERTS.IA_MISS_REMOTE_WCIL_DDR, 0xc86f060135
UNC_CHA_TOR_INSERTS.IA_MISS_REMOTE_WCIL_PMM, 0xc86f0a0135
UNC_CHA_TOR_INSERTS.IA_MISS_RFO, 0xc807fe0135
UNC_CHA_TOR_INSERTS.IA_MISS_RFOMORPH_CXL_ACC, 0x10c803820135
UNC_CHA_TOR_INSERTS.IA_MISS_RFO_CXL_ACC, 0x10c807820135
UNC_CHA_TOR_INSERTS.IA_MISS_RFO_CXL_ACC_LOCAL, 0x10c806820135
UNC_CHA_TOR_INSERTS.IA_MISS_RFO_LOCAL, 0xc806fe0135
UNC_CHA_TOR_INSERTS.IA_MISS_RFO_PREF, 0xc887fe0135
UNC_CHA_TOR_INSERTS.IA_MISS_RFO_PREF_CXL_ACC, 0x10ccc7820135
UNC_CHA_TOR_INSERTS.IA_MISS_RFO_PREF_CXL_ACC_LOCAL, 0x10ccc6820135
UNC_CHA_TOR_INSERTS.IA_MISS_RFO_PREF_LOCAL, 0xc886fe0135
UNC_CHA_TOR_INSERTS.IA_MISS_RFO_PREF_REMOTE, 0xc8877e0135
UNC_CHA_TOR_INSERTS.IA_MISS_RFO_REMOTE, 0xc8077e0135
UNC_CHA_TOR_INSERTS.IA_MISS_UCRDF, 0xc877de0135
UNC_CHA_TOR_INSERTS.IA_MISS_WCIL, 0xc86ffe0135
UNC_CHA_TOR_INSERTS.IA_MISS_WCILF, 0xc867fe0135
UNC_CHA_TOR_INSERTS.IA_MISS_WCILF_DDR, 0xc867860135
UNC_CHA_TOR_INSERTS.IA_MISS_WCILF_PMM, 0xc8678a0135
UNC_CHA_TOR_INSERTS.IA_MISS_WCIL_DDR, 0xc86f860135
UNC_CHA_TOR_INSERTS.IA_MISS_WCIL_PMM, 0xc86f8a0135
UNC_CHA_TOR_INSERTS.IA_MISS_WIL, 0xc87fde0135
UNC_CHA_TOR_INSERTS.IA_RFO, 0xc807ff0135
UNC_CHA_TOR_INSERTS.IA_RFO_PREF, 0xc887ff0135
UNC_CHA_TOR_INSERTS.IA_SPECITOM, 0xcc57ff0135
UNC_CHA_TOR_INSERTS.IA_WBEFTOE, 0xcc3fff0135
UNC_CHA_TOR_INSERTS.IA_WBEFTOI, 0xcc37ff0135
UNC_CHA_TOR_INSERTS.IA_WBMTOE, 0xcc2fff0135
UNC_CHA_TOR_INSERTS.IA_WBMTOI, 0xcc27ff0135
UNC_CHA_TOR_INSERTS.IA_WBSTOI, 0xcc67ff0135
UNC_CHA_TOR_INSERTS.IA_WCIL, 0xc86fff0135
UNC_CHA_TOR_INSERTS.IA_WCILF, 0xc867ff0135
UNC_CHA_TOR_INSERTS.IO, 0xc001ff0435
UNC_CHA_TOR_INSERTS.IO_CLFLUSH, 0xc8c3ff0435
UNC_CHA_TOR_INSERTS.IO_HIT, 0xc001fd0435
UNC_CHA_TOR_INSERTS.IO_HIT_ITOM, 0xcc43fd0435
UNC_CHA_TOR_INSERTS.IO_HIT_ITOMCACHENEAR, 0xcd43fd0435
UNC_CHA_TOR_INSERTS.IO_HIT_PCIRDCUR, 0xc8f3fd0435
UNC_CHA_TOR_INSERTS.IO_HIT_RFO, 0xc803fd0435
UNC_CHA_TOR_INSERTS.IO_ITOM, 0xcc43ff0435
UNC_CHA_TOR_INSERTS.IO_ITOMCACHENEAR, 0xcd43ff0435
UNC_CHA_TOR_INSERTS.IO_ITOMCACHENEAR_LOCAL, 0xcd42ff0435
UNC_CHA_TOR_INSERTS.IO_ITOMCACHENEAR_REMOTE, 0xcd437f0435
UNC_CHA_TOR_INSERTS.IO_ITOM_LOCAL, 0xcc42ff0435
UNC_CHA_TOR_INSERTS.IO_ITOM_REMOTE, 0xcc437f0435
UNC_CHA_TOR_INSERTS.IO_MISS, 0xc001fe0435
UNC_CHA_TOR_INSERTS.IO_MISS_ITOM, 0xcc43fe0435
UNC_CHA_TOR_INSERTS.IO_MISS_ITOMCACHENEAR, 0xcd43fe0435
UNC_CHA_TOR_INSERTS.IO_MISS_PCIRDCUR, 0xc8f3fe0435
UNC_CHA_TOR_INSERTS.IO_MISS_RFO, 0xc803fe0435
UNC_CHA_TOR_INSERTS.IO_PCIRDCUR, 0xc8f3ff0435
UNC_CHA_TOR_INSERTS.IO_PCIRDCUR_LOCAL, 0xc8f2ff0435
UNC_CHA_TOR_INSERTS.IO_PCIRDCUR_REMOTE, 0xc8f37f0435
UNC_CHA_TOR_INSERTS.IO_RFO, 0xc803ff0435
UNC_CHA_TOR_INSERTS.IO_WBMTOI, 0xcc23ff0435
UNC_CHA_TOR_INSERTS.IPQ, 0x835
UNC_CHA_TOR_INSERTS.IRQ_IA, 0x135
UNC_CHA_TOR_INSERTS.IRQ_NON_IA, 0x1035
UNC_CHA_TOR_INSERTS.ISOC, 0x35
UNC_CHA_TOR_INSERTS.LOCAL_TGT, 0x35
UNC_CHA_TOR_INSERTS.LOC_ALL, 0xc000ff0535
UNC_CHA_TOR_INSERTS.LOC_IA, 0xc000ff0135
UNC_CHA_TOR_INSERTS.LOC_IO, 0xc000ff0435
UNC_CHA_TOR_INSERTS.MATCH_OPC, 0x35
UNC_CHA_TOR_INSERTS.MISS, 0x35
UNC_CHA_TOR_INSERTS.MMCFG, 0x35
UNC_CHA_TOR_INSERTS.MMIO, 0x35
UNC_CHA_TOR_INSERTS.NEARMEM, 0x35
UNC_CHA_TOR_INSERTS.NONCOH, 0x35
UNC_CHA_TOR_INSERTS.NOT_NEARMEM, 0x35
UNC_CHA_TOR_INSERTS.PMM, 0x35
UNC_CHA_TOR_INSERTS.PREMORPH_OPC, 0x35
UNC_CHA_TOR_INSERTS.PRQ_IOSF, 0x435
UNC_CHA_TOR_INSERTS.PRQ_NON_IOSF, 0x2035
UNC_CHA_TOR_INSERTS.REMOTE_TGT, 0x35
UNC_CHA_TOR_INSERTS.REM_ALL, 0xc001ffc835
UNC_CHA_TOR_INSERTS.REM_SNPS, 0xc001ff0835
UNC_CHA_TOR_INSERTS.RRQ, 0x4035
UNC_CHA_TOR_INSERTS.SNPS_FROM_REM, 0xc001ff0835
UNC_CHA_TOR_INSERTS.WBQ, 0x8035
UNC_CHA_TOR_OCCUPANCY.ALL, 0xc001ffff36
UNC_CHA_TOR_OCCUPANCY.DDR, 0x36
UNC_CHA_TOR_OCCUPANCY.EVICT, 0x236
UNC_CHA_TOR_OCCUPANCY.HIT, 0x36
UNC_CHA_TOR_OCCUPANCY.IA, 0xc001ff0136
UNC_CHA_TOR_OCCUPANCY.IA_CLFLUSH, 0xc8c7ff0136
UNC_CHA_TOR_OCCUPANCY.IA_CLFLUSHOPT, 0xc8d7ff0136
UNC_CHA_TOR_OCCUPANCY.IA_CRD, 0xc80fff0136
UNC_CHA_TOR_OCCUPANCY.IA_CRD_PREF, 0xc88fff0136
UNC_CHA_TOR_OCCUPANCY.IA_DRD, 0xc817ff0136
UNC_CHA_TOR_OCCUPANCY.IA_DRDPTE, 0xc837ff0136
UNC_CHA_TOR_OCCUPANCY.IA_DRD_OPT, 0xc827ff0136
UNC_CHA_TOR_OCCUPANCY.IA_DRD_OPT_PREF, 0xc8a7ff0136
UNC_CHA_TOR_OCCUPANCY.IA_DRD_PREF, 0xc897ff0136
UNC_CHA_TOR_OCCUPANCY.IA_HIT, 0xc001fd0136
UNC_CHA_TOR_OCCUPANCY.IA_HIT_CRD, 0xc80ffd0136
UNC_CHA_TOR_OCCUPANCY.IA_HIT_CRD_PREF, 0xc88ffd0136
UNC_CHA_TOR_OCCUPANCY.IA_HIT_CXL_ACC, 0x10c001810136
UNC_CHA_TOR_OCCUPANCY.IA_HIT_CXL_ACC_LOCAL, 0x10c000810136
UNC_CHA_TOR_OCCUPANCY.IA_HIT_DRD, 0xc817fd0136
UNC_CHA_TOR_OCCUPANCY.IA_HIT_DRDPTE, 0xc837fd0136
UNC_CHA_TOR_OCCUPANCY.IA_HIT_DRD_OPT, 0xc827fd0136
UNC_CHA_TOR_OCCUPANCY.IA_HIT_DRD_OPT_PREF, 0xc8a7fd0136
UNC_CHA_TOR_OCCUPANCY.IA_HIT_DRD_PREF, 0xc897fd0136
UNC_CHA_TOR_OCCUPANCY.IA_HIT_ITOM, 0xcc47fd0136
UNC_CHA_TOR_OCCUPANCY.IA_HIT_LLCPREFCODE, 0xcccffd0136
UNC_CHA_TOR_OCCUPANCY.IA_HIT_LLCPREFDATA, 0xccd7fd0136
UNC_CHA_TOR_OCCUPANCY.IA_HIT_LLCPREFRFO, 0xccc7fd0136
UNC_CHA_TOR_OCCUPANCY.IA_HIT_RFO, 0xc807fd0136
UNC_CHA_TOR_OCCUPANCY.IA_HIT_RFO_PREF, 0xc887fd0136
UNC_CHA_TOR_OCCUPANCY.IA_ITOM, 0xcc47ff0136
UNC_CHA_TOR_OCCUPANCY.IA_ITOMCACHENEAR, 0xcd47ff0136
UNC_CHA_TOR_OCCUPANCY.IA_LLCPREFCODE, 0xcccfff0136
UNC_CHA_TOR_OCCUPANCY.IA_LLCPREFDATA, 0xccd7ff0136
UNC_CHA_TOR_OCCUPANCY.IA_LLCPREFRFO, 0xccc7ff0136
UNC_CHA_TOR_OCCUPANCY.IA_MISS, 0xc001fe0136
UNC_CHA_TOR_OCCUPANCY.IA_MISS_CRD, 0xc80ffe0136
UNC_CHA_TOR_OCCUPANCY.IA_MISS_CRDMORPH_CXL_ACC, 0x10c80b820136
UNC_CHA_TOR_OCCUPANCY.IA_MISS_CRD_LOCAL, 0xc80efe0136
UNC_CHA_TOR_OCCUPANCY.IA_MISS_CRD_PREF, 0xc88ffe0136
UNC_CHA_TOR_OCCUPANCY.IA_MISS_CRD_PREF_LOCAL, 0xc88efe0136
UNC_CHA_TOR_OCCUPANCY.IA_MISS_CRD_PREF_REMOTE, 0xc88f7e0136
UNC_CHA_TOR_OCCUPANCY.IA_MISS_CRD_REMOTE, 0xc80f7e0136
UNC_CHA_TOR_OCCUPANCY.IA_MISS_CXL_ACC, 0x10c001820136
UNC_CHA_TOR_OCCUPANCY.IA_MISS_CXL_ACC_LOCAL, 0x10c000820136
UNC_CHA_TOR_OCCUPANCY.IA_MISS_DRD, 0xc817fe0136
UNC_CHA_TOR_OCCUPANCY.IA_MISS_DRDMORPH_CXL_ACC, 0x10c813820136
UNC_CHA_TOR_OCCUPANCY.IA_MISS_DRDPTE, 0xc837fe0136
UNC_CHA_TOR_OCCUPANCY.IA_MISS_DRD_CXL_ACC, 0x10c817820136
UNC_CHA_TOR_OCCUPANCY.IA_MISS_DRD_CXL_ACC_LOCAL, 0x10c816820136
UNC_CHA_TOR_OCCUPANCY.IA_MISS_DRD_DDR, 0xc817860136
UNC_CHA_TOR_OCCUPANCY.IA_MISS_DRD_LOCAL, 0xc816fe0136
UNC_CHA_TOR_OCCUPANCY.IA_MISS_DRD_LOCAL_DDR, 0xc816860136
UNC_CHA_TOR_OCCUPANCY.IA_MISS_DRD_LOCAL_PMM, 0xc8168a0136
UNC_CHA_TOR_OCCUPANCY.IA_MISS_DRD_OPT, 0xc827fe0136
UNC_CHA_TOR_OCCUPANCY.IA_MISS_DRD_OPT_CXL_ACC_LOCAL, 0x10c826820136
UNC_CHA_TOR_OCCUPANCY.IA_MISS_DRD_OPT_PREF, 0xc8a7fe0136
UNC_CHA_TOR_OCCUPANCY.IA_MISS_DRD_OPT_PREF_CXL_ACC_LOCAL, 0x10c8a6820136
UNC_CHA_TOR_OCCUPANCY.IA_MISS_DRD_PMM, 0xc8178a0136
UNC_CHA_TOR_OCCUPANCY.IA_MISS_DRD_PREF, 0xc897fe0136
UNC_CHA_TOR_OCCUPANCY.IA_MISS_DRD_PREF_CXL_ACC, 0x10c897820136
UNC_CHA_TOR_OCCUPANCY.IA_MISS_DRD_PREF_CXL_ACC_LOCAL, 0x10c896820136
UNC_CHA_TOR_OCCUPANCY.IA_MISS_DRD_PREF_DDR, 0xc897860136
UNC_CHA_TOR_OCCUPANCY.IA_MISS_DRD_PREF_LOCAL, 0xc896fe0136
UNC_CHA_TOR_OCCUPANCY.IA_MISS_DRD_PREF_LOCAL_DDR, 0xc896860136
UNC_CHA_TOR_OCCUPANCY.IA_MISS_DRD_PREF_LOCAL_PMM, 0xc8968a0136
UNC_CHA_TOR_OCCUPANCY.IA_MISS_DRD_PREF_PMM, 0xc8978a0136
UNC_CHA_TOR_OCCUPANCY.IA_MISS_DRD_PREF_REMOTE, 0xc8977e0136
UNC_CHA_TOR_OCCUPANCY.IA_MISS_DRD_PREF_REMOTE_DDR, 0xc897060136
UNC_CHA_TOR_OCCUPANCY.IA_MISS_DRD_PREF_REMOTE_PMM, 0xc8970a0136
UNC_CHA_TOR_OCCUPANCY.IA_MISS_DRD_REMOTE, 0xc8177e0136
UNC_CHA_TOR_OCCUPANCY.IA_MISS_DRD_REMOTE_DDR, 0xc817060136
UNC_CHA_TOR_OCCUPANCY.IA_MISS_DRD_REMOTE_PMM, 0xc8170a0136
UNC_CHA_TOR_OCCUPANCY.IA_MISS_ITOM, 0xcc47fe0136
UNC_CHA_TOR_OCCUPANCY.IA_MISS_LLCPREFCODE, 0xcccffe0136
UNC_CHA_TOR_OCCUPANCY.IA_MISS_LLCPREFCODE_CXL_ACC, 0x10cccf820136
UNC_CHA_TOR_OCCUPANCY.IA_MISS_LLCPREFDATA, 0xccd7fe0136
UNC_CHA_TOR_OCCUPANCY.IA_MISS_LLCPREFDATA_CXL_ACC, 0x10ccd7820136
UNC_CHA_TOR_OCCUPANCY.IA_MISS_LLCPREFDATA_CXL_ACC_LOCAL, 0x10ccd6820136
UNC_CHA_TOR_OCCUPANCY.IA_MISS_LLCPREFRFO, 0xccc7fe0136
UNC_CHA_TOR_OCCUPANCY.IA_MISS_LLCPREFRFO_CXL_ACC, 0x10c887820136
UNC_CHA_TOR_OCCUPANCY.IA_MISS_LLCPREFRFO_CXL_ACC_LOCAL, 0x10c886820136
UNC_CHA_TOR_OCCUPANCY.IA_MISS_LOCAL_WCILF_DDR, 0xc866860136
UNC_CHA_TOR_OCCUPANCY.IA_MISS_LOCAL_WCILF_PMM, 0xc8668a0136
UNC_CHA_TOR_OCCUPANCY.IA_MISS_LOCAL_WCIL_DDR, 0xc86e860136
UNC_CHA_TOR_OCCUPANCY.IA_MISS_LOCAL_WCIL_PMM, 0xc86e8a0136
UNC_CHA_TOR_OCCUPANCY.IA_MISS_REMOTE_WCILF_DDR, 0xc867060136
UNC_CHA_TOR_OCCUPANCY.IA_MISS_REMOTE_WCILF_PMM, 0xc8670a0136
UNC_CHA_TOR_OCCUPANCY.IA_MISS_REMOTE_WCIL_DDR, 0xc86f060136
UNC_CHA_TOR_OCCUPANCY.IA_MISS_REMOTE_WCIL_PMM, 0xc86f0a0136
UNC_CHA_TOR_OCCUPANCY.IA_MISS_RFO, 0xc807fe0136
UNC_CHA_TOR_OCCUPANCY.IA_MISS_RFOMORPH_CXL_ACC, 0x10c803820136
UNC_CHA_TOR_OCCUPANCY.IA_MISS_RFO_CXL_ACC, 0x10c807820136
UNC_CHA_TOR_OCCUPANCY.IA_MISS_RFO_CXL_ACC_LOCAL, 0x10c806820136
UNC_CHA_TOR_OCCUPANCY.IA_MISS_RFO_LOCAL, 0xc806fe0136
UNC_CHA_TOR_OCCUPANCY.IA_MISS_RFO_PREF, 0xc887fe0136
UNC_CHA_TOR_OCCUPANCY.IA_MISS_RFO_PREF_CXL_ACC, 0x10ccc7820136
UNC_CHA_TOR_OCCUPANCY.IA_MISS_RFO_PREF_CXL_ACC_LOCAL, 0x10ccc6820136
UNC_CHA_TOR_OCCUPANCY.IA_MISS_RFO_PREF_LOCAL, 0xc886fe0136
UNC_CHA_TOR_OCCUPANCY.IA_MISS_RFO_PREF_REMOTE, 0xc8877e0136
UNC_CHA_TOR_OCCUPANCY.IA_MISS_RFO_REMOTE, 0xc8077e0136
UNC_CHA_TOR_OCCUPANCY.IA_MISS_UCRDF, 0xc877de0136
UNC_CHA_TOR_OCCUPANCY.IA_MISS_WCIL, 0xc86ffe0136
UNC_CHA_TOR_OCCUPANCY.IA_MISS_WCILF, 0xc867fe0136
UNC_CHA_TOR_OCCUPANCY.IA_MISS_WCILF_DDR, 0xc867860136
UNC_CHA_TOR_OCCUPANCY.IA_MISS_WCILF_PMM, 0xc8678a0136
UNC_CHA_TOR_OCCUPANCY.IA_MISS_WCIL_DDR, 0xc86f860136
UNC_CHA_TOR_OCCUPANCY.IA_MISS_WCIL_PMM, 0xc86f8a0136
UNC_CHA_TOR_OCCUPANCY.IA_MISS_WIL, 0xc87fde0136
UNC_CHA_TOR_OCCUPANCY.IA_RFO, 0xc807ff0136
UNC_CHA_TOR_OCCUPANCY.IA_RFO_PREF, 0xc887ff0136
UNC_CHA_TOR_OCCUPANCY.IA_SPECITOM, 0xcc57ff0136
UNC_CHA_TOR_OCCUPANCY.IA_WBMTOI, 0xcc27ff0136
UNC_CHA_TOR_OCCUPANCY.IA_WCIL, 0xc86fff0136
UNC_CHA_TOR_OCCUPANCY.IA_WCILF, 0xc867ff0136
UNC_CHA_TOR_OCCUPANCY.IO, 0xc001ff0436
UNC_CHA_TOR_OCCUPANCY.IO_CLFLUSH, 0xc8c3ff0436
UNC_CHA_TOR_OCCUPANCY.IO_HIT, 0xc001fd0436
UNC_CHA_TOR_OCCUPANCY.IO_HIT_ITOM, 0xcc43fd0436
UNC_CHA_TOR_OCCUPANCY.IO_HIT_ITOMCACHENEAR, 0xcd43fd0436
UNC_CHA_TOR_OCCUPANCY.IO_HIT_PCIRDCUR, 0xc8f3fd0436
UNC_CHA_TOR_OCCUPANCY.IO_HIT_RFO, 0xc803fd0436
UNC_CHA_TOR_OCCUPANCY.IO_ITOM, 0xcc43ff0436
UNC_CHA_TOR_OCCUPANCY.IO_ITOMCACHENEAR, 0xcd43ff0436
UNC_CHA_TOR_OCCUPANCY.IO_MISS, 0xc001fe0436
UNC_CHA_TOR_OCCUPANCY.IO_MISS_ITOM, 0xcc43fe0436
UNC_CHA_TOR_OCCUPANCY.IO_MISS_ITOMCACHENEAR, 0xcd43fe0436
UNC_CHA_TOR_OCCUPANCY.IO_MISS_ITOMCACHENEAR_LOCAL, 0xcd42fe0436
UNC_CHA_TOR_OCCUPANCY.IO_MISS_ITOMCACHENEAR_REMOTE, 0xcd437e0436
UNC_CHA_TOR_OCCUPANCY.IO_MISS_ITOM_LOCAL, 0xcc42fe0436
UNC_CHA_TOR_OCCUPANCY.IO_MISS_ITOM_REMOTE, 0xcc437e0436
UNC_CHA_TOR_OCCUPANCY.IO_MISS_PCIRDCUR, 0xc8f3fe0436
UNC_CHA_TOR_OCCUPANCY.IO_MISS_PCIRDCUR_LOCAL, 0xc8f2fe0436
UNC_CHA_TOR_OCCUPANCY.IO_MISS_PCIRDCUR_REMOTE, 0xc8f37e0436
UNC_CHA_TOR_OCCUPANCY.IO_MISS_RFO, 0xc803fe0436
UNC_CHA_TOR_OCCUPANCY.IO_PCIRDCUR, 0xc8f3ff0436
UNC_CHA_TOR_OCCUPANCY.IO_RFO, 0xc803ff0436
UNC_CHA_TOR_OCCUPANCY.IO_WBMTOI, 0xcc23ff0436
UNC_CHA_TOR_OCCUPANCY.IPQ, 0x836
UNC_CHA_TOR_OCCUPANCY.IRQ_IA, 0x136
UNC_CHA_TOR_OCCUPANCY.IRQ_NON_IA, 0x1036
UNC_CHA_TOR_OCCUPANCY.ISOC, 0x36
UNC_CHA_TOR_OCCUPANCY.LOCAL_TGT, 0x36
UNC_CHA_TOR_OCCUPANCY.LOC_ALL, 0xc000ff0536
UNC_CHA_TOR_OCCUPANCY.LOC_IA, 0xc000ff0136
UNC_CHA_TOR_OCCUPANCY.LOC_IO, 0xc000ff0436
UNC_CHA_TOR_OCCUPANCY.MATCH_OPC, 0x36
UNC_CHA_TOR_OCCUPANCY.MISS, 0x36
UNC_CHA_TOR_OCCUPANCY.MMCFG, 0x36
UNC_CHA_TOR_OCCUPANCY.MMIO, 0x36
UNC_CHA_TOR_OCCUPANCY.NEARMEM, 0x36
UNC_CHA_TOR_OCCUPANCY.NONCOH, 0x36
UNC_CHA_TOR_OCCUPANCY.NOT_NEARMEM, 0x36
UNC_CHA_TOR_OCCUPANCY.PMM, 0x36
UNC_CHA_TOR_OCCUPANCY.PREMORPH_OPC, 0x36
UNC_CHA_TOR_OCCUPANCY.PRQ, 0x436
UNC_CHA_TOR_OCCUPANCY.PRQ_NON_IOSF, 0x2036
UNC_CHA_TOR_OCCUPANCY.REMOTE_TGT, 0x36
UNC_CHA_TOR_OCCUPANCY.REM_ALL, 0xc001ffc836
UNC_CHA_TOR_OCCUPANCY.REM_SNPS, 0xc001ff0836
UNC_CHA_TOR_OCCUPANCY.RRQ, 0x4036
UNC_CHA_TOR_OCCUPANCY.SNPS_FROM_REM, 0xc001ff0836
UNC_CHA_TOR_OCCUPANCY.WBQ, 0x8036
UNC_CHA_WB_PUSH_MTOI.LLC, 0x156
UNC_CHA_WB_PUSH_MTOI.MEM, 0x256
UNC_CHA_WRITE_NO_CREDITS.MC0, 0x15a
UNC_CHA_WRITE_NO_CREDITS.MC1, 0x25a
UNC_CHA_WRITE_NO_CREDITS.MC2, 0x45a
UNC_CHA_WRITE_NO_CREDITS.MC3, 0x85a
UNC_CHA_WRITE_NO_CREDITS.MC4, 0x105a
UNC_CHA_WRITE_NO_CREDITS.MC5, 0x205a
UNC_CHA_XPT_PREF.DROP0_CONFLICT, 0x86f
UNC_CHA_XPT_PREF.DROP0_NOCRD, 0x46f
UNC_CHA_XPT_PREF.DROP1_CONFLICT, 0x806f
UNC_CHA_XPT_PREF.DROP1_NOCRD, 0x406f
UNC_CHA_XPT_PREF.SENT0, 0x16f
UNC_CHA_XPT_PREF.SENT1, 0x106f
ASSISTS.PAGE_FAULT, 0x8c1
XQ.FULL_CYCLES, 0x12d
BACLEARS.ANY, 0x160
DECODE.LCP, 0x187
DECODE.MS_BUSY, 0x287
DSB2MITE_SWITCHES.PENALTY_CYCLES, 0x261
FRONTEND_RETIRED.ANY_DSB_MISS, 0x1c6
FRONTEND_RETIRED.DSB_MISS, 0x1c6
FRONTEND_RETIRED.ITLB_MISS, 0x1c6
FRONTEND_RETIRED.L1I_MISS, 0x1c6
FRONTEND_RETIRED.L2_MISS, 0x1c6
FRONTEND_RETIRED.LATENCY_GE_1, 0x1c6
FRONTEND_RETIRED.LATENCY_GE_128, 0x1c6
FRONTEND_RETIRED.LATENCY_GE_16, 0x1c6
FRONTEND_RETIRED.LATENCY_GE_2, 0x1c6
FRONTEND_RETIRED.LATENCY_GE_256, 0x1c6
FRONTEND_RETIRED.LATENCY_GE_2_BUBBLES_GE_1, 0x1c6
FRONTEND_RETIRED.LATENCY_GE_32, 0x1c6
FRONTEND_RETIRED.LATENCY_GE_4, 0x1c6
FRONTEND_RETIRED.LATENCY_GE_512, 0x1c6
FRONTEND_RETIRED.LATENCY_GE_64, 0x1c6
FRONTEND_RETIRED.LATENCY_GE_8, 0x1c6
FRONTEND_RETIRED.MS_FLOWS, 0x1c6
FRONTEND_RETIRED.STLB_MISS, 0x1c6
FRONTEND_RETIRED.UNKNOWN_BRANCH, 0x1c6
ICACHE_DATA.STALLS, 0x480
ICACHE_DATA.STALL_PERIODS, 0x480
ICACHE_TAG.STALLS, 0x483
IDQ.DSB_CYCLES_ANY, 0x879
IDQ.DSB_CYCLES_OK, 0x879
IDQ.DSB_UOPS, 0x879
IDQ.MITE_CYCLES_ANY, 0x479
IDQ.MITE_CYCLES_OK, 0x479
IDQ.MITE_UOPS, 0x479
IDQ.MS_CYCLES_ANY, 0x2079
IDQ.MS_SWITCHES, 0x2079
IDQ.MS_UOPS, 0x2079
IDQ_BUBBLES.CORE, 0x19c
IDQ_BUBBLES.CYCLES_0_UOPS_DELIV.CORE, 0x19c
IDQ_BUBBLES.CYCLES_FE_WAS_OK, 0x19c
IDQ_UOPS_NOT_DELIVERED.CORE, 0x19c
IDQ_UOPS_NOT_DELIVERED.CYCLES_0_UOPS_DELIV.CORE, 0x19c
IDQ_UOPS_NOT_DELIVERED.CYCLES_FE_WAS_OK, 0x19c
UNC_I_CACHE_TOTAL_OCCUPANCY.MEM, 0x40f
UNC_I_CLOCKTICKS, 0x1
UNC_I_FAF_FULL, 0x17
UNC_I_FAF_INSERTS, 0x18
UNC_I_FAF_OCCUPANCY, 0x19
UNC_I_FAF_TRANSACTIONS, 0x16
UNC_I_IRP_ALL.EVICTS, 0x420
UNC_I_IRP_ALL.INBOUND_INSERTS, 0x120
UNC_I_IRP_ALL.OUTBOUND_INSERTS, 0x220
UNC_I_MISC0.2ND_ATOMIC_INSERT, 0x101e
UNC_I_MISC0.2ND_RD_INSERT, 0x41e
UNC_I_MISC0.2ND_WR_INSERT, 0x81e
UNC_I_MISC0.FAST_REJ, 0x21e
UNC_I_MISC0.FAST_REQ, 0x11e
UNC_I_MISC0.FAST_XFER, 0x201e
UNC_I_MISC0.PF_ACK_HINT, 0x401e
UNC_I_MISC0.SLOWPATH_FWPF_NO_PRF, 0x801e
UNC_I_MISC1.LOST_FWD, 0x101f
UNC_I_MISC1.SEC_RCVD_INVLD, 0x201f
UNC_I_MISC1.SEC_RCVD_VLD, 0x401f
UNC_I_MISC1.SLOW_E, 0x41f
UNC_I_MISC1.SLOW_I, 0x11f
UNC_I_MISC1.SLOW_M, 0x81f
UNC_I_MISC1.SLOW_S, 0x21f
UNC_I_SNOOP_RESP.ALL_HIT, 0x7e12
UNC_I_SNOOP_RESP.ALL_HIT_ES, 0x7412
UNC_I_SNOOP_RESP.ALL_HIT_I, 0x7212
UNC_I_SNOOP_RESP.ALL_HIT_M, 0x7812
UNC_I_SNOOP_RESP.ALL_MISS, 0x7112
UNC_I_SNOOP_RESP.HIT_ES, 0x412
UNC_I_SNOOP_RESP.HIT_I, 0x212
UNC_I_SNOOP_RESP.HIT_M, 0x812
UNC_I_SNOOP_RESP.MISS, 0x112
UNC_I_SNOOP_RESP.SNPCODE, 0x1012
UNC_I_SNOOP_RESP.SNPDATA, 0x2012
UNC_I_SNOOP_RESP.SNPINV, 0x4012
UNC_I_TRANSACTIONS.WR_PREF, 0x811
UNC_I_TxC_AK_INSERTS, 0xb
UNC_I_TxC_BL_DRS_CYCLES_FULL, 0x5
UNC_I_TxC_BL_DRS_INSERTS, 0x2
UNC_I_TxC_BL_DRS_OCCUPANCY, 0x8
UNC_I_TxC_BL_NCB_CYCLES_FULL, 0x6
UNC_I_TxC_BL_NCB_INSERTS, 0x3
UNC_I_TxC_BL_NCB_OCCUPANCY, 0x9
UNC_I_TxC_BL_NCS_CYCLES_FULL, 0x7
UNC_I_TxC_BL_NCS_INSERTS, 0x4
UNC_I_TxC_BL_NCS_OCCUPANCY, 0xa
UNC_I_TxR2_AD01_STALL_CREDIT_CYCLES, 0x1c
UNC_I_TxR2_AD0_STALL_CREDIT_CYCLES, 0x1a
UNC_I_TxR2_AD1_STALL_CREDIT_CYCLES, 0x1b
UNC_I_TxR2_BL_STALL_CREDIT_CYCLES, 0x1d
UNC_I_TxS_DATA_INSERTS_NCB, 0xd
UNC_I_TxS_DATA_INSERTS_NCS, 0xe
UNC_I_TxS_REQUEST_OCCUPANCY, 0xc
UNC_M2M_CLOCKTICKS, 0x1
UNC_M2M_CMS_CLOCKTICKS, 0xc0
UNC_M2M_DIRECT2CORE_NOT_TAKEN_DIRSTATE, 0x717
UNC_M2M_DIRECT2CORE_NOT_TAKEN_DIRSTATE.NON_CISGRESS, 0x217
UNC_M2M_DIRECT2CORE_NOT_TAKEN_NOTFORKED, 0x4a
UNC_M2M_DIRECT2CORE_TXN_OVERRIDE, 0x318
UNC_M2M_DIRECT2CORE_TXN_OVERRIDE.CISGRESS, 0x218
UNC_M2M_DIRECT2CORE_TXN_OVERRIDE.PMM_HIT, 0x118
UNC_M2M_DIRECT2UPITXN_OVERRIDE.PMM_HIT, 0x11c
UNC_M2M_DIRECT2UPI_NOT_TAKEN_CREDITS, 0x71b
UNC_M2M_DIRECT2UPI_NOT_TAKEN_DIRSTATE, 0x71a
UNC_M2M_DIRECT2UPI_NOT_TAKEN_DIRSTATE.CISGRESS, 0x41a
UNC_M2M_DIRECT2UPI_NOT_TAKEN_DIRSTATE.EGRESS, 0x11a
UNC_M2M_DIRECT2UPI_NOT_TAKEN_DIRSTATE.NON_CISGRESS, 0x21a
UNC_M2M_DIRECT2UPI_TAKEN, 0x719
UNC_M2M_DIRECT2UPI_TXN_OVERRIDE, 0x31c
UNC_M2M_DIRECT2UPI_TXN_OVERRIDE.CISGRESS, 0x21c
UNC_M2M_DIRECTORY_HIT.CLEAN_A, 0x801d
UNC_M2M_DIRECTORY_HIT.CLEAN_I, 0x101d
UNC_M2M_DIRECTORY_HIT.CLEAN_P, 0x401d
UNC_M2M_DIRECTORY_HIT.CLEAN_S, 0x201d
UNC_M2M_DIRECTORY_HIT.DIRTY_A, 0x81d
UNC_M2M_DIRECTORY_HIT.DIRTY_I, 0x11d
UNC_M2M_DIRECTORY_HIT.DIRTY_P, 0x41d
UNC_M2M_DIRECTORY_HIT.DIRTY_S, 0x21d
UNC_M2M_DIRECTORY_LOOKUP.ANY, 0x120
UNC_M2M_DIRECTORY_LOOKUP.STATE_A, 0x820
UNC_M2M_DIRECTORY_LOOKUP.STATE_I, 0x220
UNC_M2M_DIRECTORY_LOOKUP.STATE_S, 0x420
UNC_M2M_DIRECTORY_MISS.CLEAN_A, 0x801e
UNC_M2M_DIRECTORY_MISS.CLEAN_I, 0x101e
UNC_M2M_DIRECTORY_MISS.CLEAN_P, 0x401e
UNC_M2M_DIRECTORY_MISS.CLEAN_S, 0x201e
UNC_M2M_DIRECTORY_MISS.DIRTY_A, 0x81e
UNC_M2M_DIRECTORY_MISS.DIRTY_I, 0x11e
UNC_M2M_DIRECTORY_MISS.DIRTY_P, 0x41e
UNC_M2M_DIRECTORY_MISS.DIRTY_S, 0x21e
UNC_M2M_DIRECTORY_UPDATE.A2I, 0x32021
UNC_M2M_DIRECTORY_UPDATE.A2S, 0x34021
UNC_M2M_DIRECTORY_UPDATE.ANY, 0x30121
UNC_M2M_DIRECTORY_UPDATE.A_TO_I_HIT_NON_PMM, 0x12021
UNC_M2M_DIRECTORY_UPDATE.A_TO_I_MISS_NON_PMM, 0x22021
UNC_M2M_DIRECTORY_UPDATE.A_TO_S_HIT_NON_PMM, 0x14021
UNC_M2M_DIRECTORY_UPDATE.A_TO_S_MISS_NON_PMM, 0x24021
UNC_M2M_DIRECTORY_UPDATE.HIT_NON_PMM, 0x10121
UNC_M2M_DIRECTORY_UPDATE.I2A, 0x30421
UNC_M2M_DIRECTORY_UPDATE.I2S, 0x30221
UNC_M2M_DIRECTORY_UPDATE.I_TO_A_HIT_NON_PMM, 0x10421
UNC_M2M_DIRECTORY_UPDATE.I_TO_A_MISS_NON_PMM, 0x20421
UNC_M2M_DIRECTORY_UPDATE.I_TO_S_HIT_NON_PMM, 0x10221
UNC_M2M_DIRECTORY_UPDATE.I_TO_S_MISS_NON_PMM, 0x20221
UNC_M2M_DIRECTORY_UPDATE.MISS_NON_PMM, 0x20121
UNC_M2M_DIRECTORY_UPDATE.S2A, 0x31021
UNC_M2M_DIRECTORY_UPDATE.S2I, 0x30821
UNC_M2M_DIRECTORY_UPDATE.S_TO_A_HIT_NON_PMM, 0x11021
UNC_M2M_DIRECTORY_UPDATE.S_TO_A_MISS_NON_PMM, 0x21021
UNC_M2M_DIRECTORY_UPDATE.S_TO_I_HIT_NON_PMM, 0x10821
UNC_M2M_DIRECTORY_UPDATE.S_TO_I_MISS_NON_PMM, 0x20821
UNC_M2M_EGRESS_ORDERING.IV_SNOOPGO_DN, 0x80000004ba
UNC_M2M_EGRESS_ORDERING.IV_SNOOPGO_UP, 0x80000001ba
UNC_M2M_IGR_STARVE_WINNER.MASK7, 0x8044
UNC_M2M_IMC_READS.ALL, 0x30424
UNC_M2M_IMC_READS.CH0.TO_NM1LM, 0x10824
UNC_M2M_IMC_READS.CH0.TO_NMCache, 0x11024
UNC_M2M_IMC_READS.CH0_ALL, 0x10424
UNC_M2M_IMC_READS.CH0_FROM_TGR, 0x14024
UNC_M2M_IMC_READS.CH0_ISOCH, 0x10224
UNC_M2M_IMC_READS.CH0_NORMAL, 0x10124
UNC_M2M_IMC_READS.CH0_TO_DDR_AS_CACHE, 0x11024
UNC_M2M_IMC_READS.CH0_TO_DDR_AS_MEM, 0x10824
UNC_M2M_IMC_READS.CH0_TO_PMM, 0x12024
UNC_M2M_IMC_READS.CH1.TO_NM1LM, 0x20824
UNC_M2M_IMC_READS.CH1.TO_NMCache, 0x21024
UNC_M2M_IMC_READS.CH1_ALL, 0x20424
UNC_M2M_IMC_READS.CH1_FROM_TGR, 0x24024
UNC_M2M_IMC_READS.CH1_ISOCH, 0x20224
UNC_M2M_IMC_READS.CH1_NORMAL, 0x20124
UNC_M2M_IMC_READS.CH1_TO_DDR_AS_CACHE, 0x21024
UNC_M2M_IMC_READS.CH1_TO_DDR_AS_MEM, 0x20824
UNC_M2M_IMC_READS.CH1_TO_PMM, 0x22024
UNC_M2M_IMC_READS.FROM_TGR, 0x34024
UNC_M2M_IMC_READS.ISOCH, 0x30224
UNC_M2M_IMC_READS.NORMAL, 0x30124
UNC_M2M_IMC_READS.TO_DDR_AS_CACHE, 0x31024
UNC_M2M_IMC_READS.TO_DDR_AS_MEM, 0x30824
UNC_M2M_IMC_READS.TO_NM1LM, 0x30824
UNC_M2M_IMC_READS.TO_NMCACHE, 0x31024
UNC_M2M_IMC_READS.TO_PMM, 0x32024
UNC_M2M_IMC_WRITES.ALL, 0x181025
UNC_M2M_IMC_WRITES.CH0.NI, 0x25
UNC_M2M_IMC_WRITES.CH0_ALL, 0x81025
UNC_M2M_IMC_WRITES.CH0_FROM_TGR, 0x25
UNC_M2M_IMC_WRITES.CH0_FULL, 0x80125
UNC_M2M_IMC_WRITES.CH0_FULL_ISOCH, 0x80425
UNC_M2M_IMC_WRITES.CH0_NI, 0x25
UNC_M2M_IMC_WRITES.CH0_NI_MISS, 0x25
UNC_M2M_IMC_WRITES.CH0_PARTIAL, 0x80225
UNC_M2M_IMC_WRITES.CH0_PARTIAL_ISOCH, 0x80825
UNC_M2M_IMC_WRITES.CH0_TO_DDR_AS_CACHE, 0x84025
UNC_M2M_IMC_WRITES.CH0_TO_DDR_AS_MEM, 0x82025
UNC_M2M_IMC_WRITES.CH0_TO_PMM, 0x88025
UNC_M2M_IMC_WRITES.CH1.NI, 0x25
UNC_M2M_IMC_WRITES.CH1_ALL, 0x101025
UNC_M2M_IMC_WRITES.CH1_FROM_TGR, 0x25
UNC_M2M_IMC_WRITES.CH1_FULL, 0x100125
UNC_M2M_IMC_WRITES.CH1_FULL_ISOCH, 0x100425
UNC_M2M_IMC_WRITES.CH1_NI, 0x25
UNC_M2M_IMC_WRITES.CH1_NI_MISS, 0x25
UNC_M2M_IMC_WRITES.CH1_PARTIAL, 0x100225
UNC_M2M_IMC_WRITES.CH1_PARTIAL_ISOCH, 0x100825
UNC_M2M_IMC_WRITES.CH1_TO_DDR_AS_CACHE, 0x104025
UNC_M2M_IMC_WRITES.CH1_TO_DDR_AS_MEM, 0x102025
UNC_M2M_IMC_WRITES.CH1_TO_PMM, 0x108025
UNC_M2M_IMC_WRITES.FROM_TGR, 0x25
UNC_M2M_IMC_WRITES.FULL, 0x180125
UNC_M2M_IMC_WRITES.FULL_ISOCH, 0x180425
UNC_M2M_IMC_WRITES.NI, 0x25
UNC_M2M_IMC_WRITES.NI_MISS, 0x25
UNC_M2M_IMC_WRITES.PARTIAL, 0x180225
UNC_M2M_IMC_WRITES.PARTIAL_ISOCH, 0x180825
UNC_M2M_IMC_WRITES.TO_DDR_AS_CACHE, 0x184025
UNC_M2M_IMC_WRITES.TO_DDR_AS_MEM, 0x182025
UNC_M2M_IMC_WRITES.TO_PMM, 0x188025
UNC_M2M_PREFCAM_CIS_DROPS, 0x5c
UNC_M2M_PREFCAM_DEMAND_DROPS.CH0_UPI, 0x258
UNC_M2M_PREFCAM_DEMAND_DROPS.CH0_XPT, 0x158
UNC_M2M_PREFCAM_DEMAND_DROPS.CH1_UPI, 0x858
UNC_M2M_PREFCAM_DEMAND_DROPS.CH1_XPT, 0x458
UNC_M2M_PREFCAM_DEMAND_DROPS.UPI_ALLCH, 0xa58
UNC_M2M_PREFCAM_DEMAND_DROPS.XPT_ALLCH, 0x558
UNC_M2M_PREFCAM_DEMAND_MERGE.UPI_ALLCH, 0xa5d
UNC_M2M_PREFCAM_DEMAND_MERGE.XPT_ALLCH, 0x55d
UNC_M2M_PREFCAM_DEMAND_NO_MERGE.RD_MERGED, 0x405e
UNC_M2M_PREFCAM_DEMAND_NO_MERGE.WR_MERGED, 0x205e
UNC_M2M_PREFCAM_DEMAND_NO_MERGE.WR_SQUASHED, 0x105e
UNC_M2M_PREFCAM_INSERTS.CH0_UPI, 0x256
UNC_M2M_PREFCAM_INSERTS.CH0_XPT, 0x156
UNC_M2M_PREFCAM_INSERTS.CH1_UPI, 0x856
UNC_M2M_PREFCAM_INSERTS.CH1_XPT, 0x456
UNC_M2M_PREFCAM_INSERTS.UPI_ALLCH, 0xa56
UNC_M2M_PREFCAM_INSERTS.XPT_ALLCH, 0x556
UNC_M2M_PREFCAM_OCCUPANCY.ALLCH, 0x354
UNC_M2M_PREFCAM_OCCUPANCY.CH0, 0x154
UNC_M2M_PREFCAM_OCCUPANCY.CH1, 0x254
UNC_M2M_PREFCAM_RESP_MISS.ALLCH, 0x35f
UNC_M2M_PREFCAM_RESP_MISS.CH0, 0x15f
UNC_M2M_PREFCAM_RESP_MISS.CH1, 0x25f
UNC_M2M_PREFCAM_RxC_DEALLOCS.1LM_POSTED, 0x262
UNC_M2M_PREFCAM_RxC_DEALLOCS.CIS, 0x862
UNC_M2M_PREFCAM_RxC_DEALLOCS.PMM_MEMMODE_ACCEPT, 0x462
UNC_M2M_PREFCAM_RxC_DEALLOCS.SQUASHED, 0x162
UNC_M2M_PREFCAM_RxC_OCCUPANCY, 0x60
UNC_M2M_RxC_AD_INSERTS, 0x102
UNC_M2M_RxC_AD_OCCUPANCY, 0x3
UNC_M2M_TAG_HIT.NM_RD_HIT_CLEAN, 0x11f
UNC_M2M_TAG_HIT.NM_RD_HIT_DIRTY, 0x21f
UNC_M2M_TAG_HIT.NM_UFILL_HIT_CLEAN, 0x41f
UNC_M2M_TAG_HIT.NM_UFILL_HIT_DIRTY, 0x81f
UNC_M2M_TAG_MISS, 0x34b
UNC_M2M_TGR_AD_CREDITS, 0x2e
UNC_M2M_TGR_BL_CREDITS, 0x2f
UNC_M2M_TRACKER_INSERTS.CH0, 0x10432
UNC_M2M_TRACKER_INSERTS.CH1, 0x20432
UNC_M2M_TRACKER_OCCUPANCY.CH0, 0x133
UNC_M2M_TRACKER_OCCUPANCY.CH1, 0x233
UNC_M2M_WPQ_FLUSH.CH0, 0x142
UNC_M2M_WPQ_FLUSH.CH1, 0x242
UNC_M2M_WPQ_NO_REG_CRD.CHN0, 0x137
UNC_M2M_WPQ_NO_REG_CRD.CHN1, 0x237
UNC_M2M_WPQ_NO_SPEC_CRD.CHN0, 0x138
UNC_M2M_WPQ_NO_SPEC_CRD.CHN1, 0x238
UNC_M2M_WR_TRACKER_INSERTS.CH0, 0x140
UNC_M2M_WR_TRACKER_INSERTS.CH1, 0x240
UNC_M2M_WR_TRACKER_NE.CH0, 0x135
UNC_M2M_WR_TRACKER_NE.CH1, 0x235
UNC_M2M_WR_TRACKER_NE.MIRR, 0x435
UNC_M2M_WR_TRACKER_NE.MIRR_NONTGR, 0x835
UNC_M2M_WR_TRACKER_NE.MIRR_PWR, 0x1035
UNC_M2M_WR_TRACKER_NONPOSTED_INSERTS.CH0, 0x14d
UNC_M2M_WR_TRACKER_NONPOSTED_INSERTS.CH1, 0x24d
UNC_M2M_WR_TRACKER_NONPOSTED_OCCUPANCY.CH0, 0x14c
UNC_M2M_WR_TRACKER_NONPOSTED_OCCUPANCY.CH1, 0x24c
UNC_M2M_WR_TRACKER_POSTED_INSERTS.CH0, 0x148
UNC_M2M_WR_TRACKER_POSTED_INSERTS.CH1, 0x248
UNC_M2M_WR_TRACKER_POSTED_OCCUPANCY.CH0, 0x147
UNC_M2M_WR_TRACKER_POSTED_OCCUPANCY.CH1, 0x247
UNC_M3UPI_CHA_AD_CREDITS_EMPTY.REQ, 0x422
UNC_M3UPI_CHA_AD_CREDITS_EMPTY.SNP, 0x822
UNC_M3UPI_CHA_AD_CREDITS_EMPTY.VNA, 0x122
UNC_M3UPI_CHA_AD_CREDITS_EMPTY.WB, 0x222
UNC_M3UPI_CLOCKTICKS, 0x1
UNC_M3UPI_CMS_CLOCKTICKS, 0xc0
UNC_M3UPI_D2C_SENT, 0x2b
UNC_M3UPI_D2U_SENT, 0x2a
UNC_M3UPI_EGRESS_ORDERING.IV_SNOOPGO_DN, 0x4ba
UNC_M3UPI_EGRESS_ORDERING.IV_SNOOPGO_UP, 0x1ba
UNC_M3UPI_M2_BL_CREDITS_EMPTY.IIO1_NCB, 0x123
UNC_M3UPI_M2_BL_CREDITS_EMPTY.IIO2_NCB, 0x223
UNC_M3UPI_M2_BL_CREDITS_EMPTY.IIO3_NCB, 0x423
UNC_M3UPI_M2_BL_CREDITS_EMPTY.IIO4_NCB, 0x823
UNC_M3UPI_M2_BL_CREDITS_EMPTY.IIO5_NCB, 0x1023
UNC_M3UPI_M2_BL_CREDITS_EMPTY.NCS, 0x4023
UNC_M3UPI_M2_BL_CREDITS_EMPTY.NCS_SEL, 0x8023
UNC_M3UPI_M2_BL_CREDITS_EMPTY.UBOX_NCB, 0x2023
UNC_M3UPI_MULTI_SLOT_RCVD.AD_SLOT0, 0x13e
UNC_M3UPI_MULTI_SLOT_RCVD.AD_SLOT1, 0x23e
UNC_M3UPI_MULTI_SLOT_RCVD.AD_SLOT2, 0x43e
UNC_M3UPI_MULTI_SLOT_RCVD.AK_SLOT0, 0x103e
UNC_M3UPI_MULTI_SLOT_RCVD.AK_SLOT2, 0x203e
UNC_M3UPI_MULTI_SLOT_RCVD.BL_SLOT0, 0x83e
UNC_M3UPI_RxC_ARB_LOST_VN0.AD_REQ, 0x14b
UNC_M3UPI_RxC_ARB_LOST_VN0.AD_RSP, 0x44b
UNC_M3UPI_RxC_ARB_LOST_VN0.AD_SNP, 0x24b
UNC_M3UPI_RxC_ARB_LOST_VN0.BL_NCB, 0x204b
UNC_M3UPI_RxC_ARB_LOST_VN0.BL_NCS, 0x404b
UNC_M3UPI_RxC_ARB_LOST_VN0.BL_RSP, 0x84b
UNC_M3UPI_RxC_ARB_LOST_VN0.BL_WB, 0x104b
UNC_M3UPI_RxC_ARB_LOST_VN1.AD_REQ, 0x14c
UNC_M3UPI_RxC_ARB_LOST_VN1.AD_RSP, 0x44c
UNC_M3UPI_RxC_ARB_LOST_VN1.AD_SNP, 0x24c
UNC_M3UPI_RxC_ARB_LOST_VN1.BL_NCB, 0x204c
UNC_M3UPI_RxC_ARB_LOST_VN1.BL_NCS, 0x404c
UNC_M3UPI_RxC_ARB_LOST_VN1.BL_RSP, 0x84c
UNC_M3UPI_RxC_ARB_LOST_VN1.BL_WB, 0x104c
UNC_M3UPI_RxC_ARB_MISC.ADBL_PARALLEL_WIN_VN0, 0x104d
UNC_M3UPI_RxC_ARB_MISC.ADBL_PARALLEL_WIN_VN1, 0x204d
UNC_M3UPI_RxC_ARB_MISC.ALL_PARALLEL_WIN, 0x804d
UNC_M3UPI_RxC_ARB_MISC.NO_PROG_AD_VN0, 0x14d
UNC_M3UPI_RxC_ARB_MISC.NO_PROG_AD_VN1, 0x24d
UNC_M3UPI_RxC_ARB_MISC.NO_PROG_BL_VN0, 0x44d
UNC_M3UPI_RxC_ARB_MISC.NO_PROG_BL_VN1, 0x84d
UNC_M3UPI_RxC_ARB_MISC.VN01_PARALLEL_WIN, 0x404d
UNC_M3UPI_RxC_ARB_NOCRD_VN0.AD_REQ, 0x147
UNC_M3UPI_RxC_ARB_NOCRD_VN0.AD_RSP, 0x447
UNC_M3UPI_RxC_ARB_NOCRD_VN0.AD_SNP, 0x247
UNC_M3UPI_RxC_ARB_NOCRD_VN0.BL_NCB, 0x2047
UNC_M3UPI_RxC_ARB_NOCRD_VN0.BL_NCS, 0x4047
UNC_M3UPI_RxC_ARB_NOCRD_VN0.BL_RSP, 0x847
UNC_M3UPI_RxC_ARB_NOCRD_VN0.BL_WB, 0x1047
UNC_M3UPI_RxC_ARB_NOCRD_VN1.AD_REQ, 0x148
UNC_M3UPI_RxC_ARB_NOCRD_VN1.AD_RSP, 0x448
UNC_M3UPI_RxC_ARB_NOCRD_VN1.AD_SNP, 0x248
UNC_M3UPI_RxC_ARB_NOCRD_VN1.BL_NCB, 0x2048
UNC_M3UPI_RxC_ARB_NOCRD_VN1.BL_NCS, 0x4048
UNC_M3UPI_RxC_ARB_NOCRD_VN1.BL_RSP, 0x848
UNC_M3UPI_RxC_ARB_NOCRD_VN1.BL_WB, 0x1048
UNC_M3UPI_RxC_ARB_NOREQ_VN0.AD_REQ, 0x149
UNC_M3UPI_RxC_ARB_NOREQ_VN0.AD_RSP, 0x449
UNC_M3UPI_RxC_ARB_NOREQ_VN0.AD_SNP, 0x249
UNC_M3UPI_RxC_ARB_NOREQ_VN0.BL_NCB, 0x2049
UNC_M3UPI_RxC_ARB_NOREQ_VN0.BL_NCS, 0x4049
UNC_M3UPI_RxC_ARB_NOREQ_VN0.BL_RSP, 0x849
UNC_M3UPI_RxC_ARB_NOREQ_VN0.BL_WB, 0x1049
UNC_M3UPI_RxC_ARB_NOREQ_VN1.AD_REQ, 0x14a
UNC_M3UPI_RxC_ARB_NOREQ_VN1.AD_RSP, 0x44a
UNC_M3UPI_RxC_ARB_NOREQ_VN1.AD_SNP, 0x24a
UNC_M3UPI_RxC_ARB_NOREQ_VN1.BL_NCB, 0x204a
UNC_M3UPI_RxC_ARB_NOREQ_VN1.BL_NCS, 0x404a
UNC_M3UPI_RxC_ARB_NOREQ_VN1.BL_RSP, 0x84a
UNC_M3UPI_RxC_ARB_NOREQ_VN1.BL_WB, 0x104a
UNC_M3UPI_RxC_BYPASSED.AD_S0_BL_ARB, 0x240
UNC_M3UPI_RxC_BYPASSED.AD_S0_IDLE, 0x140
UNC_M3UPI_RxC_BYPASSED.AD_S1_BL_SLOT, 0x440
UNC_M3UPI_RxC_BYPASSED.AD_S2_BL_SLOT, 0x840
UNC_M3UPI_RxC_CRD_MISC.ANY_BGF_FIFO, 0x15f
UNC_M3UPI_RxC_CRD_MISC.ANY_BGF_PATH, 0x25f
UNC_M3UPI_RxC_CRD_MISC.LT1_FOR_D2K, 0x105f
UNC_M3UPI_RxC_CRD_MISC.LT2_FOR_D2K, 0x205f
UNC_M3UPI_RxC_CRD_MISC.VN0_NO_D2K_FOR_ARB, 0x45f
UNC_M3UPI_RxC_CRD_MISC.VN1_NO_D2K_FOR_ARB, 0x85f
UNC_M3UPI_RxC_CRD_OCC.CONSUMED, 0x8060
UNC_M3UPI_RxC_CRD_OCC.D2K_CRD, 0x1060
UNC_M3UPI_RxC_CRD_OCC.FLITS_IN_FIFO, 0x260
UNC_M3UPI_RxC_CRD_OCC.FLITS_IN_PATH, 0x460
UNC_M3UPI_RxC_CRD_OCC.P1P_FIFO, 0x4060
UNC_M3UPI_RxC_CRD_OCC.P1P_TOTAL, 0x2060
UNC_M3UPI_RxC_CRD_OCC.TxQ_CRD, 0x860
UNC_M3UPI_RxC_CRD_OCC.VNA_IN_USE, 0x160
UNC_M3UPI_RxC_CYCLES_NE_VN0.AD_REQ, 0x143
UNC_M3UPI_RxC_CYCLES_NE_VN0.AD_RSP, 0x443
UNC_M3UPI_RxC_CYCLES_NE_VN0.AD_SNP, 0x243
UNC_M3UPI_RxC_CYCLES_NE_VN0.BL_NCB, 0x2043
UNC_M3UPI_RxC_CYCLES_NE_VN0.BL_NCS, 0x4043
UNC_M3UPI_RxC_CYCLES_NE_VN0.BL_RSP, 0x843
UNC_M3UPI_RxC_CYCLES_NE_VN0.BL_WB, 0x1043
UNC_M3UPI_RxC_DATA_FLITS_NOT_SENT.ALL, 0x155
UNC_M3UPI_RxC_DATA_FLITS_NOT_SENT.NO_BGF, 0x855
UNC_M3UPI_RxC_DATA_FLITS_NOT_SENT.NO_TXQ, 0x1055
UNC_M3UPI_RxC_DATA_FLITS_NOT_SENT.TSV_HI, 0x255
UNC_M3UPI_RxC_DATA_FLITS_NOT_SENT.VALID_FOR_FLIT, 0x455
UNC_M3UPI_RxC_FLITS_GEN_BL.P0_WAIT, 0x157
UNC_M3UPI_RxC_FLITS_GEN_BL.P1P_AT_LIMIT, 0x1057
UNC_M3UPI_RxC_FLITS_GEN_BL.P1P_BUSY, 0x857
UNC_M3UPI_RxC_FLITS_GEN_BL.P1P_FIFO_FULL, 0x4057
UNC_M3UPI_RxC_FLITS_GEN_BL.P1P_HOLD_P0, 0x2057
UNC_M3UPI_RxC_FLITS_GEN_BL.P1P_TO_LIMBO, 0x457
UNC_M3UPI_RxC_FLITS_GEN_BL.P1_WAIT, 0x257
UNC_M3UPI_RxC_FLITS_MISC.S2REQ_IN_HOLDOFF, 0x458
UNC_M3UPI_RxC_FLITS_MISC.S2REQ_IN_SERVICE, 0x858
UNC_M3UPI_RxC_FLITS_MISC.S2REQ_RECEIVED, 0x158
UNC_M3UPI_RxC_FLITS_MISC.S2REQ_WITHDRAWN, 0x258
UNC_M3UPI_RxC_FLITS_SLOT_BL.ALL, 0x156
UNC_M3UPI_RxC_FLITS_SLOT_BL.NEED_DATA, 0x256
UNC_M3UPI_RxC_FLITS_SLOT_BL.P0_WAIT, 0x456
UNC_M3UPI_RxC_FLITS_SLOT_BL.P1_NOT_REQ, 0x1056
UNC_M3UPI_RxC_FLITS_SLOT_BL.P1_NOT_REQ_BUT_BUBBLE, 0x2056
UNC_M3UPI_RxC_FLITS_SLOT_BL.P1_NOT_REQ_NOT_AVAIL, 0x4056
UNC_M3UPI_RxC_FLITS_SLOT_BL.P1_WAIT, 0x856
UNC_M3UPI_RxC_FLIT_GEN_HDR1.ACCUM, 0x151
UNC_M3UPI_RxC_FLIT_GEN_HDR1.ACCUM_READ, 0x251
UNC_M3UPI_RxC_FLIT_GEN_HDR1.ACCUM_WASTED, 0x451
UNC_M3UPI_RxC_FLIT_GEN_HDR1.AHEAD_BLOCKED, 0x851
UNC_M3UPI_RxC_FLIT_GEN_HDR1.AHEAD_MSG1_AFTER, 0x8051
UNC_M3UPI_RxC_FLIT_GEN_HDR1.AHEAD_MSG1_DURING, 0x1051
UNC_M3UPI_RxC_FLIT_GEN_HDR1.AHEAD_MSG2_AFTER, 0x2051
UNC_M3UPI_RxC_FLIT_GEN_HDR1.AHEAD_MSG2_SENT, 0x4051
UNC_M3UPI_RxC_FLIT_GEN_HDR2.PAR, 0x452
UNC_M3UPI_RxC_FLIT_GEN_HDR2.PAR_FLIT, 0x1052
UNC_M3UPI_RxC_FLIT_GEN_HDR2.PAR_MSG, 0x852
UNC_M3UPI_RxC_FLIT_GEN_HDR2.RMSTALL, 0x152
UNC_M3UPI_RxC_FLIT_GEN_HDR2.RMSTALL_NOMSG, 0x252
UNC_M3UPI_RxC_HDR_FLITS_SENT.1_MSG, 0x154
UNC_M3UPI_RxC_HDR_FLITS_SENT.1_MSG_VNX, 0x854
UNC_M3UPI_RxC_HDR_FLITS_SENT.2_MSGS, 0x254
UNC_M3UPI_RxC_HDR_FLITS_SENT.3_MSGS, 0x454
UNC_M3UPI_RxC_HDR_FLITS_SENT.SLOTS_1, 0x1054
UNC_M3UPI_RxC_HDR_FLITS_SENT.SLOTS_2, 0x2054
UNC_M3UPI_RxC_HDR_FLITS_SENT.SLOTS_3, 0x4054
UNC_M3UPI_RxC_HDR_FLIT_NOT_SENT.ALL, 0x153
UNC_M3UPI_RxC_HDR_FLIT_NOT_SENT.NO_BGF_CRD, 0x853
UNC_M3UPI_RxC_HDR_FLIT_NOT_SENT.NO_BGF_NO_MSG, 0x2053
UNC_M3UPI_RxC_HDR_FLIT_NOT_SENT.NO_TXQ_CRD, 0x1053
UNC_M3UPI_RxC_HDR_FLIT_NOT_SENT.NO_TXQ_NO_MSG, 0x4053
UNC_M3UPI_RxC_HDR_FLIT_NOT_SENT.TSV_HI, 0x253
UNC_M3UPI_RxC_HDR_FLIT_NOT_SENT.VALID_FOR_FLIT, 0x453
UNC_M3UPI_RxC_HELD.CANT_SLOT_AD, 0x1050
UNC_M3UPI_RxC_HELD.CANT_SLOT_BL, 0x2050
UNC_M3UPI_RxC_HELD.PARALLEL_ATTEMPT, 0x450
UNC_M3UPI_RxC_HELD.PARALLEL_SUCCESS, 0x850
UNC_M3UPI_RxC_HELD.VN0, 0x150
UNC_M3UPI_RxC_HELD.VN1, 0x250
UNC_M3UPI_RxC_PACKING_MISS_VN0.AD_REQ, 0x14e
UNC_M3UPI_RxC_PACKING_MISS_VN0.AD_RSP, 0x44e
UNC_M3UPI_RxC_PACKING_MISS_VN0.AD_SNP, 0x24e
UNC_M3UPI_RxC_PACKING_MISS_VN0.BL_NCB, 0x204e
UNC_M3UPI_RxC_PACKING_MISS_VN0.BL_NCS, 0x404e
UNC_M3UPI_RxC_PACKING_MISS_VN0.BL_RSP, 0x84e
UNC_M3UPI_RxC_PACKING_MISS_VN0.BL_WB, 0x104e
UNC_M3UPI_RxC_PACKING_MISS_VN1.AD_REQ, 0x14f
UNC_M3UPI_RxC_PACKING_MISS_VN1.AD_RSP, 0x44f
UNC_M3UPI_RxC_PACKING_MISS_VN1.AD_SNP, 0x24f
UNC_M3UPI_RxC_PACKING_MISS_VN1.BL_NCB, 0x204f
UNC_M3UPI_RxC_PACKING_MISS_VN1.BL_NCS, 0x404f
UNC_M3UPI_RxC_PACKING_MISS_VN1.BL_RSP, 0x84f
UNC_M3UPI_RxC_PACKING_MISS_VN1.BL_WB, 0x104f
UNC_M3UPI_RxC_VNA_CRD.ANY_IN_USE, 0x205a
UNC_M3UPI_RxC_VNA_CRD.CORRECTED, 0x15a
UNC_M3UPI_RxC_VNA_CRD.LT1, 0x25a
UNC_M3UPI_RxC_VNA_CRD.LT10, 0x105a
UNC_M3UPI_RxC_VNA_CRD.LT4, 0x45a
UNC_M3UPI_RxC_VNA_CRD.LT5, 0x85a
UNC_M3UPI_RxC_VNA_CRD_MISC.REQ_ADBL_ALLOC_L5, 0x259
UNC_M3UPI_RxC_VNA_CRD_MISC.REQ_VN01_ALLOC_LT10, 0x159
UNC_M3UPI_RxC_VNA_CRD_MISC.VN0_JUST_AD, 0x1059
UNC_M3UPI_RxC_VNA_CRD_MISC.VN0_JUST_BL, 0x2059
UNC_M3UPI_RxC_VNA_CRD_MISC.VN0_ONLY, 0x459
UNC_M3UPI_RxC_VNA_CRD_MISC.VN1_JUST_AD, 0x4059
UNC_M3UPI_RxC_VNA_CRD_MISC.VN1_JUST_BL, 0x8059
UNC_M3UPI_RxC_VNA_CRD_MISC.VN1_ONLY, 0x859
UNC_M3UPI_TxC_AD_ARB_FAIL.VN0_REQ, 0x130
UNC_M3UPI_TxC_AD_ARB_FAIL.VN0_RSP, 0x430
UNC_M3UPI_TxC_AD_ARB_FAIL.VN0_SNP, 0x230
UNC_M3UPI_TxC_AD_ARB_FAIL.VN0_WB, 0x830
UNC_M3UPI_TxC_AD_ARB_FAIL.VN1_REQ, 0x1030
UNC_M3UPI_TxC_AD_ARB_FAIL.VN1_RSP, 0x4030
UNC_M3UPI_TxC_AD_ARB_FAIL.VN1_SNP, 0x2030
UNC_M3UPI_TxC_AD_ARB_FAIL.VN1_WB, 0x8030
UNC_M3UPI_TxC_AD_FLQ_BYPASS, 0x2c
UNC_M3UPI_TxC_AD_FLQ_BYPASS.AD_SLOT0, 0x12c
UNC_M3UPI_TxC_AD_FLQ_BYPASS.AD_SLOT1, 0x22c
UNC_M3UPI_TxC_AD_FLQ_BYPASS.AD_SLOT2, 0x42c
UNC_M3UPI_TxC_AD_FLQ_BYPASS.BL_EARLY_RSP, 0x82c
UNC_M3UPI_TxC_AD_FLQ_CYCLES_NE.VN0_REQ, 0x127
UNC_M3UPI_TxC_AD_FLQ_CYCLES_NE.VN0_RSP, 0x427
UNC_M3UPI_TxC_AD_FLQ_CYCLES_NE.VN0_SNP, 0x227
UNC_M3UPI_TxC_AD_FLQ_CYCLES_NE.VN0_WB, 0x827
UNC_M3UPI_TxC_AD_FLQ_CYCLES_NE.VN1_REQ, 0x1027
UNC_M3UPI_TxC_AD_FLQ_CYCLES_NE.VN1_RSP, 0x4027
UNC_M3UPI_TxC_AD_FLQ_CYCLES_NE.VN1_SNP, 0x2027
UNC_M3UPI_TxC_AD_FLQ_CYCLES_NE.VN1_WB, 0x8027
UNC_M3UPI_TxC_AD_FLQ_INSERTS.VN0_REQ, 0x12d
UNC_M3UPI_TxC_AD_FLQ_INSERTS.VN0_RSP, 0x42d
UNC_M3UPI_TxC_AD_FLQ_INSERTS.VN0_SNP, 0x22d
UNC_M3UPI_TxC_AD_FLQ_INSERTS.VN0_WB, 0x82d
UNC_M3UPI_TxC_AD_FLQ_INSERTS.VN1_REQ, 0x102d
UNC_M3UPI_TxC_AD_FLQ_INSERTS.VN1_RSP, 0x402d
UNC_M3UPI_TxC_AD_FLQ_INSERTS.VN1_SNP, 0x202d
UNC_M3UPI_TxC_AD_FLQ_OCCUPANCY.VN0_REQ, 0x11c
UNC_M3UPI_TxC_AD_FLQ_OCCUPANCY.VN0_RSP, 0x41c
UNC_M3UPI_TxC_AD_FLQ_OCCUPANCY.VN0_SNP, 0x21c
UNC_M3UPI_TxC_AD_FLQ_OCCUPANCY.VN0_WB, 0x81c
UNC_M3UPI_TxC_AD_FLQ_OCCUPANCY.VN1_REQ, 0x101c
UNC_M3UPI_TxC_AD_FLQ_OCCUPANCY.VN1_RSP, 0x401c
UNC_M3UPI_TxC_AD_FLQ_OCCUPANCY.VN1_SNP, 0x201c
UNC_M3UPI_TxC_AK_FLQ_INSERTS, 0x2f
UNC_M3UPI_TxC_AK_FLQ_OCCUPANCY, 0x1e
UNC_M3UPI_TxC_BL_ARB_FAIL.VN0_NCB, 0x435
UNC_M3UPI_TxC_BL_ARB_FAIL.VN0_NCS, 0x835
UNC_M3UPI_TxC_BL_ARB_FAIL.VN0_RSP, 0x135
UNC_M3UPI_TxC_BL_ARB_FAIL.VN0_WB, 0x235
UNC_M3UPI_TxC_BL_ARB_FAIL.VN1_NCB, 0x4035
UNC_M3UPI_TxC_BL_ARB_FAIL.VN1_NCS, 0x8035
UNC_M3UPI_TxC_BL_ARB_FAIL.VN1_RSP, 0x1035
UNC_M3UPI_TxC_BL_ARB_FAIL.VN1_WB, 0x2035
UNC_M3UPI_TxC_BL_FLQ_CYCLES_NE.VN0_REQ, 0x128
UNC_M3UPI_TxC_BL_FLQ_CYCLES_NE.VN0_RSP, 0x428
UNC_M3UPI_TxC_BL_FLQ_CYCLES_NE.VN0_SNP, 0x228
UNC_M3UPI_TxC_BL_FLQ_CYCLES_NE.VN0_WB, 0x828
UNC_M3UPI_TxC_BL_FLQ_CYCLES_NE.VN1_REQ, 0x1028
UNC_M3UPI_TxC_BL_FLQ_CYCLES_NE.VN1_RSP, 0x4028
UNC_M3UPI_TxC_BL_FLQ_CYCLES_NE.VN1_SNP, 0x2028
UNC_M3UPI_TxC_BL_FLQ_CYCLES_NE.VN1_WB, 0x8028
UNC_M3UPI_TxC_BL_FLQ_INSERTS.VN0_NCB, 0x12e
UNC_M3UPI_TxC_BL_FLQ_INSERTS.VN0_NCS, 0x22e
UNC_M3UPI_TxC_BL_FLQ_INSERTS.VN0_RSP, 0x82e
UNC_M3UPI_TxC_BL_FLQ_INSERTS.VN0_WB, 0x42e
UNC_M3UPI_TxC_BL_FLQ_INSERTS.VN1_NCB, 0x102e
UNC_M3UPI_TxC_BL_FLQ_INSERTS.VN1_NCS, 0x202e
UNC_M3UPI_TxC_BL_FLQ_INSERTS.VN1_RSP, 0x802e
UNC_M3UPI_TxC_BL_FLQ_INSERTS.VN1_WB, 0x402e
UNC_M3UPI_TxC_BL_FLQ_OCCUPANCY.VN0_NCB, 0x41d
UNC_M3UPI_TxC_BL_FLQ_OCCUPANCY.VN0_NCS, 0x81d
UNC_M3UPI_TxC_BL_FLQ_OCCUPANCY.VN0_RSP, 0x11d
UNC_M3UPI_TxC_BL_FLQ_OCCUPANCY.VN0_WB, 0x21d
UNC_M3UPI_TxC_BL_FLQ_OCCUPANCY.VN1_NCB, 0x401d
UNC_M3UPI_TxC_BL_FLQ_OCCUPANCY.VN1_NCS, 0x801d
UNC_M3UPI_TxC_BL_FLQ_OCCUPANCY.VN1_RSP, 0x101d
UNC_M3UPI_TxC_BL_FLQ_OCCUPANCY.VN1_WB, 0x201d
UNC_M3UPI_TxC_BL_WB_FLQ_OCCUPANCY.VN0_LOCAL, 0x11f
UNC_M3UPI_TxC_BL_WB_FLQ_OCCUPANCY.VN0_THROUGH, 0x21f
UNC_M3UPI_TxC_BL_WB_FLQ_OCCUPANCY.VN0_WRPULL, 0x41f
UNC_M3UPI_TxC_BL_WB_FLQ_OCCUPANCY.VN1_LOCAL, 0x101f
UNC_M3UPI_TxC_BL_WB_FLQ_OCCUPANCY.VN1_THROUGH, 0x201f
UNC_M3UPI_TxC_BL_WB_FLQ_OCCUPANCY.VN1_WRPULL, 0x401f
UNC_M3UPI_UPI_PEER_AD_CREDITS_EMPTY.VN0_REQ, 0x220
UNC_M3UPI_UPI_PEER_AD_CREDITS_EMPTY.VN0_RSP, 0x820
UNC_M3UPI_UPI_PEER_AD_CREDITS_EMPTY.VN0_SNP, 0x420
UNC_M3UPI_UPI_PEER_AD_CREDITS_EMPTY.VN1_REQ, 0x1020
UNC_M3UPI_UPI_PEER_AD_CREDITS_EMPTY.VN1_RSP, 0x4020
UNC_M3UPI_UPI_PEER_AD_CREDITS_EMPTY.VN1_SNP, 0x2020
UNC_M3UPI_UPI_PEER_AD_CREDITS_EMPTY.VNA, 0x120
UNC_M3UPI_UPI_PEER_BL_CREDITS_EMPTY.VN0_NCS_NCB, 0x421
UNC_M3UPI_UPI_PEER_BL_CREDITS_EMPTY.VN0_RSP, 0x221
UNC_M3UPI_UPI_PEER_BL_CREDITS_EMPTY.VN0_WB, 0x821
UNC_M3UPI_UPI_PEER_BL_CREDITS_EMPTY.VN1_NCS_NCB, 0x2021
UNC_M3UPI_UPI_PEER_BL_CREDITS_EMPTY.VN1_RSP, 0x1021
UNC_M3UPI_UPI_PEER_BL_CREDITS_EMPTY.VN1_WB, 0x4021
UNC_M3UPI_UPI_PEER_BL_CREDITS_EMPTY.VNA, 0x121
UNC_M3UPI_UPI_PREFETCH_SPAWN, 0x29
UNC_M3UPI_VN0_CREDITS_USED.NCB, 0x105b
UNC_M3UPI_VN0_CREDITS_USED.NCS, 0x205b
UNC_M3UPI_VN0_CREDITS_USED.REQ, 0x15b
UNC_M3UPI_VN0_CREDITS_USED.RSP, 0x45b
UNC_M3UPI_VN0_CREDITS_USED.SNP, 0x25b
UNC_M3UPI_VN0_CREDITS_USED.WB, 0x85b
UNC_M3UPI_VN0_NO_CREDITS.NCB, 0x105d
UNC_M3UPI_VN0_NO_CREDITS.NCS, 0x205d
UNC_M3UPI_VN0_NO_CREDITS.REQ, 0x15d
UNC_M3UPI_VN0_NO_CREDITS.RSP, 0x45d
UNC_M3UPI_VN0_NO_CREDITS.SNP, 0x25d
UNC_M3UPI_VN0_NO_CREDITS.WB, 0x85d
UNC_M3UPI_VN1_CREDITS_USED.NCB, 0x105c
UNC_M3UPI_VN1_CREDITS_USED.NCS, 0x205c
UNC_M3UPI_VN1_CREDITS_USED.REQ, 0x15c
UNC_M3UPI_VN1_CREDITS_USED.RSP, 0x45c
UNC_M3UPI_VN1_CREDITS_USED.SNP, 0x25c
UNC_M3UPI_VN1_CREDITS_USED.WB, 0x85c
UNC_M3UPI_VN1_NO_CREDITS.NCB, 0x105e
UNC_M3UPI_VN1_NO_CREDITS.NCS, 0x205e
UNC_M3UPI_VN1_NO_CREDITS.REQ, 0x15e
UNC_M3UPI_VN1_NO_CREDITS.RSP, 0x45e
UNC_M3UPI_VN1_NO_CREDITS.SNP, 0x25e
UNC_M3UPI_VN1_NO_CREDITS.WB, 0x85e
UNC_M3UPI_WB_OCC_COMPARE.BOTHNONZERO_RT_EQ_LOCALDEST_VN0, 0x827e
UNC_M3UPI_WB_OCC_COMPARE.BOTHNONZERO_RT_EQ_LOCALDEST_VN1, 0xa07e
UNC_M3UPI_WB_OCC_COMPARE.BOTHNONZERO_RT_GT_LOCALDEST_VN0, 0x817e
UNC_M3UPI_WB_OCC_COMPARE.BOTHNONZERO_RT_GT_LOCALDEST_VN1, 0x907e
UNC_M3UPI_WB_OCC_COMPARE.BOTHNONZERO_RT_LT_LOCALDEST_VN0, 0x847e
UNC_M3UPI_WB_OCC_COMPARE.BOTHNONZERO_RT_LT_LOCALDEST_VN1, 0xc07e
UNC_M3UPI_WB_OCC_COMPARE.RT_EQ_LOCALDEST_VN0, 0x27e
UNC_M3UPI_WB_OCC_COMPARE.RT_EQ_LOCALDEST_VN1, 0x207e
UNC_M3UPI_WB_OCC_COMPARE.RT_GT_LOCALDEST_VN0, 0x17e
UNC_M3UPI_WB_OCC_COMPARE.RT_GT_LOCALDEST_VN1, 0x107e
UNC_M3UPI_WB_OCC_COMPARE.RT_LT_LOCALDEST_VN0, 0x47e
UNC_M3UPI_WB_OCC_COMPARE.RT_LT_LOCALDEST_VN1, 0x407e
UNC_M3UPI_WB_PENDING.LOCALDEST_VN0, 0x17d
UNC_M3UPI_WB_PENDING.LOCALDEST_VN1, 0x107d
UNC_M3UPI_WB_PENDING.LOCAL_AND_RT_VN0, 0x47d
UNC_M3UPI_WB_PENDING.LOCAL_AND_RT_VN1, 0x407d
UNC_M3UPI_WB_PENDING.ROUTETHRU_VN0, 0x27d
UNC_M3UPI_WB_PENDING.ROUTETHRU_VN1, 0x207d
UNC_M3UPI_WB_PENDING.WAITING4PULL_VN0, 0x87d
UNC_M3UPI_WB_PENDING.WAITING4PULL_VN1, 0x807d
UNC_M3UPI_XPT_PFTCH.ARB, 0x461
UNC_M3UPI_XPT_PFTCH.ARRIVED, 0x161
UNC_M3UPI_XPT_PFTCH.BYPASS, 0x261
UNC_M3UPI_XPT_PFTCH.FLITTED, 0x1061
UNC_M3UPI_XPT_PFTCH.LOST_ARB, 0x861
UNC_M3UPI_XPT_PFTCH.LOST_OLD, 0x2061
UNC_M3UPI_XPT_PFTCH.LOST_QFULL, 0x4061
UNC_MDF_CRS_TxR_INSERTS.AD_BNC, 0x147
UNC_MDF_CRS_TxR_INSERTS.AD_CRD, 0x247
UNC_MDF_CRS_TxR_INSERTS.AK, 0x1047
UNC_MDF_CRS_TxR_INSERTS.AKC, 0x4047
UNC_MDF_CRS_TxR_INSERTS.BL_BNC, 0x447
UNC_MDF_CRS_TxR_INSERTS.BL_CRD, 0x847
UNC_MDF_CRS_TxR_INSERTS.IV, 0x2047
UNC_MDF_CRS_TxR_V_BOUNCES.AD, 0x14b
UNC_MDF_CRS_TxR_V_BOUNCES.AK, 0x44b
UNC_MDF_CRS_TxR_V_BOUNCES.AKC, 0x104b
UNC_MDF_CRS_TxR_V_BOUNCES.BL, 0x24b
UNC_MDF_CRS_TxR_V_BOUNCES.IV, 0x84b
UNC_MDF_FAST_ASSERTED.AD_BNC, 0x115
UNC_MDF_FAST_ASSERTED.BL_CRD, 0x215
UNC_UPI_CLOCKTICKS, 0x1
UNC_UPI_DIRECT_ATTEMPTS.D2C, 0x112
UNC_UPI_DIRECT_ATTEMPTS.D2K, 0x212
UNC_UPI_FLOWQ_NO_VNA_CRD.AD_VNA_EQ0, 0x118
UNC_UPI_FLOWQ_NO_VNA_CRD.AD_VNA_EQ1, 0x218
UNC_UPI_FLOWQ_NO_VNA_CRD.AD_VNA_EQ2, 0x418
UNC_UPI_FLOWQ_NO_VNA_CRD.AK_VNA_EQ0, 0x1018
UNC_UPI_FLOWQ_NO_VNA_CRD.AK_VNA_EQ1, 0x2018
UNC_UPI_FLOWQ_NO_VNA_CRD.AK_VNA_EQ2, 0x4018
UNC_UPI_FLOWQ_NO_VNA_CRD.AK_VNA_EQ3, 0x8018
UNC_UPI_FLOWQ_NO_VNA_CRD.BL_VNA_EQ0, 0x818
UNC_UPI_L1_POWER_CYCLES, 0x21
UNC_UPI_M3_BYP_BLOCKED.BGF_CRD, 0x814
UNC_UPI_M3_BYP_BLOCKED.FLOWQ_AD_VNA_LE2, 0x114
UNC_UPI_M3_BYP_BLOCKED.FLOWQ_AK_VNA_LE3, 0x414
UNC_UPI_M3_BYP_BLOCKED.FLOWQ_BL_VNA_EQ0, 0x214
UNC_UPI_M3_BYP_BLOCKED.GV_BLOCK, 0x1014
UNC_UPI_M3_CRD_RETURN_BLOCKED, 0x16
UNC_UPI_M3_RXQ_BLOCKED.BGF_CRD, 0x2015
UNC_UPI_M3_RXQ_BLOCKED.FLOWQ_AD_VNA_BTW_2_THRESH, 0x215
UNC_UPI_M3_RXQ_BLOCKED.FLOWQ_AD_VNA_LE2, 0x115
UNC_UPI_M3_RXQ_BLOCKED.FLOWQ_AK_VNA_LE3, 0x1015
UNC_UPI_M3_RXQ_BLOCKED.FLOWQ_BL_VNA_BTW_0_THRESH, 0x815
UNC_UPI_M3_RXQ_BLOCKED.FLOWQ_BL_VNA_EQ0, 0x415
UNC_UPI_M3_RXQ_BLOCKED.GV_BLOCK, 0x4015
UNC_UPI_PHY_INIT_CYCLES, 0x20
UNC_UPI_POWER_L1_NACK, 0x23
UNC_UPI_POWER_L1_REQ, 0x22
UNC_UPI_REQ_SLOT2_FROM_M3.ACK, 0x846
UNC_UPI_REQ_SLOT2_FROM_M3.VN0, 0x246
UNC_UPI_REQ_SLOT2_FROM_M3.VN1, 0x446
UNC_UPI_REQ_SLOT2_FROM_M3.VNA, 0x146
UNC_UPI_RxL0P_POWER_CYCLES, 0x25
UNC_UPI_RxL0_POWER_CYCLES, 0x24
UNC_UPI_RxL_ANY_FLITS.DATA, 0x84b
UNC_UPI_RxL_ANY_FLITS.LLCRD, 0x104b
UNC_UPI_RxL_ANY_FLITS.LLCTRL, 0x404b
UNC_UPI_RxL_ANY_FLITS.NULL, 0x204b
UNC_UPI_RxL_ANY_FLITS.PROTHDR, 0x804b
UNC_UPI_RxL_ANY_FLITS.SLOT0, 0x14b
UNC_UPI_RxL_ANY_FLITS.SLOT1, 0x24b
UNC_UPI_RxL_ANY_FLITS.SLOT2, 0x44b
UNC_UPI_RxL_BASIC_HDR_MATCH.NCB, 0xe05
UNC_UPI_RxL_BASIC_HDR_MATCH.NCB_OPC, 0x10e05
UNC_UPI_RxL_BASIC_HDR_MATCH.NCS, 0xf05
UNC_UPI_RxL_BASIC_HDR_MATCH.NCS_OPC, 0x10f05
UNC_UPI_RxL_BYPASSED.SLOT0, 0x131
UNC_UPI_RxL_BYPASSED.SLOT1, 0x231
UNC_UPI_RxL_BYPASSED.SLOT2, 0x431
UNC_UPI_RxL_CRC_ERRORS, 0xb
UNC_UPI_RxL_CRC_LLR_REQ_TRANSMIT, 0x8
UNC_UPI_RxL_CREDITS_CONSUMED_VN0, 0x39
UNC_UPI_RxL_CREDITS_CONSUMED_VN1, 0x3a
UNC_UPI_RxL_CREDITS_CONSUMED_VNA, 0x38
UNC_UPI_RxL_FLITS.ALL_DATA, 0xf03
UNC_UPI_RxL_FLITS.ALL_NULL, 0x2703
UNC_UPI_RxL_FLITS.DATA, 0x803
UNC_UPI_RxL_FLITS.IDLE, 0x4703
UNC_UPI_RxL_FLITS.LLCRD, 0x1003
UNC_UPI_RxL_FLITS.LLCTRL, 0x4003
UNC_UPI_RxL_FLITS.NON_DATA, 0x9703
UNC_UPI_RxL_FLITS.NULL, 0x2003
UNC_UPI_RxL_FLITS.PROTHDR, 0x8003
UNC_UPI_RxL_FLITS.SLOT0, 0x103
UNC_UPI_RxL_FLITS.SLOT1, 0x203
UNC_UPI_RxL_FLITS.SLOT2, 0x403
UNC_UPI_RxL_INSERTS.SLOT0, 0x130
UNC_UPI_RxL_INSERTS.SLOT1, 0x230
UNC_UPI_RxL_INSERTS.SLOT2, 0x430
UNC_UPI_RxL_OCCUPANCY.SLOT0, 0x132
UNC_UPI_RxL_OCCUPANCY.SLOT1, 0x232
UNC_UPI_RxL_OCCUPANCY.SLOT2, 0x432
UNC_UPI_RxL_SLOT_BYPASS.S0_RXQ1, 0x133
UNC_UPI_RxL_SLOT_BYPASS.S0_RXQ2, 0x233
UNC_UPI_RxL_SLOT_BYPASS.S1_RXQ0, 0x433
UNC_UPI_RxL_SLOT_BYPASS.S1_RXQ2, 0x833
UNC_UPI_RxL_SLOT_BYPASS.S2_RXQ0, 0x1033
UNC_UPI_RxL_SLOT_BYPASS.S2_RXQ1, 0x2033
UNC_UPI_TxL0P_CLK_ACTIVE.CFG_CTL, 0x12a
UNC_UPI_TxL0P_CLK_ACTIVE.DFX, 0x402a
UNC_UPI_TxL0P_CLK_ACTIVE.RETRY, 0x202a
UNC_UPI_TxL0P_CLK_ACTIVE.RXQ, 0x22a
UNC_UPI_TxL0P_CLK_ACTIVE.RXQ_BYPASS, 0x42a
UNC_UPI_TxL0P_CLK_ACTIVE.RXQ_CRED, 0x82a
UNC_UPI_TxL0P_CLK_ACTIVE.SPARE, 0x802a
UNC_UPI_TxL0P_CLK_ACTIVE.TXQ, 0x102a
UNC_UPI_TxL0P_POWER_CYCLES, 0x27
UNC_UPI_TxL0P_POWER_CYCLES_LL_ENTER, 0x28
UNC_UPI_TxL0P_POWER_CYCLES_M3_EXIT, 0x29
UNC_UPI_TxL0_POWER_CYCLES, 0x26
UNC_UPI_TxL_ANY_FLITS.DATA, 0x84a
UNC_UPI_TxL_ANY_FLITS.LLCRD, 0x104a
UNC_UPI_TxL_ANY_FLITS.LLCTRL, 0x404a
UNC_UPI_TxL_ANY_FLITS.NULL, 0x204a
UNC_UPI_TxL_ANY_FLITS.PROTHDR, 0x804a
UNC_UPI_TxL_ANY_FLITS.SLOT0, 0x14a
UNC_UPI_TxL_ANY_FLITS.SLOT1, 0x24a
UNC_UPI_TxL_ANY_FLITS.SLOT2, 0x44a
UNC_UPI_TxL_BASIC_HDR_MATCH.NCB, 0xe04
UNC_UPI_TxL_BASIC_HDR_MATCH.NCB_OPC, 0x10e04
UNC_UPI_TxL_BASIC_HDR_MATCH.NCS, 0xf04
UNC_UPI_TxL_BASIC_HDR_MATCH.NCS_OPC, 0x10f04
UNC_UPI_TxL_BYPASSED, 0x41
UNC_UPI_TxL_FLITS.ALL_DATA, 0xf02
UNC_UPI_TxL_FLITS.ALL_LLCRD, 0x1702
UNC_UPI_TxL_FLITS.ALL_LLCTRL, 0x4702
UNC_UPI_TxL_FLITS.ALL_NULL, 0x2702
UNC_UPI_TxL_FLITS.ALL_PROTHDR, 0x8702
UNC_UPI_TxL_FLITS.DATA, 0x802
UNC_UPI_TxL_FLITS.IDLE, 0x4702
UNC_UPI_TxL_FLITS.LLCRD, 0x1002
UNC_UPI_TxL_FLITS.LLCTRL, 0x4002
UNC_UPI_TxL_FLITS.NON_DATA, 0x9702
UNC_UPI_TxL_FLITS.NULL, 0x2002
UNC_UPI_TxL_FLITS.PROTHDR, 0x8002
UNC_UPI_TxL_FLITS.SLOT0, 0x102
UNC_UPI_TxL_FLITS.SLOT1, 0x202
UNC_UPI_TxL_FLITS.SLOT2, 0x402
UNC_UPI_TxL_INSERTS, 0x40
UNC_UPI_TxL_OCCUPANCY, 0x42
UNC_UPI_VNA_CREDIT_RETURN_BLOCKED_VN01, 0x45
UNC_UPI_VNA_CREDIT_RETURN_OCCUPANCY, 0x44
UNC_U_EVENT_MSG.DOORBELL_RCVD, 0x842
UNC_U_EVENT_MSG.INT_PRIO, 0x1042
UNC_U_EVENT_MSG.IPI_RCVD, 0x442
UNC_U_EVENT_MSG.MSI_RCVD, 0x242
UNC_U_EVENT_MSG.VLW_RCVD, 0x142
UNC_U_M2U_MISC1.RxC_CYCLES_NE_CBO_NCB, 0x14d
UNC_U_M2U_MISC1.RxC_CYCLES_NE_CBO_NCS, 0x24d
UNC_U_M2U_MISC1.RxC_CYCLES_NE_UPI_NCB, 0x44d
UNC_U_M2U_MISC1.RxC_CYCLES_NE_UPI_NCS, 0x84d
UNC_U_M2U_MISC1.TxC_CYCLES_CRD_OVF_CBO_NCB, 0x104d
UNC_U_M2U_MISC1.TxC_CYCLES_CRD_OVF_CBO_NCS, 0x204d
UNC_U_M2U_MISC1.TxC_CYCLES_CRD_OVF_UPI_NCB, 0x404d
UNC_U_M2U_MISC1.TxC_CYCLES_CRD_OVF_UPI_NCS, 0x804d
UNC_U_M2U_MISC2.RxC_CYCLES_EMPTY_BL, 0x24e
UNC_U_M2U_MISC2.RxC_CYCLES_FULL_BL, 0x14e
UNC_U_M2U_MISC2.TxC_CYCLES_CRD_OVF_VN0_NCB, 0x44e
UNC_U_M2U_MISC2.TxC_CYCLES_CRD_OVF_VN0_NCS, 0x84e
UNC_U_M2U_MISC2.TxC_CYCLES_EMPTY_AK, 0x204e
UNC_U_M2U_MISC2.TxC_CYCLES_EMPTY_AKC, 0x404e
UNC_U_M2U_MISC2.TxC_CYCLES_EMPTY_BL, 0x104e
UNC_U_M2U_MISC2.TxC_CYCLES_FULL_BL, 0x804e
UNC_U_M2U_MISC3.TxC_CYCLES_FULL_AK, 0x14f
UNC_U_M2U_MISC3.TxC_CYCLES_FULL_AKC, 0x24f
UNC_U_PHOLD_CYCLES.ASSERT_TO_ACK, 0x145
UNC_U_RACU_DRNG.PFTCH_BUF_EMPTY, 0x44c
UNC_U_RACU_DRNG.RDRAND, 0x14c
UNC_U_RACU_DRNG.RDSEED, 0x24c
UNC_U_RACU_REQUESTS, 0x46
UNC_CXLCM_CLOCKTICKS, 0x201
UNC_CXLCM_RxC_AGF_INSERTS.CACHE_DATA, 0x843
UNC_CXLCM_RxC_AGF_INSERTS.CACHE_REQ0, 0x143
UNC_CXLCM_RxC_AGF_INSERTS.CACHE_REQ1, 0x243
UNC_CXLCM_RxC_AGF_INSERTS.CACHE_RSP0, 0x443
UNC_CXLCM_RxC_AGF_INSERTS.CACHE_RSP1, 0x4043
UNC_CXLCM_RxC_AGF_INSERTS.MEM_DATA, 0x2043
UNC_CXLCM_RxC_AGF_INSERTS.MEM_REQ, 0x1043
UNC_CXLCM_RxC_FLITS.AK_HDR, 0x104b
UNC_CXLCM_RxC_FLITS.BE_HDR, 0x204b
UNC_CXLCM_RxC_FLITS.CTRL, 0x44b
UNC_CXLCM_RxC_FLITS.NO_HDR, 0x84b
UNC_CXLCM_RxC_FLITS.PROT, 0x24b
UNC_CXLCM_RxC_FLITS.SZ_HDR, 0x404b
UNC_CXLCM_RxC_FLITS.VALID, 0x14b
UNC_CXLCM_RxC_FLITS.VALID_MSG, 0x804b
UNC_CXLCM_RxC_MISC.CRC_ERRORS, 0x840
UNC_CXLCM_RxC_MISC.INIT, 0x440
UNC_CXLCM_RxC_MISC.LLCRD, 0x140
UNC_CXLCM_RxC_MISC.RETRY, 0x240
UNC_CXLCM_RxC_PACK_BUF_FULL.CACHE_DATA, 0x452
UNC_CXLCM_RxC_PACK_BUF_FULL.CACHE_REQ, 0x152
UNC_CXLCM_RxC_PACK_BUF_FULL.CACHE_RSP, 0x252
UNC_CXLCM_RxC_PACK_BUF_FULL.MEM_DATA, 0x1052
UNC_CXLCM_RxC_PACK_BUF_FULL.MEM_REQ, 0x852
UNC_CXLCM_RxC_PACK_BUF_INSERTS.CACHE_DATA, 0x441
UNC_CXLCM_RxC_PACK_BUF_INSERTS.CACHE_REQ, 0x141
UNC_CXLCM_RxC_PACK_BUF_INSERTS.CACHE_RSP, 0x241
UNC_CXLCM_RxC_PACK_BUF_INSERTS.MEM_DATA, 0x1041
UNC_CXLCM_RxC_PACK_BUF_INSERTS.MEM_REQ, 0x841
UNC_CXLCM_RxC_PACK_BUF_NE.CACHE_DATA, 0x442
UNC_CXLCM_RxC_PACK_BUF_NE.CACHE_REQ, 0x142
UNC_CXLCM_RxC_PACK_BUF_NE.CACHE_RSP, 0x242
UNC_CXLCM_RxC_PACK_BUF_NE.MEM_DATA, 0x1042
UNC_CXLCM_RxC_PACK_BUF_NE.MEM_REQ, 0x842
UNC_CXLCM_TxC_FLITS.AK_HDR, 0x1005
UNC_CXLCM_TxC_FLITS.BE_HDR, 0x2005
UNC_CXLCM_TxC_FLITS.CTRL, 0x405
UNC_CXLCM_TxC_FLITS.NO_HDR, 0x805
UNC_CXLCM_TxC_FLITS.PROT, 0x205
UNC_CXLCM_TxC_FLITS.SZ_HDR, 0x4005
UNC_CXLCM_TxC_FLITS.VALID, 0x105
UNC_CXLCM_TxC_PACK_BUF_INSERTS.CACHE_DATA, 0x402
UNC_CXLCM_TxC_PACK_BUF_INSERTS.CACHE_REQ0, 0x102
UNC_CXLCM_TxC_PACK_BUF_INSERTS.CACHE_REQ1, 0x4002
UNC_CXLCM_TxC_PACK_BUF_INSERTS.CACHE_RSP0, 0x202
UNC_CXLCM_TxC_PACK_BUF_INSERTS.CACHE_RSP1, 0x2002
UNC_CXLCM_TxC_PACK_BUF_INSERTS.MEM_DATA, 0x1002
UNC_CXLCM_TxC_PACK_BUF_INSERTS.MEM_REQ, 0x802
UNC_CXLDP_CLOCKTICKS, 0x101
UNC_CXLDP_TxC_AGF_INSERTS.M2S_DATA, 0x2002
UNC_CXLDP_TxC_AGF_INSERTS.M2S_REQ, 0x1002
UNC_CXLDP_TxC_AGF_INSERTS.U2C_DATA, 0x802
UNC_CXLDP_TxC_AGF_INSERTS.U2C_REQ, 0x102
UNC_CXLDP_TxC_AGF_INSERTS.U2C_RSP0, 0x202
UNC_CXLDP_TxC_AGF_INSERTS.U2C_RSP1, 0x402
ARITH.DIVIDER_ACTIVE, 0x9b0
ARITH.DIV_ACTIVE, 0x9b0
ARITH.FP_DIVIDER_ACTIVE, 0x1b0
ARITH.IDIV_ACTIVE, 0x8b0
ARITH.INT_DIVIDER_ACTIVE, 0x8b0
ASSISTS.ANY, 0x1bc1
BR_INST_RETIRED.ALL_BRANCHES, 0xc4
BR_INST_RETIRED.COND, 0x11c4
BR_INST_RETIRED.COND_NTAKEN, 0x10c4
BR_INST_RETIRED.COND_TAKEN, 0x1c4
BR_INST_RETIRED.FAR_BRANCH, 0x40c4
BR_INST_RETIRED.INDIRECT, 0x80c4
BR_INST_RETIRED.NEAR_CALL, 0x2c4
BR_INST_RETIRED.NEAR_RETURN, 0x8c4
BR_INST_RETIRED.NEAR_TAKEN, 0x20c4
BR_MISP_RETIRED.ALL_BRANCHES, 0xc5
BR_MISP_RETIRED.COND, 0x11c5
BR_MISP_RETIRED.COND_NTAKEN, 0x10c5
BR_MISP_RETIRED.COND_TAKEN, 0x1c5
BR_MISP_RETIRED.INDIRECT, 0x80c5
BR_MISP_RETIRED.INDIRECT_CALL, 0x2c5
BR_MISP_RETIRED.NEAR_TAKEN, 0x20c5
BR_MISP_RETIRED.RET, 0x8c5
CPU_CLK_UNHALTED.C01, 0x10ec
CPU_CLK_UNHALTED.C02, 0x20ec
CPU_CLK_UNHALTED.C0_WAIT, 0x70ec
CPU_CLK_UNHALTED.DISTRIBUTED, 0x2ec
CPU_CLK_UNHALTED.ONE_THREAD_ACTIVE, 0x23c
CPU_CLK_UNHALTED.PAUSE, 0x40ec
CPU_CLK_UNHALTED.PAUSE_INST, 0x40ec
CPU_CLK_UNHALTED.REF_DISTRIBUTED, 0x83c
CPU_CLK_UNHALTED.REF_TSC_P, 0x13c
CPU_CLK_UNHALTED.THREAD_P, 0x3c
CYCLE_ACTIVITY.CYCLES_L1D_MISS, 0x8a3
CYCLE_ACTIVITY.CYCLES_L2_MISS, 0x1a3
CYCLE_ACTIVITY.CYCLES_MEM_ANY, 0x10a3
CYCLE_ACTIVITY.STALLS_L1D_MISS, 0xca3
CYCLE_ACTIVITY.STALLS_L2_MISS, 0x5a3
CYCLE_ACTIVITY.STALLS_TOTAL, 0x4a3
EXE.AMX_BUSY, 0x2b7
EXE_ACTIVITY.1_PORTS_UTIL, 0x2a6
EXE_ACTIVITY.2_3_PORTS_UTIL, 0xca6
EXE_ACTIVITY.2_PORTS_UTIL, 0x4a6
EXE_ACTIVITY.3_PORTS_UTIL, 0x8a6
EXE_ACTIVITY.4_PORTS_UTIL, 0x10a6
EXE_ACTIVITY.BOUND_ON_LOADS, 0x21a6
EXE_ACTIVITY.BOUND_ON_STORES, 0x40a6
EXE_ACTIVITY.EXE_BOUND_0_PORTS, 0x80a6
INST_DECODED.DECODERS, 0x175
INST_RETIRED.ANY_P, 0xc0
INST_RETIRED.MACRO_FUSED, 0x10c0
INST_RETIRED.NOP, 0x2c0
INST_RETIRED.REP_ITERATION, 0x8c0
INT_MISC.CLEARS_COUNT, 0x1ad
INT_MISC.CLEAR_RESTEER_CYCLES, 0x80ad
INT_MISC.MBA_STALLS, 0x20ad
INT_MISC.RECOVERY_CYCLES, 0x1ad
INT_MISC.UNKNOWN_BRANCH_CYCLES, 0x40ad
INT_MISC.UOP_DROPPING, 0x10ad
INT_VEC_RETIRED.128BIT, 0x13e7
INT_VEC_RETIRED.256BIT, 0xace7
INT_VEC_RETIRED.ADD_128, 0x3e7
INT_VEC_RETIRED.ADD_256, 0xce7
INT_VEC_RETIRED.MUL_256, 0x80e7
INT_VEC_RETIRED.SHUFFLES, 0x40e7
INT_VEC_RETIRED.VNNI_128, 0x10e7
INT_VEC_RETIRED.VNNI_256, 0x20e7
LD_BLOCKS.ADDRESS_ALIAS, 0x403
LD_BLOCKS.NO_SR, 0x8803
LD_BLOCKS.STORE_FORWARD, 0x8203
LOAD_HIT_PREFETCH.SWPF, 0x14c
LSD.CYCLES_ACTIVE, 0x1a8
LSD.CYCLES_OK, 0x1a8
LSD.UOPS, 0x1a8
MACHINE_CLEARS.COUNT, 0x1c3
MACHINE_CLEARS.SMC, 0x4c3
MISC2_RETIRED.LFENCE, 0x20e0
MISC_RETIRED.LBR_INSERTS, 0x20cc
RESOURCE_STALLS.SB, 0x8a2
RESOURCE_STALLS.SCOREBOARD, 0x2a2
RS.EMPTY, 0x7a5
RS.EMPTY_COUNT, 0x7a5
RS.EMPTY_RESOURCE, 0x1a5
RS_EMPTY.COUNT, 0x7a5
RS_EMPTY.CYCLES, 0x7a5
TOPDOWN.BACKEND_BOUND_SLOTS, 0x2a4
TOPDOWN.BAD_SPEC_SLOTS, 0x4a4
TOPDOWN.BR_MISPREDICT_SLOTS, 0x8a4
TOPDOWN.MEMORY_BOUND_SLOTS, 0x10a4
TOPDOWN.SLOTS_P, 0x1a4
UOPS_DECODED.DEC0_UOPS, 0x176
UOPS_DISPATCHED.PORT_0, 0x1b2
UOPS_DISPATCHED.PORT_1, 0x2b2
UOPS_DISPATCHED.PORT_2_3_10, 0x4b2
UOPS_DISPATCHED.PORT_4_9, 0x10b2
UOPS_DISPATCHED.PORT_5_11, 0x20b2
UOPS_DISPATCHED.PORT_6, 0x40b2
UOPS_DISPATCHED.PORT_7_8, 0x80b2
UOPS_EXECUTED.CORE, 0x2b1
UOPS_EXECUTED.CORE_CYCLES_GE_1, 0x2b1
UOPS_EXECUTED.CORE_CYCLES_GE_2, 0x2b1
UOPS_EXECUTED.CORE_CYCLES_GE_3, 0x2b1
UOPS_EXECUTED.CORE_CYCLES_GE_4, 0x2b1
UOPS_EXECUTED.CYCLES_GE_1, 0x1b1
UOPS_EXECUTED.CYCLES_GE_2, 0x1b1
UOPS_EXECUTED.CYCLES_GE_3, 0x1b1
UOPS_EXECUTED.CYCLES_GE_4, 0x1b1
UOPS_EXECUTED.STALLS, 0x1b1
UOPS_EXECUTED.STALL_CYCLES, 0x1b1
UOPS_EXECUTED.THREAD, 0x1b1
UOPS_EXECUTED.X87, 0x10b1
UOPS_ISSUED.ANY, 0x1ae
UOPS_ISSUED.CYCLES, 0x1ae
UOPS_RETIRED.CYCLES, 0x2c2
UOPS_RETIRED.HEAVY, 0x1c2
UOPS_RETIRED.MS, 0x4c2
UOPS_RETIRED.SLOTS, 0x2c2
UOPS_RETIRED.STALLS, 0x2c2
UOPS_RETIRED.STALL_CYCLES, 0x2c2
UNC_IIO_BANDWIDTH_IN.PART0_FREERUN, 0x20ff
UNC_IIO_BANDWIDTH_IN.PART1_FREERUN, 0x21ff
UNC_IIO_BANDWIDTH_IN.PART2_FREERUN, 0x22ff
UNC_IIO_BANDWIDTH_IN.PART3_FREERUN, 0x23ff
UNC_IIO_BANDWIDTH_IN.PART4_FREERUN, 0x24ff
UNC_IIO_BANDWIDTH_IN.PART5_FREERUN, 0x25ff
UNC_IIO_BANDWIDTH_IN.PART6_FREERUN, 0x26ff
UNC_IIO_BANDWIDTH_IN.PART7_FREERUN, 0x27ff
UNC_IIO_BANDWIDTH_OUT.PART0_FREERUN, 0x30ff
UNC_IIO_BANDWIDTH_OUT.PART1_FREERUN, 0x31ff
UNC_IIO_BANDWIDTH_OUT.PART2_FREERUN, 0x32ff
UNC_IIO_BANDWIDTH_OUT.PART3_FREERUN, 0x33ff
UNC_IIO_BANDWIDTH_OUT.PART4_FREERUN, 0x34ff
UNC_IIO_BANDWIDTH_OUT.PART5_FREERUN, 0x35ff
UNC_IIO_BANDWIDTH_OUT.PART6_FREERUN, 0x36ff
UNC_IIO_BANDWIDTH_OUT.PART7_FREERUN, 0x37ff
UNC_IIO_CLOCKTICKS, 0x1
UNC_IIO_CLOCKTICKS_FREERUN, 0x10ff
UNC_IIO_COMP_BUF_INSERTS.CMPD.ALL_PARTS, 0x4c2
UNC_IIO_COMP_BUF_INSERTS.CMPD.PART0, 0x4c2
UNC_IIO_COMP_BUF_INSERTS.CMPD.PART1, 0x4c2
UNC_IIO_COMP_BUF_INSERTS.CMPD.PART2, 0x4c2
UNC_IIO_COMP_BUF_INSERTS.CMPD.PART3, 0x4c2
UNC_IIO_COMP_BUF_INSERTS.CMPD.PART4, 0x4c2
UNC_IIO_COMP_BUF_INSERTS.CMPD.PART5, 0x4c2
UNC_IIO_COMP_BUF_INSERTS.CMPD.PART6, 0x4c2
UNC_IIO_COMP_BUF_INSERTS.CMPD.PART7, 0x4c2
UNC_IIO_COMP_BUF_OCCUPANCY.CMPD.ALL_PARTS, 0xffd5
UNC_IIO_COMP_BUF_OCCUPANCY.CMPD.PART0, 0x1d5
UNC_IIO_COMP_BUF_OCCUPANCY.CMPD.PART1, 0x2d5
UNC_IIO_COMP_BUF_OCCUPANCY.CMPD.PART2, 0x4d5
UNC_IIO_COMP_BUF_OCCUPANCY.CMPD.PART3, 0x8d5
UNC_IIO_COMP_BUF_OCCUPANCY.CMPD.PART4, 0x10d5
UNC_IIO_COMP_BUF_OCCUPANCY.CMPD.PART5, 0x20d5
UNC_IIO_COMP_BUF_OCCUPANCY.CMPD.PART6, 0x40d5
UNC_IIO_COMP_BUF_OCCUPANCY.CMPD.PART7, 0x80d5
UNC_IIO_DATA_REQ_BY_CPU.MEM_READ.ALL_PARTS, 0x4c0
UNC_IIO_DATA_REQ_BY_CPU.MEM_READ.PART0, 0x4c0
UNC_IIO_DATA_REQ_BY_CPU.MEM_READ.PART1, 0x4c0
UNC_IIO_DATA_REQ_BY_CPU.MEM_READ.PART2, 0x4c0
UNC_IIO_DATA_REQ_BY_CPU.MEM_READ.PART3, 0x4c0
UNC_IIO_DATA_REQ_BY_CPU.MEM_READ.PART4, 0x4c0
UNC_IIO_DATA_REQ_BY_CPU.MEM_READ.PART5, 0x4c0
UNC_IIO_DATA_REQ_BY_CPU.MEM_READ.PART6, 0x4c0
UNC_IIO_DATA_REQ_BY_CPU.MEM_READ.PART7, 0x4c0
UNC_IIO_DATA_REQ_BY_CPU.MEM_WRITE.ALL_PARTS, 0x1c0
UNC_IIO_DATA_REQ_BY_CPU.MEM_WRITE.IOMMU0, 0x1c0
UNC_IIO_DATA_REQ_BY_CPU.MEM_WRITE.IOMMU1, 0x1c0
UNC_IIO_DATA_REQ_BY_CPU.MEM_WRITE.PART0, 0x1c0
UNC_IIO_DATA_REQ_BY_CPU.MEM_WRITE.PART1, 0x1c0
UNC_IIO_DATA_REQ_BY_CPU.MEM_WRITE.PART2, 0x1c0
UNC_IIO_DATA_REQ_BY_CPU.MEM_WRITE.PART3, 0x1c0
UNC_IIO_DATA_REQ_BY_CPU.MEM_WRITE.PART4, 0x1c0
UNC_IIO_DATA_REQ_BY_CPU.MEM_WRITE.PART5, 0x1c0
UNC_IIO_DATA_REQ_BY_CPU.MEM_WRITE.PART6, 0x1c0
UNC_IIO_DATA_REQ_BY_CPU.MEM_WRITE.PART7, 0x1c0
UNC_IIO_DATA_REQ_BY_CPU.PEER_READ.PART0, 0x8c0
UNC_IIO_DATA_REQ_BY_CPU.PEER_READ.PART1, 0x8c0
UNC_IIO_DATA_REQ_BY_CPU.PEER_READ.PART2, 0x8c0
UNC_IIO_DATA_REQ_BY_CPU.PEER_READ.PART3, 0x8c0
UNC_IIO_DATA_REQ_BY_CPU.PEER_READ.PART4, 0x8c0
UNC_IIO_DATA_REQ_BY_CPU.PEER_READ.PART5, 0x8c0
UNC_IIO_DATA_REQ_BY_CPU.PEER_READ.PART6, 0x8c0
UNC_IIO_DATA_REQ_BY_CPU.PEER_READ.PART7, 0x8c0
UNC_IIO_DATA_REQ_BY_CPU.PEER_WRITE.PART0, 0x2c0
UNC_IIO_DATA_REQ_BY_CPU.PEER_WRITE.PART1, 0x2c0
UNC_IIO_DATA_REQ_BY_CPU.PEER_WRITE.PART2, 0x2c0
UNC_IIO_DATA_REQ_BY_CPU.PEER_WRITE.PART3, 0x2c0
UNC_IIO_DATA_REQ_BY_CPU.PEER_WRITE.PART4, 0x2c0
UNC_IIO_DATA_REQ_BY_CPU.PEER_WRITE.PART5, 0x2c0
UNC_IIO_DATA_REQ_BY_CPU.PEER_WRITE.PART6, 0x2c0
UNC_IIO_DATA_REQ_BY_CPU.PEER_WRITE.PART7, 0x2c0
UNC_IIO_DATA_REQ_OF_CPU.CMPD.ALL_PARTS, 0x8083
UNC_IIO_DATA_REQ_OF_CPU.CMPD.PART0, 0x8083
UNC_IIO_DATA_REQ_OF_CPU.CMPD.PART1, 0x8083
UNC_IIO_DATA_REQ_OF_CPU.CMPD.PART2, 0x8083
UNC_IIO_DATA_REQ_OF_CPU.CMPD.PART3, 0x8083
UNC_IIO_DATA_REQ_OF_CPU.CMPD.PART4, 0x8083
UNC_IIO_DATA_REQ_OF_CPU.CMPD.PART5, 0x8083
UNC_IIO_DATA_REQ_OF_CPU.CMPD.PART6, 0x8083
UNC_IIO_DATA_REQ_OF_CPU.CMPD.PART7, 0x8083
UNC_IIO_DATA_REQ_OF_CPU.MEM_READ.ALL_PARTS, 0x483
UNC_IIO_DATA_REQ_OF_CPU.MEM_READ.PART0, 0x483
UNC_IIO_DATA_REQ_OF_CPU.MEM_READ.PART1, 0x483
UNC_IIO_DATA_REQ_OF_CPU.MEM_READ.PART2, 0x483
UNC_IIO_DATA_REQ_OF_CPU.MEM_READ.PART3, 0x483
UNC_IIO_DATA_REQ_OF_CPU.MEM_READ.PART4, 0x483
UNC_IIO_DATA_REQ_OF_CPU.MEM_READ.PART5, 0x483
UNC_IIO_DATA_REQ_OF_CPU.MEM_READ.PART6, 0x483
UNC_IIO_DATA_REQ_OF_CPU.MEM_READ.PART7, 0x483
UNC_IIO_DATA_REQ_OF_CPU.MEM_WRITE.ALL_PARTS, 0x183
UNC_IIO_DATA_REQ_OF_CPU.MEM_WRITE.PART0, 0x183
UNC_IIO_DATA_REQ_OF_CPU.MEM_WRITE.PART1, 0x183
UNC_IIO_DATA_REQ_OF_CPU.MEM_WRITE.PART2, 0x183
UNC_IIO_DATA_REQ_OF_CPU.MEM_WRITE.PART3, 0x183
UNC_IIO_DATA_REQ_OF_CPU.MEM_WRITE.PART4, 0x183
UNC_IIO_DATA_REQ_OF_CPU.MEM_WRITE.PART5, 0x183
UNC_IIO_DATA_REQ_OF_CPU.MEM_WRITE.PART6, 0x183
UNC_IIO_DATA_REQ_OF_CPU.MEM_WRITE.PART7, 0x183
UNC_IIO_DATA_REQ_OF_CPU.PEER_WRITE.PART0, 0x283
UNC_IIO_DATA_REQ_OF_CPU.PEER_WRITE.PART1, 0x283
UNC_IIO_DATA_REQ_OF_CPU.PEER_WRITE.PART2, 0x283
UNC_IIO_DATA_REQ_OF_CPU.PEER_WRITE.PART3, 0x283
UNC_IIO_DATA_REQ_OF_CPU.PEER_WRITE.PART4, 0x283
UNC_IIO_DATA_REQ_OF_CPU.PEER_WRITE.PART5, 0x283
UNC_IIO_DATA_REQ_OF_CPU.PEER_WRITE.PART6, 0x283
UNC_IIO_DATA_REQ_OF_CPU.PEER_WRITE.PART7, 0x283
UNC_IIO_INBOUND_ARB_REQ.DATA, 0x2086
UNC_IIO_INBOUND_ARB_REQ.FINAL_RD_WR, 0x886
UNC_IIO_INBOUND_ARB_REQ.IOMMU_HIT, 0x286
UNC_IIO_INBOUND_ARB_REQ.IOMMU_REQ, 0x186
UNC_IIO_INBOUND_ARB_REQ.REQ_OWN, 0x486
UNC_IIO_INBOUND_ARB_REQ.WR, 0x1086
UNC_IIO_INBOUND_ARB_WON.DATA, 0x2087
UNC_IIO_INBOUND_ARB_WON.FINAL_RD_WR, 0x887
UNC_IIO_INBOUND_ARB_WON.IOMMU_HIT, 0x287
UNC_IIO_INBOUND_ARB_WON.IOMMU_REQ, 0x187
UNC_IIO_INBOUND_ARB_WON.REQ_OWN, 0x487
UNC_IIO_INBOUND_ARB_WON.WR, 0x1087
UNC_IIO_IOMMU0.1G_HITS, 0x1040
UNC_IIO_IOMMU0.2M_HITS, 0x840
UNC_IIO_IOMMU0.4K_HITS, 0x440
UNC_IIO_IOMMU0.CTXT_CACHE_HITS, 0x8040
UNC_IIO_IOMMU0.CTXT_CACHE_LOOKUPS, 0x4040
UNC_IIO_IOMMU0.FIRST_LOOKUPS, 0x140
UNC_IIO_IOMMU0.MISSES, 0x2040
UNC_IIO_IOMMU1.NUM_MEM_ACCESSES, 0xc041
UNC_IIO_IOMMU1.PWC_1G_HITS, 0x441
UNC_IIO_IOMMU1.PWC_256T_HITS, 0x1041
UNC_IIO_IOMMU1.PWC_2M_HITS, 0x241
UNC_IIO_IOMMU1.PWC_512G_HITS, 0x841
UNC_IIO_IOMMU1.PWC_CACHE_FILLS, 0x2041
UNC_IIO_IOMMU1.PWT_CACHE_LOOKUPS, 0x141
UNC_IIO_IOMMU1.SLPWC_1G_HITS, 0x441
UNC_IIO_IOMMU1.SLPWC_256T_HITS, 0x1041
UNC_IIO_IOMMU1.SLPWC_512G_HITS, 0x841
UNC_IIO_IOMMU3.PWT_OCCUPANCY_MSB, 0x143
UNC_IIO_MASK_MATCH_AND.BUS0, 0x102
UNC_IIO_MASK_MATCH_AND.BUS0_BUS1, 0x802
UNC_IIO_MASK_MATCH_AND.BUS0_NOT_BUS1, 0x402
UNC_IIO_MASK_MATCH_AND.BUS1, 0x202
UNC_IIO_MASK_MATCH_AND.NOT_BUS0_BUS1, 0x1002
UNC_IIO_MASK_MATCH_AND.NOT_BUS0_NOT_BUS1, 0x2002
UNC_IIO_MASK_MATCH_OR.BUS0, 0x103
UNC_IIO_MASK_MATCH_OR.BUS0_BUS1, 0x803
UNC_IIO_MASK_MATCH_OR.BUS0_NOT_BUS1, 0x403
UNC_IIO_MASK_MATCH_OR.BUS1, 0x203
UNC_IIO_MASK_MATCH_OR.NOT_BUS0_BUS1, 0x1003
UNC_IIO_MASK_MATCH_OR.NOT_BUS0_NOT_BUS1, 0x2003
UNC_IIO_NUM_REQ_OF_CPU.COMMIT.ALL, 0x185
UNC_IIO_NUM_REQ_OF_CPU_BY_TGT.ABORT, 0x808e
UNC_IIO_NUM_REQ_OF_CPU_BY_TGT.CONFINED_P2P, 0x408e
UNC_IIO_NUM_REQ_OF_CPU_BY_TGT.LOC_P2P, 0x208e
UNC_IIO_NUM_REQ_OF_CPU_BY_TGT.MCAST, 0x28e
UNC_IIO_NUM_REQ_OF_CPU_BY_TGT.MEM, 0x88e
UNC_IIO_NUM_REQ_OF_CPU_BY_TGT.MSGB, 0x18e
UNC_IIO_NUM_REQ_OF_CPU_BY_TGT.REM_P2P, 0x108e
UNC_IIO_NUM_REQ_OF_CPU_BY_TGT.UBOX, 0x48e
UNC_IIO_NUM_TGT_MATCHED_REQ_OF_CPU, 0x8f
UNC_IIO_OUTBOUND_CL_REQS_ISSUED.TO_IO, 0x8d0
UNC_IIO_OUTBOUND_TLP_REQS_ISSUED.TO_IO, 0x8d1
UNC_IIO_PWT_OCCUPANCY, 0xff42
UNC_IIO_REQ_FROM_PCIE_CL_CMPL.DATA, 0x2091
UNC_IIO_REQ_FROM_PCIE_CL_CMPL.FINAL_RD_WR, 0x891
UNC_IIO_REQ_FROM_PCIE_CL_CMPL.REQ_OWN, 0x491
UNC_IIO_REQ_FROM_PCIE_CL_CMPL.WR, 0x1091
UNC_IIO_REQ_FROM_PCIE_CMPL.FINAL_RD_WR, 0x892
UNC_IIO_REQ_FROM_PCIE_CMPL.IOMMU_HIT, 0x292
UNC_IIO_REQ_FROM_PCIE_CMPL.IOMMU_REQ, 0x192
UNC_IIO_REQ_FROM_PCIE_CMPL.REQ_OWN, 0x492
UNC_IIO_REQ_FROM_PCIE_PASS_CMPL.DATA, 0x2090
UNC_IIO_REQ_FROM_PCIE_PASS_CMPL.FINAL_RD_WR, 0x890
UNC_IIO_REQ_FROM_PCIE_PASS_CMPL.REQ_OWN, 0x490
UNC_IIO_REQ_FROM_PCIE_PASS_CMPL.WR, 0x1090
UNC_IIO_TXN_REQ_BY_CPU.MEM_READ.PART0, 0x4c1
UNC_IIO_TXN_REQ_BY_CPU.MEM_READ.PART1, 0x4c1
UNC_IIO_TXN_REQ_BY_CPU.MEM_READ.PART2, 0x4c1
UNC_IIO_TXN_REQ_BY_CPU.MEM_READ.PART3, 0x4c1
UNC_IIO_TXN_REQ_BY_CPU.MEM_READ.PART4, 0x4c1
UNC_IIO_TXN_REQ_BY_CPU.MEM_READ.PART5, 0x4c1
UNC_IIO_TXN_REQ_BY_CPU.MEM_READ.PART6, 0x4c1
UNC_IIO_TXN_REQ_BY_CPU.MEM_READ.PART7, 0x4c1
UNC_IIO_TXN_REQ_BY_CPU.MEM_WRITE.PART0, 0x1c1
UNC_IIO_TXN_REQ_BY_CPU.MEM_WRITE.PART1, 0x1c1
UNC_IIO_TXN_REQ_BY_CPU.MEM_WRITE.PART2, 0x1c1
UNC_IIO_TXN_REQ_BY_CPU.MEM_WRITE.PART3, 0x1c1
UNC_IIO_TXN_REQ_BY_CPU.MEM_WRITE.PART4, 0x1c1
UNC_IIO_TXN_REQ_BY_CPU.MEM_WRITE.PART5, 0x1c1
UNC_IIO_TXN_REQ_BY_CPU.MEM_WRITE.PART6, 0x1c1
UNC_IIO_TXN_REQ_BY_CPU.MEM_WRITE.PART7, 0x1c1
UNC_IIO_TXN_REQ_BY_CPU.PEER_WRITE.PART0, 0x2c1
UNC_IIO_TXN_REQ_BY_CPU.PEER_WRITE.PART1, 0x2c1
UNC_IIO_TXN_REQ_BY_CPU.PEER_WRITE.PART2, 0x2c1
UNC_IIO_TXN_REQ_BY_CPU.PEER_WRITE.PART3, 0x2c1
UNC_IIO_TXN_REQ_BY_CPU.PEER_WRITE.PART4, 0x2c1
UNC_IIO_TXN_REQ_BY_CPU.PEER_WRITE.PART5, 0x2c1
UNC_IIO_TXN_REQ_BY_CPU.PEER_WRITE.PART6, 0x2c1
UNC_IIO_TXN_REQ_BY_CPU.PEER_WRITE.PART7, 0x2c1
UNC_IIO_TXN_REQ_OF_CPU.CMPD.PART0, 0x8084
UNC_IIO_TXN_REQ_OF_CPU.CMPD.PART1, 0x8084
UNC_IIO_TXN_REQ_OF_CPU.CMPD.PART2, 0x8084
UNC_IIO_TXN_REQ_OF_CPU.CMPD.PART3, 0x8084
UNC_IIO_TXN_REQ_OF_CPU.CMPD.PART4, 0x8084
UNC_IIO_TXN_REQ_OF_CPU.CMPD.PART5, 0x8084
UNC_IIO_TXN_REQ_OF_CPU.CMPD.PART6, 0x8084
UNC_IIO_TXN_REQ_OF_CPU.CMPD.PART7, 0x8084
UNC_IIO_TXN_REQ_OF_CPU.MEM_READ.PART0, 0x484
UNC_IIO_TXN_REQ_OF_CPU.MEM_READ.PART1, 0x484
UNC_IIO_TXN_REQ_OF_CPU.MEM_READ.PART2, 0x484
UNC_IIO_TXN_REQ_OF_CPU.MEM_READ.PART3, 0x484
UNC_IIO_TXN_REQ_OF_CPU.MEM_READ.PART4, 0x484
UNC_IIO_TXN_REQ_OF_CPU.MEM_READ.PART5, 0x484
UNC_IIO_TXN_REQ_OF_CPU.MEM_READ.PART6, 0x484
UNC_IIO_TXN_REQ_OF_CPU.MEM_READ.PART7, 0x484
UNC_IIO_TXN_REQ_OF_CPU.MEM_WRITE.PART0, 0x184
UNC_IIO_TXN_REQ_OF_CPU.MEM_WRITE.PART1, 0x184
UNC_IIO_TXN_REQ_OF_CPU.MEM_WRITE.PART2, 0x184
UNC_IIO_TXN_REQ_OF_CPU.MEM_WRITE.PART3, 0x184
UNC_IIO_TXN_REQ_OF_CPU.MEM_WRITE.PART4, 0x184
UNC_IIO_TXN_REQ_OF_CPU.MEM_WRITE.PART5, 0x184
UNC_IIO_TXN_REQ_OF_CPU.MEM_WRITE.PART6, 0x184
UNC_IIO_TXN_REQ_OF_CPU.MEM_WRITE.PART7, 0x184
UNC_IIO_TXN_REQ_OF_CPU.PEER_WRITE.PART0, 0x284
UNC_IIO_TXN_REQ_OF_CPU.PEER_WRITE.PART1, 0x284
UNC_IIO_TXN_REQ_OF_CPU.PEER_WRITE.PART2, 0x284
UNC_IIO_TXN_REQ_OF_CPU.PEER_WRITE.PART3, 0x284
UNC_IIO_TXN_REQ_OF_CPU.PEER_WRITE.PART4, 0x284
UNC_IIO_TXN_REQ_OF_CPU.PEER_WRITE.PART5, 0x284
UNC_IIO_TXN_REQ_OF_CPU.PEER_WRITE.PART6, 0x284
UNC_IIO_TXN_REQ_OF_CPU.PEER_WRITE.PART7, 0x284
UNC_M2P_CLOCKTICKS, 0x1
UNC_M2P_CMS_CLOCKTICKS, 0xc0
UNC_M2P_EGRESS_ORDERING.IV_SNOOPGO_DN, 0x4ba
UNC_M2P_EGRESS_ORDERING.IV_SNOOPGO_UP, 0x1ba
UNC_M2P_IIO_CREDITS_ACQUIRED.DRS_0, 0x133
UNC_M2P_IIO_CREDITS_ACQUIRED.DRS_1, 0x233
UNC_M2P_IIO_CREDITS_ACQUIRED.NCB_0, 0x433
UNC_M2P_IIO_CREDITS_ACQUIRED.NCB_1, 0x833
UNC_M2P_IIO_CREDITS_ACQUIRED.NCS_0, 0x1033
UNC_M2P_IIO_CREDITS_ACQUIRED.NCS_1, 0x2033
UNC_M2P_IIO_CREDITS_REJECT.DRS, 0x834
UNC_M2P_IIO_CREDITS_REJECT.NCB, 0x1034
UNC_M2P_IIO_CREDITS_REJECT.NCS, 0x2034
UNC_M2P_IIO_CREDITS_USED.DRS_0, 0x132
UNC_M2P_IIO_CREDITS_USED.DRS_1, 0x232
UNC_M2P_IIO_CREDITS_USED.NCB_0, 0x432
UNC_M2P_IIO_CREDITS_USED.NCB_1, 0x832
UNC_M2P_IIO_CREDITS_USED.NCS_0, 0x1032
UNC_M2P_IIO_CREDITS_USED.NCS_1, 0x2032
UNC_M2P_LOCAL_DED_P2P_CRD_TAKEN_0.M2IOSF0_NCB, 0x146
UNC_M2P_LOCAL_DED_P2P_CRD_TAKEN_0.M2IOSF0_NCS, 0x246
UNC_M2P_LOCAL_DED_P2P_CRD_TAKEN_0.M2IOSF1_NCB, 0x446
UNC_M2P_LOCAL_DED_P2P_CRD_TAKEN_0.M2IOSF1_NCS, 0x846
UNC_M2P_LOCAL_DED_P2P_CRD_TAKEN_0.M2IOSF2_NCB, 0x1046
UNC_M2P_LOCAL_DED_P2P_CRD_TAKEN_0.M2IOSF2_NCS, 0x2046
UNC_M2P_LOCAL_DED_P2P_CRD_TAKEN_0.M2IOSF3_NCB, 0x4046
UNC_M2P_LOCAL_DED_P2P_CRD_TAKEN_0.M2IOSF3_NCS, 0x8046
UNC_M2P_LOCAL_DED_P2P_CRD_TAKEN_1.M2IOSF4_NCB, 0x147
UNC_M2P_LOCAL_DED_P2P_CRD_TAKEN_1.M2IOSF4_NCS, 0x247
UNC_M2P_LOCAL_DED_P2P_CRD_TAKEN_1.M2IOSF5_NCB, 0x447
UNC_M2P_LOCAL_DED_P2P_CRD_TAKEN_1.M2IOSF5_NCS, 0x847
UNC_M2P_LOCAL_P2P_DED_RETURNED_0.MS2IOSF0_NCB, 0x119
UNC_M2P_LOCAL_P2P_DED_RETURNED_0.MS2IOSF0_NCS, 0x219
UNC_M2P_LOCAL_P2P_DED_RETURNED_0.MS2IOSF1_NCB, 0x419
UNC_M2P_LOCAL_P2P_DED_RETURNED_0.MS2IOSF1_NCS, 0x819
UNC_M2P_LOCAL_P2P_DED_RETURNED_0.MS2IOSF2_NCB, 0x1019
UNC_M2P_LOCAL_P2P_DED_RETURNED_0.MS2IOSF2_NCS, 0x2019
UNC_M2P_LOCAL_P2P_DED_RETURNED_0.MS2IOSF3_NCB, 0x4019
UNC_M2P_LOCAL_P2P_DED_RETURNED_0.MS2IOSF3_NCS, 0x8019
UNC_M2P_LOCAL_P2P_DED_RETURNED_1.MS2IOSF4_NCB, 0x11a
UNC_M2P_LOCAL_P2P_DED_RETURNED_1.MS2IOSF4_NCS, 0x21a
UNC_M2P_LOCAL_P2P_DED_RETURNED_1.MS2IOSF5_NCB, 0x41a
UNC_M2P_LOCAL_P2P_DED_RETURNED_1.MS2IOSF5_NCS, 0x81a
UNC_M2P_LOCAL_P2P_SHAR_RETURNED.AGENT_0, 0x117
UNC_M2P_LOCAL_P2P_SHAR_RETURNED.AGENT_1, 0x217
UNC_M2P_LOCAL_P2P_SHAR_RETURNED.AGENT_2, 0x417
UNC_M2P_LOCAL_SHAR_P2P_CRD_RETURNED.AGENT_0, 0x144
UNC_M2P_LOCAL_SHAR_P2P_CRD_RETURNED.AGENT_1, 0x244
UNC_M2P_LOCAL_SHAR_P2P_CRD_RETURNED.AGENT_2, 0x444
UNC_M2P_LOCAL_SHAR_P2P_CRD_RETURNED.AGENT_3, 0x844
UNC_M2P_LOCAL_SHAR_P2P_CRD_RETURNED.AGENT_4, 0x1044
UNC_M2P_LOCAL_SHAR_P2P_CRD_RETURNED.AGENT_5, 0x2044
UNC_M2P_LOCAL_SHAR_P2P_CRD_TAKEN_0.M2IOSF0_NCB, 0x140
UNC_M2P_LOCAL_SHAR_P2P_CRD_TAKEN_0.M2IOSF0_NCS, 0x240
UNC_M2P_LOCAL_SHAR_P2P_CRD_TAKEN_0.M2IOSF1_NCB, 0x440
UNC_M2P_LOCAL_SHAR_P2P_CRD_TAKEN_0.M2IOSF1_NCS, 0x840
UNC_M2P_LOCAL_SHAR_P2P_CRD_TAKEN_0.M2IOSF2_NCB, 0x1040
UNC_M2P_LOCAL_SHAR_P2P_CRD_TAKEN_0.M2IOSF2_NCS, 0x2040
UNC_M2P_LOCAL_SHAR_P2P_CRD_TAKEN_0.M2IOSF3_NCB, 0x4040
UNC_M2P_LOCAL_SHAR_P2P_CRD_TAKEN_0.M2IOSF3_NCS, 0x8040
UNC_M2P_LOCAL_SHAR_P2P_CRD_TAKEN_1.M2IOSF4_NCB, 0x141
UNC_M2P_LOCAL_SHAR_P2P_CRD_TAKEN_1.M2IOSF4_NCS, 0x241
UNC_M2P_LOCAL_SHAR_P2P_CRD_TAKEN_1.M2IOSF5_NCB, 0x441
UNC_M2P_LOCAL_SHAR_P2P_CRD_TAKEN_1.M2IOSF5_NCS, 0x841
UNC_M2P_LOCAL_SHAR_P2P_CRD_WAIT_0.M2IOSF0_NCB, 0x14a
UNC_M2P_LOCAL_SHAR_P2P_CRD_WAIT_0.M2IOSF0_NCS, 0x24a
UNC_M2P_LOCAL_SHAR_P2P_CRD_WAIT_0.M2IOSF1_NCB, 0x44a
UNC_M2P_LOCAL_SHAR_P2P_CRD_WAIT_0.M2IOSF1_NCS, 0x84a
UNC_M2P_LOCAL_SHAR_P2P_CRD_WAIT_0.M2IOSF2_NCB, 0x104a
UNC_M2P_LOCAL_SHAR_P2P_CRD_WAIT_0.M2IOSF2_NCS, 0x204a
UNC_M2P_LOCAL_SHAR_P2P_CRD_WAIT_0.M2IOSF3_NCB, 0x404a
UNC_M2P_LOCAL_SHAR_P2P_CRD_WAIT_0.M2IOSF3_NCS, 0x804a
UNC_M2P_LOCAL_SHAR_P2P_CRD_WAIT_1.M2IOSF4_NCB, 0x14b
UNC_M2P_LOCAL_SHAR_P2P_CRD_WAIT_1.M2IOSF4_NCS, 0x24b
UNC_M2P_LOCAL_SHAR_P2P_CRD_WAIT_1.M2IOSF5_NCB, 0x44b
UNC_M2P_LOCAL_SHAR_P2P_CRD_WAIT_1.M2IOSF5_NCS, 0x84b
UNC_M2P_P2P_CRD_OCCUPANCY.ALL, 0x1014
UNC_M2P_P2P_CRD_OCCUPANCY.LOCAL_NCB, 0x114
UNC_M2P_P2P_CRD_OCCUPANCY.LOCAL_NCS, 0x214
UNC_M2P_P2P_CRD_OCCUPANCY.REMOTE_NCB, 0x414
UNC_M2P_P2P_CRD_OCCUPANCY.REMOTE_NCS, 0x814
UNC_M2P_P2P_DED_RECEIVED.ALL, 0x1016
UNC_M2P_P2P_DED_RECEIVED.LOCAL_NCB, 0x116
UNC_M2P_P2P_DED_RECEIVED.LOCAL_NCS, 0x216
UNC_M2P_P2P_DED_RECEIVED.REMOTE_NCB, 0x416
UNC_M2P_P2P_DED_RECEIVED.REMOTE_NCS, 0x816
UNC_M2P_P2P_SHAR_RECEIVED.ALL, 0x1015
UNC_M2P_P2P_SHAR_RECEIVED.LOCAL_NCB, 0x115
UNC_M2P_P2P_SHAR_RECEIVED.LOCAL_NCS, 0x215
UNC_M2P_P2P_SHAR_RECEIVED.REMOTE_NCB, 0x415
UNC_M2P_P2P_SHAR_RECEIVED.REMOTE_NCS, 0x815
UNC_M2P_REMOTE_DED_P2P_CRD_TAKEN_0.UPI0_DRS, 0x148
UNC_M2P_REMOTE_DED_P2P_CRD_TAKEN_0.UPI0_NCB, 0x248
UNC_M2P_REMOTE_DED_P2P_CRD_TAKEN_0.UPI0_NCS, 0x448
UNC_M2P_REMOTE_DED_P2P_CRD_TAKEN_0.UPI1_DRS, 0x848
UNC_M2P_REMOTE_DED_P2P_CRD_TAKEN_0.UPI1_NCB, 0x1048
UNC_M2P_REMOTE_DED_P2P_CRD_TAKEN_0.UPI1_NCS, 0x2048
UNC_M2P_REMOTE_DED_P2P_CRD_TAKEN_1.UPI2_DRS, 0x149
UNC_M2P_REMOTE_DED_P2P_CRD_TAKEN_1.UPI2_NCB, 0x249
UNC_M2P_REMOTE_DED_P2P_CRD_TAKEN_1.UPI2_NCS, 0x449
UNC_M2P_REMOTE_P2P_DED_RETURNED.UPI0_NCB, 0x11b
UNC_M2P_REMOTE_P2P_DED_RETURNED.UPI0_NCS, 0x21b
UNC_M2P_REMOTE_P2P_DED_RETURNED.UPI1_NCB, 0x41b
UNC_M2P_REMOTE_P2P_DED_RETURNED.UPI1_NCS, 0x81b
UNC_M2P_REMOTE_P2P_DED_RETURNED.UPI2_NCB, 0x101b
UNC_M2P_REMOTE_P2P_DED_RETURNED.UPI2_NCS, 0x201b
UNC_M2P_REMOTE_P2P_SHAR_RETURNED.AGENT_0, 0x118
UNC_M2P_REMOTE_P2P_SHAR_RETURNED.AGENT_1, 0x218
UNC_M2P_REMOTE_P2P_SHAR_RETURNED.AGENT_2, 0x418
UNC_M2P_REMOTE_SHAR_P2P_CRD_RETURNED.AGENT_0, 0x145
UNC_M2P_REMOTE_SHAR_P2P_CRD_RETURNED.AGENT_1, 0x245
UNC_M2P_REMOTE_SHAR_P2P_CRD_RETURNED.AGENT_2, 0x445
UNC_M2P_REMOTE_SHAR_P2P_CRD_TAKEN_0.UPI0_DRS, 0x142
UNC_M2P_REMOTE_SHAR_P2P_CRD_TAKEN_0.UPI0_NCB, 0x242
UNC_M2P_REMOTE_SHAR_P2P_CRD_TAKEN_0.UPI0_NCS, 0x442
UNC_M2P_REMOTE_SHAR_P2P_CRD_TAKEN_0.UPI1_DRS, 0x842
UNC_M2P_REMOTE_SHAR_P2P_CRD_TAKEN_0.UPI1_NCB, 0x1042
UNC_M2P_REMOTE_SHAR_P2P_CRD_TAKEN_0.UPI1_NCS, 0x2042
UNC_M2P_REMOTE_SHAR_P2P_CRD_TAKEN_1.UPI2_DRS, 0x143
UNC_M2P_REMOTE_SHAR_P2P_CRD_TAKEN_1.UPI2_NCB, 0x243
UNC_M2P_REMOTE_SHAR_P2P_CRD_TAKEN_1.UPI2_NCS, 0x443
UNC_M2P_REMOTE_SHAR_P2P_CRD_WAIT_0.UPI0_DRS, 0x14c
UNC_M2P_REMOTE_SHAR_P2P_CRD_WAIT_0.UPI0_NCB, 0x24c
UNC_M2P_REMOTE_SHAR_P2P_CRD_WAIT_0.UPI0_NCS, 0x44c
UNC_M2P_REMOTE_SHAR_P2P_CRD_WAIT_0.UPI1_DRS, 0x84c
UNC_M2P_REMOTE_SHAR_P2P_CRD_WAIT_0.UPI1_NCB, 0x104c
UNC_M2P_REMOTE_SHAR_P2P_CRD_WAIT_0.UPI1_NCS, 0x204c
UNC_M2P_REMOTE_SHAR_P2P_CRD_WAIT_1.UPI2_DRS, 0x14d
UNC_M2P_REMOTE_SHAR_P2P_CRD_WAIT_1.UPI2_NCB, 0x24d
UNC_M2P_REMOTE_SHAR_P2P_CRD_WAIT_1.UPI2_NCS, 0x44d
UNC_M2P_RxC_CYCLES_NE.ALL, 0x8010
UNC_M2P_RxC_CYCLES_NE.CHA_IDI, 0x110
UNC_M2P_RxC_CYCLES_NE.CHA_NCB, 0x210
UNC_M2P_RxC_CYCLES_NE.CHA_NCS, 0x410
UNC_M2P_RxC_CYCLES_NE.IIO_NCB, 0x2010
UNC_M2P_RxC_CYCLES_NE.IIO_NCS, 0x4010
UNC_M2P_RxC_CYCLES_NE.UPI_NCB, 0x810
UNC_M2P_RxC_CYCLES_NE.UPI_NCS, 0x1010
UNC_M2P_RxC_INSERTS.ALL, 0x8011
UNC_M2P_RxC_INSERTS.CHA_IDI, 0x111
UNC_M2P_RxC_INSERTS.CHA_NCB, 0x211
UNC_M2P_RxC_INSERTS.CHA_NCS, 0x411
UNC_M2P_RxC_INSERTS.IIO_NCB, 0x2011
UNC_M2P_RxC_INSERTS.IIO_NCS, 0x4011
UNC_M2P_RxC_INSERTS.UPI_NCB, 0x811
UNC_M2P_RxC_INSERTS.UPI_NCS, 0x1011
UNC_M2P_TxC_CREDITS.PMM, 0x22d
UNC_M2P_TxC_CREDITS.PRQ, 0x12d
UNC_M2P_TxC_CYCLES_FULL.PMM_BLOCK_0, 0x8025
UNC_M2P_TxC_CYCLES_FULL.PMM_BLOCK_1, 0x825
UNC_M2P_TxC_CYCLES_NE.PMM_DISTRESS_0, 0x8023
UNC_M2P_TxC_CYCLES_NE.PMM_DISTRESS_1, 0x823
L1D.HWPF_MISS, 0x2051
L1D.REPLACEMENT, 0x151
L1D_PEND_MISS.FB_FULL, 0x248
L1D_PEND_MISS.FB_FULL_PERIODS, 0x248
L1D_PEND_MISS.L2_STALL, 0x448
L1D_PEND_MISS.L2_STALLS, 0x448
L1D_PEND_MISS.PENDING, 0x148
L1D_PEND_MISS.PENDING_CYCLES, 0x148
L2_LINES_IN.ALL, 0x1f25
L2_LINES_OUT.NON_SILENT, 0x226
L2_LINES_OUT.SILENT, 0x126
L2_LINES_OUT.USELESS_HWPF, 0x426
L2_REQUEST.ALL, 0xff24
L2_REQUEST.MISS, 0x3f24
L2_RQSTS.ALL_CODE_RD, 0xe424
L2_RQSTS.ALL_DEMAND_DATA_RD, 0xe124
L2_RQSTS.ALL_DEMAND_MISS, 0x2724
L2_RQSTS.ALL_DEMAND_REFERENCES, 0xe724
L2_RQSTS.ALL_HWPF, 0xf024
L2_RQSTS.ALL_RFO, 0xe224
L2_RQSTS.CODE_RD_HIT, 0xc424
L2_RQSTS.CODE_RD_MISS, 0x2424
L2_RQSTS.DEMAND_DATA_RD_HIT, 0xc124
L2_RQSTS.DEMAND_DATA_RD_MISS, 0x2124
L2_RQSTS.HWPF_MISS, 0x3024
L2_RQSTS.MISS, 0x3f24
L2_RQSTS.REFERENCES, 0xff24
L2_RQSTS.RFO_HIT, 0xc224
L2_RQSTS.RFO_MISS, 0x2224
L2_RQSTS.SWPF_HIT, 0xc824
L2_RQSTS.SWPF_MISS, 0x2824
L2_TRANS.L2_WB, 0x4023
LONGEST_LAT_CACHE.MISS, 0x412e
LONGEST_LAT_CACHE.REFERENCE, 0x4f2e
MEM_INST_RETIRED.ALL_LOADS, 0x81d0
MEM_INST_RETIRED.ALL_STORES, 0x82d0
MEM_INST_RETIRED.ANY, 0x83d0
MEM_INST_RETIRED.LOCK_LOADS, 0x21d0
MEM_INST_RETIRED.SPLIT_LOADS, 0x41d0
MEM_INST_RETIRED.SPLIT_STORES, 0x42d0
MEM_INST_RETIRED.STLB_MISS_LOADS, 0x11d0
MEM_INST_RETIRED.STLB_MISS_STORES, 0x12d0
MEM_LOAD_COMPLETED.L1_MISS_ANY, 0xfd43
MEM_LOAD_L3_HIT_RETIRED.XSNP_FWD, 0x4d2
MEM_LOAD_L3_HIT_RETIRED.XSNP_MISS, 0x1d2
MEM_LOAD_L3_HIT_RETIRED.XSNP_NONE, 0x8d2
MEM_LOAD_L3_HIT_RETIRED.XSNP_NO_FWD, 0x2d2
MEM_LOAD_L3_MISS_RETIRED.LOCAL_DRAM, 0x1d3
MEM_LOAD_L3_MISS_RETIRED.REMOTE_DRAM, 0x2d3
MEM_LOAD_L3_MISS_RETIRED.REMOTE_FWD, 0x8d3
MEM_LOAD_L3_MISS_RETIRED.REMOTE_HITM, 0x4d3
MEM_LOAD_L3_MISS_RETIRED.REMOTE_PMM, 0x10d3
MEM_LOAD_MISC_RETIRED.UC, 0x4d4
MEM_LOAD_RETIRED.FB_HIT, 0x40d1
MEM_LOAD_RETIRED.L1_HIT, 0x1d1
MEM_LOAD_RETIRED.L1_MISS, 0x8d1
MEM_LOAD_RETIRED.L2_HIT, 0x2d1
MEM_LOAD_RETIRED.L2_MISS, 0x10d1
MEM_LOAD_RETIRED.L3_HIT, 0x4d1
MEM_LOAD_RETIRED.L3_MISS, 0x20d1
MEM_LOAD_RETIRED.LOCAL_PMM, 0x80d1
MEM_STORE_RETIRED.L2_HIT, 0x144
MEM_UOP_RETIRED.ANY, 0x3e5
OFFCORE_REQUESTS.ALL_REQUESTS, 0x8021
OFFCORE_REQUESTS.DATA_RD, 0x821
OFFCORE_REQUESTS.DEMAND_CODE_RD, 0x221
OFFCORE_REQUESTS.DEMAND_DATA_RD, 0x121
OFFCORE_REQUESTS.DEMAND_RFO, 0x421
OFFCORE_REQUESTS_OUTSTANDING.ALL_DATA_RD, 0x820
OFFCORE_REQUESTS_OUTSTANDING.CYCLES_WITH_DATA_RD, 0x820
OFFCORE_REQUESTS_OUTSTANDING.CYCLES_WITH_DEMAND_CODE_RD, 0x220
OFFCORE_REQUESTS_OUTSTANDING.CYCLES_WITH_DEMAND_DATA_RD, 0x120
OFFCORE_REQUESTS_OUTSTANDING.CYCLES_WITH_DEMAND_RFO, 0x420
OFFCORE_REQUESTS_OUTSTANDING.DATA_RD, 0x820
OFFCORE_REQUESTS_OUTSTANDING.DEMAND_CODE_RD, 0x220
OFFCORE_REQUESTS_OUTSTANDING.DEMAND_DATA_RD, 0x120
SQ_MISC.BUS_LOCK, 0x102c
SW_PREFETCH_ACCESS.ANY, 0xf40
SW_PREFETCH_ACCESS.NTA, 0x140
SW_PREFETCH_ACCESS.PREFETCHW, 0x840
SW_PREFETCH_ACCESS.T0, 0x240
SW_PREFETCH_ACCESS.T1_T2, 0x440
UNC_M2HBM_CLOCKTICKS, 0x1
UNC_M2HBM_CMS_CLOCKTICKS, 0xc0
UNC_M2HBM_DIRECT2CORE_NOT_TAKEN_DIRSTATE, 0x717
UNC_M2HBM_DIRECT2CORE_NOT_TAKEN_DIRSTATE.NON_CISGRESS, 0x217
UNC_M2HBM_DIRECT2CORE_NOT_TAKEN_NOTFORKED, 0x4a
UNC_M2HBM_DIRECT2CORE_TXN_OVERRIDE, 0x318
UNC_M2HBM_DIRECT2CORE_TXN_OVERRIDE.CISGRESS, 0x218
UNC_M2HBM_DIRECT2UPI_NOT_TAKEN_CREDITS, 0x71b
UNC_M2HBM_DIRECT2UPI_NOT_TAKEN_DIRSTATE, 0x71a
UNC_M2HBM_DIRECT2UPI_NOT_TAKEN_DIRSTATE.CISGRESS, 0x41a
UNC_M2HBM_DIRECT2UPI_NOT_TAKEN_DIRSTATE.EGRESS, 0x11a
UNC_M2HBM_DIRECT2UPI_NOT_TAKEN_DIRSTATE.NON_CISGRESS, 0x21a
UNC_M2HBM_DIRECT2UPI_TXN_OVERRIDE, 0x31c
UNC_M2HBM_DIRECT2UPI_TXN_OVERRIDE.CISGRESS, 0x21c
UNC_M2HBM_DIRECTORY_HIT.CLEAN_A, 0x801d
UNC_M2HBM_DIRECTORY_HIT.CLEAN_I, 0x101d
UNC_M2HBM_DIRECTORY_HIT.CLEAN_P, 0x401d
UNC_M2HBM_DIRECTORY_HIT.CLEAN_S, 0x201d
UNC_M2HBM_DIRECTORY_HIT.DIRTY_A, 0x81d
UNC_M2HBM_DIRECTORY_HIT.DIRTY_I, 0x11d
UNC_M2HBM_DIRECTORY_HIT.DIRTY_P, 0x41d
UNC_M2HBM_DIRECTORY_HIT.DIRTY_S, 0x21d
UNC_M2HBM_DIRECTORY_LOOKUP.ANY, 0x120
UNC_M2HBM_DIRECTORY_LOOKUP.STATE_A, 0x820
UNC_M2HBM_DIRECTORY_LOOKUP.STATE_I, 0x220
UNC_M2HBM_DIRECTORY_LOOKUP.STATE_S, 0x420
UNC_M2HBM_DIRECTORY_MISS.CLEAN_A, 0x801e
UNC_M2HBM_DIRECTORY_MISS.CLEAN_I, 0x101e
UNC_M2HBM_DIRECTORY_MISS.CLEAN_P, 0x401e
UNC_M2HBM_DIRECTORY_MISS.CLEAN_S, 0x201e
UNC_M2HBM_DIRECTORY_MISS.DIRTY_A, 0x81e
UNC_M2HBM_DIRECTORY_MISS.DIRTY_I, 0x11e
UNC_M2HBM_DIRECTORY_MISS.DIRTY_P, 0x41e
UNC_M2HBM_DIRECTORY_MISS.DIRTY_S, 0x21e
UNC_M2HBM_DIRECTORY_UPDATE.A2I, 0x32021
UNC_M2HBM_DIRECTORY_UPDATE.A2S, 0x34021
UNC_M2HBM_DIRECTORY_UPDATE.ANY, 0x30121
UNC_M2HBM_DIRECTORY_UPDATE.A_TO_I_HIT_NON_PMM, 0x12021
UNC_M2HBM_DIRECTORY_UPDATE.A_TO_I_MISS_NON_PMM, 0x22021
UNC_M2HBM_DIRECTORY_UPDATE.A_TO_S_HIT_NON_PMM, 0x14021
UNC_M2HBM_DIRECTORY_UPDATE.A_TO_S_MISS_NON_PMM, 0x24021
UNC_M2HBM_DIRECTORY_UPDATE.HIT_NON_PMM, 0x10121
UNC_M2HBM_DIRECTORY_UPDATE.I2A, 0x30421
UNC_M2HBM_DIRECTORY_UPDATE.I2S, 0x30221
UNC_M2HBM_DIRECTORY_UPDATE.I_TO_A_HIT_NON_PMM, 0x10421
UNC_M2HBM_DIRECTORY_UPDATE.I_TO_A_MISS_NON_PMM, 0x20421
UNC_M2HBM_DIRECTORY_UPDATE.I_TO_S_HIT_NON_PMM, 0x10221
UNC_M2HBM_DIRECTORY_UPDATE.I_TO_S_MISS_NON_PMM, 0x20221
UNC_M2HBM_DIRECTORY_UPDATE.MISS_NON_PMM, 0x20121
UNC_M2HBM_DIRECTORY_UPDATE.S2A, 0x31021
UNC_M2HBM_DIRECTORY_UPDATE.S2I, 0x30821
UNC_M2HBM_DIRECTORY_UPDATE.S_TO_A_HIT_NON_PMM, 0x11021
UNC_M2HBM_DIRECTORY_UPDATE.S_TO_A_MISS_NON_PMM, 0x21021
UNC_M2HBM_DIRECTORY_UPDATE.S_TO_I_HIT_NON_PMM, 0x10821
UNC_M2HBM_DIRECTORY_UPDATE.S_TO_I_MISS_NON_PMM, 0x20821
UNC_M2HBM_DISTRESS.AD, 0x2067
UNC_M2HBM_DISTRESS.ALL, 0x167
UNC_M2HBM_DISTRESS.BL_CMP, 0x4067
UNC_M2HBM_DISTRESS.CROSSTILE_NMWR, 0x1067
UNC_M2HBM_DISTRESS.D2CHA, 0x867
UNC_M2HBM_DISTRESS.D2CORE, 0x267
UNC_M2HBM_DISTRESS.D2UPI, 0x467
UNC_M2HBM_EGRESS_ORDERING.IV_SNOOPGO_DN, 0x80000004ba
UNC_M2HBM_EGRESS_ORDERING.IV_SNOOPGO_UP, 0x80000001ba
UNC_M2HBM_IGR_STARVE_WINNER.MASK7, 0x8044
UNC_M2HBM_IMC_READS.ALL, 0x30424
UNC_M2HBM_IMC_READS.CH0.ALL, 0x10424
UNC_M2HBM_IMC_READS.CH0.NORMAL, 0x10124
UNC_M2HBM_IMC_READS.CH0_ALL, 0x10424
UNC_M2HBM_IMC_READS.CH0_FROM_TGR, 0x14024
UNC_M2HBM_IMC_READS.CH0_ISOCH, 0x10224
UNC_M2HBM_IMC_READS.CH0_NORMAL, 0x10124
UNC_M2HBM_IMC_READS.CH1.ALL, 0x20424
UNC_M2HBM_IMC_READS.CH1.NORMAL, 0x20124
UNC_M2HBM_IMC_READS.CH1_ALL, 0x20424
UNC_M2HBM_IMC_READS.CH1_FROM_TGR, 0x24024
UNC_M2HBM_IMC_READS.CH1_ISOCH, 0x20224
UNC_M2HBM_IMC_READS.CH1_NORMAL, 0x20124
UNC_M2HBM_IMC_READS.FROM_TGR, 0x34024
UNC_M2HBM_IMC_READS.ISOCH, 0x30224
UNC_M2HBM_IMC_READS.NORMAL, 0x30124
UNC_M2HBM_IMC_WRITES.ALL, 0x181025
UNC_M2HBM_IMC_WRITES.CH0.ALL, 0x81025
UNC_M2HBM_IMC_WRITES.CH0.FULL, 0x80125
UNC_M2HBM_IMC_WRITES.CH0.PARTIAL, 0x80225
UNC_M2HBM_IMC_WRITES.CH0_ALL, 0x81025
UNC_M2HBM_IMC_WRITES.CH0_FROM_TGR, 0x25
UNC_M2HBM_IMC_WRITES.CH0_FULL, 0x80125
UNC_M2HBM_IMC_WRITES.CH0_FULL_ISOCH, 0x80425
UNC_M2HBM_IMC_WRITES.CH0_NI, 0x25
UNC_M2HBM_IMC_WRITES.CH0_NI_MISS, 0x25
UNC_M2HBM_IMC_WRITES.CH0_PARTIAL, 0x80225
UNC_M2HBM_IMC_WRITES.CH0_PARTIAL_ISOCH, 0x80825
UNC_M2HBM_IMC_WRITES.CH1.ALL, 0x101025
UNC_M2HBM_IMC_WRITES.CH1.FULL, 0x100125
UNC_M2HBM_IMC_WRITES.CH1.PARTIAL, 0x100225
UNC_M2HBM_IMC_WRITES.CH1_ALL, 0x101025
UNC_M2HBM_IMC_WRITES.CH1_FROM_TGR, 0x25
UNC_M2HBM_IMC_WRITES.CH1_FULL, 0x100125
UNC_M2HBM_IMC_WRITES.CH1_FULL_ISOCH, 0x100425
UNC_M2HBM_IMC_WRITES.CH1_NI, 0x25
UNC_M2HBM_IMC_WRITES.CH1_NI_MISS, 0x25
UNC_M2HBM_IMC_WRITES.CH1_PARTIAL, 0x100225
UNC_M2HBM_IMC_WRITES.CH1_PARTIAL_ISOCH, 0x100825
UNC_M2HBM_IMC_WRITES.FROM_TGR, 0x25
UNC_M2HBM_IMC_WRITES.FULL, 0x180125
UNC_M2HBM_IMC_WRITES.FULL_ISOCH, 0x180425
UNC_M2HBM_IMC_WRITES.NI, 0x25
UNC_M2HBM_IMC_WRITES.NI_MISS, 0x25
UNC_M2HBM_IMC_WRITES.PARTIAL, 0x180225
UNC_M2HBM_IMC_WRITES.PARTIAL_ISOCH, 0x180825
UNC_M2HBM_PREFCAM_CIS_DROPS, 0x5c
UNC_M2HBM_PREFCAM_DEMAND_DROPS.CH0_UPI, 0x258
UNC_M2HBM_PREFCAM_DEMAND_DROPS.CH0_XPT, 0x158
UNC_M2HBM_PREFCAM_DEMAND_DROPS.CH1_UPI, 0x858
UNC_M2HBM_PREFCAM_DEMAND_DROPS.CH1_XPT, 0x458
UNC_M2HBM_PREFCAM_DEMAND_DROPS.UPI_ALLCH, 0xa58
UNC_M2HBM_PREFCAM_DEMAND_DROPS.XPT_ALLCH, 0x558
UNC_M2HBM_PREFCAM_DEMAND_MERGE.UPI_ALLCH, 0xa5d
UNC_M2HBM_PREFCAM_DEMAND_MERGE.XPT_ALLCH, 0x55d
UNC_M2HBM_PREFCAM_DEMAND_NO_MERGE.RD_MERGED, 0x405e
UNC_M2HBM_PREFCAM_DEMAND_NO_MERGE.WR_MERGED, 0x205e
UNC_M2HBM_PREFCAM_DEMAND_NO_MERGE.WR_SQUASHED, 0x105e
UNC_M2HBM_PREFCAM_INSERTS.CH0_UPI, 0x256
UNC_M2HBM_PREFCAM_INSERTS.CH0_XPT, 0x156
UNC_M2HBM_PREFCAM_INSERTS.CH1_UPI, 0x856
UNC_M2HBM_PREFCAM_INSERTS.CH1_XPT, 0x456
UNC_M2HBM_PREFCAM_INSERTS.UPI_ALLCH, 0xa56
UNC_M2HBM_PREFCAM_INSERTS.XPT_ALLCH, 0x556
UNC_M2HBM_PREFCAM_OCCUPANCY.ALLCH, 0x354
UNC_M2HBM_PREFCAM_OCCUPANCY.CH0, 0x154
UNC_M2HBM_PREFCAM_OCCUPANCY.CH1, 0x254
UNC_M2HBM_PREFCAM_RESP_MISS.ALLCH, 0x35f
UNC_M2HBM_PREFCAM_RESP_MISS.CH0, 0x15f
UNC_M2HBM_PREFCAM_RESP_MISS.CH1, 0x25f
UNC_M2HBM_PREFCAM_RxC_DEALLOCS.1LM_POSTED, 0x262
UNC_M2HBM_PREFCAM_RxC_DEALLOCS.CIS, 0x862
UNC_M2HBM_PREFCAM_RxC_DEALLOCS.SQUASHED, 0x162
UNC_M2HBM_PREFCAM_RxC_OCCUPANCY, 0x60
UNC_M2HBM_RxC_AD.INSERTS, 0x102
UNC_M2HBM_RxC_AD_INSERTS, 0x102
UNC_M2HBM_RxC_AD_OCCUPANCY, 0x3
UNC_M2HBM_RxC_BL.INSERTS, 0x104
UNC_M2HBM_RxC_BL_INSERTS, 0x104
UNC_M2HBM_RxC_BL_OCCUPANCY, 0x5
UNC_M2HBM_TGR_AD_CREDITS, 0x2e
UNC_M2HBM_TGR_BL_CREDITS, 0x2f
UNC_M2HBM_TRACKER_INSERTS.CH0, 0x10432
UNC_M2HBM_TRACKER_INSERTS.CH1, 0x20432
UNC_M2HBM_TRACKER_OCCUPANCY.CH0, 0x133
UNC_M2HBM_TRACKER_OCCUPANCY.CH1, 0x233
UNC_M2HBM_TxC_AD.INSERTS, 0x106
UNC_M2HBM_TxC_AD_INSERTS, 0x106
UNC_M2HBM_TxC_AD_OCCUPANCY, 0x7
UNC_M2HBM_TxC_BL.INSERTS_CMS0, 0x1010e
UNC_M2HBM_TxC_BL.INSERTS_CMS1, 0x2010e
UNC_M2HBM_TxC_BL_OCCUPANCY.ALL, 0x30f
UNC_M2HBM_TxC_BL_OCCUPANCY.CMS0, 0x10f
UNC_M2HBM_TxC_BL_OCCUPANCY.CMS1, 0x20f
UNC_M2HBM_WPQ_FLUSH.CH0, 0x142
UNC_M2HBM_WPQ_FLUSH.CH1, 0x242
UNC_M2HBM_WPQ_NO_REG_CRD.CHN0, 0x137
UNC_M2HBM_WPQ_NO_REG_CRD.CHN1, 0x237
UNC_M2HBM_WPQ_NO_SPEC_CRD.CHN0, 0x138
UNC_M2HBM_WPQ_NO_SPEC_CRD.CHN1, 0x238
UNC_M2HBM_WR_TRACKER_INSERTS.CH0, 0x140
UNC_M2HBM_WR_TRACKER_INSERTS.CH1, 0x240
UNC_M2HBM_WR_TRACKER_NONPOSTED_INSERTS.CH0, 0x14d
UNC_M2HBM_WR_TRACKER_NONPOSTED_INSERTS.CH1, 0x24d
UNC_M2HBM_WR_TRACKER_NONPOSTED_OCCUPANCY.CH0, 0x14c
UNC_M2HBM_WR_TRACKER_NONPOSTED_OCCUPANCY.CH1, 0x24c
UNC_M2HBM_WR_TRACKER_POSTED_INSERTS.CH0, 0x148
UNC_M2HBM_WR_TRACKER_POSTED_INSERTS.CH1, 0x248
UNC_M2HBM_WR_TRACKER_POSTED_OCCUPANCY.CH0, 0x147
UNC_M2HBM_WR_TRACKER_POSTED_OCCUPANCY.CH1, 0x247
UNC_MCHBM_ACT_COUNT.ALL, 0xff02
UNC_MCHBM_ACT_COUNT.RD, 0x1102
UNC_MCHBM_ACT_COUNT.RD_PCH0, 0x102
UNC_MCHBM_ACT_COUNT.RD_PCH1, 0x1002
UNC_MCHBM_ACT_COUNT.UFILL, 0x4402
UNC_MCHBM_ACT_COUNT.UFILL_PCH0, 0x402
UNC_MCHBM_ACT_COUNT.UFILL_PCH1, 0x4002
UNC_MCHBM_ACT_COUNT.WR, 0x2202
UNC_MCHBM_ACT_COUNT.WR_PCH0, 0x202
UNC_MCHBM_ACT_COUNT.WR_PCH1, 0x2002
UNC_MCHBM_CAS_COUNT.ALL, 0xff05
UNC_MCHBM_CAS_COUNT.PCH0, 0x4005
UNC_MCHBM_CAS_COUNT.PCH1, 0x8005
UNC_MCHBM_CAS_COUNT.RD, 0xcf05
UNC_MCHBM_CAS_COUNT.RD_PRE_REG, 0xc205
UNC_MCHBM_CAS_COUNT.RD_PRE_UNDERFILL, 0xc805
UNC_MCHBM_CAS_COUNT.RD_REG, 0xc105
UNC_MCHBM_CAS_COUNT.RD_UNDERFILL, 0xc405
UNC_MCHBM_CAS_COUNT.WR, 0xf005
UNC_MCHBM_CAS_COUNT.WR_NONPRE, 0xd005
UNC_MCHBM_CAS_COUNT.WR_PRE, 0xe005
UNC_MCHBM_CAS_ISSUED_REQ_LEN.PCH0, 0x4006
UNC_MCHBM_CAS_ISSUED_REQ_LEN.PCH1, 0x8006
UNC_MCHBM_CAS_ISSUED_REQ_LEN.RD_32B, 0xc806
UNC_MCHBM_CAS_ISSUED_REQ_LEN.RD_64B, 0xc106
UNC_MCHBM_CAS_ISSUED_REQ_LEN.RD_UFILL_32B, 0xd006
UNC_MCHBM_CAS_ISSUED_REQ_LEN.RD_UFILL_64B, 0xc206
UNC_MCHBM_CAS_ISSUED_REQ_LEN.WR_32B, 0xe006
UNC_MCHBM_CAS_ISSUED_REQ_LEN.WR_64B, 0xc406
UNC_MCHBM_CLOCKTICKS, 0x101
UNC_MCHBM_HBM_PREALL.PCH0, 0x144
UNC_MCHBM_HBM_PREALL.PCH1, 0x244
UNC_MCHBM_HBM_PRE_ALL, 0x344
UNC_MCHBM_HCLOCKTICKS, 0x1
UNC_MCHBM_PRE_COUNT.ALL, 0xff03
UNC_MCHBM_PRE_COUNT.PGT, 0x8803
UNC_MCHBM_PRE_COUNT.PGT_PCH0, 0x803
UNC_MCHBM_PRE_COUNT.PGT_PCH1, 0x8003
UNC_MCHBM_PRE_COUNT.RD, 0x1103
UNC_MCHBM_PRE_COUNT.RD_PCH0, 0x103
UNC_MCHBM_PRE_COUNT.RD_PCH1, 0x1003
UNC_MCHBM_PRE_COUNT.UFILL, 0x4403
UNC_MCHBM_PRE_COUNT.UFILL_PCH0, 0x403
UNC_MCHBM_PRE_COUNT.UFILL_PCH1, 0x4003
UNC_MCHBM_PRE_COUNT.WR, 0x2203
UNC_MCHBM_PRE_COUNT.WR_PCH0, 0x203
UNC_MCHBM_PRE_COUNT.WR_PCH1, 0x2003
UNC_MCHBM_RDB_FULL, 0x19
UNC_MCHBM_RDB_INSERTS, 0x317
UNC_MCHBM_RDB_INSERTS.PCH0, 0x117
UNC_MCHBM_RDB_INSERTS.PCH1, 0x217
UNC_MCHBM_RDB_OCCUPANCY, 0x1a
UNC_MCHBM_RPQ_INSERTS.PCH0, 0x110
UNC_MCHBM_RPQ_INSERTS.PCH1, 0x210
UNC_MCHBM_RPQ_OCCUPANCY_PCH0, 0x80
UNC_MCHBM_RPQ_OCCUPANCY_PCH1, 0x81
UNC_MCHBM_WPQ_INSERTS.PCH0, 0x120
UNC_MCHBM_WPQ_INSERTS.PCH1, 0x220
UNC_MCHBM_WPQ_OCCUPANCY_PCH0, 0x82
UNC_MCHBM_WPQ_OCCUPANCY_PCH1, 0x83
UNC_MCHBM_WPQ_READ_HIT, 0x23
UNC_MCHBM_WPQ_READ_HIT.PCH0, 0x123
UNC_MCHBM_WPQ_READ_HIT.PCH1, 0x223
UNC_MCHBM_WPQ_WRITE_HIT, 0x24
UNC_MCHBM_WPQ_WRITE_HIT.PCH0, 0x124
UNC_MCHBM_WPQ_WRITE_HIT.PCH1, 0x224
UNC_M_ACT_COUNT.ALL, 0xff02
UNC_M_CAS_COUNT.ALL, 0xff05
UNC_M_CAS_COUNT.PCH0, 0x4005
UNC_M_CAS_COUNT.PCH1, 0x8005
UNC_M_CAS_COUNT.RD, 0xcf05
UNC_M_CAS_COUNT.RD_PRE_REG, 0xc205
UNC_M_CAS_COUNT.RD_PRE_UNDERFILL, 0xc805
UNC_M_CAS_COUNT.RD_REG, 0xc105
UNC_M_CAS_COUNT.RD_UNDERFILL, 0xc405
UNC_M_CAS_COUNT.WR, 0xf005
UNC_M_CAS_COUNT.WR_NONPRE, 0xd005
UNC_M_CAS_COUNT.WR_PRE, 0xe005
UNC_M_CAS_ISSUED_REQ_LEN.PCH0, 0x4006
UNC_M_CAS_ISSUED_REQ_LEN.PCH1, 0x8006
UNC_M_CAS_ISSUED_REQ_LEN.RD_32B, 0xc806
UNC_M_CAS_ISSUED_REQ_LEN.RD_64B, 0xc106
UNC_M_CAS_ISSUED_REQ_LEN.RD_UFILL_32B, 0xd006
UNC_M_CAS_ISSUED_REQ_LEN.RD_UFILL_64B, 0xc206
UNC_M_CAS_ISSUED_REQ_LEN.WR_32B, 0xe006
UNC_M_CAS_ISSUED_REQ_LEN.WR_64B, 0xc406
UNC_M_CLOCKTICKS, 0x101
UNC_M_DRAM_PRE_ALL, 0x344
UNC_M_HCLOCKTICKS, 0x1
UNC_M_PCLS.RD, 0x5a0
UNC_M_PCLS.TOTAL, 0xfa0
UNC_M_PCLS.WR, 0xaa0
UNC_M_PMM_RPQ_INSERTS, 0xe3
UNC_M_PMM_RPQ_OCCUPANCY.ALL_SCH0, 0x1e0
UNC_M_PMM_RPQ_OCCUPANCY.ALL_SCH1, 0x2e0
UNC_M_PMM_RPQ_OCCUPANCY.GNT_WAIT_SCH0, 0x10e0
UNC_M_PMM_RPQ_OCCUPANCY.GNT_WAIT_SCH1, 0x20e0
UNC_M_PMM_RPQ_OCCUPANCY.NO_GNT_SCH0, 0x4e0
UNC_M_PMM_RPQ_OCCUPANCY.NO_GNT_SCH1, 0x8e0
UNC_M_PMM_WPQ_CYCLES_NE, 0xe5
UNC_M_PMM_WPQ_INSERTS, 0xe7
UNC_M_PMM_WPQ_OCCUPANCY.ALL, 0x3e4
UNC_M_PMM_WPQ_OCCUPANCY.ALL_SCH0, 0x1e4
UNC_M_PMM_WPQ_OCCUPANCY.ALL_SCH1, 0x2e4
UNC_M_PMM_WPQ_OCCUPANCY.CAS, 0xce4
UNC_M_PMM_WPQ_OCCUPANCY.PWR, 0x30e4
UNC_M_POWER_CHANNEL_PPD, 0x85
UNC_M_POWER_CKE_CYCLES.LOW_0, 0x147
UNC_M_POWER_CKE_CYCLES.LOW_1, 0x247
UNC_M_POWER_CKE_CYCLES.LOW_2, 0x447
UNC_M_POWER_CKE_CYCLES.LOW_3, 0x847
UNC_M_POWER_CRIT_THROTTLE_CYCLES.SLOT0, 0x186
UNC_M_POWER_CRIT_THROTTLE_CYCLES.SLOT1, 0x286
UNC_M_POWER_SELF_REFRESH, 0x43
UNC_M_PRE_COUNT.ALL, 0xff03
UNC_M_PRE_COUNT.PGT, 0x8803
UNC_M_PRE_COUNT.PGT_PCH0, 0x803
UNC_M_PRE_COUNT.PGT_PCH1, 0x8003
UNC_M_PRE_COUNT.RD, 0x1103
UNC_M_PRE_COUNT.RD_PCH0, 0x103
UNC_M_PRE_COUNT.RD_PCH1, 0x1003
UNC_M_PRE_COUNT.UFILL, 0x4403
UNC_M_PRE_COUNT.UFILL_PCH0, 0x403
UNC_M_PRE_COUNT.UFILL_PCH1, 0x4003
UNC_M_PRE_COUNT.WR, 0x2203
UNC_M_PRE_COUNT.WR_PCH0, 0x203
UNC_M_PRE_COUNT.WR_PCH1, 0x2003
UNC_M_RDB_FULL, 0x19
UNC_M_RDB_INSERTS, 0x317
UNC_M_RDB_INSERTS.PCH0, 0x117
UNC_M_RDB_INSERTS.PCH1, 0x217
UNC_M_RDB_NE, 0x318
UNC_M_RDB_NE.PCH0, 0x118
UNC_M_RDB_NE.PCH1, 0x218
UNC_M_RDB_NOT_EMPTY, 0x318
UNC_M_RDB_OCCUPANCY, 0x1a
UNC_M_RPQ_INSERTS.PCH0, 0x110
UNC_M_RPQ_INSERTS.PCH1, 0x210
UNC_M_RPQ_OCCUPANCY_PCH0, 0x80
UNC_M_RPQ_OCCUPANCY_PCH1, 0x81
UNC_M_SB_ACCESSES.ACCEPTS, 0x5d2
UNC_M_SB_ACCESSES.FM_RD_CMPS, 0x40d2
UNC_M_SB_ACCESSES.FM_WR_CMPS, 0x80d2
UNC_M_SB_ACCESSES.NM_RD_CMPS, 0x10d2
UNC_M_SB_ACCESSES.NM_WR_CMPS, 0x20d2
UNC_M_SB_ACCESSES.RD_ACCEPTS, 0x1d2
UNC_M_SB_ACCESSES.RD_REJECTS, 0x2d2
UNC_M_SB_ACCESSES.REJECTS, 0xad2
UNC_M_SB_ACCESSES.WR_ACCEPTS, 0x4d2
UNC_M_SB_ACCESSES.WR_REJECTS, 0x8d2
UNC_M_SB_CANARY.ALLOC, 0x1d9
UNC_M_SB_CANARY.DEALLOC, 0x2d9
UNC_M_SB_CANARY.FM_RD_STARVED, 0x20d9
UNC_M_SB_CANARY.FM_TGR_WR_STARVED, 0x80d9
UNC_M_SB_CANARY.FM_WR_STARVED, 0x40d9
UNC_M_SB_CANARY.NM_RD_STARVED, 0x8d9
UNC_M_SB_CANARY.NM_WR_STARVED, 0x10d9
UNC_M_SB_CANARY.VLD, 0x4d9
UNC_M_SB_CYCLES_FULL, 0xd1
UNC_M_SB_CYCLES_NE, 0xd0
UNC_M_SB_INSERTS.BLOCK_RDS, 0x10d6
UNC_M_SB_INSERTS.BLOCK_WRS, 0x20d6
UNC_M_SB_INSERTS.PMM_RDS, 0x4d6
UNC_M_SB_INSERTS.PMM_WRS, 0x8d6
UNC_M_SB_INSERTS.RDS, 0x1d6
UNC_M_SB_INSERTS.WRS, 0x2d6
UNC_M_SB_OCCUPANCY.BLOCK_RDS, 0x20d5
UNC_M_SB_OCCUPANCY.BLOCK_WRS, 0x40d5
UNC_M_SB_OCCUPANCY.PMM_RDS, 0x4d5
UNC_M_SB_OCCUPANCY.PMM_WRS, 0x8d5
UNC_M_SB_OCCUPANCY.RDS, 0x1d5
UNC_M_SB_PREF_INSERTS.ALL, 0x1da
UNC_M_SB_PREF_INSERTS.DDR, 0x2da
UNC_M_SB_PREF_INSERTS.PMM, 0x4da
UNC_M_SB_PREF_OCCUPANCY.ALL, 0x1db
UNC_M_SB_PREF_OCCUPANCY.DDR, 0x2db
UNC_M_SB_PREF_OCCUPANCY.PMM, 0x4db
UNC_M_SB_REJECT.CANARY, 0x8d4
UNC_M_SB_REJECT.DDR_EARLY_CMP, 0x20d4
UNC_M_SB_REJECT.FM_ADDR_CNFLT, 0x2d4
UNC_M_SB_REJECT.NM_SET_CNFLT, 0x1d4
UNC_M_SB_REJECT.PATROL_SET_CNFLT, 0x4d4
UNC_M_SB_STRV_ALLOC.FM_RD, 0x2d7
UNC_M_SB_STRV_ALLOC.FM_TGR, 0x10d7
UNC_M_SB_STRV_ALLOC.FM_WR, 0x8d7
UNC_M_SB_STRV_ALLOC.NM_RD, 0x1d7
UNC_M_SB_STRV_ALLOC.NM_WR, 0x4d7
UNC_M_SB_STRV_DEALLOC.FM_RD, 0x2de
UNC_M_SB_STRV_DEALLOC.FM_TGR, 0x10de
UNC_M_SB_STRV_DEALLOC.FM_WR, 0x8de
UNC_M_SB_STRV_DEALLOC.NM_RD, 0x1de
UNC_M_SB_STRV_DEALLOC.NM_WR, 0x4de
UNC_M_SB_STRV_OCC.FM_RD, 0x2d8
UNC_M_SB_STRV_OCC.FM_TGR, 0x10d8
UNC_M_SB_STRV_OCC.FM_WR, 0x8d8
UNC_M_SB_STRV_OCC.NM_RD, 0x1d8
UNC_M_SB_STRV_OCC.NM_WR, 0x4d8
UNC_M_SB_TAGGED.DDR4_CMP, 0x8dd
UNC_M_SB_TAGGED.NEW, 0x1dd
UNC_M_SB_TAGGED.OCC, 0x80dd
UNC_M_SB_TAGGED.PMM0_CMP, 0x10dd
UNC_M_SB_TAGGED.PMM1_CMP, 0x20dd
UNC_M_SB_TAGGED.PMM2_CMP, 0x40dd
UNC_M_SB_TAGGED.RD_HIT, 0x2dd
UNC_M_SB_TAGGED.RD_MISS, 0x4dd
UNC_M_TAGCHK.HIT, 0x1d3
UNC_M_TAGCHK.MISS_CLEAN, 0x2d3
UNC_M_TAGCHK.MISS_DIRTY, 0x4d3
UNC_M_TAGCHK.NM_RD_HIT, 0x8d3
UNC_M_TAGCHK.NM_WR_HIT, 0x10d3
UNC_M_WPQ_INSERTS.PCH0, 0x120
UNC_M_WPQ_INSERTS.PCH1, 0x220
UNC_M_WPQ_OCCUPANCY_PCH0, 0x82
UNC_M_WPQ_OCCUPANCY_PCH1, 0x83
UNC_M_WPQ_READ_HIT, 0x23
UNC_M_WPQ_WRITE_HIT, 0x24
