CYCLE_ACTIVITY.CYCLES_L3_MISS, 0x2a3
CYCLE_ACTIVITY.STALLS_L3_MISS, 0x6a3
HLE_RETIRED.ABORTED, 0x4c8
HLE_RETIRED.ABORTED_EVENTS, 0x80c8
HLE_RETIRED.ABORTED_MEM, 0x8c8
HLE_RETIRED.ABORTED_MEMTYPE, 0x40c8
HLE_RETIRED.ABORTED_TIMER, 0x10c8
HLE_RETIRED.ABORTED_UNFRIENDLY, 0x20c8
HLE_RETIRED.COMMIT, 0x2c8
HLE_RETIRED.START, 0x1c8
MACHINE_CLEARS.MEMORY_ORDERING, 0x2c3
MEM_TRANS_RETIRED.LOAD_LATENCY_GT_128, 0x1cd
MEM_TRANS_RETIRED.LOAD_LATENCY_GT_16, 0x1cd
MEM_TRANS_RETIRED.LOAD_LATENCY_GT_256, 0x1cd
MEM_TRANS_RETIRED.LOAD_LATENCY_GT_32, 0x1cd
MEM_TRANS_RETIRED.LOAD_LATENCY_GT_4, 0x1cd
MEM_TRANS_RETIRED.LOAD_LATENCY_GT_512, 0x1cd
MEM_TRANS_RETIRED.LOAD_LATENCY_GT_64, 0x1cd
MEM_TRANS_RETIRED.LOAD_LATENCY_GT_8, 0x1cd
OFFCORE_REQUESTS.L3_MISS_DEMAND_DATA_RD, 0x10b0
OFFCORE_REQUESTS_OUTSTANDING.CYCLES_WITH_L3_MISS_DEMAND_DATA_RD, 0x1060
OFFCORE_REQUESTS_OUTSTANDING.L3_MISS_DEMAND_DATA_RD, 0x1060
OFFCORE_REQUESTS_OUTSTANDING.L3_MISS_DEMAND_DATA_RD_GE_6, 0x1060
RTM_RETIRED.ABORTED, 0x4c9
RTM_RETIRED.ABORTED_EVENTS, 0x80c9
RTM_RETIRED.ABORTED_MEM, 0x8c9
RTM_RETIRED.ABORTED_MEMTYPE, 0x40c9
RTM_RETIRED.ABORTED_TIMER, 0x10c9
RTM_RETIRED.ABORTED_UNFRIENDLY, 0x20c9
RTM_RETIRED.COMMIT, 0x2c9
RTM_RETIRED.START, 0x1c9
TX_EXEC.MISC1, 0x15d
TX_EXEC.MISC2, 0x25d
TX_EXEC.MISC3, 0x45d
TX_EXEC.MISC4, 0x85d
TX_EXEC.MISC5, 0x105d
TX_MEM.ABORT_CAPACITY, 0x254
TX_MEM.ABORT_CONFLICT, 0x154
TX_MEM.ABORT_HLE_ELISION_BUFFER_MISMATCH, 0x1054
TX_MEM.ABORT_HLE_ELISION_BUFFER_NOT_EMPTY, 0x854
TX_MEM.ABORT_HLE_ELISION_BUFFER_UNSUPPORTED_ALIGNMENT, 0x2054
TX_MEM.ABORT_HLE_STORE_TO_ELIDED_LOCK, 0x454
TX_MEM.HLE_ELISION_BUFFER_FULL, 0x4054
DTLB_LOAD_MISSES.MISS_CAUSES_A_WALK, 0x108
DTLB_LOAD_MISSES.STLB_HIT, 0x2008
DTLB_LOAD_MISSES.WALK_ACTIVE, 0x1008
DTLB_LOAD_MISSES.WALK_COMPLETED, 0xe08
DTLB_LOAD_MISSES.WALK_COMPLETED_1G, 0x808
DTLB_LOAD_MISSES.WALK_COMPLETED_2M_4M, 0x408
DTLB_LOAD_MISSES.WALK_COMPLETED_4K, 0x208
DTLB_LOAD_MISSES.WALK_PENDING, 0x1008
DTLB_STORE_MISSES.MISS_CAUSES_A_WALK, 0x149
DTLB_STORE_MISSES.STLB_HIT, 0x2049
DTLB_STORE_MISSES.WALK_ACTIVE, 0x1049
DTLB_STORE_MISSES.WALK_COMPLETED, 0xe49
DTLB_STORE_MISSES.WALK_COMPLETED_1G, 0x849
DTLB_STORE_MISSES.WALK_COMPLETED_2M_4M, 0x449
DTLB_STORE_MISSES.WALK_COMPLETED_4K, 0x249
DTLB_STORE_MISSES.WALK_PENDING, 0x1049
EPT.WALK_PENDING, 0x104f
ITLB.ITLB_FLUSH, 0x1ae
ITLB_MISSES.MISS_CAUSES_A_WALK, 0x185
ITLB_MISSES.STLB_HIT, 0x2085
ITLB_MISSES.WALK_ACTIVE, 0x1085
ITLB_MISSES.WALK_COMPLETED, 0xe85
ITLB_MISSES.WALK_COMPLETED_1G, 0x885
ITLB_MISSES.WALK_COMPLETED_2M_4M, 0x485
ITLB_MISSES.WALK_COMPLETED_4K, 0x285
ITLB_MISSES.WALK_PENDING, 0x1085
TLB_FLUSH.DTLB_THREAD, 0x1bd
TLB_FLUSH.STLB_ANY, 0x20bd
FP_ARITH_INST_RETIRED.128B_PACKED_DOUBLE, 0x4c7
FP_ARITH_INST_RETIRED.128B_PACKED_SINGLE, 0x8c7
FP_ARITH_INST_RETIRED.256B_PACKED_DOUBLE, 0x10c7
FP_ARITH_INST_RETIRED.256B_PACKED_SINGLE, 0x20c7
FP_ARITH_INST_RETIRED.4_FLOPS, 0x18c7
FP_ARITH_INST_RETIRED.512B_PACKED_DOUBLE, 0x40c7
FP_ARITH_INST_RETIRED.512B_PACKED_SINGLE, 0x80c7
FP_ARITH_INST_RETIRED.8_FLOPS, 0x18c7
FP_ARITH_INST_RETIRED.SCALAR, 0x3c7
FP_ARITH_INST_RETIRED.SCALAR_DOUBLE, 0x1c7
FP_ARITH_INST_RETIRED.SCALAR_SINGLE, 0x2c7
FP_ARITH_INST_RETIRED.VECTOR, 0xfcc7
FP_ASSIST.ANY, 0x1eca
UNC_P_CORE_TRANSITION_CYCLES, 0x60
UNC_P_DEMOTIONS, 0x30
UNC_P_FIVR_PS_PS0_CYCLES, 0x75
UNC_P_FIVR_PS_PS1_CYCLES, 0x76
UNC_P_FIVR_PS_PS2_CYCLES, 0x77
UNC_P_FIVR_PS_PS3_CYCLES, 0x78
UNC_P_FREQ_MAX_LIMIT_THERMAL_CYCLES, 0x4
UNC_P_FREQ_MAX_POWER_CYCLES, 0x5
UNC_P_FREQ_MIN_IO_P_CYCLES, 0x73
UNC_P_FREQ_TRANS_CYCLES, 0x74
UNC_P_MCP_PROCHOT_CYCLES, 0x6
UNC_P_MEMORY_PHASE_SHEDDING_CYCLES, 0x2f
UNC_P_PKG_RESIDENCY_C0_CYCLES, 0x2a
UNC_P_PKG_RESIDENCY_C2E_CYCLES, 0x2b
UNC_P_PKG_RESIDENCY_C3_CYCLES, 0x2c
UNC_P_PKG_RESIDENCY_C6_CYCLES, 0x2d
UNC_P_PMAX_THROTTLED_CYCLES, 0x7
UNC_P_POWER_STATE_OCCUPANCY.CORES_C0, 0x4080
UNC_P_POWER_STATE_OCCUPANCY.CORES_C3, 0x8080
UNC_P_POWER_STATE_OCCUPANCY.CORES_C6, 0xc080
UNC_P_PROCHOT_EXTERNAL_CYCLES, 0xa
UNC_P_PROCHOT_INTERNAL_CYCLES, 0x9
UNC_P_TOTAL_TRANSITION_CYCLES, 0x72
UNC_P_VR_HOT_CYCLES, 0x42
UNC_CHA_AG0_AD_CRD_ACQUIRED.TGR0, 0x180
UNC_CHA_AG0_AD_CRD_ACQUIRED.TGR1, 0x280
UNC_CHA_AG0_AD_CRD_ACQUIRED.TGR2, 0x480
UNC_CHA_AG0_AD_CRD_ACQUIRED.TGR3, 0x880
UNC_CHA_AG0_AD_CRD_ACQUIRED.TGR4, 0x1080
UNC_CHA_AG0_AD_CRD_ACQUIRED.TGR5, 0x2080
UNC_CHA_AG0_AD_CRD_OCCUPANCY.TGR0, 0x182
UNC_CHA_AG0_AD_CRD_OCCUPANCY.TGR1, 0x282
UNC_CHA_AG0_AD_CRD_OCCUPANCY.TGR2, 0x482
UNC_CHA_AG0_AD_CRD_OCCUPANCY.TGR3, 0x882
UNC_CHA_AG0_AD_CRD_OCCUPANCY.TGR4, 0x1082
UNC_CHA_AG0_AD_CRD_OCCUPANCY.TGR5, 0x2082
UNC_CHA_AG0_BL_CRD_ACQUIRED.TGR0, 0x188
UNC_CHA_AG0_BL_CRD_ACQUIRED.TGR1, 0x288
UNC_CHA_AG0_BL_CRD_ACQUIRED.TGR2, 0x488
UNC_CHA_AG0_BL_CRD_ACQUIRED.TGR3, 0x888
UNC_CHA_AG0_BL_CRD_ACQUIRED.TGR4, 0x1088
UNC_CHA_AG0_BL_CRD_ACQUIRED.TGR5, 0x2088
UNC_CHA_AG0_BL_CRD_OCCUPANCY.TGR0, 0x18a
UNC_CHA_AG0_BL_CRD_OCCUPANCY.TGR1, 0x28a
UNC_CHA_AG0_BL_CRD_OCCUPANCY.TGR2, 0x48a
UNC_CHA_AG0_BL_CRD_OCCUPANCY.TGR3, 0x88a
UNC_CHA_AG0_BL_CRD_OCCUPANCY.TGR4, 0x108a
UNC_CHA_AG0_BL_CRD_OCCUPANCY.TGR5, 0x208a
UNC_CHA_AG1_AD_CRD_ACQUIRED.TGR0, 0x184
UNC_CHA_AG1_AD_CRD_ACQUIRED.TGR1, 0x284
UNC_CHA_AG1_AD_CRD_ACQUIRED.TGR2, 0x484
UNC_CHA_AG1_AD_CRD_ACQUIRED.TGR3, 0x884
UNC_CHA_AG1_AD_CRD_ACQUIRED.TGR4, 0x1084
UNC_CHA_AG1_AD_CRD_ACQUIRED.TGR5, 0x2084
UNC_CHA_AG1_AD_CRD_OCCUPANCY.TGR0, 0x186
UNC_CHA_AG1_AD_CRD_OCCUPANCY.TGR1, 0x286
UNC_CHA_AG1_AD_CRD_OCCUPANCY.TGR2, 0x486
UNC_CHA_AG1_AD_CRD_OCCUPANCY.TGR3, 0x886
UNC_CHA_AG1_AD_CRD_OCCUPANCY.TGR4, 0x1086
UNC_CHA_AG1_AD_CRD_OCCUPANCY.TGR5, 0x2086
UNC_CHA_AG1_BL_CRD_OCCUPANCY.TGR0, 0x18e
UNC_CHA_AG1_BL_CRD_OCCUPANCY.TGR1, 0x28e
UNC_CHA_AG1_BL_CRD_OCCUPANCY.TGR2, 0x48e
UNC_CHA_AG1_BL_CRD_OCCUPANCY.TGR3, 0x88e
UNC_CHA_AG1_BL_CRD_OCCUPANCY.TGR4, 0x108e
UNC_CHA_AG1_BL_CRD_OCCUPANCY.TGR5, 0x208e
UNC_CHA_AG1_BL_CREDITS_ACQUIRED.TGR0, 0x18c
UNC_CHA_AG1_BL_CREDITS_ACQUIRED.TGR1, 0x28c
UNC_CHA_AG1_BL_CREDITS_ACQUIRED.TGR2, 0x48c
UNC_CHA_AG1_BL_CREDITS_ACQUIRED.TGR3, 0x88c
UNC_CHA_AG1_BL_CREDITS_ACQUIRED.TGR4, 0x108c
UNC_CHA_AG1_BL_CREDITS_ACQUIRED.TGR5, 0x208c
UNC_CHA_BYPASS_CHA_IMC.INTERMEDIATE, 0x257
UNC_CHA_BYPASS_CHA_IMC.NOT_TAKEN, 0x457
UNC_CHA_BYPASS_CHA_IMC.TAKEN, 0x157
UNC_CHA_CMS_CLOCKTICKS, 0xc0
UNC_CHA_CORE_PMA.C1_STATE, 0x117
UNC_CHA_CORE_PMA.C1_TRANSITION, 0x217
UNC_CHA_CORE_PMA.C6_STATE, 0x417
UNC_CHA_CORE_PMA.C6_TRANSITION, 0x817
UNC_CHA_CORE_PMA.GV, 0x1017
UNC_CHA_CORE_SNP.ANY_GTONE, 0xe233
UNC_CHA_CORE_SNP.ANY_ONE, 0xe133
UNC_CHA_CORE_SNP.ANY_REMOTE, 0xe433
UNC_CHA_CORE_SNP.CORE_GTONE, 0x4233
UNC_CHA_CORE_SNP.CORE_ONE, 0x4133
UNC_CHA_CORE_SNP.CORE_REMOTE, 0x4433
UNC_CHA_CORE_SNP.EVICT_GTONE, 0x8233
UNC_CHA_CORE_SNP.EVICT_ONE, 0x8133
UNC_CHA_CORE_SNP.EVICT_REMOTE, 0x8433
UNC_CHA_CORE_SNP.EXT_GTONE, 0x2233
UNC_CHA_CORE_SNP.EXT_ONE, 0x2133
UNC_CHA_CORE_SNP.EXT_REMOTE, 0x2433
UNC_CHA_COUNTER0_OCCUPANCY, 0x1f
UNC_CHA_DIR_LOOKUP.NO_SNP, 0x253
UNC_CHA_DIR_LOOKUP.SNP, 0x153
UNC_CHA_DIR_UPDATE.HA, 0x154
UNC_CHA_DIR_UPDATE.TOR, 0x254
UNC_CHA_EGRESS_ORDERING.IV_SNOOPGO_DN, 0x4ae
UNC_CHA_EGRESS_ORDERING.IV_SNOOPGO_UP, 0x1ae
UNC_CHA_FAST_ASSERTED.HORZ, 0x2a5
UNC_CHA_FAST_ASSERTED.VERT, 0x1a5
UNC_CHA_HITME_HIT.EX_RDS, 0x15f
UNC_CHA_HITME_HIT.SHARED_OWNREQ, 0x45f
UNC_CHA_HITME_HIT.WBMTOE, 0x85f
UNC_CHA_HITME_HIT.WBMTOI_OR_S, 0x105f
UNC_CHA_HITME_LOOKUP.READ, 0x15e
UNC_CHA_HITME_LOOKUP.WRITE, 0x25e
UNC_CHA_HITME_MISS.NOTSHARED_RDINVOWN, 0x4060
UNC_CHA_HITME_MISS.READ_OR_INV, 0x8060
UNC_CHA_HITME_MISS.SHARED_RDINVOWN, 0x2060
UNC_CHA_HITME_UPDATE.DEALLOCATE, 0x1061
UNC_CHA_HITME_UPDATE.DEALLOCATE_RSPFWDI_LOC, 0x161
UNC_CHA_HITME_UPDATE.RDINVOWN, 0x861
UNC_CHA_HITME_UPDATE.RSPFWDI_REM, 0x261
UNC_CHA_HITME_UPDATE.SHARED, 0x461
UNC_CHA_HORZ_RING_AD_IN_USE.LEFT_EVEN, 0x1a7
UNC_CHA_HORZ_RING_AD_IN_USE.LEFT_ODD, 0x2a7
UNC_CHA_HORZ_RING_AD_IN_USE.RIGHT_EVEN, 0x4a7
UNC_CHA_HORZ_RING_AD_IN_USE.RIGHT_ODD, 0x8a7
UNC_CHA_HORZ_RING_AK_IN_USE.LEFT_EVEN, 0x1a9
UNC_CHA_HORZ_RING_AK_IN_USE.LEFT_ODD, 0x2a9
UNC_CHA_HORZ_RING_AK_IN_USE.RIGHT_EVEN, 0x4a9
UNC_CHA_HORZ_RING_AK_IN_USE.RIGHT_ODD, 0x8a9
UNC_CHA_HORZ_RING_BL_IN_USE.LEFT_EVEN, 0x1ab
UNC_CHA_HORZ_RING_BL_IN_USE.LEFT_ODD, 0x2ab
UNC_CHA_HORZ_RING_BL_IN_USE.RIGHT_EVEN, 0x4ab
UNC_CHA_HORZ_RING_BL_IN_USE.RIGHT_ODD, 0x8ab
UNC_CHA_HORZ_RING_IV_IN_USE.LEFT, 0x1ad
UNC_CHA_HORZ_RING_IV_IN_USE.RIGHT, 0x4ad
UNC_CHA_IMC_READS_COUNT.NORMAL, 0x159
UNC_CHA_IMC_READS_COUNT.PRIORITY, 0x259
UNC_CHA_IMC_WRITES_COUNT.FULL, 0x15b
UNC_CHA_IMC_WRITES_COUNT.FULL_MIG, 0x105b
UNC_CHA_IMC_WRITES_COUNT.FULL_PRIORITY, 0x45b
UNC_CHA_IMC_WRITES_COUNT.PARTIAL, 0x25b
UNC_CHA_IMC_WRITES_COUNT.PARTIAL_MIG, 0x205b
UNC_CHA_IMC_WRITES_COUNT.PARTIAL_PRIORITY, 0x85b
UNC_CHA_IODC_ALLOC.INVITOM, 0x162
UNC_CHA_IODC_ALLOC.IODCFULL, 0x262
UNC_CHA_IODC_ALLOC.OSBGATED, 0x462
UNC_CHA_IODC_DEALLOC.ALL, 0x1063
UNC_CHA_IODC_DEALLOC.SNPOUT, 0x863
UNC_CHA_IODC_DEALLOC.WBMTOE, 0x163
UNC_CHA_IODC_DEALLOC.WBMTOI, 0x263
UNC_CHA_IODC_DEALLOC.WBPUSHMTOI, 0x463
UNC_CHA_LLC_LOOKUP.ANY, 0x1134
UNC_CHA_LLC_LOOKUP.DATA_READ, 0x334
UNC_CHA_LLC_LOOKUP.LOCAL, 0x3134
UNC_CHA_LLC_LOOKUP.REMOTE, 0x9134
UNC_CHA_LLC_LOOKUP.REMOTE_SNOOP, 0x934
UNC_CHA_LLC_LOOKUP.WRITE, 0x534
UNC_CHA_LLC_VICTIMS.E_STATE, 0x237
UNC_CHA_LLC_VICTIMS.F_STATE, 0x837
UNC_CHA_LLC_VICTIMS.LOCAL, 0x2037
UNC_CHA_LLC_VICTIMS.LOCAL_ALL, 0x2f37
UNC_CHA_LLC_VICTIMS.LOCAL_E, 0x2237
UNC_CHA_LLC_VICTIMS.LOCAL_F, 0x2837
UNC_CHA_LLC_VICTIMS.LOCAL_M, 0x2137
UNC_CHA_LLC_VICTIMS.LOCAL_S, 0x2437
UNC_CHA_LLC_VICTIMS.M_STATE, 0x137
UNC_CHA_LLC_VICTIMS.REMOTE, 0x8037
UNC_CHA_LLC_VICTIMS.REMOTE_ALL, 0x8f37
UNC_CHA_LLC_VICTIMS.REMOTE_E, 0x8237
UNC_CHA_LLC_VICTIMS.REMOTE_F, 0x8837
UNC_CHA_LLC_VICTIMS.REMOTE_M, 0x8137
UNC_CHA_LLC_VICTIMS.REMOTE_S, 0x8437
UNC_CHA_LLC_VICTIMS.S_STATE, 0x437
UNC_CHA_LLC_VICTIMS.TOTAL_E, 0x237
UNC_CHA_LLC_VICTIMS.TOTAL_F, 0x837
UNC_CHA_LLC_VICTIMS.TOTAL_M, 0x137
UNC_CHA_LLC_VICTIMS.TOTAL_S, 0x437
UNC_CHA_MISC.CV0_PREF_MISS, 0x2039
UNC_CHA_MISC.CV0_PREF_VIC, 0x1039
UNC_CHA_MISC.RFO_HIT_S, 0x839
UNC_CHA_MISC.RSPI_WAS_FSE, 0x139
UNC_CHA_MISC.WC_ALIASING, 0x239
UNC_CHA_OSB, 0x55
UNC_CHA_READ_NO_CREDITS.EDC0_SMI2, 0x458
UNC_CHA_READ_NO_CREDITS.EDC1_SMI3, 0x858
UNC_CHA_READ_NO_CREDITS.EDC2_SMI4, 0x1058
UNC_CHA_READ_NO_CREDITS.EDC3_SMI5, 0x2058
UNC_CHA_READ_NO_CREDITS.MC0_SMI0, 0x158
UNC_CHA_READ_NO_CREDITS.MC1_SMI1, 0x258
UNC_CHA_REQUESTS.INVITOE_LOCAL, 0x1050
UNC_CHA_REQUESTS.INVITOE_REMOTE, 0x2050
UNC_CHA_REQUESTS.READS, 0x350
UNC_CHA_REQUESTS.READS_LOCAL, 0x150
UNC_CHA_REQUESTS.READS_REMOTE, 0x250
UNC_CHA_REQUESTS.WRITES, 0xc50
UNC_CHA_REQUESTS.WRITES_LOCAL, 0x450
UNC_CHA_REQUESTS.WRITES_REMOTE, 0x850
UNC_CHA_RING_BOUNCES_HORZ.AD, 0x1a1
UNC_CHA_RING_BOUNCES_HORZ.AK, 0x2a1
UNC_CHA_RING_BOUNCES_HORZ.BL, 0x4a1
UNC_CHA_RING_BOUNCES_HORZ.IV, 0x8a1
UNC_CHA_RING_BOUNCES_VERT.AD, 0x1a0
UNC_CHA_RING_BOUNCES_VERT.AK, 0x2a0
UNC_CHA_RING_BOUNCES_VERT.BL, 0x4a0
UNC_CHA_RING_BOUNCES_VERT.IV, 0x8a0
UNC_CHA_RING_SINK_STARVED_HORZ.AD, 0x1a3
UNC_CHA_RING_SINK_STARVED_HORZ.AK, 0x2a3
UNC_CHA_RING_SINK_STARVED_HORZ.AK_AG1, 0x20a3
UNC_CHA_RING_SINK_STARVED_HORZ.BL, 0x4a3
UNC_CHA_RING_SINK_STARVED_HORZ.IV, 0x8a3
UNC_CHA_RING_SINK_STARVED_VERT.AD, 0x1a2
UNC_CHA_RING_SINK_STARVED_VERT.AK, 0x2a2
UNC_CHA_RING_SINK_STARVED_VERT.BL, 0x4a2
UNC_CHA_RING_SINK_STARVED_VERT.IV, 0x8a2
UNC_CHA_RING_SRC_THRTL, 0xa4
UNC_CHA_RxC_INSERTS.IPQ, 0x413
UNC_CHA_RxC_INSERTS.IRQ, 0x113
UNC_CHA_RxC_INSERTS.IRQ_REJ, 0x213
UNC_CHA_RxC_INSERTS.PRQ, 0x1013
UNC_CHA_RxC_INSERTS.PRQ_REJ, 0x2013
UNC_CHA_RxC_INSERTS.RRQ, 0x4013
UNC_CHA_RxC_INSERTS.WBQ, 0x8013
UNC_CHA_RxC_IPQ0_REJECT.AD_REQ_VN0, 0x122
UNC_CHA_RxC_IPQ0_REJECT.AD_RSP_VN0, 0x222
UNC_CHA_RxC_IPQ0_REJECT.AK_NON_UPI, 0x4022
UNC_CHA_RxC_IPQ0_REJECT.BL_NCB_VN0, 0x1022
UNC_CHA_RxC_IPQ0_REJECT.BL_NCS_VN0, 0x2022
UNC_CHA_RxC_IPQ0_REJECT.BL_RSP_VN0, 0x422
UNC_CHA_RxC_IPQ0_REJECT.BL_WB_VN0, 0x822
UNC_CHA_RxC_IPQ0_REJECT.IV_NON_UPI, 0x8022
UNC_CHA_RxC_IPQ1_REJECT.ALLOW_SNP, 0x4023
UNC_CHA_RxC_IPQ1_REJECT.ANY0, 0x123
UNC_CHA_RxC_IPQ1_REJECT.HA, 0x223
UNC_CHA_RxC_IPQ1_REJECT.LLC_OR_SF_WAY, 0x2023
UNC_CHA_RxC_IPQ1_REJECT.LLC_VICTIM, 0x423
UNC_CHA_RxC_IPQ1_REJECT.PA_MATCH, 0x8023
UNC_CHA_RxC_IPQ1_REJECT.SF_VICTIM, 0x823
UNC_CHA_RxC_IPQ1_REJECT.VICTIM, 0x1023
UNC_CHA_RxC_IRQ0_REJECT.AD_REQ_VN0, 0x118
UNC_CHA_RxC_IRQ0_REJECT.AD_RSP_VN0, 0x218
UNC_CHA_RxC_IRQ0_REJECT.AK_NON_UPI, 0x4018
UNC_CHA_RxC_IRQ0_REJECT.BL_NCB_VN0, 0x1018
UNC_CHA_RxC_IRQ0_REJECT.BL_NCS_VN0, 0x2018
UNC_CHA_RxC_IRQ0_REJECT.BL_RSP_VN0, 0x418
UNC_CHA_RxC_IRQ0_REJECT.BL_WB_VN0, 0x818
UNC_CHA_RxC_IRQ0_REJECT.IV_NON_UPI, 0x8018
UNC_CHA_RxC_IRQ1_REJECT.ALLOW_SNP, 0x4019
UNC_CHA_RxC_IRQ1_REJECT.ANY0, 0x119
UNC_CHA_RxC_IRQ1_REJECT.HA, 0x219
UNC_CHA_RxC_IRQ1_REJECT.LLC_OR_SF_WAY, 0x2019
UNC_CHA_RxC_IRQ1_REJECT.LLC_VICTIM, 0x419
UNC_CHA_RxC_IRQ1_REJECT.PA_MATCH, 0x8019
UNC_CHA_RxC_IRQ1_REJECT.SF_VICTIM, 0x819
UNC_CHA_RxC_IRQ1_REJECT.VICTIM, 0x1019
UNC_CHA_RxC_ISMQ0_REJECT.AD_REQ_VN0, 0x124
UNC_CHA_RxC_ISMQ0_REJECT.AD_RSP_VN0, 0x224
UNC_CHA_RxC_ISMQ0_REJECT.AK_NON_UPI, 0x4024
UNC_CHA_RxC_ISMQ0_REJECT.BL_NCB_VN0, 0x1024
UNC_CHA_RxC_ISMQ0_REJECT.BL_NCS_VN0, 0x2024
UNC_CHA_RxC_ISMQ0_REJECT.BL_RSP_VN0, 0x424
UNC_CHA_RxC_ISMQ0_REJECT.BL_WB_VN0, 0x824
UNC_CHA_RxC_ISMQ0_REJECT.IV_NON_UPI, 0x8024
UNC_CHA_RxC_ISMQ0_RETRY.AD_REQ_VN0, 0x12c
UNC_CHA_RxC_ISMQ0_RETRY.AD_RSP_VN0, 0x22c
UNC_CHA_RxC_ISMQ0_RETRY.AK_NON_UPI, 0x402c
UNC_CHA_RxC_ISMQ0_RETRY.BL_NCB_VN0, 0x102c
UNC_CHA_RxC_ISMQ0_RETRY.BL_NCS_VN0, 0x202c
UNC_CHA_RxC_ISMQ0_RETRY.BL_RSP_VN0, 0x42c
UNC_CHA_RxC_ISMQ0_RETRY.BL_WB_VN0, 0x82c
UNC_CHA_RxC_ISMQ0_RETRY.IV_NON_UPI, 0x802c
UNC_CHA_RxC_ISMQ1_REJECT.ANY0, 0x125
UNC_CHA_RxC_ISMQ1_REJECT.HA, 0x225
UNC_CHA_RxC_ISMQ1_RETRY.ANY0, 0x12d
UNC_CHA_RxC_ISMQ1_RETRY.HA, 0x22d
UNC_CHA_RxC_OCCUPANCY.IPQ, 0x411
UNC_CHA_RxC_OCCUPANCY.IRQ, 0x111
UNC_CHA_RxC_OCCUPANCY.RRQ, 0x4011
UNC_CHA_RxC_OCCUPANCY.WBQ, 0x8011
UNC_CHA_RxC_OTHER0_RETRY.AD_REQ_VN0, 0x12e
UNC_CHA_RxC_OTHER0_RETRY.AD_RSP_VN0, 0x22e
UNC_CHA_RxC_OTHER0_RETRY.AK_NON_UPI, 0x402e
UNC_CHA_RxC_OTHER0_RETRY.BL_NCB_VN0, 0x102e
UNC_CHA_RxC_OTHER0_RETRY.BL_NCS_VN0, 0x202e
UNC_CHA_RxC_OTHER0_RETRY.BL_RSP_VN0, 0x42e
UNC_CHA_RxC_OTHER0_RETRY.BL_WB_VN0, 0x82e
UNC_CHA_RxC_OTHER0_RETRY.IV_NON_UPI, 0x802e
UNC_CHA_RxC_OTHER1_RETRY.ALLOW_SNP, 0x402f
UNC_CHA_RxC_OTHER1_RETRY.ANY0, 0x12f
UNC_CHA_RxC_OTHER1_RETRY.HA, 0x22f
UNC_CHA_RxC_OTHER1_RETRY.LLC_OR_SF_WAY, 0x202f
UNC_CHA_RxC_OTHER1_RETRY.LLC_VICTIM, 0x42f
UNC_CHA_RxC_OTHER1_RETRY.PA_MATCH, 0x802f
UNC_CHA_RxC_OTHER1_RETRY.SF_VICTIM, 0x82f
UNC_CHA_RxC_OTHER1_RETRY.VICTIM, 0x102f
UNC_CHA_RxC_PRQ0_REJECT.AD_REQ_VN0, 0x120
UNC_CHA_RxC_PRQ0_REJECT.AD_RSP_VN0, 0x220
UNC_CHA_RxC_PRQ0_REJECT.AK_NON_UPI, 0x4020
UNC_CHA_RxC_PRQ0_REJECT.BL_NCB_VN0, 0x1020
UNC_CHA_RxC_PRQ0_REJECT.BL_NCS_VN0, 0x2020
UNC_CHA_RxC_PRQ0_REJECT.BL_RSP_VN0, 0x420
UNC_CHA_RxC_PRQ0_REJECT.BL_WB_VN0, 0x820
UNC_CHA_RxC_PRQ0_REJECT.IV_NON_UPI, 0x8020
UNC_CHA_RxC_PRQ1_REJECT.ALLOW_SNP, 0x4021
UNC_CHA_RxC_PRQ1_REJECT.ANY0, 0x121
UNC_CHA_RxC_PRQ1_REJECT.HA, 0x221
UNC_CHA_RxC_PRQ1_REJECT.LLC_OR_SF_WAY, 0x2021
UNC_CHA_RxC_PRQ1_REJECT.LLC_VICTIM, 0x421
UNC_CHA_RxC_PRQ1_REJECT.PA_MATCH, 0x8021
UNC_CHA_RxC_PRQ1_REJECT.SF_VICTIM, 0x821
UNC_CHA_RxC_PRQ1_REJECT.VICTIM, 0x1021
UNC_CHA_RxC_REQ_Q0_RETRY.AD_REQ_VN0, 0x12a
UNC_CHA_RxC_REQ_Q0_RETRY.AD_RSP_VN0, 0x22a
UNC_CHA_RxC_REQ_Q0_RETRY.AK_NON_UPI, 0x402a
UNC_CHA_RxC_REQ_Q0_RETRY.BL_NCB_VN0, 0x102a
UNC_CHA_RxC_REQ_Q0_RETRY.BL_NCS_VN0, 0x202a
UNC_CHA_RxC_REQ_Q0_RETRY.BL_RSP_VN0, 0x42a
UNC_CHA_RxC_REQ_Q0_RETRY.BL_WB_VN0, 0x82a
UNC_CHA_RxC_REQ_Q0_RETRY.IV_NON_UPI, 0x802a
UNC_CHA_RxC_REQ_Q1_RETRY.ALLOW_SNP, 0x402b
UNC_CHA_RxC_REQ_Q1_RETRY.ANY0, 0x12b
UNC_CHA_RxC_REQ_Q1_RETRY.HA, 0x22b
UNC_CHA_RxC_REQ_Q1_RETRY.LLC_OR_SF_WAY, 0x202b
UNC_CHA_RxC_REQ_Q1_RETRY.LLC_VICTIM, 0x42b
UNC_CHA_RxC_REQ_Q1_RETRY.PA_MATCH, 0x802b
UNC_CHA_RxC_REQ_Q1_RETRY.SF_VICTIM, 0x82b
UNC_CHA_RxC_REQ_Q1_RETRY.VICTIM, 0x102b
UNC_CHA_RxC_RRQ0_REJECT.AD_REQ_VN0, 0x126
UNC_CHA_RxC_RRQ0_REJECT.AD_RSP_VN0, 0x226
UNC_CHA_RxC_RRQ0_REJECT.AK_NON_UPI, 0x4026
UNC_CHA_RxC_RRQ0_REJECT.BL_NCB_VN0, 0x1026
UNC_CHA_RxC_RRQ0_REJECT.BL_NCS_VN0, 0x2026
UNC_CHA_RxC_RRQ0_REJECT.BL_RSP_VN0, 0x426
UNC_CHA_RxC_RRQ0_REJECT.BL_WB_VN0, 0x826
UNC_CHA_RxC_RRQ0_REJECT.IV_NON_UPI, 0x8026
UNC_CHA_RxC_RRQ1_REJECT.ALLOW_SNP, 0x4027
UNC_CHA_RxC_RRQ1_REJECT.ANY0, 0x127
UNC_CHA_RxC_RRQ1_REJECT.HA, 0x227
UNC_CHA_RxC_RRQ1_REJECT.LLC_OR_SF_WAY, 0x2027
UNC_CHA_RxC_RRQ1_REJECT.LLC_VICTIM, 0x427
UNC_CHA_RxC_RRQ1_REJECT.PA_MATCH, 0x8027
UNC_CHA_RxC_RRQ1_REJECT.SF_VICTIM, 0x827
UNC_CHA_RxC_RRQ1_REJECT.VICTIM, 0x1027
UNC_CHA_RxC_WBQ0_REJECT.AD_REQ_VN0, 0x128
UNC_CHA_RxC_WBQ0_REJECT.AD_RSP_VN0, 0x228
UNC_CHA_RxC_WBQ0_REJECT.AK_NON_UPI, 0x4028
UNC_CHA_RxC_WBQ0_REJECT.BL_NCB_VN0, 0x1028
UNC_CHA_RxC_WBQ0_REJECT.BL_NCS_VN0, 0x2028
UNC_CHA_RxC_WBQ0_REJECT.BL_RSP_VN0, 0x428
UNC_CHA_RxC_WBQ0_REJECT.BL_WB_VN0, 0x828
UNC_CHA_RxC_WBQ0_REJECT.IV_NON_UPI, 0x8028
UNC_CHA_RxC_WBQ1_REJECT.ALLOW_SNP, 0x4029
UNC_CHA_RxC_WBQ1_REJECT.ANY0, 0x129
UNC_CHA_RxC_WBQ1_REJECT.HA, 0x229
UNC_CHA_RxC_WBQ1_REJECT.LLC_OR_SF_WAY, 0x2029
UNC_CHA_RxC_WBQ1_REJECT.LLC_VICTIM, 0x429
UNC_CHA_RxC_WBQ1_REJECT.PA_MATCH, 0x8029
UNC_CHA_RxC_WBQ1_REJECT.SF_VICTIM, 0x829
UNC_CHA_RxC_WBQ1_REJECT.VICTIM, 0x1029
UNC_CHA_RxR_BUSY_STARVED.AD_BNC, 0x1b4
UNC_CHA_RxR_BUSY_STARVED.AD_CRD, 0x10b4
UNC_CHA_RxR_BUSY_STARVED.BL_BNC, 0x4b4
UNC_CHA_RxR_BUSY_STARVED.BL_CRD, 0x40b4
UNC_CHA_RxR_BYPASS.AD_BNC, 0x1b2
UNC_CHA_RxR_BYPASS.AD_CRD, 0x10b2
UNC_CHA_RxR_BYPASS.AK_BNC, 0x2b2
UNC_CHA_RxR_BYPASS.BL_BNC, 0x4b2
UNC_CHA_RxR_BYPASS.BL_CRD, 0x40b2
UNC_CHA_RxR_BYPASS.IV_BNC, 0x8b2
UNC_CHA_RxR_CRD_STARVED.AD_BNC, 0x1b3
UNC_CHA_RxR_CRD_STARVED.AD_CRD, 0x10b3
UNC_CHA_RxR_CRD_STARVED.AK_BNC, 0x2b3
UNC_CHA_RxR_CRD_STARVED.BL_BNC, 0x4b3
UNC_CHA_RxR_CRD_STARVED.BL_CRD, 0x40b3
UNC_CHA_RxR_CRD_STARVED.IFV, 0x80b3
UNC_CHA_RxR_CRD_STARVED.IV_BNC, 0x8b3
UNC_CHA_RxR_INSERTS.AD_BNC, 0x1b1
UNC_CHA_RxR_INSERTS.AD_CRD, 0x10b1
UNC_CHA_RxR_INSERTS.AK_BNC, 0x2b1
UNC_CHA_RxR_INSERTS.BL_BNC, 0x4b1
UNC_CHA_RxR_INSERTS.BL_CRD, 0x40b1
UNC_CHA_RxR_INSERTS.IV_BNC, 0x8b1
UNC_CHA_RxR_OCCUPANCY.AD_BNC, 0x1b0
UNC_CHA_RxR_OCCUPANCY.AD_CRD, 0x10b0
UNC_CHA_RxR_OCCUPANCY.AK_BNC, 0x2b0
UNC_CHA_RxR_OCCUPANCY.BL_BNC, 0x4b0
UNC_CHA_RxR_OCCUPANCY.BL_CRD, 0x40b0
UNC_CHA_RxR_OCCUPANCY.IV_BNC, 0x8b0
UNC_CHA_SF_EVICTION.E_STATE, 0x23d
UNC_CHA_SF_EVICTION.M_STATE, 0x13d
UNC_CHA_SF_EVICTION.S_STATE, 0x43d
UNC_CHA_SNOOPS_SENT.ALL, 0x151
UNC_CHA_SNOOPS_SENT.BCST_LOCAL, 0x1051
UNC_CHA_SNOOPS_SENT.BCST_REMOTE, 0x2051
UNC_CHA_SNOOPS_SENT.DIRECT_LOCAL, 0x4051
UNC_CHA_SNOOPS_SENT.DIRECT_REMOTE, 0x8051
UNC_CHA_SNOOPS_SENT.LOCAL, 0x451
UNC_CHA_SNOOPS_SENT.REMOTE, 0x851
UNC_CHA_SNOOP_RESP.RSPCNFLCTS, 0x405c
UNC_CHA_SNOOP_RESP.RSPFWD, 0x805c
UNC_CHA_SNOOP_RESP.RSPI, 0x15c
UNC_CHA_SNOOP_RESP.RSPIFWD, 0x45c
UNC_CHA_SNOOP_RESP.RSPS, 0x25c
UNC_CHA_SNOOP_RESP.RSPSFWD, 0x85c
UNC_CHA_SNOOP_RESP.RSP_FWD_WB, 0x205c
UNC_CHA_SNOOP_RESP.RSP_WBWB, 0x105c
UNC_CHA_SNOOP_RESP_LOCAL.RSPCNFLCT, 0x405d
UNC_CHA_SNOOP_RESP_LOCAL.RSPFWD, 0x805d
UNC_CHA_SNOOP_RESP_LOCAL.RSPI, 0x15d
UNC_CHA_SNOOP_RESP_LOCAL.RSPIFWD, 0x45d
UNC_CHA_SNOOP_RESP_LOCAL.RSPS, 0x25d
UNC_CHA_SNOOP_RESP_LOCAL.RSPSFWD, 0x85d
UNC_CHA_SNOOP_RESP_LOCAL.RSP_FWD_WB, 0x205d
UNC_CHA_SNOOP_RESP_LOCAL.RSP_WB, 0x105d
UNC_CHA_STALL_NO_TxR_HORZ_CRD_AD_AG0.TGR0, 0x1d0
UNC_CHA_STALL_NO_TxR_HORZ_CRD_AD_AG0.TGR1, 0x2d0
UNC_CHA_STALL_NO_TxR_HORZ_CRD_AD_AG0.TGR2, 0x4d0
UNC_CHA_STALL_NO_TxR_HORZ_CRD_AD_AG0.TGR3, 0x8d0
UNC_CHA_STALL_NO_TxR_HORZ_CRD_AD_AG0.TGR4, 0x10d0
UNC_CHA_STALL_NO_TxR_HORZ_CRD_AD_AG0.TGR5, 0x20d0
UNC_CHA_STALL_NO_TxR_HORZ_CRD_AD_AG1.TGR0, 0x1d2
UNC_CHA_STALL_NO_TxR_HORZ_CRD_AD_AG1.TGR1, 0x2d2
UNC_CHA_STALL_NO_TxR_HORZ_CRD_AD_AG1.TGR2, 0x4d2
UNC_CHA_STALL_NO_TxR_HORZ_CRD_AD_AG1.TGR3, 0x8d2
UNC_CHA_STALL_NO_TxR_HORZ_CRD_AD_AG1.TGR4, 0x10d2
UNC_CHA_STALL_NO_TxR_HORZ_CRD_AD_AG1.TGR5, 0x20d2
UNC_CHA_STALL_NO_TxR_HORZ_CRD_BL_AG0.TGR0, 0x1d4
UNC_CHA_STALL_NO_TxR_HORZ_CRD_BL_AG0.TGR1, 0x2d4
UNC_CHA_STALL_NO_TxR_HORZ_CRD_BL_AG0.TGR2, 0x4d4
UNC_CHA_STALL_NO_TxR_HORZ_CRD_BL_AG0.TGR3, 0x8d4
UNC_CHA_STALL_NO_TxR_HORZ_CRD_BL_AG0.TGR4, 0x10d4
UNC_CHA_STALL_NO_TxR_HORZ_CRD_BL_AG0.TGR5, 0x20d4
UNC_CHA_STALL_NO_TxR_HORZ_CRD_BL_AG1.TGR0, 0x1d6
UNC_CHA_STALL_NO_TxR_HORZ_CRD_BL_AG1.TGR1, 0x2d6
UNC_CHA_STALL_NO_TxR_HORZ_CRD_BL_AG1.TGR2, 0x4d6
UNC_CHA_STALL_NO_TxR_HORZ_CRD_BL_AG1.TGR3, 0x8d6
UNC_CHA_STALL_NO_TxR_HORZ_CRD_BL_AG1.TGR4, 0x10d6
UNC_CHA_STALL_NO_TxR_HORZ_CRD_BL_AG1.TGR5, 0x20d6
UNC_CHA_TOR_INSERTS.ALL_HIT, 0x1535
UNC_CHA_TOR_INSERTS.ALL_IO_IA, 0x3535
UNC_CHA_TOR_INSERTS.ALL_MISS, 0x2535
UNC_CHA_TOR_INSERTS.EVICT, 0x235
UNC_CHA_TOR_INSERTS.HIT, 0x1035
UNC_CHA_TOR_INSERTS.IA, 0x3135
UNC_CHA_TOR_INSERTS.IA_HIT, 0x1135
UNC_CHA_TOR_INSERTS.IA_HIT_CRD, 0x1135, 0x40233
UNC_CHA_TOR_INSERTS.IA_HIT_DRD, 0x1135, 0x40433
UNC_CHA_TOR_INSERTS.IA_HIT_LlcPrefCRD, 0x1135, 0x4b233
UNC_CHA_TOR_INSERTS.IA_HIT_LlcPrefDRD, 0x1135, 0x4b433
UNC_CHA_TOR_INSERTS.IA_HIT_LlcPrefRFO, 0x1135, 0x4b033
UNC_CHA_TOR_INSERTS.IA_HIT_RFO, 0x1135, 0x40033
UNC_CHA_TOR_INSERTS.IA_MISS, 0x2135
UNC_CHA_TOR_INSERTS.IA_MISS_CRD, 0x2135, 0x40233
UNC_CHA_TOR_INSERTS.IA_MISS_DRD, 0x2135, 0x40433
UNC_CHA_TOR_INSERTS.IA_MISS_LlcPrefCRD, 0x2135, 0x4b233
UNC_CHA_TOR_INSERTS.IA_MISS_LlcPrefDRD, 0x2135, 0x4b433
UNC_CHA_TOR_INSERTS.IA_MISS_LlcPrefRFO, 0x2135, 0x4b033
UNC_CHA_TOR_INSERTS.IA_MISS_RFO, 0x2135, 0x40033
UNC_CHA_TOR_INSERTS.IO, 0x3435
UNC_CHA_TOR_INSERTS.IO_HIT, 0x1435
UNC_CHA_TOR_INSERTS.IO_MISS, 0x2435
UNC_CHA_TOR_INSERTS.IO_MISS_ITOM, 0x2435, 0x49033
UNC_CHA_TOR_INSERTS.IO_MISS_RDCUR, 0x2435, 0x43c33
UNC_CHA_TOR_INSERTS.IO_MISS_RFO, 0x2435, 0x40033
UNC_CHA_TOR_INSERTS.IPQ, 0x835
UNC_CHA_TOR_INSERTS.IPQ_HIT, 0x1835
UNC_CHA_TOR_INSERTS.IPQ_MISS, 0x2835
UNC_CHA_TOR_INSERTS.IRQ, 0x135
UNC_CHA_TOR_INSERTS.LOC_ALL, 0x3735
UNC_CHA_TOR_INSERTS.MISS, 0x2035
UNC_CHA_TOR_INSERTS.PRQ, 0x435
UNC_CHA_TOR_INSERTS.REM_ALL, 0x3035
UNC_CHA_TOR_INSERTS.RRQ_HIT, 0x5035
UNC_CHA_TOR_INSERTS.RRQ_MISS, 0x6035
UNC_CHA_TOR_INSERTS.WBQ_HIT, 0x9035
UNC_CHA_TOR_INSERTS.WBQ_MISS, 0xa035
UNC_CHA_TOR_OCCUPANCY.ALL_FROM_LOC, 0x3736
UNC_CHA_TOR_OCCUPANCY.ALL_HIT, 0x1736
UNC_CHA_TOR_OCCUPANCY.ALL_MISS, 0x2736
UNC_CHA_TOR_OCCUPANCY.EVICT, 0x236
UNC_CHA_TOR_OCCUPANCY.HIT, 0x1036
UNC_CHA_TOR_OCCUPANCY.IA, 0x3136
UNC_CHA_TOR_OCCUPANCY.IA_HIT, 0x1136
UNC_CHA_TOR_OCCUPANCY.IA_HIT_CRD, 0x1136, 0x40233
UNC_CHA_TOR_OCCUPANCY.IA_HIT_DRD, 0x1136, 0x40433
UNC_CHA_TOR_OCCUPANCY.IA_HIT_LlcPrefCRD, 0x1136, 0x4b233
UNC_CHA_TOR_OCCUPANCY.IA_HIT_LlcPrefDRD, 0x1136, 0x4b433
UNC_CHA_TOR_OCCUPANCY.IA_HIT_LlcPrefRFO, 0x1136, 0x4b033
UNC_CHA_TOR_OCCUPANCY.IA_HIT_RFO, 0x1136, 0x40033
UNC_CHA_TOR_OCCUPANCY.IA_MISS, 0x2136
UNC_CHA_TOR_OCCUPANCY.IA_MISS_CRD, 0x2136, 0x40233
UNC_CHA_TOR_OCCUPANCY.IA_MISS_DRD, 0x2136, 0x40433
UNC_CHA_TOR_OCCUPANCY.IA_MISS_LlcPrefCRD, 0x2136, 0x4b233
UNC_CHA_TOR_OCCUPANCY.IA_MISS_LlcPrefDRD, 0x2136, 0x4b433
UNC_CHA_TOR_OCCUPANCY.IA_MISS_LlcPrefRFO, 0x2136, 0x4b033
UNC_CHA_TOR_OCCUPANCY.IA_MISS_RFO, 0x2136, 0x40033
UNC_CHA_TOR_OCCUPANCY.IO, 0x3436
UNC_CHA_TOR_OCCUPANCY.IO_HIT, 0x1436
UNC_CHA_TOR_OCCUPANCY.IO_MISS, 0x2436
UNC_CHA_TOR_OCCUPANCY.IO_MISS_ITOM, 0x2436, 0x49033
UNC_CHA_TOR_OCCUPANCY.IO_MISS_RDCUR, 0x2436, 0x43c33
UNC_CHA_TOR_OCCUPANCY.IO_MISS_RFO, 0x2436, 0x40033
UNC_CHA_TOR_OCCUPANCY.IPQ, 0x836
UNC_CHA_TOR_OCCUPANCY.IPQ_HIT, 0x1836
UNC_CHA_TOR_OCCUPANCY.IPQ_MISS, 0x2836
UNC_CHA_TOR_OCCUPANCY.IRQ, 0x136
UNC_CHA_TOR_OCCUPANCY.LOC_ALL, 0x3736
UNC_CHA_TOR_OCCUPANCY.MISS, 0x2036
UNC_CHA_TOR_OCCUPANCY.PRQ, 0x436
UNC_CHA_TxR_HORZ_ADS_USED.AD_BNC, 0x19d
UNC_CHA_TxR_HORZ_ADS_USED.AD_CRD, 0x109d
UNC_CHA_TxR_HORZ_ADS_USED.AK_BNC, 0x29d
UNC_CHA_TxR_HORZ_ADS_USED.BL_BNC, 0x49d
UNC_CHA_TxR_HORZ_ADS_USED.BL_CRD, 0x409d
UNC_CHA_TxR_HORZ_BYPASS.AD_BNC, 0x19f
UNC_CHA_TxR_HORZ_BYPASS.AD_CRD, 0x109f
UNC_CHA_TxR_HORZ_BYPASS.AK_BNC, 0x29f
UNC_CHA_TxR_HORZ_BYPASS.BL_BNC, 0x49f
UNC_CHA_TxR_HORZ_BYPASS.BL_CRD, 0x409f
UNC_CHA_TxR_HORZ_BYPASS.IV_BNC, 0x89f
UNC_CHA_TxR_HORZ_CYCLES_FULL.AD_BNC, 0x196
UNC_CHA_TxR_HORZ_CYCLES_FULL.AD_CRD, 0x1096
UNC_CHA_TxR_HORZ_CYCLES_FULL.AK_BNC, 0x296
UNC_CHA_TxR_HORZ_CYCLES_FULL.BL_BNC, 0x496
UNC_CHA_TxR_HORZ_CYCLES_FULL.BL_CRD, 0x4096
UNC_CHA_TxR_HORZ_CYCLES_FULL.IV_BNC, 0x896
UNC_CHA_TxR_HORZ_CYCLES_NE.AD_BNC, 0x197
UNC_CHA_TxR_HORZ_CYCLES_NE.AD_CRD, 0x1097
UNC_CHA_TxR_HORZ_CYCLES_NE.AK_BNC, 0x297
UNC_CHA_TxR_HORZ_CYCLES_NE.BL_BNC, 0x497
UNC_CHA_TxR_HORZ_CYCLES_NE.BL_CRD, 0x4097
UNC_CHA_TxR_HORZ_CYCLES_NE.IV_BNC, 0x897
UNC_CHA_TxR_HORZ_INSERTS.AD_BNC, 0x195
UNC_CHA_TxR_HORZ_INSERTS.AD_CRD, 0x1095
UNC_CHA_TxR_HORZ_INSERTS.AK_BNC, 0x295
UNC_CHA_TxR_HORZ_INSERTS.BL_BNC, 0x495
UNC_CHA_TxR_HORZ_INSERTS.BL_CRD, 0x4095
UNC_CHA_TxR_HORZ_INSERTS.IV_BNC, 0x895
UNC_CHA_TxR_HORZ_NACK.AD_BNC, 0x199
UNC_CHA_TxR_HORZ_NACK.AD_CRD, 0x2099
UNC_CHA_TxR_HORZ_NACK.AK_BNC, 0x299
UNC_CHA_TxR_HORZ_NACK.BL_BNC, 0x499
UNC_CHA_TxR_HORZ_NACK.BL_CRD, 0x4099
UNC_CHA_TxR_HORZ_NACK.IV_BNC, 0x899
UNC_CHA_TxR_HORZ_OCCUPANCY.AD_BNC, 0x194
UNC_CHA_TxR_HORZ_OCCUPANCY.AD_CRD, 0x1094
UNC_CHA_TxR_HORZ_OCCUPANCY.AK_BNC, 0x294
UNC_CHA_TxR_HORZ_OCCUPANCY.BL_BNC, 0x494
UNC_CHA_TxR_HORZ_OCCUPANCY.BL_CRD, 0x4094
UNC_CHA_TxR_HORZ_OCCUPANCY.IV_BNC, 0x894
UNC_CHA_TxR_HORZ_STARVED.AD_BNC, 0x19b
UNC_CHA_TxR_HORZ_STARVED.AK_BNC, 0x29b
UNC_CHA_TxR_HORZ_STARVED.BL_BNC, 0x49b
UNC_CHA_TxR_HORZ_STARVED.IV_BNC, 0x89b
UNC_CHA_TxR_VERT_ADS_USED.AD_AG0, 0x19c
UNC_CHA_TxR_VERT_ADS_USED.AD_AG1, 0x109c
UNC_CHA_TxR_VERT_ADS_USED.AK_AG0, 0x29c
UNC_CHA_TxR_VERT_ADS_USED.AK_AG1, 0x209c
UNC_CHA_TxR_VERT_ADS_USED.BL_AG0, 0x49c
UNC_CHA_TxR_VERT_ADS_USED.BL_AG1, 0x409c
UNC_CHA_TxR_VERT_BYPASS.AD_AG0, 0x19e
UNC_CHA_TxR_VERT_BYPASS.AD_AG1, 0x109e
UNC_CHA_TxR_VERT_BYPASS.AK_AG0, 0x29e
UNC_CHA_TxR_VERT_BYPASS.AK_AG1, 0x209e
UNC_CHA_TxR_VERT_BYPASS.BL_AG0, 0x49e
UNC_CHA_TxR_VERT_BYPASS.BL_AG1, 0x409e
UNC_CHA_TxR_VERT_BYPASS.IV, 0x89e
UNC_CHA_TxR_VERT_CYCLES_FULL.AD_AG0, 0x192
UNC_CHA_TxR_VERT_CYCLES_FULL.AD_AG1, 0x1092
UNC_CHA_TxR_VERT_CYCLES_FULL.AK_AG0, 0x292
UNC_CHA_TxR_VERT_CYCLES_FULL.AK_AG1, 0x2092
UNC_CHA_TxR_VERT_CYCLES_FULL.BL_AG0, 0x492
UNC_CHA_TxR_VERT_CYCLES_FULL.BL_AG1, 0x4092
UNC_CHA_TxR_VERT_CYCLES_FULL.IV, 0x892
UNC_CHA_TxR_VERT_CYCLES_NE.AD_AG0, 0x193
UNC_CHA_TxR_VERT_CYCLES_NE.AD_AG1, 0x1093
UNC_CHA_TxR_VERT_CYCLES_NE.AK_AG0, 0x293
UNC_CHA_TxR_VERT_CYCLES_NE.AK_AG1, 0x2093
UNC_CHA_TxR_VERT_CYCLES_NE.BL_AG0, 0x493
UNC_CHA_TxR_VERT_CYCLES_NE.BL_AG1, 0x4093
UNC_CHA_TxR_VERT_CYCLES_NE.IV, 0x893
UNC_CHA_TxR_VERT_INSERTS.AD_AG0, 0x191
UNC_CHA_TxR_VERT_INSERTS.AD_AG1, 0x1091
UNC_CHA_TxR_VERT_INSERTS.AK_AG0, 0x291
UNC_CHA_TxR_VERT_INSERTS.AK_AG1, 0x2091
UNC_CHA_TxR_VERT_INSERTS.BL_AG0, 0x491
UNC_CHA_TxR_VERT_INSERTS.BL_AG1, 0x4091
UNC_CHA_TxR_VERT_INSERTS.IV, 0x891
UNC_CHA_TxR_VERT_NACK.AD_AG0, 0x198
UNC_CHA_TxR_VERT_NACK.AD_AG1, 0x1098
UNC_CHA_TxR_VERT_NACK.AK_AG0, 0x298
UNC_CHA_TxR_VERT_NACK.AK_AG1, 0x2098
UNC_CHA_TxR_VERT_NACK.BL_AG0, 0x498
UNC_CHA_TxR_VERT_NACK.BL_AG1, 0x4098
UNC_CHA_TxR_VERT_NACK.IV, 0x898
UNC_CHA_TxR_VERT_OCCUPANCY.AD_AG0, 0x190
UNC_CHA_TxR_VERT_OCCUPANCY.AD_AG1, 0x1090
UNC_CHA_TxR_VERT_OCCUPANCY.AK_AG0, 0x290
UNC_CHA_TxR_VERT_OCCUPANCY.AK_AG1, 0x2090
UNC_CHA_TxR_VERT_OCCUPANCY.BL_AG0, 0x490
UNC_CHA_TxR_VERT_OCCUPANCY.BL_AG1, 0x4090
UNC_CHA_TxR_VERT_OCCUPANCY.IV, 0x890
UNC_CHA_TxR_VERT_STARVED.AD_AG0, 0x19a
UNC_CHA_TxR_VERT_STARVED.AD_AG1, 0x109a
UNC_CHA_TxR_VERT_STARVED.AK_AG0, 0x29a
UNC_CHA_TxR_VERT_STARVED.AK_AG1, 0x209a
UNC_CHA_TxR_VERT_STARVED.BL_AG0, 0x49a
UNC_CHA_TxR_VERT_STARVED.BL_AG1, 0x409a
UNC_CHA_TxR_VERT_STARVED.IV, 0x89a
UNC_CHA_UPI_CREDITS_ACQUIRED.AD_REQ, 0x438
UNC_CHA_UPI_CREDITS_ACQUIRED.AD_RSP, 0x838
UNC_CHA_UPI_CREDITS_ACQUIRED.BL_NCB, 0x4038
UNC_CHA_UPI_CREDITS_ACQUIRED.BL_NCS, 0x8038
UNC_CHA_UPI_CREDITS_ACQUIRED.BL_RSP, 0x1038
UNC_CHA_UPI_CREDITS_ACQUIRED.BL_WB, 0x2038
UNC_CHA_UPI_CREDITS_ACQUIRED.VN0, 0x238
UNC_CHA_UPI_CREDITS_ACQUIRED.VNA, 0x138
UNC_CHA_UPI_CREDIT_OCCUPANCY.VN0_AD_REQ, 0x43b
UNC_CHA_UPI_CREDIT_OCCUPANCY.VN0_AD_RSP, 0x83b
UNC_CHA_UPI_CREDIT_OCCUPANCY.VN0_BL_NCB, 0x403b
UNC_CHA_UPI_CREDIT_OCCUPANCY.VN0_BL_NCS, 0x803b
UNC_CHA_UPI_CREDIT_OCCUPANCY.VN0_BL_RSP, 0x103b
UNC_CHA_UPI_CREDIT_OCCUPANCY.VN0_BL_WB, 0x203b
UNC_CHA_UPI_CREDIT_OCCUPANCY.VNA_AD, 0x13b
UNC_CHA_UPI_CREDIT_OCCUPANCY.VNA_BL, 0x23b
UNC_CHA_VERT_RING_AD_IN_USE.DN_EVEN, 0x4a6
UNC_CHA_VERT_RING_AD_IN_USE.DN_ODD, 0x8a6
UNC_CHA_VERT_RING_AD_IN_USE.UP_EVEN, 0x1a6
UNC_CHA_VERT_RING_AD_IN_USE.UP_ODD, 0x2a6
UNC_CHA_VERT_RING_AK_IN_USE.DN_EVEN, 0x4a8
UNC_CHA_VERT_RING_AK_IN_USE.DN_ODD, 0x8a8
UNC_CHA_VERT_RING_AK_IN_USE.UP_EVEN, 0x1a8
UNC_CHA_VERT_RING_AK_IN_USE.UP_ODD, 0x2a8
UNC_CHA_VERT_RING_BL_IN_USE.DN_EVEN, 0x4aa
UNC_CHA_VERT_RING_BL_IN_USE.DN_ODD, 0x8aa
UNC_CHA_VERT_RING_BL_IN_USE.UP_EVEN, 0x1aa
UNC_CHA_VERT_RING_BL_IN_USE.UP_ODD, 0x2aa
UNC_CHA_VERT_RING_IV_IN_USE.DN, 0x4ac
UNC_CHA_VERT_RING_IV_IN_USE.UP, 0x1ac
UNC_CHA_WB_PUSH_MTOI.LLC, 0x156
UNC_CHA_WB_PUSH_MTOI.MEM, 0x256
UNC_CHA_WRITE_NO_CREDITS.EDC0_SMI2, 0x45a
UNC_CHA_WRITE_NO_CREDITS.EDC1_SMI3, 0x85a
UNC_CHA_WRITE_NO_CREDITS.EDC2_SMI4, 0x105a
UNC_CHA_WRITE_NO_CREDITS.EDC3_SMI5, 0x205a
UNC_CHA_WRITE_NO_CREDITS.MC0_SMI0, 0x15a
UNC_CHA_WRITE_NO_CREDITS.MC1_SMI1, 0x25a
UNC_CHA_XSNP_RESP.ANY_RSPI_FWDFE, 0xe432
UNC_CHA_XSNP_RESP.ANY_RSPI_FWDM, 0xf032
UNC_CHA_XSNP_RESP.ANY_RSPS_FWDFE, 0xe232
UNC_CHA_XSNP_RESP.ANY_RSPS_FWDM, 0xe832
UNC_CHA_XSNP_RESP.ANY_RSP_HITFSE, 0xe132
UNC_CHA_XSNP_RESP.CORE_RSPI_FWDFE, 0x4432
UNC_CHA_XSNP_RESP.CORE_RSPI_FWDM, 0x5032
UNC_CHA_XSNP_RESP.CORE_RSPS_FWDFE, 0x4232
UNC_CHA_XSNP_RESP.CORE_RSPS_FWDM, 0x4832
UNC_CHA_XSNP_RESP.CORE_RSP_HITFSE, 0x4132
UNC_CHA_XSNP_RESP.EVICT_RSPI_FWDFE, 0x8432
UNC_CHA_XSNP_RESP.EVICT_RSPI_FWDM, 0x9032
UNC_CHA_XSNP_RESP.EVICT_RSPS_FWDFE, 0x8232
UNC_CHA_XSNP_RESP.EVICT_RSPS_FWDM, 0x8832
UNC_CHA_XSNP_RESP.EVICT_RSP_HITFSE, 0x8132
UNC_CHA_XSNP_RESP.EXT_RSPI_FWDFE, 0x2432
UNC_CHA_XSNP_RESP.EXT_RSPI_FWDM, 0x3032
UNC_CHA_XSNP_RESP.EXT_RSPS_FWDFE, 0x2232
UNC_CHA_XSNP_RESP.EXT_RSPS_FWDM, 0x2832
UNC_CHA_XSNP_RESP.EXT_RSP_HITFSE, 0x2132
UNC_C_FAST_ASSERTED, 0x2a5
UNC_C_LLC_LOOKUP.ANY, 0x1134
UNC_C_LLC_LOOKUP.DATA_READ, 0x334
UNC_C_LLC_LOOKUP.LOCAL, 0x3134
UNC_C_LLC_LOOKUP.REMOTE, 0x9134
UNC_C_LLC_LOOKUP.REMOTE_SNOOP, 0x934
UNC_C_LLC_LOOKUP.WRITE, 0x534
UNC_C_LLC_VICTIMS.E_STATE, 0x237
UNC_C_LLC_VICTIMS.F_STATE, 0x837
UNC_C_LLC_VICTIMS.LOCAL, 0x2f37
UNC_C_LLC_VICTIMS.M_STATE, 0x137
UNC_C_LLC_VICTIMS.REMOTE, 0x8037
UNC_C_LLC_VICTIMS.S_STATE, 0x437
UNC_C_RING_SRC_THRTL, 0xa4
UNC_C_TOR_INSERTS.EVICT, 0x235
UNC_C_TOR_INSERTS.HIT, 0x1035
UNC_C_TOR_INSERTS.IPQ, 0x835
UNC_C_TOR_INSERTS.IPQ_HIT, 0x1835
UNC_C_TOR_INSERTS.IPQ_MISS, 0x2835
UNC_C_TOR_INSERTS.IRQ, 0x3135
UNC_C_TOR_INSERTS.IRQ_HIT, 0x1135
UNC_C_TOR_INSERTS.IRQ_MISS, 0x2135
UNC_C_TOR_INSERTS.LOC_ALL, 0x3735
UNC_C_TOR_INSERTS.LOC_IA, 0x3135
UNC_C_TOR_INSERTS.LOC_IO, 0x3435
UNC_C_TOR_INSERTS.MISS, 0x2035
UNC_C_TOR_INSERTS.PRQ, 0x435
UNC_C_TOR_INSERTS.PRQ_HIT, 0x1435
UNC_C_TOR_INSERTS.PRQ_MISS, 0x2435
UNC_C_TOR_INSERTS.REM_ALL, 0x3035
UNC_C_TOR_INSERTS.RRQ_HIT, 0x5035
UNC_C_TOR_INSERTS.RRQ_MISS, 0x6035
UNC_C_TOR_INSERTS.WBQ_HIT, 0x9035
UNC_C_TOR_INSERTS.WBQ_MISS, 0xa035
UNC_C_TOR_OCCUPANCY.EVICT, 0x236
UNC_C_TOR_OCCUPANCY.HIT, 0x1036
UNC_C_TOR_OCCUPANCY.IPQ, 0x836
UNC_C_TOR_OCCUPANCY.IPQ_HIT, 0x1836
UNC_C_TOR_OCCUPANCY.IPQ_MISS, 0x2836
UNC_C_TOR_OCCUPANCY.IRQ, 0x3136
UNC_C_TOR_OCCUPANCY.IRQ_HIT, 0x1136
UNC_C_TOR_OCCUPANCY.IRQ_MISS, 0x2136
UNC_C_TOR_OCCUPANCY.LOC_ALL, 0x3736
UNC_C_TOR_OCCUPANCY.LOC_IA, 0x3136
UNC_C_TOR_OCCUPANCY.LOC_IO, 0x3436
UNC_C_TOR_OCCUPANCY.MISS, 0x2036
UNC_C_TOR_OCCUPANCY.PRQ, 0x436
UNC_C_TOR_OCCUPANCY.PRQ_HIT, 0x1436
UNC_C_TOR_OCCUPANCY.PRQ_MISS, 0x2436
UNC_H_AG0_AD_CRD_ACQUIRED.TGR0, 0x180
UNC_H_AG0_AD_CRD_ACQUIRED.TGR1, 0x280
UNC_H_AG0_AD_CRD_ACQUIRED.TGR2, 0x480
UNC_H_AG0_AD_CRD_ACQUIRED.TGR3, 0x880
UNC_H_AG0_AD_CRD_ACQUIRED.TGR4, 0x1080
UNC_H_AG0_AD_CRD_ACQUIRED.TGR5, 0x2080
UNC_H_AG0_AD_CRD_OCCUPANCY.TGR0, 0x182
UNC_H_AG0_AD_CRD_OCCUPANCY.TGR1, 0x282
UNC_H_AG0_AD_CRD_OCCUPANCY.TGR2, 0x482
UNC_H_AG0_AD_CRD_OCCUPANCY.TGR3, 0x882
UNC_H_AG0_AD_CRD_OCCUPANCY.TGR4, 0x1082
UNC_H_AG0_AD_CRD_OCCUPANCY.TGR5, 0x2082
UNC_H_AG0_BL_CRD_ACQUIRED.TGR0, 0x188
UNC_H_AG0_BL_CRD_ACQUIRED.TGR1, 0x288
UNC_H_AG0_BL_CRD_ACQUIRED.TGR2, 0x488
UNC_H_AG0_BL_CRD_ACQUIRED.TGR3, 0x888
UNC_H_AG0_BL_CRD_ACQUIRED.TGR4, 0x1088
UNC_H_AG0_BL_CRD_ACQUIRED.TGR5, 0x2088
UNC_H_AG0_BL_CRD_OCCUPANCY.TGR0, 0x18a
UNC_H_AG0_BL_CRD_OCCUPANCY.TGR1, 0x28a
UNC_H_AG0_BL_CRD_OCCUPANCY.TGR2, 0x48a
UNC_H_AG0_BL_CRD_OCCUPANCY.TGR3, 0x88a
UNC_H_AG0_BL_CRD_OCCUPANCY.TGR4, 0x108a
UNC_H_AG0_BL_CRD_OCCUPANCY.TGR5, 0x208a
UNC_H_AG1_AD_CRD_ACQUIRED.TGR0, 0x184
UNC_H_AG1_AD_CRD_ACQUIRED.TGR1, 0x284
UNC_H_AG1_AD_CRD_ACQUIRED.TGR2, 0x484
UNC_H_AG1_AD_CRD_ACQUIRED.TGR3, 0x884
UNC_H_AG1_AD_CRD_ACQUIRED.TGR4, 0x1084
UNC_H_AG1_AD_CRD_ACQUIRED.TGR5, 0x2084
UNC_H_AG1_AD_CRD_OCCUPANCY.TGR0, 0x186
UNC_H_AG1_AD_CRD_OCCUPANCY.TGR1, 0x286
UNC_H_AG1_AD_CRD_OCCUPANCY.TGR2, 0x486
UNC_H_AG1_AD_CRD_OCCUPANCY.TGR3, 0x886
UNC_H_AG1_AD_CRD_OCCUPANCY.TGR4, 0x1086
UNC_H_AG1_AD_CRD_OCCUPANCY.TGR5, 0x2086
UNC_H_AG1_BL_CRD_OCCUPANCY.TGR0, 0x18e
UNC_H_AG1_BL_CRD_OCCUPANCY.TGR1, 0x28e
UNC_H_AG1_BL_CRD_OCCUPANCY.TGR2, 0x48e
UNC_H_AG1_BL_CRD_OCCUPANCY.TGR3, 0x88e
UNC_H_AG1_BL_CRD_OCCUPANCY.TGR4, 0x108e
UNC_H_AG1_BL_CRD_OCCUPANCY.TGR5, 0x208e
UNC_H_AG1_BL_CREDITS_ACQUIRED.TGR0, 0x18c
UNC_H_AG1_BL_CREDITS_ACQUIRED.TGR1, 0x28c
UNC_H_AG1_BL_CREDITS_ACQUIRED.TGR2, 0x48c
UNC_H_AG1_BL_CREDITS_ACQUIRED.TGR3, 0x88c
UNC_H_AG1_BL_CREDITS_ACQUIRED.TGR4, 0x108c
UNC_H_AG1_BL_CREDITS_ACQUIRED.TGR5, 0x208c
UNC_H_BYPASS_CHA_IMC.INTERMEDIATE, 0x257
UNC_H_BYPASS_CHA_IMC.NOT_TAKEN, 0x457
UNC_H_BYPASS_CHA_IMC.TAKEN, 0x157
UNC_H_CLOCK, 0xc0
UNC_H_CORE_PMA.C1_STATE, 0x117
UNC_H_CORE_PMA.C1_TRANSITION, 0x217
UNC_H_CORE_PMA.C6_STATE, 0x417
UNC_H_CORE_PMA.C6_TRANSITION, 0x817
UNC_H_CORE_PMA.GV, 0x1017
UNC_H_CORE_SNP.ANY_GTONE, 0xe233
UNC_H_CORE_SNP.ANY_ONE, 0xe133
UNC_H_CORE_SNP.ANY_REMOTE, 0xe433
UNC_H_CORE_SNP.CORE_GTONE, 0x4233
UNC_H_CORE_SNP.CORE_ONE, 0x4133
UNC_H_CORE_SNP.CORE_REMOTE, 0x4433
UNC_H_CORE_SNP.EVICT_GTONE, 0x8233
UNC_H_CORE_SNP.EVICT_ONE, 0x8133
UNC_H_CORE_SNP.EVICT_REMOTE, 0x8433
UNC_H_CORE_SNP.EXT_GTONE, 0x2233
UNC_H_CORE_SNP.EXT_ONE, 0x2133
UNC_H_CORE_SNP.EXT_REMOTE, 0x2433
UNC_H_COUNTER0_OCCUPANCY, 0x1f
UNC_H_DIR_LOOKUP.NO_SNP, 0x253
UNC_H_DIR_LOOKUP.SNP, 0x153
UNC_H_DIR_UPDATE.HA, 0x154
UNC_H_DIR_UPDATE.TOR, 0x254
UNC_H_EGRESS_ORDERING.IV_SNOOPGO_DN, 0x4ae
UNC_H_EGRESS_ORDERING.IV_SNOOPGO_UP, 0x1ae
UNC_H_HITME_HIT.EX_RDS, 0x15f
UNC_H_HITME_HIT.SHARED_OWNREQ, 0x45f
UNC_H_HITME_HIT.WBMTOE, 0x85f
UNC_H_HITME_HIT.WBMTOI_OR_S, 0x105f
UNC_H_HITME_LOOKUP.READ, 0x15e
UNC_H_HITME_LOOKUP.WRITE, 0x25e
UNC_H_HITME_MISS.NOTSHARED_RDINVOWN, 0x4060
UNC_H_HITME_MISS.READ_OR_INV, 0x8060
UNC_H_HITME_MISS.SHARED_RDINVOWN, 0x2060
UNC_H_HITME_UPDATE.DEALLOCATE, 0x1061
UNC_H_HITME_UPDATE.DEALLOCATE_RSPFWDI_LOC, 0x161
UNC_H_HITME_UPDATE.RDINVOWN, 0x861
UNC_H_HITME_UPDATE.RSPFWDI_REM, 0x261
UNC_H_HITME_UPDATE.SHARED, 0x461
UNC_H_HORZ_RING_AD_IN_USE.LEFT_EVEN, 0x1a7
UNC_H_HORZ_RING_AD_IN_USE.LEFT_ODD, 0x2a7
UNC_H_HORZ_RING_AD_IN_USE.RIGHT_EVEN, 0x4a7
UNC_H_HORZ_RING_AD_IN_USE.RIGHT_ODD, 0x8a7
UNC_H_HORZ_RING_AK_IN_USE.LEFT_EVEN, 0x1a9
UNC_H_HORZ_RING_AK_IN_USE.LEFT_ODD, 0x2a9
UNC_H_HORZ_RING_AK_IN_USE.RIGHT_EVEN, 0x4a9
UNC_H_HORZ_RING_AK_IN_USE.RIGHT_ODD, 0x8a9
UNC_H_HORZ_RING_BL_IN_USE.LEFT_EVEN, 0x1ab
UNC_H_HORZ_RING_BL_IN_USE.LEFT_ODD, 0x2ab
UNC_H_HORZ_RING_BL_IN_USE.RIGHT_EVEN, 0x4ab
UNC_H_HORZ_RING_BL_IN_USE.RIGHT_ODD, 0x8ab
UNC_H_HORZ_RING_IV_IN_USE.LEFT, 0x1ad
UNC_H_HORZ_RING_IV_IN_USE.RIGHT, 0x4ad
UNC_H_IMC_READS_COUNT.NORMAL, 0x159
UNC_H_IMC_READS_COUNT.PRIORITY, 0x259
UNC_H_IMC_WRITES_COUNT.FULL, 0x15b
UNC_H_IMC_WRITES_COUNT.FULL_MIG, 0x105b
UNC_H_IMC_WRITES_COUNT.FULL_PRIORITY, 0x45b
UNC_H_IMC_WRITES_COUNT.PARTIAL, 0x25b
UNC_H_IMC_WRITES_COUNT.PARTIAL_MIG, 0x205b
UNC_H_IMC_WRITES_COUNT.PARTIAL_PRIORITY, 0x85b
UNC_H_IODC_ALLOC.INVITOM, 0x162
UNC_H_IODC_ALLOC.IODCFULL, 0x262
UNC_H_IODC_ALLOC.OSBGATED, 0x462
UNC_H_IODC_DEALLOC.ALL, 0x1063
UNC_H_IODC_DEALLOC.SNPOUT, 0x863
UNC_H_IODC_DEALLOC.WBMTOE, 0x163
UNC_H_IODC_DEALLOC.WBMTOI, 0x263
UNC_H_IODC_DEALLOC.WBPUSHMTOI, 0x463
UNC_H_MISC.CV0_PREF_MISS, 0x2039
UNC_H_MISC.CV0_PREF_VIC, 0x1039
UNC_H_MISC.RFO_HIT_S, 0x839
UNC_H_MISC.RSPI_WAS_FSE, 0x139
UNC_H_MISC.WC_ALIASING, 0x239
UNC_H_OSB, 0x55
UNC_H_READ_NO_CREDITS.EDC0_SMI2, 0x458
UNC_H_READ_NO_CREDITS.EDC1_SMI3, 0x858
UNC_H_READ_NO_CREDITS.EDC2_SMI4, 0x1058
UNC_H_READ_NO_CREDITS.EDC3_SMI5, 0x2058
UNC_H_READ_NO_CREDITS.MC0_SMI0, 0x158
UNC_H_READ_NO_CREDITS.MC1_SMI1, 0x258
UNC_H_REQUESTS.INVITOE_LOCAL, 0x1050
UNC_H_REQUESTS.INVITOE_REMOTE, 0x2050
UNC_H_REQUESTS.READS, 0x350
UNC_H_REQUESTS.READS_LOCAL, 0x150
UNC_H_REQUESTS.READS_REMOTE, 0x250
UNC_H_REQUESTS.WRITES, 0xc50
UNC_H_REQUESTS.WRITES_LOCAL, 0x450
UNC_H_REQUESTS.WRITES_REMOTE, 0x850
UNC_H_RING_BOUNCES_HORZ.AD, 0x1a1
UNC_H_RING_BOUNCES_HORZ.AK, 0x2a1
UNC_H_RING_BOUNCES_HORZ.BL, 0x4a1
UNC_H_RING_BOUNCES_HORZ.IV, 0x8a1
UNC_H_RING_BOUNCES_VERT.AD, 0x1a0
UNC_H_RING_BOUNCES_VERT.AK, 0x2a0
UNC_H_RING_BOUNCES_VERT.BL, 0x4a0
UNC_H_RING_BOUNCES_VERT.IV, 0x8a0
UNC_H_RING_SINK_STARVED_HORZ.AD, 0x1a3
UNC_H_RING_SINK_STARVED_HORZ.AK, 0x2a3
UNC_H_RING_SINK_STARVED_HORZ.AK_AG1, 0x20a3
UNC_H_RING_SINK_STARVED_HORZ.BL, 0x4a3
UNC_H_RING_SINK_STARVED_HORZ.IV, 0x8a3
UNC_H_RING_SINK_STARVED_VERT.AD, 0x1a2
UNC_H_RING_SINK_STARVED_VERT.AK, 0x2a2
UNC_H_RING_SINK_STARVED_VERT.BL, 0x4a2
UNC_H_RING_SINK_STARVED_VERT.IV, 0x8a2
UNC_H_RxC_INSERTS.IPQ, 0x413
UNC_H_RxC_INSERTS.IRQ, 0x113
UNC_H_RxC_INSERTS.IRQ_REJ, 0x213
UNC_H_RxC_INSERTS.PRQ, 0x1013
UNC_H_RxC_INSERTS.PRQ_REJ, 0x2013
UNC_H_RxC_INSERTS.RRQ, 0x4013
UNC_H_RxC_INSERTS.WBQ, 0x8013
UNC_H_RxC_IPQ0_REJECT.AD_REQ_VN0, 0x122
UNC_H_RxC_IPQ0_REJECT.AD_RSP_VN0, 0x222
UNC_H_RxC_IPQ0_REJECT.BL_NCB_VN0, 0x1022
UNC_H_RxC_IPQ0_REJECT.BL_NCS_VN0, 0x2022
UNC_H_RxC_IPQ0_REJECT.BL_RSP_VN0, 0x422
UNC_H_RxC_IPQ0_REJECT.BL_WB_VN0, 0x822
UNC_H_RxC_IPQ1_REJECT.ALLOW_SNP, 0x4023
UNC_H_RxC_IPQ1_REJECT.ANY_IPQ0, 0x123
UNC_H_RxC_IPQ1_REJECT.HA, 0x223
UNC_H_RxC_IPQ1_REJECT.LLC_OR_SF_WAY, 0x2023
UNC_H_RxC_IPQ1_REJECT.LLC_VICTIM, 0x423
UNC_H_RxC_IPQ1_REJECT.PA_MATCH, 0x8023
UNC_H_RxC_IPQ1_REJECT.SF_VICTIM, 0x823
UNC_H_RxC_IPQ1_REJECT.VICTIM, 0x1023
UNC_H_RxC_IRQ0_REJECT.AD_REQ_VN0, 0x118
UNC_H_RxC_IRQ0_REJECT.AD_RSP_VN0, 0x218
UNC_H_RxC_IRQ0_REJECT.BL_NCB_VN0, 0x1018
UNC_H_RxC_IRQ0_REJECT.BL_NCS_VN0, 0x2018
UNC_H_RxC_IRQ0_REJECT.BL_RSP_VN0, 0x418
UNC_H_RxC_IRQ0_REJECT.BL_WB_VN0, 0x818
UNC_H_RxC_IRQ1_REJECT.ALLOW_SNP, 0x4019
UNC_H_RxC_IRQ1_REJECT.ANY_REJECT_IRQ0, 0x119
UNC_H_RxC_IRQ1_REJECT.HA, 0x219
UNC_H_RxC_IRQ1_REJECT.LLC_OR_SF_WAY, 0x2019
UNC_H_RxC_IRQ1_REJECT.LLC_VICTIM, 0x419
UNC_H_RxC_IRQ1_REJECT.PA_MATCH, 0x8019
UNC_H_RxC_IRQ1_REJECT.SF_VICTIM, 0x819
UNC_H_RxC_IRQ1_REJECT.VICTIM, 0x1019
UNC_H_RxC_ISMQ0_REJECT.AD_REQ_VN0, 0x124
UNC_H_RxC_ISMQ0_REJECT.AD_RSP_VN0, 0x224
UNC_H_RxC_ISMQ0_REJECT.BL_NCB_VN0, 0x1024
UNC_H_RxC_ISMQ0_REJECT.BL_NCS_VN0, 0x2024
UNC_H_RxC_ISMQ0_REJECT.BL_RSP_VN0, 0x424
UNC_H_RxC_ISMQ0_REJECT.BL_WB_VN0, 0x824
UNC_H_RxC_ISMQ0_RETRY.AD_REQ_VN0, 0x12c
UNC_H_RxC_ISMQ0_RETRY.AD_RSP_VN0, 0x22c
UNC_H_RxC_ISMQ0_RETRY.BL_NCB_VN0, 0x102c
UNC_H_RxC_ISMQ0_RETRY.BL_NCS_VN0, 0x202c
UNC_H_RxC_ISMQ0_RETRY.BL_RSP_VN0, 0x42c
UNC_H_RxC_ISMQ0_RETRY.BL_WB_VN0, 0x82c
UNC_H_RxC_ISMQ1_REJECT.ANY_ISMQ0, 0x125
UNC_H_RxC_ISMQ1_REJECT.HA, 0x225
UNC_H_RxC_ISMQ1_RETRY.ANY, 0x12d
UNC_H_RxC_ISMQ1_RETRY.HA, 0x22d
UNC_H_RxC_OCCUPANCY.IPQ, 0x411
UNC_H_RxC_OCCUPANCY.IRQ, 0x111
UNC_H_RxC_OCCUPANCY.RRQ, 0x4011
UNC_H_RxC_OCCUPANCY.WBQ, 0x8011
UNC_H_RxC_OTHER0_RETRY.AD_REQ_VN0, 0x12e
UNC_H_RxC_OTHER0_RETRY.AD_RSP_VN0, 0x22e
UNC_H_RxC_OTHER0_RETRY.BL_NCB_VN0, 0x102e
UNC_H_RxC_OTHER0_RETRY.BL_NCS_VN0, 0x202e
UNC_H_RxC_OTHER0_RETRY.BL_RSP_VN0, 0x42e
UNC_H_RxC_OTHER0_RETRY.BL_WB_VN0, 0x82e
UNC_H_RxC_OTHER1_RETRY.ALLOW_SNP, 0x402f
UNC_H_RxC_OTHER1_RETRY.ANY, 0x12f
UNC_H_RxC_OTHER1_RETRY.HA, 0x22f
UNC_H_RxC_OTHER1_RETRY.LLC_OR_SF_WAY, 0x202f
UNC_H_RxC_OTHER1_RETRY.LLC_VICTIM, 0x42f
UNC_H_RxC_OTHER1_RETRY.PA_MATCH, 0x802f
UNC_H_RxC_OTHER1_RETRY.SF_VICTIM, 0x82f
UNC_H_RxC_OTHER1_RETRY.VICTIM, 0x102f
UNC_H_RxC_PRQ0_REJECT.AD_REQ_VN0, 0x120
UNC_H_RxC_PRQ0_REJECT.AD_RSP_VN0, 0x220
UNC_H_RxC_PRQ0_REJECT.BL_NCB_VN0, 0x1020
UNC_H_RxC_PRQ0_REJECT.BL_NCS_VN0, 0x2020
UNC_H_RxC_PRQ0_REJECT.BL_RSP_VN0, 0x420
UNC_H_RxC_PRQ0_REJECT.BL_WB_VN0, 0x820
UNC_H_RxC_PRQ1_REJECT.ALLOW_SNP, 0x4021
UNC_H_RxC_PRQ1_REJECT.ANY_PRQ0, 0x121
UNC_H_RxC_PRQ1_REJECT.HA, 0x221
UNC_H_RxC_PRQ1_REJECT.LLC_OR_SF_WAY, 0x2021
UNC_H_RxC_PRQ1_REJECT.LLC_VICTIM, 0x421
UNC_H_RxC_PRQ1_REJECT.PA_MATCH, 0x8021
UNC_H_RxC_PRQ1_REJECT.SF_VICTIM, 0x821
UNC_H_RxC_PRQ1_REJECT.VICTIM, 0x1021
UNC_H_RxC_REQ_Q0_RETRY.AD_REQ_VN0, 0x12a
UNC_H_RxC_REQ_Q0_RETRY.AD_RSP_VN0, 0x22a
UNC_H_RxC_REQ_Q0_RETRY.BL_NCB_VN0, 0x102a
UNC_H_RxC_REQ_Q0_RETRY.BL_NCS_VN0, 0x202a
UNC_H_RxC_REQ_Q0_RETRY.BL_RSP_VN0, 0x42a
UNC_H_RxC_REQ_Q0_RETRY.BL_WB_VN0, 0x82a
UNC_H_RxC_REQ_Q1_RETRY.ALLOW_SNP, 0x402b
UNC_H_RxC_REQ_Q1_RETRY.ANY, 0x12b
UNC_H_RxC_REQ_Q1_RETRY.HA, 0x22b
UNC_H_RxC_REQ_Q1_RETRY.LLC_OR_SF_WAY, 0x202b
UNC_H_RxC_REQ_Q1_RETRY.LLC_VICTIM, 0x42b
UNC_H_RxC_REQ_Q1_RETRY.PA_MATCH, 0x802b
UNC_H_RxC_REQ_Q1_RETRY.SF_VICTIM, 0x82b
UNC_H_RxC_REQ_Q1_RETRY.VICTIM, 0x102b
UNC_H_RxC_RRQ0_REJECT.AD_REQ_VN0, 0x126
UNC_H_RxC_RRQ0_REJECT.AD_RSP_VN0, 0x226
UNC_H_RxC_RRQ0_REJECT.BL_NCB_VN0, 0x1026
UNC_H_RxC_RRQ0_REJECT.BL_NCS_VN0, 0x2026
UNC_H_RxC_RRQ0_REJECT.BL_RSP_VN0, 0x426
UNC_H_RxC_RRQ0_REJECT.BL_WB_VN0, 0x826
UNC_H_RxC_RRQ1_REJECT.ALLOW_SNP, 0x4027
UNC_H_RxC_RRQ1_REJECT.ANY_RRQ0, 0x127
UNC_H_RxC_RRQ1_REJECT.HA, 0x227
UNC_H_RxC_RRQ1_REJECT.LLC_OR_SF_WAY, 0x2027
UNC_H_RxC_RRQ1_REJECT.LLC_VICTIM, 0x427
UNC_H_RxC_RRQ1_REJECT.PA_MATCH, 0x8027
UNC_H_RxC_RRQ1_REJECT.SF_VICTIM, 0x827
UNC_H_RxC_RRQ1_REJECT.VICTIM, 0x1027
UNC_H_RxC_WBQ0_REJECT.AD_REQ_VN0, 0x128
UNC_H_RxC_WBQ0_REJECT.AD_RSP_VN0, 0x228
UNC_H_RxC_WBQ0_REJECT.BL_NCB_VN0, 0x1028
UNC_H_RxC_WBQ0_REJECT.BL_NCS_VN0, 0x2028
UNC_H_RxC_WBQ0_REJECT.BL_RSP_VN0, 0x428
UNC_H_RxC_WBQ0_REJECT.BL_WB_VN0, 0x828
UNC_H_RxC_WBQ1_REJECT.ALLOW_SNP, 0x4029
UNC_H_RxC_WBQ1_REJECT.ANY_WBQ0, 0x129
UNC_H_RxC_WBQ1_REJECT.HA, 0x229
UNC_H_RxC_WBQ1_REJECT.LLC_OR_SF_WAY, 0x2029
UNC_H_RxC_WBQ1_REJECT.LLC_VICTIM, 0x429
UNC_H_RxC_WBQ1_REJECT.PA_MATCH, 0x8029
UNC_H_RxC_WBQ1_REJECT.SF_VICTIM, 0x829
UNC_H_RxC_WBQ1_REJECT.VICTIM, 0x1029
UNC_H_RxR_BUSY_STARVED.AD_BNC, 0x1b4
UNC_H_RxR_BUSY_STARVED.AD_CRD, 0x10b4
UNC_H_RxR_BUSY_STARVED.BL_BNC, 0x4b4
UNC_H_RxR_BUSY_STARVED.BL_CRD, 0x40b4
UNC_H_RxR_BYPASS.AD_BNC, 0x1b2
UNC_H_RxR_BYPASS.AD_CRD, 0x10b2
UNC_H_RxR_BYPASS.AK_BNC, 0x2b2
UNC_H_RxR_BYPASS.BL_BNC, 0x4b2
UNC_H_RxR_BYPASS.BL_CRD, 0x40b2
UNC_H_RxR_BYPASS.IV_BNC, 0x8b2
UNC_H_RxR_CRD_STARVED.AD_BNC, 0x1b3
UNC_H_RxR_CRD_STARVED.AD_CRD, 0x10b3
UNC_H_RxR_CRD_STARVED.AK_BNC, 0x2b3
UNC_H_RxR_CRD_STARVED.BL_BNC, 0x4b3
UNC_H_RxR_CRD_STARVED.BL_CRD, 0x40b3
UNC_H_RxR_CRD_STARVED.IFV, 0x80b3
UNC_H_RxR_CRD_STARVED.IV_BNC, 0x8b3
UNC_H_RxR_INSERTS.AD_BNC, 0x1b1
UNC_H_RxR_INSERTS.AD_CRD, 0x10b1
UNC_H_RxR_INSERTS.AK_BNC, 0x2b1
UNC_H_RxR_INSERTS.BL_BNC, 0x4b1
UNC_H_RxR_INSERTS.BL_CRD, 0x40b1
UNC_H_RxR_INSERTS.IV_BNC, 0x8b1
UNC_H_RxR_OCCUPANCY.AD_BNC, 0x1b0
UNC_H_RxR_OCCUPANCY.AD_CRD, 0x10b0
UNC_H_RxR_OCCUPANCY.AK_BNC, 0x2b0
UNC_H_RxR_OCCUPANCY.BL_BNC, 0x4b0
UNC_H_RxR_OCCUPANCY.BL_CRD, 0x40b0
UNC_H_RxR_OCCUPANCY.IV_BNC, 0x8b0
UNC_H_SF_EVICTION.E_STATE, 0x23d
UNC_H_SF_EVICTION.M_STATE, 0x13d
UNC_H_SF_EVICTION.S_STATE, 0x43d
UNC_H_SNOOPS_SENT., 0x151
UNC_H_SNOOPS_SENT.BCST_LOC, 0x1051
UNC_H_SNOOPS_SENT.BCST_REM, 0x2051
UNC_H_SNOOPS_SENT.DIRECT_LOC, 0x4051
UNC_H_SNOOPS_SENT.DIRECT_REM, 0x8051
UNC_H_SNOOPS_SENT.LOCAL, 0x451
UNC_H_SNOOPS_SENT.REMOTE, 0x851
UNC_H_SNOOP_RESP.RSPCNFLCT, 0x405c
UNC_H_SNOOP_RESP.RSPFWD, 0x805c
UNC_H_SNOOP_RESP.RSPI, 0x15c
UNC_H_SNOOP_RESP.RSPIFWD, 0x45c
UNC_H_SNOOP_RESP.RSPS, 0x25c
UNC_H_SNOOP_RESP.RSPSFWD, 0x85c
UNC_H_SNOOP_RESP.RSP_FWD_WB, 0x205c
UNC_H_SNOOP_RESP.RSP_WB, 0x105c
UNC_H_SNP_RSP_RCV_LOCAL.RSPCNFLCT, 0x405d
UNC_H_SNP_RSP_RCV_LOCAL.RSPFWD, 0x805d
UNC_H_SNP_RSP_RCV_LOCAL.RSPI, 0x15d
UNC_H_SNP_RSP_RCV_LOCAL.RSPIFWD, 0x45d
UNC_H_SNP_RSP_RCV_LOCAL.RSPS, 0x25d
UNC_H_SNP_RSP_RCV_LOCAL.RSPSFWD, 0x85d
UNC_H_SNP_RSP_RCV_LOCAL.RSP_FWD_WB, 0x205d
UNC_H_SNP_RSP_RCV_LOCAL.RSP_WB, 0x105d
UNC_H_STALL_NO_TxR_HORZ_CRD_AD_AG0.TGR0, 0x1d0
UNC_H_STALL_NO_TxR_HORZ_CRD_AD_AG0.TGR1, 0x2d0
UNC_H_STALL_NO_TxR_HORZ_CRD_AD_AG0.TGR2, 0x4d0
UNC_H_STALL_NO_TxR_HORZ_CRD_AD_AG0.TGR3, 0x8d0
UNC_H_STALL_NO_TxR_HORZ_CRD_AD_AG0.TGR4, 0x10d0
UNC_H_STALL_NO_TxR_HORZ_CRD_AD_AG0.TGR5, 0x20d0
UNC_H_STALL_NO_TxR_HORZ_CRD_AD_AG1.TGR0, 0x1d2
UNC_H_STALL_NO_TxR_HORZ_CRD_AD_AG1.TGR1, 0x2d2
UNC_H_STALL_NO_TxR_HORZ_CRD_AD_AG1.TGR2, 0x4d2
UNC_H_STALL_NO_TxR_HORZ_CRD_AD_AG1.TGR3, 0x8d2
UNC_H_STALL_NO_TxR_HORZ_CRD_AD_AG1.TGR4, 0x10d2
UNC_H_STALL_NO_TxR_HORZ_CRD_AD_AG1.TGR5, 0x20d2
UNC_H_STALL_NO_TxR_HORZ_CRD_BL_AG0.TGR0, 0x1d4
UNC_H_STALL_NO_TxR_HORZ_CRD_BL_AG0.TGR1, 0x2d4
UNC_H_STALL_NO_TxR_HORZ_CRD_BL_AG0.TGR2, 0x4d4
UNC_H_STALL_NO_TxR_HORZ_CRD_BL_AG0.TGR3, 0x8d4
UNC_H_STALL_NO_TxR_HORZ_CRD_BL_AG0.TGR4, 0x10d4
UNC_H_STALL_NO_TxR_HORZ_CRD_BL_AG0.TGR5, 0x20d4
UNC_H_STALL_NO_TxR_HORZ_CRD_BL_AG1.TGR0, 0x1d6
UNC_H_STALL_NO_TxR_HORZ_CRD_BL_AG1.TGR1, 0x2d6
UNC_H_STALL_NO_TxR_HORZ_CRD_BL_AG1.TGR2, 0x4d6
UNC_H_STALL_NO_TxR_HORZ_CRD_BL_AG1.TGR3, 0x8d6
UNC_H_STALL_NO_TxR_HORZ_CRD_BL_AG1.TGR4, 0x10d6
UNC_H_STALL_NO_TxR_HORZ_CRD_BL_AG1.TGR5, 0x20d6
UNC_H_TxR_HORZ_ADS_USED.AD_BNC, 0x19d
UNC_H_TxR_HORZ_ADS_USED.AD_CRD, 0x109d
UNC_H_TxR_HORZ_ADS_USED.AK_BNC, 0x29d
UNC_H_TxR_HORZ_ADS_USED.BL_BNC, 0x49d
UNC_H_TxR_HORZ_ADS_USED.BL_CRD, 0x409d
UNC_H_TxR_HORZ_BYPASS.AD_BNC, 0x19f
UNC_H_TxR_HORZ_BYPASS.AD_CRD, 0x109f
UNC_H_TxR_HORZ_BYPASS.AK_BNC, 0x29f
UNC_H_TxR_HORZ_BYPASS.BL_BNC, 0x49f
UNC_H_TxR_HORZ_BYPASS.BL_CRD, 0x409f
UNC_H_TxR_HORZ_BYPASS.IV_BNC, 0x89f
UNC_H_TxR_HORZ_CYCLES_FULL.AD_BNC, 0x196
UNC_H_TxR_HORZ_CYCLES_FULL.AD_CRD, 0x1096
UNC_H_TxR_HORZ_CYCLES_FULL.AK_BNC, 0x296
UNC_H_TxR_HORZ_CYCLES_FULL.BL_BNC, 0x496
UNC_H_TxR_HORZ_CYCLES_FULL.BL_CRD, 0x4096
UNC_H_TxR_HORZ_CYCLES_FULL.IV_BNC, 0x896
UNC_H_TxR_HORZ_CYCLES_NE.AD_BNC, 0x197
UNC_H_TxR_HORZ_CYCLES_NE.AD_CRD, 0x1097
UNC_H_TxR_HORZ_CYCLES_NE.AK_BNC, 0x297
UNC_H_TxR_HORZ_CYCLES_NE.BL_BNC, 0x497
UNC_H_TxR_HORZ_CYCLES_NE.BL_CRD, 0x4097
UNC_H_TxR_HORZ_CYCLES_NE.IV_BNC, 0x897
UNC_H_TxR_HORZ_INSERTS.AD_BNC, 0x195
UNC_H_TxR_HORZ_INSERTS.AD_CRD, 0x1095
UNC_H_TxR_HORZ_INSERTS.AK_BNC, 0x295
UNC_H_TxR_HORZ_INSERTS.BL_BNC, 0x495
UNC_H_TxR_HORZ_INSERTS.BL_CRD, 0x4095
UNC_H_TxR_HORZ_INSERTS.IV_BNC, 0x895
UNC_H_TxR_HORZ_NACK.AD_BNC, 0x199
UNC_H_TxR_HORZ_NACK.AD_CRD, 0x2099
UNC_H_TxR_HORZ_NACK.AK_BNC, 0x299
UNC_H_TxR_HORZ_NACK.BL_BNC, 0x499
UNC_H_TxR_HORZ_NACK.BL_CRD, 0x4099
UNC_H_TxR_HORZ_NACK.IV_BNC, 0x899
UNC_H_TxR_HORZ_OCCUPANCY.AD_BNC, 0x194
UNC_H_TxR_HORZ_OCCUPANCY.AD_CRD, 0x1094
UNC_H_TxR_HORZ_OCCUPANCY.AK_BNC, 0x294
UNC_H_TxR_HORZ_OCCUPANCY.BL_BNC, 0x494
UNC_H_TxR_HORZ_OCCUPANCY.BL_CRD, 0x4094
UNC_H_TxR_HORZ_OCCUPANCY.IV_BNC, 0x894
UNC_H_TxR_HORZ_STARVED.AD_BNC, 0x19b
UNC_H_TxR_HORZ_STARVED.AK_BNC, 0x29b
UNC_H_TxR_HORZ_STARVED.BL_BNC, 0x49b
UNC_H_TxR_HORZ_STARVED.IV_BNC, 0x89b
UNC_H_TxR_VERT_ADS_USED.AD_AG0, 0x19c
UNC_H_TxR_VERT_ADS_USED.AD_AG1, 0x109c
UNC_H_TxR_VERT_ADS_USED.AK_AG0, 0x29c
UNC_H_TxR_VERT_ADS_USED.AK_AG1, 0x209c
UNC_H_TxR_VERT_ADS_USED.BL_AG0, 0x49c
UNC_H_TxR_VERT_ADS_USED.BL_AG1, 0x409c
UNC_H_TxR_VERT_BYPASS.AD_AG0, 0x19e
UNC_H_TxR_VERT_BYPASS.AD_AG1, 0x109e
UNC_H_TxR_VERT_BYPASS.AK_AG0, 0x29e
UNC_H_TxR_VERT_BYPASS.AK_AG1, 0x209e
UNC_H_TxR_VERT_BYPASS.BL_AG0, 0x49e
UNC_H_TxR_VERT_BYPASS.BL_AG1, 0x409e
UNC_H_TxR_VERT_BYPASS.IV_AG1, 0x89e
UNC_H_TxR_VERT_CYCLES_FULL.AD_AG0, 0x192
UNC_H_TxR_VERT_CYCLES_FULL.AD_AG1, 0x1092
UNC_H_TxR_VERT_CYCLES_FULL.AK_AG0, 0x292
UNC_H_TxR_VERT_CYCLES_FULL.AK_AG1, 0x2092
UNC_H_TxR_VERT_CYCLES_FULL.BL_AG0, 0x492
UNC_H_TxR_VERT_CYCLES_FULL.BL_AG1, 0x4092
UNC_H_TxR_VERT_CYCLES_FULL.IV_AG0, 0x892
UNC_H_TxR_VERT_CYCLES_NE.AD_AG0, 0x193
UNC_H_TxR_VERT_CYCLES_NE.AD_AG1, 0x1093
UNC_H_TxR_VERT_CYCLES_NE.AK_AG0, 0x293
UNC_H_TxR_VERT_CYCLES_NE.AK_AG1, 0x2093
UNC_H_TxR_VERT_CYCLES_NE.BL_AG0, 0x493
UNC_H_TxR_VERT_CYCLES_NE.BL_AG1, 0x4093
UNC_H_TxR_VERT_CYCLES_NE.IV_AG0, 0x893
UNC_H_TxR_VERT_INSERTS.AD_AG0, 0x191
UNC_H_TxR_VERT_INSERTS.AD_AG1, 0x1091
UNC_H_TxR_VERT_INSERTS.AK_AG0, 0x291
UNC_H_TxR_VERT_INSERTS.AK_AG1, 0x2091
UNC_H_TxR_VERT_INSERTS.BL_AG0, 0x491
UNC_H_TxR_VERT_INSERTS.BL_AG1, 0x4091
UNC_H_TxR_VERT_INSERTS.IV_AG0, 0x891
UNC_H_TxR_VERT_NACK.AD_AG0, 0x198
UNC_H_TxR_VERT_NACK.AD_AG1, 0x1098
UNC_H_TxR_VERT_NACK.AK_AG0, 0x298
UNC_H_TxR_VERT_NACK.AK_AG1, 0x2098
UNC_H_TxR_VERT_NACK.BL_AG0, 0x498
UNC_H_TxR_VERT_NACK.BL_AG1, 0x4098
UNC_H_TxR_VERT_NACK.IV, 0x898
UNC_H_TxR_VERT_OCCUPANCY.AD_AG0, 0x190
UNC_H_TxR_VERT_OCCUPANCY.AD_AG1, 0x1090
UNC_H_TxR_VERT_OCCUPANCY.AK_AG0, 0x290
UNC_H_TxR_VERT_OCCUPANCY.AK_AG1, 0x2090
UNC_H_TxR_VERT_OCCUPANCY.BL_AG0, 0x490
UNC_H_TxR_VERT_OCCUPANCY.BL_AG1, 0x4090
UNC_H_TxR_VERT_OCCUPANCY.IV_AG0, 0x890
UNC_H_TxR_VERT_STARVED.AD_AG0, 0x19a
UNC_H_TxR_VERT_STARVED.AD_AG1, 0x109a
UNC_H_TxR_VERT_STARVED.AK_AG0, 0x29a
UNC_H_TxR_VERT_STARVED.AK_AG1, 0x209a
UNC_H_TxR_VERT_STARVED.BL_AG0, 0x49a
UNC_H_TxR_VERT_STARVED.BL_AG1, 0x409a
UNC_H_TxR_VERT_STARVED.IV, 0x89a
UNC_H_VERT_RING_AD_IN_USE.DN_EVEN, 0x4a6
UNC_H_VERT_RING_AD_IN_USE.DN_ODD, 0x8a6
UNC_H_VERT_RING_AD_IN_USE.UP_EVEN, 0x1a6
UNC_H_VERT_RING_AD_IN_USE.UP_ODD, 0x2a6
UNC_H_VERT_RING_AK_IN_USE.DN_EVEN, 0x4a8
UNC_H_VERT_RING_AK_IN_USE.DN_ODD, 0x8a8
UNC_H_VERT_RING_AK_IN_USE.UP_EVEN, 0x1a8
UNC_H_VERT_RING_AK_IN_USE.UP_ODD, 0x2a8
UNC_H_VERT_RING_BL_IN_USE.DN_EVEN, 0x4aa
UNC_H_VERT_RING_BL_IN_USE.DN_ODD, 0x8aa
UNC_H_VERT_RING_BL_IN_USE.UP_EVEN, 0x1aa
UNC_H_VERT_RING_BL_IN_USE.UP_ODD, 0x2aa
UNC_H_VERT_RING_IV_IN_USE.DN, 0x4ac
UNC_H_VERT_RING_IV_IN_USE.UP, 0x1ac
UNC_H_WB_PUSH_MTOI.LLC, 0x156
UNC_H_WB_PUSH_MTOI.MEM, 0x256
UNC_H_WRITE_NO_CREDITS.EDC0_SMI2, 0x45a
UNC_H_WRITE_NO_CREDITS.EDC1_SMI3, 0x85a
UNC_H_WRITE_NO_CREDITS.EDC2_SMI4, 0x105a
UNC_H_WRITE_NO_CREDITS.EDC3_SMI5, 0x205a
UNC_H_WRITE_NO_CREDITS.MC0_SMI0, 0x15a
UNC_H_WRITE_NO_CREDITS.MC1_SMI1, 0x25a
UNC_H_XSNP_RESP.ANY_RSPI_FWDFE, 0xe432
UNC_H_XSNP_RESP.ANY_RSPI_FWDM, 0xf032
UNC_H_XSNP_RESP.ANY_RSPS_FWDFE, 0xe232
UNC_H_XSNP_RESP.ANY_RSPS_FWDM, 0xe832
UNC_H_XSNP_RESP.ANY_RSP_HITFSE, 0xe132
UNC_H_XSNP_RESP.CORE_RSPI_FWDFE, 0x4432
UNC_H_XSNP_RESP.CORE_RSPI_FWDM, 0x5032
UNC_H_XSNP_RESP.CORE_RSPS_FWDFE, 0x4232
UNC_H_XSNP_RESP.CORE_RSPS_FWDM, 0x4832
UNC_H_XSNP_RESP.CORE_RSP_HITFSE, 0x4132
UNC_H_XSNP_RESP.EVICT_RSPI_FWDFE, 0x8432
UNC_H_XSNP_RESP.EVICT_RSPI_FWDM, 0x9032
UNC_H_XSNP_RESP.EVICT_RSPS_FWDFE, 0x8232
UNC_H_XSNP_RESP.EVICT_RSPS_FWDM, 0x8832
UNC_H_XSNP_RESP.EVICT_RSP_HITFSE, 0x8132
UNC_H_XSNP_RESP.EXT_RSPI_FWDFE, 0x2432
UNC_H_XSNP_RESP.EXT_RSPI_FWDM, 0x3032
UNC_H_XSNP_RESP.EXT_RSPS_FWDFE, 0x2232
UNC_H_XSNP_RESP.EXT_RSPS_FWDM, 0x2832
UNC_H_XSNP_RESP.EXT_RSP_HITFSE, 0x2132
CORE_POWER.LVL0_TURBO_LICENSE, 0x728
CORE_POWER.LVL1_TURBO_LICENSE, 0x1828
CORE_POWER.LVL2_TURBO_LICENSE, 0x2028
CORE_POWER.THROTTLE, 0x4028
HW_INTERRUPTS.RECEIVED, 0x1cb
MEMORY_DISAMBIGUATION.HISTORY_RESET, 0x109
BACLEARS.ANY, 0x1e6
DECODE.LCP, 0x187
DSB2MITE_SWITCHES.COUNT, 0x1ab
DSB2MITE_SWITCHES.PENALTY_CYCLES, 0x2ab
FRONTEND_RETIRED.ANY_DSB_MISS, 0x1c6
FRONTEND_RETIRED.DSB_MISS, 0x1c6
FRONTEND_RETIRED.ITLB_MISS, 0x1c6
FRONTEND_RETIRED.L1I_MISS, 0x1c6
FRONTEND_RETIRED.L2_MISS, 0x1c6
FRONTEND_RETIRED.LATENCY_GE_1, 0x1c6
FRONTEND_RETIRED.LATENCY_GE_128, 0x1c6
FRONTEND_RETIRED.LATENCY_GE_16, 0x1c6
FRONTEND_RETIRED.LATENCY_GE_2, 0x1c6
FRONTEND_RETIRED.LATENCY_GE_256, 0x1c6
FRONTEND_RETIRED.LATENCY_GE_2_BUBBLES_GE_1, 0x1c6
FRONTEND_RETIRED.LATENCY_GE_2_BUBBLES_GE_2, 0x1c6
FRONTEND_RETIRED.LATENCY_GE_2_BUBBLES_GE_3, 0x1c6
FRONTEND_RETIRED.LATENCY_GE_32, 0x1c6
FRONTEND_RETIRED.LATENCY_GE_4, 0x1c6
FRONTEND_RETIRED.LATENCY_GE_512, 0x1c6
FRONTEND_RETIRED.LATENCY_GE_64, 0x1c6
FRONTEND_RETIRED.LATENCY_GE_8, 0x1c6
FRONTEND_RETIRED.STLB_MISS, 0x1c6
ICACHE_16B.IFDATA_STALL, 0x480
ICACHE_64B.IFTAG_HIT, 0x183
ICACHE_64B.IFTAG_MISS, 0x283
ICACHE_64B.IFTAG_STALL, 0x483
ICACHE_TAG.STALLS, 0x483
IDQ.ALL_DSB_CYCLES_4_UOPS, 0x1879
IDQ.ALL_DSB_CYCLES_ANY_UOPS, 0x1879
IDQ.ALL_MITE_CYCLES_4_UOPS, 0x2479
IDQ.ALL_MITE_CYCLES_ANY_UOPS, 0x2479
IDQ.DSB_CYCLES, 0x879
IDQ.DSB_CYCLES_ANY, 0x1879
IDQ.DSB_CYCLES_OK, 0x1879
IDQ.DSB_UOPS, 0x879
IDQ.MITE_CYCLES, 0x479
IDQ.MITE_UOPS, 0x479
IDQ.MS_CYCLES, 0x3079
IDQ.MS_DSB_CYCLES, 0x1079
IDQ.MS_MITE_UOPS, 0x2079
IDQ.MS_SWITCHES, 0x3079
IDQ.MS_UOPS, 0x3079
IDQ_UOPS_NOT_DELIVERED.CORE, 0x19c
IDQ_UOPS_NOT_DELIVERED.CYCLES_0_UOPS_DELIV.CORE, 0x19c
IDQ_UOPS_NOT_DELIVERED.CYCLES_FE_WAS_OK, 0x19c
IDQ_UOPS_NOT_DELIVERED.CYCLES_LE_1_UOP_DELIV.CORE, 0x19c
IDQ_UOPS_NOT_DELIVERED.CYCLES_LE_2_UOP_DELIV.CORE, 0x19c
IDQ_UOPS_NOT_DELIVERED.CYCLES_LE_3_UOP_DELIV.CORE, 0x19c
UNC_I_CACHE_TOTAL_OCCUPANCY.ANY, 0x10f
UNC_I_CACHE_TOTAL_OCCUPANCY.IV_Q, 0x20f
UNC_I_CACHE_TOTAL_OCCUPANCY.MEM, 0x40f
UNC_I_CLOCKTICKS, 0x1
UNC_I_COHERENT_OPS.CLFLUSH, 0x8010
UNC_I_COHERENT_OPS.CRD, 0x210
UNC_I_COHERENT_OPS.DRD, 0x410
UNC_I_COHERENT_OPS.PCIDCAHINT, 0x2010
UNC_I_COHERENT_OPS.PCIRDCUR, 0x110
UNC_I_COHERENT_OPS.PCITOM, 0x1010
UNC_I_COHERENT_OPS.RFO, 0x810
UNC_I_COHERENT_OPS.WBMTOI, 0x4010
UNC_I_FAF_FULL, 0x17
UNC_I_FAF_INSERTS, 0x18
UNC_I_FAF_OCCUPANCY, 0x19
UNC_I_FAF_TRANSACTIONS, 0x16
UNC_I_IRP_ALL.INBOUND_INSERTS, 0x11e
UNC_I_IRP_ALL.OUTBOUND_INSERTS, 0x21e
UNC_I_MISC0.2ND_ATOMIC_INSERT, 0x101c
UNC_I_MISC0.2ND_RD_INSERT, 0x41c
UNC_I_MISC0.2ND_WR_INSERT, 0x81c
UNC_I_MISC0.FAST_REJ, 0x21c
UNC_I_MISC0.FAST_REQ, 0x11c
UNC_I_MISC0.FAST_XFER, 0x201c
UNC_I_MISC0.PF_ACK_HINT, 0x401c
UNC_I_MISC0.UNKNOWN, 0x801c
UNC_I_MISC1.LOST_FWD, 0x101d
UNC_I_MISC1.SEC_RCVD_INVLD, 0x201d
UNC_I_MISC1.SEC_RCVD_VLD, 0x401d
UNC_I_MISC1.SLOW_E, 0x41d
UNC_I_MISC1.SLOW_I, 0x11d
UNC_I_MISC1.SLOW_M, 0x81d
UNC_I_MISC1.SLOW_S, 0x21d
UNC_I_P2P_INSERTS, 0x14
UNC_I_P2P_OCCUPANCY, 0x15
UNC_I_P2P_TRANSACTIONS.CMPL, 0x813
UNC_I_P2P_TRANSACTIONS.LOC, 0x4013
UNC_I_P2P_TRANSACTIONS.LOC_AND_TGT_MATCH, 0x8013
UNC_I_P2P_TRANSACTIONS.MSG, 0x413
UNC_I_P2P_TRANSACTIONS.RD, 0x113
UNC_I_P2P_TRANSACTIONS.REM, 0x1013
UNC_I_P2P_TRANSACTIONS.REM_AND_TGT_MATCH, 0x2013
UNC_I_P2P_TRANSACTIONS.WR, 0x213
UNC_I_SNOOP_RESP.ALL_HIT, 0x7e12
UNC_I_SNOOP_RESP.ALL_HIT_ES, 0x7412
UNC_I_SNOOP_RESP.ALL_HIT_I, 0x7212
UNC_I_SNOOP_RESP.ALL_HIT_M, 0x7812
UNC_I_SNOOP_RESP.ALL_MISS, 0x7112
UNC_I_SNOOP_RESP.HIT_ES, 0x412
UNC_I_SNOOP_RESP.HIT_I, 0x212
UNC_I_SNOOP_RESP.HIT_M, 0x812
UNC_I_SNOOP_RESP.MISS, 0x112
UNC_I_SNOOP_RESP.SNPCODE, 0x1012
UNC_I_SNOOP_RESP.SNPDATA, 0x2012
UNC_I_SNOOP_RESP.SNPINV, 0x4012
UNC_I_TRANSACTIONS.ATOMIC, 0x1011
UNC_I_TRANSACTIONS.OTHER, 0x2011
UNC_I_TRANSACTIONS.RD_PREF, 0x411
UNC_I_TRANSACTIONS.READS, 0x111
UNC_I_TRANSACTIONS.WRITES, 0x211
UNC_I_TRANSACTIONS.WR_PREF, 0x811
UNC_I_TxC_AK_INSERTS, 0xb
UNC_I_TxC_BL_DRS_CYCLES_FULL, 0x5
UNC_I_TxC_BL_DRS_INSERTS, 0x2
UNC_I_TxC_BL_DRS_OCCUPANCY, 0x8
UNC_I_TxC_BL_NCB_CYCLES_FULL, 0x6
UNC_I_TxC_BL_NCB_INSERTS, 0x3
UNC_I_TxC_BL_NCB_OCCUPANCY, 0x9
UNC_I_TxC_BL_NCS_CYCLES_FULL, 0x7
UNC_I_TxC_BL_NCS_INSERTS, 0x4
UNC_I_TxC_BL_NCS_OCCUPANCY, 0xa
UNC_I_TxR2_AD_STALL_CREDIT_CYCLES, 0x1a
UNC_I_TxR2_BL_STALL_CREDIT_CYCLES, 0x1b
UNC_I_TxS_DATA_INSERTS_NCB, 0xd
UNC_I_TxS_DATA_INSERTS_NCS, 0xe
UNC_I_TxS_REQUEST_OCCUPANCY, 0xc
UNC_M2M_AG0_AD_CRD_ACQUIRED.TGR0, 0x180
UNC_M2M_AG0_AD_CRD_ACQUIRED.TGR1, 0x280
UNC_M2M_AG0_AD_CRD_ACQUIRED.TGR2, 0x480
UNC_M2M_AG0_AD_CRD_ACQUIRED.TGR3, 0x880
UNC_M2M_AG0_AD_CRD_ACQUIRED.TGR4, 0x1080
UNC_M2M_AG0_AD_CRD_ACQUIRED.TGR5, 0x2080
UNC_M2M_AG0_AD_CRD_OCCUPANCY.TGR0, 0x182
UNC_M2M_AG0_AD_CRD_OCCUPANCY.TGR1, 0x282
UNC_M2M_AG0_AD_CRD_OCCUPANCY.TGR2, 0x482
UNC_M2M_AG0_AD_CRD_OCCUPANCY.TGR3, 0x882
UNC_M2M_AG0_AD_CRD_OCCUPANCY.TGR4, 0x1082
UNC_M2M_AG0_AD_CRD_OCCUPANCY.TGR5, 0x2082
UNC_M2M_AG0_BL_CRD_ACQUIRED.TGR0, 0x188
UNC_M2M_AG0_BL_CRD_ACQUIRED.TGR1, 0x288
UNC_M2M_AG0_BL_CRD_ACQUIRED.TGR2, 0x488
UNC_M2M_AG0_BL_CRD_ACQUIRED.TGR3, 0x888
UNC_M2M_AG0_BL_CRD_ACQUIRED.TGR4, 0x1088
UNC_M2M_AG0_BL_CRD_ACQUIRED.TGR5, 0x2088
UNC_M2M_AG0_BL_CRD_OCCUPANCY.TGR0, 0x18a
UNC_M2M_AG0_BL_CRD_OCCUPANCY.TGR1, 0x28a
UNC_M2M_AG0_BL_CRD_OCCUPANCY.TGR2, 0x48a
UNC_M2M_AG0_BL_CRD_OCCUPANCY.TGR3, 0x88a
UNC_M2M_AG0_BL_CRD_OCCUPANCY.TGR4, 0x108a
UNC_M2M_AG0_BL_CRD_OCCUPANCY.TGR5, 0x208a
UNC_M2M_AG1_AD_CRD_ACQUIRED.TGR0, 0x184
UNC_M2M_AG1_AD_CRD_ACQUIRED.TGR1, 0x284
UNC_M2M_AG1_AD_CRD_ACQUIRED.TGR2, 0x484
UNC_M2M_AG1_AD_CRD_ACQUIRED.TGR3, 0x884
UNC_M2M_AG1_AD_CRD_ACQUIRED.TGR4, 0x1084
UNC_M2M_AG1_AD_CRD_ACQUIRED.TGR5, 0x2084
UNC_M2M_AG1_AD_CRD_OCCUPANCY.TGR0, 0x186
UNC_M2M_AG1_AD_CRD_OCCUPANCY.TGR1, 0x286
UNC_M2M_AG1_AD_CRD_OCCUPANCY.TGR2, 0x486
UNC_M2M_AG1_AD_CRD_OCCUPANCY.TGR3, 0x886
UNC_M2M_AG1_AD_CRD_OCCUPANCY.TGR4, 0x1086
UNC_M2M_AG1_AD_CRD_OCCUPANCY.TGR5, 0x2086
UNC_M2M_AG1_BL_CRD_OCCUPANCY.TGR0, 0x18e
UNC_M2M_AG1_BL_CRD_OCCUPANCY.TGR1, 0x28e
UNC_M2M_AG1_BL_CRD_OCCUPANCY.TGR2, 0x48e
UNC_M2M_AG1_BL_CRD_OCCUPANCY.TGR3, 0x88e
UNC_M2M_AG1_BL_CRD_OCCUPANCY.TGR4, 0x108e
UNC_M2M_AG1_BL_CRD_OCCUPANCY.TGR5, 0x208e
UNC_M2M_AG1_BL_CREDITS_ACQUIRED.TGR0, 0x18c
UNC_M2M_AG1_BL_CREDITS_ACQUIRED.TGR1, 0x28c
UNC_M2M_AG1_BL_CREDITS_ACQUIRED.TGR2, 0x48c
UNC_M2M_AG1_BL_CREDITS_ACQUIRED.TGR3, 0x88c
UNC_M2M_AG1_BL_CREDITS_ACQUIRED.TGR4, 0x108c
UNC_M2M_AG1_BL_CREDITS_ACQUIRED.TGR5, 0x208c
UNC_M2M_BYPASS_M2M_Egress.NOT_TAKEN, 0x222
UNC_M2M_BYPASS_M2M_Egress.TAKEN, 0x122
UNC_M2M_BYPASS_M2M_INGRESS.NOT_TAKEN, 0x221
UNC_M2M_BYPASS_M2M_INGRESS.TAKEN, 0x121
UNC_M2M_CMS_CLOCKTICKS, 0xc0
UNC_M2M_DIRECT2CORE_NOT_TAKEN_DIRSTATE, 0x24
UNC_M2M_DIRECT2CORE_TAKEN, 0x23
UNC_M2M_DIRECT2CORE_TXN_OVERRIDE, 0x25
UNC_M2M_DIRECT2UPI_NOT_TAKEN_CREDITS, 0x28
UNC_M2M_DIRECT2UPI_NOT_TAKEN_DIRSTATE, 0x27
UNC_M2M_DIRECT2UPI_TAKEN, 0x26
UNC_M2M_DIRECT2UPI_TXN_OVERRIDE, 0x29
UNC_M2M_DIRECTORY_HIT.CLEAN_A, 0x802a
UNC_M2M_DIRECTORY_HIT.CLEAN_I, 0x102a
UNC_M2M_DIRECTORY_HIT.CLEAN_P, 0x402a
UNC_M2M_DIRECTORY_HIT.CLEAN_S, 0x202a
UNC_M2M_DIRECTORY_HIT.DIRTY_A, 0x82a
UNC_M2M_DIRECTORY_HIT.DIRTY_I, 0x12a
UNC_M2M_DIRECTORY_HIT.DIRTY_P, 0x42a
UNC_M2M_DIRECTORY_HIT.DIRTY_S, 0x22a
UNC_M2M_DIRECTORY_LOOKUP.ANY, 0x12d
UNC_M2M_DIRECTORY_LOOKUP.STATE_A, 0x82d
UNC_M2M_DIRECTORY_LOOKUP.STATE_I, 0x22d
UNC_M2M_DIRECTORY_LOOKUP.STATE_S, 0x42d
UNC_M2M_DIRECTORY_MISS.CLEAN_A, 0x802b
UNC_M2M_DIRECTORY_MISS.CLEAN_I, 0x102b
UNC_M2M_DIRECTORY_MISS.CLEAN_P, 0x402b
UNC_M2M_DIRECTORY_MISS.CLEAN_S, 0x202b
UNC_M2M_DIRECTORY_MISS.DIRTY_A, 0x82b
UNC_M2M_DIRECTORY_MISS.DIRTY_I, 0x12b
UNC_M2M_DIRECTORY_MISS.DIRTY_P, 0x42b
UNC_M2M_DIRECTORY_MISS.DIRTY_S, 0x22b
UNC_M2M_DIRECTORY_UPDATE.A2I, 0x202e
UNC_M2M_DIRECTORY_UPDATE.A2S, 0x402e
UNC_M2M_DIRECTORY_UPDATE.ANY, 0x12e
UNC_M2M_DIRECTORY_UPDATE.I2A, 0x42e
UNC_M2M_DIRECTORY_UPDATE.I2S, 0x22e
UNC_M2M_DIRECTORY_UPDATE.S2A, 0x102e
UNC_M2M_DIRECTORY_UPDATE.S2I, 0x82e
UNC_M2M_EGRESS_ORDERING.IV_SNOOPGO_DN, 0x4ae
UNC_M2M_EGRESS_ORDERING.IV_SNOOPGO_UP, 0x1ae
UNC_M2M_FAST_ASSERTED.HORZ, 0x2a5
UNC_M2M_FAST_ASSERTED.VERT, 0x1a5
UNC_M2M_HORZ_RING_AD_IN_USE.LEFT_EVEN, 0x1a7
UNC_M2M_HORZ_RING_AD_IN_USE.LEFT_ODD, 0x2a7
UNC_M2M_HORZ_RING_AD_IN_USE.RIGHT_EVEN, 0x4a7
UNC_M2M_HORZ_RING_AD_IN_USE.RIGHT_ODD, 0x8a7
UNC_M2M_HORZ_RING_AK_IN_USE.LEFT_EVEN, 0x1a9
UNC_M2M_HORZ_RING_AK_IN_USE.LEFT_ODD, 0x2a9
UNC_M2M_HORZ_RING_AK_IN_USE.RIGHT_EVEN, 0x4a9
UNC_M2M_HORZ_RING_AK_IN_USE.RIGHT_ODD, 0x8a9
UNC_M2M_HORZ_RING_BL_IN_USE.LEFT_EVEN, 0x1ab
UNC_M2M_HORZ_RING_BL_IN_USE.LEFT_ODD, 0x2ab
UNC_M2M_HORZ_RING_BL_IN_USE.RIGHT_EVEN, 0x4ab
UNC_M2M_HORZ_RING_BL_IN_USE.RIGHT_ODD, 0x8ab
UNC_M2M_HORZ_RING_IV_IN_USE.LEFT, 0x1ad
UNC_M2M_HORZ_RING_IV_IN_USE.RIGHT, 0x4ad
UNC_M2M_IMC_READS.ALL, 0x437
UNC_M2M_IMC_READS.FROM_TRANSGRESS, 0x1037
UNC_M2M_IMC_READS.ISOCH, 0x237
UNC_M2M_IMC_READS.NORMAL, 0x137
UNC_M2M_IMC_WRITES.ALL, 0x1038
UNC_M2M_IMC_WRITES.FROM_TRANSGRESS, 0x4038
UNC_M2M_IMC_WRITES.FULL, 0x138
UNC_M2M_IMC_WRITES.FULL_ISOCH, 0x438
UNC_M2M_IMC_WRITES.NI, 0x8038
UNC_M2M_IMC_WRITES.PARTIAL, 0x238
UNC_M2M_IMC_WRITES.PARTIAL_ISOCH, 0x838
UNC_M2M_PKT_MATCH.MC, 0x24c
UNC_M2M_PKT_MATCH.MESH, 0x14c
UNC_M2M_PREFCAM_CYCLES_FULL, 0x53
UNC_M2M_PREFCAM_CYCLES_NE, 0x54
UNC_M2M_PREFCAM_DEMAND_PROMOTIONS, 0x56
UNC_M2M_PREFCAM_INSERTS, 0x57
UNC_M2M_PREFCAM_OCCUPANCY, 0x55
UNC_M2M_RING_BOUNCES_HORZ.AD, 0x1a1
UNC_M2M_RING_BOUNCES_HORZ.AK, 0x2a1
UNC_M2M_RING_BOUNCES_HORZ.BL, 0x4a1
UNC_M2M_RING_BOUNCES_HORZ.IV, 0x8a1
UNC_M2M_RING_BOUNCES_VERT.AD, 0x1a0
UNC_M2M_RING_BOUNCES_VERT.AK, 0x2a0
UNC_M2M_RING_BOUNCES_VERT.BL, 0x4a0
UNC_M2M_RING_BOUNCES_VERT.IV, 0x8a0
UNC_M2M_RING_SINK_STARVED_HORZ.AD, 0x1a3
UNC_M2M_RING_SINK_STARVED_HORZ.AK, 0x2a3
UNC_M2M_RING_SINK_STARVED_HORZ.AK_AG1, 0x20a3
UNC_M2M_RING_SINK_STARVED_HORZ.BL, 0x4a3
UNC_M2M_RING_SINK_STARVED_HORZ.IV, 0x8a3
UNC_M2M_RING_SINK_STARVED_VERT.AD, 0x1a2
UNC_M2M_RING_SINK_STARVED_VERT.AK, 0x2a2
UNC_M2M_RING_SINK_STARVED_VERT.BL, 0x4a2
UNC_M2M_RING_SINK_STARVED_VERT.IV, 0x8a2
UNC_M2M_RING_SRC_THRTL, 0xa4
UNC_M2M_RPQ_CYCLES_NO_SPEC_CREDITS.CHN0, 0x144
UNC_M2M_RPQ_CYCLES_NO_SPEC_CREDITS.CHN1, 0x244
UNC_M2M_RPQ_CYCLES_NO_SPEC_CREDITS.CHN2, 0x444
UNC_M2M_RPQ_CYCLES_REG_CREDITS.CHN0, 0x143
UNC_M2M_RPQ_CYCLES_REG_CREDITS.CHN1, 0x243
UNC_M2M_RPQ_CYCLES_REG_CREDITS.CHN2, 0x443
UNC_M2M_RPQ_CYCLES_SPEC_CREDITS.CHN0, 0x144
UNC_M2M_RPQ_CYCLES_SPEC_CREDITS.CHN1, 0x244
UNC_M2M_RPQ_CYCLES_SPEC_CREDITS.CHN2, 0x444
UNC_M2M_RxC_AD_CYCLES_FULL, 0x4
UNC_M2M_RxC_AD_CYCLES_NE, 0x3
UNC_M2M_RxC_AD_INSERTS, 0x1
UNC_M2M_RxC_AD_OCCUPANCY, 0x2
UNC_M2M_RxC_BL_CYCLES_FULL, 0x8
UNC_M2M_RxC_BL_CYCLES_NE, 0x7
UNC_M2M_RxC_BL_INSERTS, 0x5
UNC_M2M_RxC_BL_OCCUPANCY, 0x6
UNC_M2M_RxR_BUSY_STARVED.AD_BNC, 0x1b4
UNC_M2M_RxR_BUSY_STARVED.AD_CRD, 0x10b4
UNC_M2M_RxR_BUSY_STARVED.BL_BNC, 0x4b4
UNC_M2M_RxR_BUSY_STARVED.BL_CRD, 0x40b4
UNC_M2M_RxR_BYPASS.AD_BNC, 0x1b2
UNC_M2M_RxR_BYPASS.AD_CRD, 0x10b2
UNC_M2M_RxR_BYPASS.AK_BNC, 0x2b2
UNC_M2M_RxR_BYPASS.BL_BNC, 0x4b2
UNC_M2M_RxR_BYPASS.BL_CRD, 0x40b2
UNC_M2M_RxR_BYPASS.IV_BNC, 0x8b2
UNC_M2M_RxR_CRD_STARVED.AD_BNC, 0x1b3
UNC_M2M_RxR_CRD_STARVED.AD_CRD, 0x10b3
UNC_M2M_RxR_CRD_STARVED.AK_BNC, 0x2b3
UNC_M2M_RxR_CRD_STARVED.BL_BNC, 0x4b3
UNC_M2M_RxR_CRD_STARVED.BL_CRD, 0x40b3
UNC_M2M_RxR_CRD_STARVED.IFV, 0x80b3
UNC_M2M_RxR_CRD_STARVED.IV_BNC, 0x8b3
UNC_M2M_RxR_INSERTS.AD_BNC, 0x1b1
UNC_M2M_RxR_INSERTS.AD_CRD, 0x10b1
UNC_M2M_RxR_INSERTS.AK_BNC, 0x2b1
UNC_M2M_RxR_INSERTS.BL_BNC, 0x4b1
UNC_M2M_RxR_INSERTS.BL_CRD, 0x40b1
UNC_M2M_RxR_INSERTS.IV_BNC, 0x8b1
UNC_M2M_RxR_OCCUPANCY.AD_BNC, 0x1b0
UNC_M2M_RxR_OCCUPANCY.AD_CRD, 0x10b0
UNC_M2M_RxR_OCCUPANCY.AK_BNC, 0x2b0
UNC_M2M_RxR_OCCUPANCY.BL_BNC, 0x4b0
UNC_M2M_RxR_OCCUPANCY.BL_CRD, 0x40b0
UNC_M2M_RxR_OCCUPANCY.IV_BNC, 0x8b0
UNC_M2M_STALL_NO_TxR_HORZ_CRD_AD_AG0.TGR0, 0x1d0
UNC_M2M_STALL_NO_TxR_HORZ_CRD_AD_AG0.TGR1, 0x2d0
UNC_M2M_STALL_NO_TxR_HORZ_CRD_AD_AG0.TGR2, 0x4d0
UNC_M2M_STALL_NO_TxR_HORZ_CRD_AD_AG0.TGR3, 0x8d0
UNC_M2M_STALL_NO_TxR_HORZ_CRD_AD_AG0.TGR4, 0x10d0
UNC_M2M_STALL_NO_TxR_HORZ_CRD_AD_AG0.TGR5, 0x20d0
UNC_M2M_STALL_NO_TxR_HORZ_CRD_AD_AG1.TGR0, 0x1d2
UNC_M2M_STALL_NO_TxR_HORZ_CRD_AD_AG1.TGR1, 0x2d2
UNC_M2M_STALL_NO_TxR_HORZ_CRD_AD_AG1.TGR2, 0x4d2
UNC_M2M_STALL_NO_TxR_HORZ_CRD_AD_AG1.TGR3, 0x8d2
UNC_M2M_STALL_NO_TxR_HORZ_CRD_AD_AG1.TGR4, 0x10d2
UNC_M2M_STALL_NO_TxR_HORZ_CRD_AD_AG1.TGR5, 0x20d2
UNC_M2M_STALL_NO_TxR_HORZ_CRD_BL_AG0.TGR0, 0x1d4
UNC_M2M_STALL_NO_TxR_HORZ_CRD_BL_AG0.TGR1, 0x2d4
UNC_M2M_STALL_NO_TxR_HORZ_CRD_BL_AG0.TGR2, 0x4d4
UNC_M2M_STALL_NO_TxR_HORZ_CRD_BL_AG0.TGR3, 0x8d4
UNC_M2M_STALL_NO_TxR_HORZ_CRD_BL_AG0.TGR4, 0x10d4
UNC_M2M_STALL_NO_TxR_HORZ_CRD_BL_AG0.TGR5, 0x20d4
UNC_M2M_STALL_NO_TxR_HORZ_CRD_BL_AG1.TGR0, 0x1d6
UNC_M2M_STALL_NO_TxR_HORZ_CRD_BL_AG1.TGR1, 0x2d6
UNC_M2M_STALL_NO_TxR_HORZ_CRD_BL_AG1.TGR2, 0x4d6
UNC_M2M_STALL_NO_TxR_HORZ_CRD_BL_AG1.TGR3, 0x8d6
UNC_M2M_STALL_NO_TxR_HORZ_CRD_BL_AG1.TGR4, 0x10d6
UNC_M2M_STALL_NO_TxR_HORZ_CRD_BL_AG1.TGR5, 0x20d6
UNC_M2M_TGR_AD_CREDITS, 0x41
UNC_M2M_TGR_BL_CREDITS, 0x42
UNC_M2M_TRACKER_CYCLES_FULL.CH0, 0x145
UNC_M2M_TRACKER_CYCLES_FULL.CH1, 0x245
UNC_M2M_TRACKER_CYCLES_FULL.CH2, 0x445
UNC_M2M_TRACKER_CYCLES_NE.CH0, 0x146
UNC_M2M_TRACKER_CYCLES_NE.CH1, 0x246
UNC_M2M_TRACKER_CYCLES_NE.CH2, 0x446
UNC_M2M_TRACKER_INSERTS.CH0, 0x149
UNC_M2M_TRACKER_INSERTS.CH1, 0x249
UNC_M2M_TRACKER_INSERTS.CH2, 0x449
UNC_M2M_TRACKER_OCCUPANCY.CH0, 0x147
UNC_M2M_TRACKER_OCCUPANCY.CH1, 0x247
UNC_M2M_TRACKER_OCCUPANCY.CH2, 0x447
UNC_M2M_TRACKER_PENDING_OCCUPANCY, 0x48
UNC_M2M_TxC_AD_CREDITS_ACQUIRED, 0xd
UNC_M2M_TxC_AD_CREDIT_OCCUPANCY, 0xe
UNC_M2M_TxC_AD_CYCLES_FULL, 0xc
UNC_M2M_TxC_AD_CYCLES_NE, 0xb
UNC_M2M_TxC_AD_INSERTS, 0x9
UNC_M2M_TxC_AD_NO_CREDIT_CYCLES, 0xf
UNC_M2M_TxC_AD_NO_CREDIT_STALLED, 0x10
UNC_M2M_TxC_AD_OCCUPANCY, 0xa
UNC_M2M_TxC_AK.CRD_CBO, 0x239
UNC_M2M_TxC_AK.NDR, 0x139
UNC_M2M_TxC_AK_CREDITS_ACQUIRED.CMS0, 0x11d
UNC_M2M_TxC_AK_CREDITS_ACQUIRED.CMS1, 0x21d
UNC_M2M_TxC_AK_CREDIT_OCCUPANCY.CMS0, 0x11e
UNC_M2M_TxC_AK_CREDIT_OCCUPANCY.CMS1, 0x21e
UNC_M2M_TxC_AK_CYCLES_FULL.ALL, 0x314
UNC_M2M_TxC_AK_CYCLES_FULL.CMS0, 0x114
UNC_M2M_TxC_AK_CYCLES_FULL.CMS1, 0x214
UNC_M2M_TxC_AK_CYCLES_FULL.RDCRD0, 0x814
UNC_M2M_TxC_AK_CYCLES_FULL.RDCRD1, 0x8814
UNC_M2M_TxC_AK_CYCLES_FULL.WRCMP0, 0x2014
UNC_M2M_TxC_AK_CYCLES_FULL.WRCMP1, 0xa014
UNC_M2M_TxC_AK_CYCLES_FULL.WRCRD0, 0x1014
UNC_M2M_TxC_AK_CYCLES_FULL.WRCRD1, 0x9014
UNC_M2M_TxC_AK_CYCLES_NE.ALL, 0x313
UNC_M2M_TxC_AK_CYCLES_NE.CMS0, 0x113
UNC_M2M_TxC_AK_CYCLES_NE.CMS1, 0x213
UNC_M2M_TxC_AK_CYCLES_NE.RDCRD, 0x813
UNC_M2M_TxC_AK_CYCLES_NE.WRCMP, 0x2013
UNC_M2M_TxC_AK_CYCLES_NE.WRCRD, 0x1013
UNC_M2M_TxC_AK_INSERTS.ALL, 0x311
UNC_M2M_TxC_AK_INSERTS.CMS0, 0x111
UNC_M2M_TxC_AK_INSERTS.CMS1, 0x211
UNC_M2M_TxC_AK_INSERTS.PREF_RD_CAM_HIT, 0x4011
UNC_M2M_TxC_AK_INSERTS.RDCRD, 0x811
UNC_M2M_TxC_AK_INSERTS.WRCMP, 0x2011
UNC_M2M_TxC_AK_INSERTS.WRCRD, 0x1011
UNC_M2M_TxC_AK_NO_CREDIT_CYCLES.CMS0, 0x11f
UNC_M2M_TxC_AK_NO_CREDIT_CYCLES.CMS1, 0x21f
UNC_M2M_TxC_AK_NO_CREDIT_STALLED.CMS0, 0x120
UNC_M2M_TxC_AK_NO_CREDIT_STALLED.CMS1, 0x220
UNC_M2M_TxC_AK_OCCUPANCY.ALL, 0x312
UNC_M2M_TxC_AK_OCCUPANCY.CMS0, 0x112
UNC_M2M_TxC_AK_OCCUPANCY.CMS1, 0x212
UNC_M2M_TxC_AK_OCCUPANCY.RDCRD, 0x812
UNC_M2M_TxC_AK_OCCUPANCY.WRCMP, 0x2012
UNC_M2M_TxC_AK_OCCUPANCY.WRCRD, 0x1012
UNC_M2M_TxC_AK_SIDEBAND.RD, 0x16b
UNC_M2M_TxC_AK_SIDEBAND.WR, 0x26b
UNC_M2M_TxC_BL.DRS_CACHE, 0x140
UNC_M2M_TxC_BL.DRS_CORE, 0x240
UNC_M2M_TxC_BL.DRS_UPI, 0x440
UNC_M2M_TxC_BL_CREDITS_ACQUIRED.CMS0, 0x119
UNC_M2M_TxC_BL_CREDITS_ACQUIRED.CMS1, 0x219
UNC_M2M_TxC_BL_CREDIT_OCCUPANCY.CMS0, 0x11a
UNC_M2M_TxC_BL_CREDIT_OCCUPANCY.CMS1, 0x21a
UNC_M2M_TxC_BL_CYCLES_FULL.ALL, 0x318
UNC_M2M_TxC_BL_CYCLES_FULL.CMS0, 0x118
UNC_M2M_TxC_BL_CYCLES_FULL.CMS1, 0x218
UNC_M2M_TxC_BL_CYCLES_NE.ALL, 0x317
UNC_M2M_TxC_BL_CYCLES_NE.CMS0, 0x117
UNC_M2M_TxC_BL_CYCLES_NE.CMS1, 0x217
UNC_M2M_TxC_BL_INSERTS.ALL, 0x315
UNC_M2M_TxC_BL_INSERTS.CMS0, 0x115
UNC_M2M_TxC_BL_INSERTS.CMS1, 0x215
UNC_M2M_TxC_BL_NO_CREDIT_CYCLES.CMS0, 0x11b
UNC_M2M_TxC_BL_NO_CREDIT_CYCLES.CMS1, 0x21b
UNC_M2M_TxC_BL_NO_CREDIT_STALLED.CMS0, 0x11c
UNC_M2M_TxC_BL_NO_CREDIT_STALLED.CMS1, 0x21c
UNC_M2M_TxC_BL_OCCUPANCY.ALL, 0x316
UNC_M2M_TxC_BL_OCCUPANCY.CMS0, 0x116
UNC_M2M_TxC_BL_OCCUPANCY.CMS1, 0x216
UNC_M2M_TxR_HORZ_ADS_USED.AD_BNC, 0x19d
UNC_M2M_TxR_HORZ_ADS_USED.AD_CRD, 0x109d
UNC_M2M_TxR_HORZ_ADS_USED.AK_BNC, 0x29d
UNC_M2M_TxR_HORZ_ADS_USED.BL_BNC, 0x49d
UNC_M2M_TxR_HORZ_ADS_USED.BL_CRD, 0x409d
UNC_M2M_TxR_HORZ_BYPASS.AD_BNC, 0x19f
UNC_M2M_TxR_HORZ_BYPASS.AD_CRD, 0x109f
UNC_M2M_TxR_HORZ_BYPASS.AK_BNC, 0x29f
UNC_M2M_TxR_HORZ_BYPASS.BL_BNC, 0x49f
UNC_M2M_TxR_HORZ_BYPASS.BL_CRD, 0x409f
UNC_M2M_TxR_HORZ_BYPASS.IV_BNC, 0x89f
UNC_M2M_TxR_HORZ_CYCLES_FULL.AD_BNC, 0x196
UNC_M2M_TxR_HORZ_CYCLES_FULL.AD_CRD, 0x1096
UNC_M2M_TxR_HORZ_CYCLES_FULL.AK_BNC, 0x296
UNC_M2M_TxR_HORZ_CYCLES_FULL.BL_BNC, 0x496
UNC_M2M_TxR_HORZ_CYCLES_FULL.BL_CRD, 0x4096
UNC_M2M_TxR_HORZ_CYCLES_FULL.IV_BNC, 0x896
UNC_M2M_TxR_HORZ_CYCLES_NE.AD_BNC, 0x197
UNC_M2M_TxR_HORZ_CYCLES_NE.AD_CRD, 0x1097
UNC_M2M_TxR_HORZ_CYCLES_NE.AK_BNC, 0x297
UNC_M2M_TxR_HORZ_CYCLES_NE.BL_BNC, 0x497
UNC_M2M_TxR_HORZ_CYCLES_NE.BL_CRD, 0x4097
UNC_M2M_TxR_HORZ_CYCLES_NE.IV_BNC, 0x897
UNC_M2M_TxR_HORZ_INSERTS.AD_BNC, 0x195
UNC_M2M_TxR_HORZ_INSERTS.AD_CRD, 0x1095
UNC_M2M_TxR_HORZ_INSERTS.AK_BNC, 0x295
UNC_M2M_TxR_HORZ_INSERTS.BL_BNC, 0x495
UNC_M2M_TxR_HORZ_INSERTS.BL_CRD, 0x4095
UNC_M2M_TxR_HORZ_INSERTS.IV_BNC, 0x895
UNC_M2M_TxR_HORZ_NACK.AD_BNC, 0x199
UNC_M2M_TxR_HORZ_NACK.AD_CRD, 0x2099
UNC_M2M_TxR_HORZ_NACK.AK_BNC, 0x299
UNC_M2M_TxR_HORZ_NACK.BL_BNC, 0x499
UNC_M2M_TxR_HORZ_NACK.BL_CRD, 0x4099
UNC_M2M_TxR_HORZ_NACK.IV_BNC, 0x899
UNC_M2M_TxR_HORZ_OCCUPANCY.AD_BNC, 0x194
UNC_M2M_TxR_HORZ_OCCUPANCY.AD_CRD, 0x1094
UNC_M2M_TxR_HORZ_OCCUPANCY.AK_BNC, 0x294
UNC_M2M_TxR_HORZ_OCCUPANCY.BL_BNC, 0x494
UNC_M2M_TxR_HORZ_OCCUPANCY.BL_CRD, 0x4094
UNC_M2M_TxR_HORZ_OCCUPANCY.IV_BNC, 0x894
UNC_M2M_TxR_HORZ_STARVED.AD_BNC, 0x19b
UNC_M2M_TxR_HORZ_STARVED.AK_BNC, 0x29b
UNC_M2M_TxR_HORZ_STARVED.BL_BNC, 0x49b
UNC_M2M_TxR_HORZ_STARVED.IV_BNC, 0x89b
UNC_M2M_TxR_VERT_ADS_USED.AD_AG0, 0x19c
UNC_M2M_TxR_VERT_ADS_USED.AD_AG1, 0x109c
UNC_M2M_TxR_VERT_ADS_USED.AK_AG0, 0x29c
UNC_M2M_TxR_VERT_ADS_USED.AK_AG1, 0x209c
UNC_M2M_TxR_VERT_ADS_USED.BL_AG0, 0x49c
UNC_M2M_TxR_VERT_ADS_USED.BL_AG1, 0x409c
UNC_M2M_TxR_VERT_BYPASS.AD_AG0, 0x19e
UNC_M2M_TxR_VERT_BYPASS.AD_AG1, 0x109e
UNC_M2M_TxR_VERT_BYPASS.AK_AG0, 0x29e
UNC_M2M_TxR_VERT_BYPASS.AK_AG1, 0x209e
UNC_M2M_TxR_VERT_BYPASS.BL_AG0, 0x49e
UNC_M2M_TxR_VERT_BYPASS.BL_AG1, 0x409e
UNC_M2M_TxR_VERT_BYPASS.IV, 0x89e
UNC_M2M_TxR_VERT_CYCLES_FULL.AD_AG0, 0x192
UNC_M2M_TxR_VERT_CYCLES_FULL.AD_AG1, 0x1092
UNC_M2M_TxR_VERT_CYCLES_FULL.AK_AG0, 0x292
UNC_M2M_TxR_VERT_CYCLES_FULL.AK_AG1, 0x2092
UNC_M2M_TxR_VERT_CYCLES_FULL.BL_AG0, 0x492
UNC_M2M_TxR_VERT_CYCLES_FULL.BL_AG1, 0x4092
UNC_M2M_TxR_VERT_CYCLES_FULL.IV, 0x892
UNC_M2M_TxR_VERT_CYCLES_NE.AD_AG0, 0x193
UNC_M2M_TxR_VERT_CYCLES_NE.AD_AG1, 0x1093
UNC_M2M_TxR_VERT_CYCLES_NE.AK_AG0, 0x293
UNC_M2M_TxR_VERT_CYCLES_NE.AK_AG1, 0x2093
UNC_M2M_TxR_VERT_CYCLES_NE.BL_AG0, 0x493
UNC_M2M_TxR_VERT_CYCLES_NE.BL_AG1, 0x4093
UNC_M2M_TxR_VERT_CYCLES_NE.IV, 0x893
UNC_M2M_TxR_VERT_INSERTS.AD_AG0, 0x191
UNC_M2M_TxR_VERT_INSERTS.AD_AG1, 0x1091
UNC_M2M_TxR_VERT_INSERTS.AK_AG0, 0x291
UNC_M2M_TxR_VERT_INSERTS.AK_AG1, 0x2091
UNC_M2M_TxR_VERT_INSERTS.BL_AG0, 0x491
UNC_M2M_TxR_VERT_INSERTS.BL_AG1, 0x4091
UNC_M2M_TxR_VERT_INSERTS.IV, 0x891
UNC_M2M_TxR_VERT_NACK.AD_AG0, 0x198
UNC_M2M_TxR_VERT_NACK.AD_AG1, 0x1098
UNC_M2M_TxR_VERT_NACK.AK_AG0, 0x298
UNC_M2M_TxR_VERT_NACK.AK_AG1, 0x2098
UNC_M2M_TxR_VERT_NACK.BL_AG0, 0x498
UNC_M2M_TxR_VERT_NACK.BL_AG1, 0x4098
UNC_M2M_TxR_VERT_NACK.IV, 0x898
UNC_M2M_TxR_VERT_OCCUPANCY.AD_AG0, 0x190
UNC_M2M_TxR_VERT_OCCUPANCY.AD_AG1, 0x1090
UNC_M2M_TxR_VERT_OCCUPANCY.AK_AG0, 0x290
UNC_M2M_TxR_VERT_OCCUPANCY.AK_AG1, 0x2090
UNC_M2M_TxR_VERT_OCCUPANCY.BL_AG0, 0x490
UNC_M2M_TxR_VERT_OCCUPANCY.BL_AG1, 0x4090
UNC_M2M_TxR_VERT_OCCUPANCY.IV, 0x890
UNC_M2M_TxR_VERT_STARVED.AD_AG0, 0x19a
UNC_M2M_TxR_VERT_STARVED.AD_AG1, 0x109a
UNC_M2M_TxR_VERT_STARVED.AK_AG0, 0x29a
UNC_M2M_TxR_VERT_STARVED.AK_AG1, 0x209a
UNC_M2M_TxR_VERT_STARVED.BL_AG0, 0x49a
UNC_M2M_TxR_VERT_STARVED.BL_AG1, 0x409a
UNC_M2M_TxR_VERT_STARVED.IV, 0x89a
UNC_M2M_VERT_RING_AD_IN_USE.DN_EVEN, 0x4a6
UNC_M2M_VERT_RING_AD_IN_USE.DN_ODD, 0x8a6
UNC_M2M_VERT_RING_AD_IN_USE.UP_EVEN, 0x1a6
UNC_M2M_VERT_RING_AD_IN_USE.UP_ODD, 0x2a6
UNC_M2M_VERT_RING_AK_IN_USE.DN_EVEN, 0x4a8
UNC_M2M_VERT_RING_AK_IN_USE.DN_ODD, 0x8a8
UNC_M2M_VERT_RING_AK_IN_USE.UP_EVEN, 0x1a8
UNC_M2M_VERT_RING_AK_IN_USE.UP_ODD, 0x2a8
UNC_M2M_VERT_RING_BL_IN_USE.DN_EVEN, 0x4aa
UNC_M2M_VERT_RING_BL_IN_USE.DN_ODD, 0x8aa
UNC_M2M_VERT_RING_BL_IN_USE.UP_EVEN, 0x1aa
UNC_M2M_VERT_RING_BL_IN_USE.UP_ODD, 0x2aa
UNC_M2M_VERT_RING_IV_IN_USE.DN, 0x4ac
UNC_M2M_VERT_RING_IV_IN_USE.UP, 0x1ac
UNC_M2M_WPQ_CYCLES_NO_REG_CREDITS.CHN0, 0x14d
UNC_M2M_WPQ_CYCLES_NO_REG_CREDITS.CHN1, 0x24d
UNC_M2M_WPQ_CYCLES_NO_REG_CREDITS.CHN2, 0x44d
UNC_M2M_WPQ_CYCLES_REG_CREDITS.CHN0, 0x14d
UNC_M2M_WPQ_CYCLES_REG_CREDITS.CHN1, 0x24d
UNC_M2M_WPQ_CYCLES_REG_CREDITS.CHN2, 0x44d
UNC_M2M_WPQ_CYCLES_SPEC_CREDITS.CHN0, 0x14e
UNC_M2M_WPQ_CYCLES_SPEC_CREDITS.CHN1, 0x24e
UNC_M2M_WPQ_CYCLES_SPEC_CREDITS.CHN2, 0x44e
UNC_M2M_WRITE_TRACKER_CYCLES_FULL.CH0, 0x14a
UNC_M2M_WRITE_TRACKER_CYCLES_FULL.CH1, 0x24a
UNC_M2M_WRITE_TRACKER_CYCLES_FULL.CH2, 0x44a
UNC_M2M_WRITE_TRACKER_CYCLES_NE.CH0, 0x14b
UNC_M2M_WRITE_TRACKER_CYCLES_NE.CH1, 0x24b
UNC_M2M_WRITE_TRACKER_CYCLES_NE.CH2, 0x44b
UNC_M2M_WRITE_TRACKER_INSERTS.CH0, 0x161
UNC_M2M_WRITE_TRACKER_INSERTS.CH1, 0x261
UNC_M2M_WRITE_TRACKER_INSERTS.CH2, 0x461
UNC_M2M_WRITE_TRACKER_OCCUPANCY.CH0, 0x160
UNC_M2M_WRITE_TRACKER_OCCUPANCY.CH1, 0x260
UNC_M2M_WRITE_TRACKER_OCCUPANCY.CH2, 0x460
UNC_M3UPI_AG0_AD_CRD_ACQUIRED.TGR0, 0x180
UNC_M3UPI_AG0_AD_CRD_ACQUIRED.TGR1, 0x280
UNC_M3UPI_AG0_AD_CRD_ACQUIRED.TGR2, 0x480
UNC_M3UPI_AG0_AD_CRD_ACQUIRED.TGR3, 0x880
UNC_M3UPI_AG0_AD_CRD_ACQUIRED.TGR4, 0x1080
UNC_M3UPI_AG0_AD_CRD_ACQUIRED.TGR5, 0x2080
UNC_M3UPI_AG0_AD_CRD_OCCUPANCY.TGR0, 0x182
UNC_M3UPI_AG0_AD_CRD_OCCUPANCY.TGR1, 0x282
UNC_M3UPI_AG0_AD_CRD_OCCUPANCY.TGR2, 0x482
UNC_M3UPI_AG0_AD_CRD_OCCUPANCY.TGR3, 0x882
UNC_M3UPI_AG0_AD_CRD_OCCUPANCY.TGR4, 0x1082
UNC_M3UPI_AG0_AD_CRD_OCCUPANCY.TGR5, 0x2082
UNC_M3UPI_AG0_BL_CRD_ACQUIRED.TGR0, 0x188
UNC_M3UPI_AG0_BL_CRD_ACQUIRED.TGR1, 0x288
UNC_M3UPI_AG0_BL_CRD_ACQUIRED.TGR2, 0x488
UNC_M3UPI_AG0_BL_CRD_ACQUIRED.TGR3, 0x888
UNC_M3UPI_AG0_BL_CRD_ACQUIRED.TGR4, 0x1088
UNC_M3UPI_AG0_BL_CRD_ACQUIRED.TGR5, 0x2088
UNC_M3UPI_AG0_BL_CRD_OCCUPANCY.TGR0, 0x18a
UNC_M3UPI_AG0_BL_CRD_OCCUPANCY.TGR1, 0x28a
UNC_M3UPI_AG0_BL_CRD_OCCUPANCY.TGR2, 0x48a
UNC_M3UPI_AG0_BL_CRD_OCCUPANCY.TGR3, 0x88a
UNC_M3UPI_AG0_BL_CRD_OCCUPANCY.TGR4, 0x108a
UNC_M3UPI_AG0_BL_CRD_OCCUPANCY.TGR5, 0x208a
UNC_M3UPI_AG1_AD_CRD_ACQUIRED.TGR0, 0x184
UNC_M3UPI_AG1_AD_CRD_ACQUIRED.TGR1, 0x284
UNC_M3UPI_AG1_AD_CRD_ACQUIRED.TGR2, 0x484
UNC_M3UPI_AG1_AD_CRD_ACQUIRED.TGR3, 0x884
UNC_M3UPI_AG1_AD_CRD_ACQUIRED.TGR4, 0x1084
UNC_M3UPI_AG1_AD_CRD_ACQUIRED.TGR5, 0x2084
UNC_M3UPI_AG1_AD_CRD_OCCUPANCY.TGR0, 0x186
UNC_M3UPI_AG1_AD_CRD_OCCUPANCY.TGR1, 0x286
UNC_M3UPI_AG1_AD_CRD_OCCUPANCY.TGR2, 0x486
UNC_M3UPI_AG1_AD_CRD_OCCUPANCY.TGR3, 0x886
UNC_M3UPI_AG1_AD_CRD_OCCUPANCY.TGR4, 0x1086
UNC_M3UPI_AG1_AD_CRD_OCCUPANCY.TGR5, 0x2086
UNC_M3UPI_AG1_BL_CRD_OCCUPANCY.TGR0, 0x18e
UNC_M3UPI_AG1_BL_CRD_OCCUPANCY.TGR1, 0x28e
UNC_M3UPI_AG1_BL_CRD_OCCUPANCY.TGR2, 0x48e
UNC_M3UPI_AG1_BL_CRD_OCCUPANCY.TGR3, 0x88e
UNC_M3UPI_AG1_BL_CRD_OCCUPANCY.TGR4, 0x108e
UNC_M3UPI_AG1_BL_CRD_OCCUPANCY.TGR5, 0x208e
UNC_M3UPI_AG1_BL_CREDITS_ACQUIRED.TGR0, 0x18c
UNC_M3UPI_AG1_BL_CREDITS_ACQUIRED.TGR1, 0x28c
UNC_M3UPI_AG1_BL_CREDITS_ACQUIRED.TGR2, 0x48c
UNC_M3UPI_AG1_BL_CREDITS_ACQUIRED.TGR3, 0x88c
UNC_M3UPI_AG1_BL_CREDITS_ACQUIRED.TGR4, 0x108c
UNC_M3UPI_AG1_BL_CREDITS_ACQUIRED.TGR5, 0x208c
UNC_M3UPI_CHA_AD_CREDITS_EMPTY.REQ, 0x422
UNC_M3UPI_CHA_AD_CREDITS_EMPTY.SNP, 0x822
UNC_M3UPI_CHA_AD_CREDITS_EMPTY.VNA, 0x122
UNC_M3UPI_CHA_AD_CREDITS_EMPTY.WB, 0x222
UNC_M3UPI_CLOCKTICKS, 0x1
UNC_M3UPI_CMS_CLOCKTICKS, 0xc0
UNC_M3UPI_D2C_SENT, 0x2b
UNC_M3UPI_D2U_SENT, 0x2a
UNC_M3UPI_EGRESS_ORDERING.IV_SNOOPGO_DN, 0x4ae
UNC_M3UPI_EGRESS_ORDERING.IV_SNOOPGO_UP, 0x1ae
UNC_M3UPI_FAST_ASSERTED.HORZ, 0x2a5
UNC_M3UPI_FAST_ASSERTED.VERT, 0x1a5
UNC_M3UPI_HORZ_RING_AD_IN_USE.LEFT_EVEN, 0x1a7
UNC_M3UPI_HORZ_RING_AD_IN_USE.LEFT_ODD, 0x2a7
UNC_M3UPI_HORZ_RING_AD_IN_USE.RIGHT_EVEN, 0x4a7
UNC_M3UPI_HORZ_RING_AD_IN_USE.RIGHT_ODD, 0x8a7
UNC_M3UPI_HORZ_RING_AK_IN_USE.LEFT_EVEN, 0x1a9
UNC_M3UPI_HORZ_RING_AK_IN_USE.LEFT_ODD, 0x2a9
UNC_M3UPI_HORZ_RING_AK_IN_USE.RIGHT_EVEN, 0x4a9
UNC_M3UPI_HORZ_RING_AK_IN_USE.RIGHT_ODD, 0x8a9
UNC_M3UPI_HORZ_RING_BL_IN_USE.LEFT_EVEN, 0x1ab
UNC_M3UPI_HORZ_RING_BL_IN_USE.LEFT_ODD, 0x2ab
UNC_M3UPI_HORZ_RING_BL_IN_USE.RIGHT_EVEN, 0x4ab
UNC_M3UPI_HORZ_RING_BL_IN_USE.RIGHT_ODD, 0x8ab
UNC_M3UPI_HORZ_RING_IV_IN_USE.LEFT, 0x1ad
UNC_M3UPI_HORZ_RING_IV_IN_USE.RIGHT, 0x4ad
UNC_M3UPI_M2_BL_CREDITS_EMPTY.IIO0_IIO1_NCB, 0x123
UNC_M3UPI_M2_BL_CREDITS_EMPTY.IIO2_NCB, 0x223
UNC_M3UPI_M2_BL_CREDITS_EMPTY.IIO3_NCB, 0x423
UNC_M3UPI_M2_BL_CREDITS_EMPTY.IIO4_NCB, 0x823
UNC_M3UPI_M2_BL_CREDITS_EMPTY.IIO5_NCB, 0x1023
UNC_M3UPI_M2_BL_CREDITS_EMPTY.NCS, 0x2023
UNC_M3UPI_M2_BL_CREDITS_EMPTY.NCS_SEL, 0x4023
UNC_M3UPI_MULTI_SLOT_RCVD.AD_SLOT0, 0x13e
UNC_M3UPI_MULTI_SLOT_RCVD.AD_SLOT1, 0x23e
UNC_M3UPI_MULTI_SLOT_RCVD.AD_SLOT2, 0x43e
UNC_M3UPI_MULTI_SLOT_RCVD.AK_SLOT0, 0x103e
UNC_M3UPI_MULTI_SLOT_RCVD.AK_SLOT2, 0x203e
UNC_M3UPI_MULTI_SLOT_RCVD.BL_SLOT0, 0x83e
UNC_M3UPI_RING_BOUNCES_HORZ.AD, 0x1a1
UNC_M3UPI_RING_BOUNCES_HORZ.AK, 0x2a1
UNC_M3UPI_RING_BOUNCES_HORZ.BL, 0x4a1
UNC_M3UPI_RING_BOUNCES_HORZ.IV, 0x8a1
UNC_M3UPI_RING_BOUNCES_VERT.AD, 0x1a0
UNC_M3UPI_RING_BOUNCES_VERT.AK, 0x2a0
UNC_M3UPI_RING_BOUNCES_VERT.BL, 0x4a0
UNC_M3UPI_RING_BOUNCES_VERT.IV, 0x8a0
UNC_M3UPI_RING_SINK_STARVED_HORZ.AD, 0x1a3
UNC_M3UPI_RING_SINK_STARVED_HORZ.AK, 0x2a3
UNC_M3UPI_RING_SINK_STARVED_HORZ.AK_AG1, 0x20a3
UNC_M3UPI_RING_SINK_STARVED_HORZ.BL, 0x4a3
UNC_M3UPI_RING_SINK_STARVED_HORZ.IV, 0x8a3
UNC_M3UPI_RING_SINK_STARVED_VERT.AD, 0x1a2
UNC_M3UPI_RING_SINK_STARVED_VERT.AK, 0x2a2
UNC_M3UPI_RING_SINK_STARVED_VERT.BL, 0x4a2
UNC_M3UPI_RING_SINK_STARVED_VERT.IV, 0x8a2
UNC_M3UPI_RING_SRC_THRTL, 0xa4
UNC_M3UPI_RxC_ARB_LOST_VN0.AD_REQ, 0x14b
UNC_M3UPI_RxC_ARB_LOST_VN0.AD_RSP, 0x44b
UNC_M3UPI_RxC_ARB_LOST_VN0.AD_SNP, 0x24b
UNC_M3UPI_RxC_ARB_LOST_VN0.BL_NCB, 0x204b
UNC_M3UPI_RxC_ARB_LOST_VN0.BL_NCS, 0x404b
UNC_M3UPI_RxC_ARB_LOST_VN0.BL_RSP, 0x84b
UNC_M3UPI_RxC_ARB_LOST_VN0.BL_WB, 0x104b
UNC_M3UPI_RxC_ARB_LOST_VN1.AD_REQ, 0x14c
UNC_M3UPI_RxC_ARB_LOST_VN1.AD_RSP, 0x44c
UNC_M3UPI_RxC_ARB_LOST_VN1.AD_SNP, 0x24c
UNC_M3UPI_RxC_ARB_LOST_VN1.BL_NCB, 0x204c
UNC_M3UPI_RxC_ARB_LOST_VN1.BL_NCS, 0x404c
UNC_M3UPI_RxC_ARB_LOST_VN1.BL_RSP, 0x84c
UNC_M3UPI_RxC_ARB_LOST_VN1.BL_WB, 0x104c
UNC_M3UPI_RxC_ARB_MISC.ADBL_PARALLEL_WIN, 0x404d
UNC_M3UPI_RxC_ARB_MISC.NO_PROG_AD_VN0, 0x44d
UNC_M3UPI_RxC_ARB_MISC.NO_PROG_AD_VN1, 0x84d
UNC_M3UPI_RxC_ARB_MISC.NO_PROG_BL_VN0, 0x104d
UNC_M3UPI_RxC_ARB_MISC.NO_PROG_BL_VN1, 0x204d
UNC_M3UPI_RxC_ARB_MISC.PAR_BIAS_VN0, 0x14d
UNC_M3UPI_RxC_ARB_MISC.PAR_BIAS_VN1, 0x24d
UNC_M3UPI_RxC_ARB_NOAD_REQ_VN0.AD_REQ, 0x149
UNC_M3UPI_RxC_ARB_NOAD_REQ_VN0.AD_RSP, 0x449
UNC_M3UPI_RxC_ARB_NOAD_REQ_VN0.AD_SNP, 0x249
UNC_M3UPI_RxC_ARB_NOAD_REQ_VN0.BL_NCB, 0x2049
UNC_M3UPI_RxC_ARB_NOAD_REQ_VN0.BL_NCS, 0x4049
UNC_M3UPI_RxC_ARB_NOAD_REQ_VN0.BL_RSP, 0x849
UNC_M3UPI_RxC_ARB_NOAD_REQ_VN0.BL_WB, 0x1049
UNC_M3UPI_RxC_ARB_NOAD_REQ_VN1.AD_REQ, 0x14a
UNC_M3UPI_RxC_ARB_NOAD_REQ_VN1.AD_RSP, 0x44a
UNC_M3UPI_RxC_ARB_NOAD_REQ_VN1.AD_SNP, 0x24a
UNC_M3UPI_RxC_ARB_NOAD_REQ_VN1.BL_NCB, 0x204a
UNC_M3UPI_RxC_ARB_NOAD_REQ_VN1.BL_NCS, 0x404a
UNC_M3UPI_RxC_ARB_NOAD_REQ_VN1.BL_RSP, 0x84a
UNC_M3UPI_RxC_ARB_NOAD_REQ_VN1.BL_WB, 0x104a
UNC_M3UPI_RxC_ARB_NOCRED_VN0.AD_REQ, 0x147
UNC_M3UPI_RxC_ARB_NOCRED_VN0.AD_RSP, 0x447
UNC_M3UPI_RxC_ARB_NOCRED_VN0.AD_SNP, 0x247
UNC_M3UPI_RxC_ARB_NOCRED_VN0.BL_NCB, 0x2047
UNC_M3UPI_RxC_ARB_NOCRED_VN0.BL_NCS, 0x4047
UNC_M3UPI_RxC_ARB_NOCRED_VN0.BL_RSP, 0x847
UNC_M3UPI_RxC_ARB_NOCRED_VN0.BL_WB, 0x1047
UNC_M3UPI_RxC_ARB_NOCRED_VN1.AD_REQ, 0x148
UNC_M3UPI_RxC_ARB_NOCRED_VN1.AD_RSP, 0x448
UNC_M3UPI_RxC_ARB_NOCRED_VN1.AD_SNP, 0x248
UNC_M3UPI_RxC_ARB_NOCRED_VN1.BL_NCB, 0x2048
UNC_M3UPI_RxC_ARB_NOCRED_VN1.BL_NCS, 0x4048
UNC_M3UPI_RxC_ARB_NOCRED_VN1.BL_RSP, 0x848
UNC_M3UPI_RxC_ARB_NOCRED_VN1.BL_WB, 0x1048
UNC_M3UPI_RxC_BYPASSED.AD_S0_BL_ARB, 0x240
UNC_M3UPI_RxC_BYPASSED.AD_S0_IDLE, 0x140
UNC_M3UPI_RxC_BYPASSED.AD_S1_BL_SLOT, 0x440
UNC_M3UPI_RxC_BYPASSED.AD_S2_BL_SLOT, 0x840
UNC_M3UPI_RxC_COLLISION_VN0.AD_REQ, 0x150
UNC_M3UPI_RxC_COLLISION_VN0.AD_RSP, 0x450
UNC_M3UPI_RxC_COLLISION_VN0.AD_SNP, 0x250
UNC_M3UPI_RxC_COLLISION_VN0.BL_NCB, 0x2050
UNC_M3UPI_RxC_COLLISION_VN0.BL_NCS, 0x4050
UNC_M3UPI_RxC_COLLISION_VN0.BL_RSP, 0x850
UNC_M3UPI_RxC_COLLISION_VN0.BL_WB, 0x1050
UNC_M3UPI_RxC_COLLISION_VN1.AD_REQ, 0x151
UNC_M3UPI_RxC_COLLISION_VN1.AD_RSP, 0x451
UNC_M3UPI_RxC_COLLISION_VN1.AD_SNP, 0x251
UNC_M3UPI_RxC_COLLISION_VN1.BL_NCB, 0x2051
UNC_M3UPI_RxC_COLLISION_VN1.BL_NCS, 0x4051
UNC_M3UPI_RxC_COLLISION_VN1.BL_RSP, 0x851
UNC_M3UPI_RxC_COLLISION_VN1.BL_WB, 0x1051
UNC_M3UPI_RxC_CRD_MISC.ANY_BGF_FIFO, 0x160
UNC_M3UPI_RxC_CRD_MISC.ANY_BGF_PATH, 0x260
UNC_M3UPI_RxC_CRD_MISC.NO_D2K_FOR_ARB, 0x460
UNC_M3UPI_RxC_CRD_OCC.D2K_CRD, 0x1061
UNC_M3UPI_RxC_CRD_OCC.FLITS_IN_FIFO, 0x261
UNC_M3UPI_RxC_CRD_OCC.FLITS_IN_PATH, 0x461
UNC_M3UPI_RxC_CRD_OCC.P1P_FIFO, 0x4061
UNC_M3UPI_RxC_CRD_OCC.P1P_TOTAL, 0x2061
UNC_M3UPI_RxC_CRD_OCC.TxQ_CRD, 0x861
UNC_M3UPI_RxC_CRD_OCC.VNA_IN_USE, 0x161
UNC_M3UPI_RxC_CYCLES_NE_VN0.AD_REQ, 0x143
UNC_M3UPI_RxC_CYCLES_NE_VN0.AD_RSP, 0x443
UNC_M3UPI_RxC_CYCLES_NE_VN0.AD_SNP, 0x243
UNC_M3UPI_RxC_CYCLES_NE_VN0.BL_NCB, 0x2043
UNC_M3UPI_RxC_CYCLES_NE_VN0.BL_NCS, 0x4043
UNC_M3UPI_RxC_CYCLES_NE_VN0.BL_RSP, 0x843
UNC_M3UPI_RxC_CYCLES_NE_VN0.BL_WB, 0x1043
UNC_M3UPI_RxC_CYCLES_NE_VN1.AD_REQ, 0x144
UNC_M3UPI_RxC_CYCLES_NE_VN1.AD_RSP, 0x444
UNC_M3UPI_RxC_CYCLES_NE_VN1.AD_SNP, 0x244
UNC_M3UPI_RxC_CYCLES_NE_VN1.BL_NCB, 0x2044
UNC_M3UPI_RxC_CYCLES_NE_VN1.BL_NCS, 0x4044
UNC_M3UPI_RxC_CYCLES_NE_VN1.BL_RSP, 0x844
UNC_M3UPI_RxC_CYCLES_NE_VN1.BL_WB, 0x1044
UNC_M3UPI_RxC_FLITS_DATA_NOT_SENT.ALL, 0x157
UNC_M3UPI_RxC_FLITS_DATA_NOT_SENT.NO_BGF, 0x257
UNC_M3UPI_RxC_FLITS_DATA_NOT_SENT.NO_TXQ, 0x457
UNC_M3UPI_RxC_FLITS_GEN_BL.P0_WAIT, 0x159
UNC_M3UPI_RxC_FLITS_GEN_BL.P1P_AT_LIMIT, 0x1059
UNC_M3UPI_RxC_FLITS_GEN_BL.P1P_BUSY, 0x859
UNC_M3UPI_RxC_FLITS_GEN_BL.P1P_FIFO_FULL, 0x4059
UNC_M3UPI_RxC_FLITS_GEN_BL.P1P_HOLD_P0, 0x2059
UNC_M3UPI_RxC_FLITS_GEN_BL.P1P_TO_LIMBO, 0x459
UNC_M3UPI_RxC_FLITS_GEN_BL.P1_WAIT, 0x259
UNC_M3UPI_RxC_FLITS_MISC, 0x5a
UNC_M3UPI_RxC_FLITS_SENT.1_MSG, 0x156
UNC_M3UPI_RxC_FLITS_SENT.1_MSG_VNX, 0x856
UNC_M3UPI_RxC_FLITS_SENT.2_MSGS, 0x256
UNC_M3UPI_RxC_FLITS_SENT.3_MSGS, 0x456
UNC_M3UPI_RxC_FLITS_SENT.SLOTS_1, 0x1056
UNC_M3UPI_RxC_FLITS_SENT.SLOTS_2, 0x2056
UNC_M3UPI_RxC_FLITS_SENT.SLOTS_3, 0x4056
UNC_M3UPI_RxC_FLITS_SLOT_BL.ALL, 0x158
UNC_M3UPI_RxC_FLITS_SLOT_BL.NEED_DATA, 0x258
UNC_M3UPI_RxC_FLITS_SLOT_BL.P0_WAIT, 0x458
UNC_M3UPI_RxC_FLITS_SLOT_BL.P1_NOT_REQ, 0x1058
UNC_M3UPI_RxC_FLITS_SLOT_BL.P1_NOT_REQ_BUT_BUBBLE, 0x2058
UNC_M3UPI_RxC_FLITS_SLOT_BL.P1_NOT_REQ_NOT_AVAIL, 0x4058
UNC_M3UPI_RxC_FLITS_SLOT_BL.P1_WAIT, 0x858
UNC_M3UPI_RxC_FLIT_GEN_HDR1.ACCUM, 0x153
UNC_M3UPI_RxC_FLIT_GEN_HDR1.ACCUM_READ, 0x253
UNC_M3UPI_RxC_FLIT_GEN_HDR1.ACCUM_WASTED, 0x453
UNC_M3UPI_RxC_FLIT_GEN_HDR1.AHEAD_BLOCKED, 0x853
UNC_M3UPI_RxC_FLIT_GEN_HDR1.AHEAD_MSG, 0x1053
UNC_M3UPI_RxC_FLIT_GEN_HDR1.PAR, 0x2053
UNC_M3UPI_RxC_FLIT_GEN_HDR1.PAR_FLIT, 0x8053
UNC_M3UPI_RxC_FLIT_GEN_HDR1.PAR_MSG, 0x4053
UNC_M3UPI_RxC_FLIT_GEN_HDR2.RMSTALL, 0x154
UNC_M3UPI_RxC_FLIT_GEN_HDR2.RMSTALL_NOMSG, 0x254
UNC_M3UPI_RxC_FLIT_NOT_SENT.ALL, 0x155
UNC_M3UPI_RxC_FLIT_NOT_SENT.NO_BGF_CRD, 0x255
UNC_M3UPI_RxC_FLIT_NOT_SENT.NO_BGF_NO_MSG, 0x855
UNC_M3UPI_RxC_FLIT_NOT_SENT.NO_TXQ_CRD, 0x455
UNC_M3UPI_RxC_FLIT_NOT_SENT.NO_TXQ_NO_MSG, 0x1055
UNC_M3UPI_RxC_FLIT_NOT_SENT.ONE_TAKEN, 0x2055
UNC_M3UPI_RxC_FLIT_NOT_SENT.THREE_TAKEN, 0x8055
UNC_M3UPI_RxC_FLIT_NOT_SENT.TWO_TAKEN, 0x4055
UNC_M3UPI_RxC_HELD.CANT_SLOT_AD, 0x4052
UNC_M3UPI_RxC_HELD.CANT_SLOT_BL, 0x8052
UNC_M3UPI_RxC_HELD.PARALLEL_AD_LOST, 0x1052
UNC_M3UPI_RxC_HELD.PARALLEL_ATTEMPT, 0x452
UNC_M3UPI_RxC_HELD.PARALLEL_BL_LOST, 0x2052
UNC_M3UPI_RxC_HELD.PARALLEL_SUCCESS, 0x852
UNC_M3UPI_RxC_HELD.VN0, 0x152
UNC_M3UPI_RxC_HELD.VN1, 0x252
UNC_M3UPI_RxC_INSERTS_VN0.AD_REQ, 0x141
UNC_M3UPI_RxC_INSERTS_VN0.AD_RSP, 0x441
UNC_M3UPI_RxC_INSERTS_VN0.AD_SNP, 0x241
UNC_M3UPI_RxC_INSERTS_VN0.BL_NCB, 0x2041
UNC_M3UPI_RxC_INSERTS_VN0.BL_NCS, 0x4041
UNC_M3UPI_RxC_INSERTS_VN0.BL_RSP, 0x841
UNC_M3UPI_RxC_INSERTS_VN0.BL_WB, 0x1041
UNC_M3UPI_RxC_INSERTS_VN1.AD_REQ, 0x142
UNC_M3UPI_RxC_INSERTS_VN1.AD_RSP, 0x442
UNC_M3UPI_RxC_INSERTS_VN1.AD_SNP, 0x242
UNC_M3UPI_RxC_INSERTS_VN1.BL_NCB, 0x2042
UNC_M3UPI_RxC_INSERTS_VN1.BL_NCS, 0x4042
UNC_M3UPI_RxC_INSERTS_VN1.BL_RSP, 0x842
UNC_M3UPI_RxC_INSERTS_VN1.BL_WB, 0x1042
UNC_M3UPI_RxC_OCCUPANCY_VN0.AD_REQ, 0x145
UNC_M3UPI_RxC_OCCUPANCY_VN0.AD_RSP, 0x445
UNC_M3UPI_RxC_OCCUPANCY_VN0.AD_SNP, 0x245
UNC_M3UPI_RxC_OCCUPANCY_VN0.BL_NCB, 0x2045
UNC_M3UPI_RxC_OCCUPANCY_VN0.BL_NCS, 0x4045
UNC_M3UPI_RxC_OCCUPANCY_VN0.BL_RSP, 0x845
UNC_M3UPI_RxC_OCCUPANCY_VN0.BL_WB, 0x1045
UNC_M3UPI_RxC_OCCUPANCY_VN1.AD_REQ, 0x146
UNC_M3UPI_RxC_OCCUPANCY_VN1.AD_RSP, 0x446
UNC_M3UPI_RxC_OCCUPANCY_VN1.AD_SNP, 0x246
UNC_M3UPI_RxC_OCCUPANCY_VN1.BL_NCB, 0x2046
UNC_M3UPI_RxC_OCCUPANCY_VN1.BL_NCS, 0x4046
UNC_M3UPI_RxC_OCCUPANCY_VN1.BL_RSP, 0x846
UNC_M3UPI_RxC_OCCUPANCY_VN1.BL_WB, 0x1046
UNC_M3UPI_RxC_PACKING_MISS_VN0.AD_REQ, 0x14e
UNC_M3UPI_RxC_PACKING_MISS_VN0.AD_RSP, 0x44e
UNC_M3UPI_RxC_PACKING_MISS_VN0.AD_SNP, 0x24e
UNC_M3UPI_RxC_PACKING_MISS_VN0.BL_NCB, 0x204e
UNC_M3UPI_RxC_PACKING_MISS_VN0.BL_NCS, 0x404e
UNC_M3UPI_RxC_PACKING_MISS_VN0.BL_RSP, 0x84e
UNC_M3UPI_RxC_PACKING_MISS_VN0.BL_WB, 0x104e
UNC_M3UPI_RxC_PACKING_MISS_VN1.AD_REQ, 0x14f
UNC_M3UPI_RxC_PACKING_MISS_VN1.AD_RSP, 0x44f
UNC_M3UPI_RxC_PACKING_MISS_VN1.AD_SNP, 0x24f
UNC_M3UPI_RxC_PACKING_MISS_VN1.BL_NCB, 0x204f
UNC_M3UPI_RxC_PACKING_MISS_VN1.BL_NCS, 0x404f
UNC_M3UPI_RxC_PACKING_MISS_VN1.BL_RSP, 0x84f
UNC_M3UPI_RxC_PACKING_MISS_VN1.BL_WB, 0x104f
UNC_M3UPI_RxC_SMI3_PFTCH.ARB_LOST, 0x262
UNC_M3UPI_RxC_SMI3_PFTCH.ARRIVED, 0x162
UNC_M3UPI_RxC_SMI3_PFTCH.DROP_OLD, 0x862
UNC_M3UPI_RxC_SMI3_PFTCH.DROP_WRAP, 0x1062
UNC_M3UPI_RxC_SMI3_PFTCH.SLOTTED, 0x462
UNC_M3UPI_RxC_VNA_CRD.ANY_IN_USE, 0x205b
UNC_M3UPI_RxC_VNA_CRD.CORRECTED, 0x25b
UNC_M3UPI_RxC_VNA_CRD.LT1, 0x45b
UNC_M3UPI_RxC_VNA_CRD.LT4, 0x85b
UNC_M3UPI_RxC_VNA_CRD.LT5, 0x105b
UNC_M3UPI_RxC_VNA_CRD.USED, 0x15b
UNC_M3UPI_RxR_BUSY_STARVED.AD_BNC, 0x1b4
UNC_M3UPI_RxR_BUSY_STARVED.AD_CRD, 0x10b4
UNC_M3UPI_RxR_BUSY_STARVED.BL_BNC, 0x4b4
UNC_M3UPI_RxR_BUSY_STARVED.BL_CRD, 0x40b4
UNC_M3UPI_RxR_BYPASS.AD_BNC, 0x1b2
UNC_M3UPI_RxR_BYPASS.AD_CRD, 0x10b2
UNC_M3UPI_RxR_BYPASS.AK_BNC, 0x2b2
UNC_M3UPI_RxR_BYPASS.BL_BNC, 0x4b2
UNC_M3UPI_RxR_BYPASS.BL_CRD, 0x40b2
UNC_M3UPI_RxR_BYPASS.IV_BNC, 0x8b2
UNC_M3UPI_RxR_CRD_STARVED.AD_BNC, 0x1b3
UNC_M3UPI_RxR_CRD_STARVED.AD_CRD, 0x10b3
UNC_M3UPI_RxR_CRD_STARVED.AK_BNC, 0x2b3
UNC_M3UPI_RxR_CRD_STARVED.BL_BNC, 0x4b3
UNC_M3UPI_RxR_CRD_STARVED.BL_CRD, 0x40b3
UNC_M3UPI_RxR_CRD_STARVED.IFV, 0x80b3
UNC_M3UPI_RxR_CRD_STARVED.IV_BNC, 0x8b3
UNC_M3UPI_RxR_INSERTS.AD_BNC, 0x1b1
UNC_M3UPI_RxR_INSERTS.AD_CRD, 0x10b1
UNC_M3UPI_RxR_INSERTS.AK_BNC, 0x2b1
UNC_M3UPI_RxR_INSERTS.BL_BNC, 0x4b1
UNC_M3UPI_RxR_INSERTS.BL_CRD, 0x40b1
UNC_M3UPI_RxR_INSERTS.IV_BNC, 0x8b1
UNC_M3UPI_RxR_OCCUPANCY.AD_BNC, 0x1b0
UNC_M3UPI_RxR_OCCUPANCY.AD_CRD, 0x10b0
UNC_M3UPI_RxR_OCCUPANCY.AK_BNC, 0x2b0
UNC_M3UPI_RxR_OCCUPANCY.BL_BNC, 0x4b0
UNC_M3UPI_RxR_OCCUPANCY.BL_CRD, 0x40b0
UNC_M3UPI_RxR_OCCUPANCY.IV_BNC, 0x8b0
UNC_M3UPI_STALL_NO_TxR_HORZ_CRD_AD_AG0.TGR0, 0x1d0
UNC_M3UPI_STALL_NO_TxR_HORZ_CRD_AD_AG0.TGR1, 0x2d0
UNC_M3UPI_STALL_NO_TxR_HORZ_CRD_AD_AG0.TGR2, 0x4d0
UNC_M3UPI_STALL_NO_TxR_HORZ_CRD_AD_AG0.TGR3, 0x8d0
UNC_M3UPI_STALL_NO_TxR_HORZ_CRD_AD_AG0.TGR4, 0x10d0
UNC_M3UPI_STALL_NO_TxR_HORZ_CRD_AD_AG0.TGR5, 0x20d0
UNC_M3UPI_STALL_NO_TxR_HORZ_CRD_AD_AG1.TGR0, 0x1d2
UNC_M3UPI_STALL_NO_TxR_HORZ_CRD_AD_AG1.TGR1, 0x2d2
UNC_M3UPI_STALL_NO_TxR_HORZ_CRD_AD_AG1.TGR2, 0x4d2
UNC_M3UPI_STALL_NO_TxR_HORZ_CRD_AD_AG1.TGR3, 0x8d2
UNC_M3UPI_STALL_NO_TxR_HORZ_CRD_AD_AG1.TGR4, 0x10d2
UNC_M3UPI_STALL_NO_TxR_HORZ_CRD_AD_AG1.TGR5, 0x20d2
UNC_M3UPI_STALL_NO_TxR_HORZ_CRD_BL_AG0.TGR0, 0x1d4
UNC_M3UPI_STALL_NO_TxR_HORZ_CRD_BL_AG0.TGR1, 0x2d4
UNC_M3UPI_STALL_NO_TxR_HORZ_CRD_BL_AG0.TGR2, 0x4d4
UNC_M3UPI_STALL_NO_TxR_HORZ_CRD_BL_AG0.TGR3, 0x8d4
UNC_M3UPI_STALL_NO_TxR_HORZ_CRD_BL_AG0.TGR4, 0x10d4
UNC_M3UPI_STALL_NO_TxR_HORZ_CRD_BL_AG0.TGR5, 0x20d4
UNC_M3UPI_STALL_NO_TxR_HORZ_CRD_BL_AG1.TGR0, 0x1d6
UNC_M3UPI_STALL_NO_TxR_HORZ_CRD_BL_AG1.TGR1, 0x2d6
UNC_M3UPI_STALL_NO_TxR_HORZ_CRD_BL_AG1.TGR2, 0x4d6
UNC_M3UPI_STALL_NO_TxR_HORZ_CRD_BL_AG1.TGR3, 0x8d6
UNC_M3UPI_STALL_NO_TxR_HORZ_CRD_BL_AG1.TGR4, 0x10d6
UNC_M3UPI_STALL_NO_TxR_HORZ_CRD_BL_AG1.TGR5, 0x20d6
UNC_M3UPI_TxC_AD_ARB_FAIL.VN0_REQ, 0x130
UNC_M3UPI_TxC_AD_ARB_FAIL.VN0_RSP, 0x430
UNC_M3UPI_TxC_AD_ARB_FAIL.VN0_SNP, 0x230
UNC_M3UPI_TxC_AD_ARB_FAIL.VN0_WB, 0x830
UNC_M3UPI_TxC_AD_ARB_FAIL.VN1_REQ, 0x1030
UNC_M3UPI_TxC_AD_ARB_FAIL.VN1_RSP, 0x4030
UNC_M3UPI_TxC_AD_ARB_FAIL.VN1_SNP, 0x2030
UNC_M3UPI_TxC_AD_ARB_FAIL.VN1_WB, 0x8030
UNC_M3UPI_TxC_AD_FLQ_BYPASS.AD_SLOT0, 0x12c
UNC_M3UPI_TxC_AD_FLQ_BYPASS.AD_SLOT1, 0x22c
UNC_M3UPI_TxC_AD_FLQ_BYPASS.AD_SLOT2, 0x42c
UNC_M3UPI_TxC_AD_FLQ_BYPASS.BL_EARLY_RSP, 0x82c
UNC_M3UPI_TxC_AD_FLQ_CYCLES_NE.VN0_REQ, 0x127
UNC_M3UPI_TxC_AD_FLQ_CYCLES_NE.VN0_RSP, 0x427
UNC_M3UPI_TxC_AD_FLQ_CYCLES_NE.VN0_SNP, 0x227
UNC_M3UPI_TxC_AD_FLQ_CYCLES_NE.VN0_WB, 0x827
UNC_M3UPI_TxC_AD_FLQ_CYCLES_NE.VN1_REQ, 0x1027
UNC_M3UPI_TxC_AD_FLQ_CYCLES_NE.VN1_RSP, 0x4027
UNC_M3UPI_TxC_AD_FLQ_CYCLES_NE.VN1_SNP, 0x2027
UNC_M3UPI_TxC_AD_FLQ_CYCLES_NE.VN1_WB, 0x8027
UNC_M3UPI_TxC_AD_FLQ_INSERTS.VN0_REQ, 0x12d
UNC_M3UPI_TxC_AD_FLQ_INSERTS.VN0_RSP, 0x42d
UNC_M3UPI_TxC_AD_FLQ_INSERTS.VN0_SNP, 0x22d
UNC_M3UPI_TxC_AD_FLQ_INSERTS.VN0_WB, 0x82d
UNC_M3UPI_TxC_AD_FLQ_INSERTS.VN1_REQ, 0x102d
UNC_M3UPI_TxC_AD_FLQ_INSERTS.VN1_RSP, 0x402d
UNC_M3UPI_TxC_AD_FLQ_INSERTS.VN1_SNP, 0x202d
UNC_M3UPI_TxC_AD_FLQ_OCCUPANCY.VN0_REQ, 0x11c
UNC_M3UPI_TxC_AD_FLQ_OCCUPANCY.VN0_RSP, 0x41c
UNC_M3UPI_TxC_AD_FLQ_OCCUPANCY.VN0_SNP, 0x21c
UNC_M3UPI_TxC_AD_FLQ_OCCUPANCY.VN0_WB, 0x81c
UNC_M3UPI_TxC_AD_FLQ_OCCUPANCY.VN1_REQ, 0x101c
UNC_M3UPI_TxC_AD_FLQ_OCCUPANCY.VN1_RSP, 0x401c
UNC_M3UPI_TxC_AD_FLQ_OCCUPANCY.VN1_SNP, 0x201c
UNC_M3UPI_TxC_AD_SNPF_GRP1_VN1.VN0_CHA, 0x43c
UNC_M3UPI_TxC_AD_SNPF_GRP1_VN1.VN0_NON_IDLE, 0x403c
UNC_M3UPI_TxC_AD_SNPF_GRP1_VN1.VN0_PEER_UPI0, 0x13c
UNC_M3UPI_TxC_AD_SNPF_GRP1_VN1.VN0_PEER_UPI1, 0x23c
UNC_M3UPI_TxC_AD_SNPF_GRP1_VN1.VN1_CHA, 0x203c
UNC_M3UPI_TxC_AD_SNPF_GRP1_VN1.VN1_NON_IDLE, 0x803c
UNC_M3UPI_TxC_AD_SNPF_GRP1_VN1.VN1_PEER_UPI0, 0x83c
UNC_M3UPI_TxC_AD_SNPF_GRP1_VN1.VN1_PEER_UPI1, 0x103c
UNC_M3UPI_TxC_AD_SNPF_GRP2_VN1.VN0_SNPFP_NONSNP, 0x13d
UNC_M3UPI_TxC_AD_SNPF_GRP2_VN1.VN0_SNPFP_VN2SNP, 0x43d
UNC_M3UPI_TxC_AD_SNPF_GRP2_VN1.VN1_SNPFP_NONSNP, 0x23d
UNC_M3UPI_TxC_AD_SNPF_GRP2_VN1.VN1_SNPFP_VN0SNP, 0x83d
UNC_M3UPI_TxC_AD_SPEC_ARB_CRD_AVAIL.VN0_REQ, 0x134
UNC_M3UPI_TxC_AD_SPEC_ARB_CRD_AVAIL.VN0_SNP, 0x234
UNC_M3UPI_TxC_AD_SPEC_ARB_CRD_AVAIL.VN0_WB, 0x834
UNC_M3UPI_TxC_AD_SPEC_ARB_CRD_AVAIL.VN1_REQ, 0x1034
UNC_M3UPI_TxC_AD_SPEC_ARB_CRD_AVAIL.VN1_SNP, 0x2034
UNC_M3UPI_TxC_AD_SPEC_ARB_CRD_AVAIL.VN1_WB, 0x8034
UNC_M3UPI_TxC_AD_SPEC_ARB_NEW_MSG.VN0_REQ, 0x133
UNC_M3UPI_TxC_AD_SPEC_ARB_NEW_MSG.VN0_SNP, 0x233
UNC_M3UPI_TxC_AD_SPEC_ARB_NEW_MSG.VN0_WB, 0x833
UNC_M3UPI_TxC_AD_SPEC_ARB_NEW_MSG.VN1_REQ, 0x1033
UNC_M3UPI_TxC_AD_SPEC_ARB_NEW_MSG.VN1_SNP, 0x2033
UNC_M3UPI_TxC_AD_SPEC_ARB_NEW_MSG.VN1_WB, 0x8033
UNC_M3UPI_TxC_AD_SPEC_ARB_NO_OTHER_PEND.VN0_REQ, 0x132
UNC_M3UPI_TxC_AD_SPEC_ARB_NO_OTHER_PEND.VN0_RSP, 0x432
UNC_M3UPI_TxC_AD_SPEC_ARB_NO_OTHER_PEND.VN0_SNP, 0x232
UNC_M3UPI_TxC_AD_SPEC_ARB_NO_OTHER_PEND.VN0_WB, 0x832
UNC_M3UPI_TxC_AD_SPEC_ARB_NO_OTHER_PEND.VN1_REQ, 0x1032
UNC_M3UPI_TxC_AD_SPEC_ARB_NO_OTHER_PEND.VN1_RSP, 0x4032
UNC_M3UPI_TxC_AD_SPEC_ARB_NO_OTHER_PEND.VN1_SNP, 0x2032
UNC_M3UPI_TxC_AD_SPEC_ARB_NO_OTHER_PEND.VN1_WB, 0x8032
UNC_M3UPI_TxC_AK_FLQ_INSERTS, 0x2f
UNC_M3UPI_TxC_AK_FLQ_OCCUPANCY, 0x1e
UNC_M3UPI_TxC_BL_ARB_FAIL.VN0_NCB, 0x435
UNC_M3UPI_TxC_BL_ARB_FAIL.VN0_NCS, 0x835
UNC_M3UPI_TxC_BL_ARB_FAIL.VN0_RSP, 0x135
UNC_M3UPI_TxC_BL_ARB_FAIL.VN0_WB, 0x235
UNC_M3UPI_TxC_BL_ARB_FAIL.VN1_NCB, 0x4035
UNC_M3UPI_TxC_BL_ARB_FAIL.VN1_NCS, 0x8035
UNC_M3UPI_TxC_BL_ARB_FAIL.VN1_RSP, 0x1035
UNC_M3UPI_TxC_BL_ARB_FAIL.VN1_WB, 0x2035
UNC_M3UPI_TxC_BL_FLQ_CYCLES_NE.VN0_REQ, 0x128
UNC_M3UPI_TxC_BL_FLQ_CYCLES_NE.VN0_RSP, 0x428
UNC_M3UPI_TxC_BL_FLQ_CYCLES_NE.VN0_SNP, 0x228
UNC_M3UPI_TxC_BL_FLQ_CYCLES_NE.VN0_WB, 0x828
UNC_M3UPI_TxC_BL_FLQ_CYCLES_NE.VN1_REQ, 0x1028
UNC_M3UPI_TxC_BL_FLQ_CYCLES_NE.VN1_RSP, 0x4028
UNC_M3UPI_TxC_BL_FLQ_CYCLES_NE.VN1_SNP, 0x2028
UNC_M3UPI_TxC_BL_FLQ_CYCLES_NE.VN1_WB, 0x8028
UNC_M3UPI_TxC_BL_FLQ_INSERTS.VN0_NCB, 0x12e
UNC_M3UPI_TxC_BL_FLQ_INSERTS.VN0_NCS, 0x22e
UNC_M3UPI_TxC_BL_FLQ_INSERTS.VN0_RSP, 0x82e
UNC_M3UPI_TxC_BL_FLQ_INSERTS.VN0_WB, 0x42e
UNC_M3UPI_TxC_BL_FLQ_INSERTS.VN1_NCB, 0x102e
UNC_M3UPI_TxC_BL_FLQ_INSERTS.VN1_NCS, 0x202e
UNC_M3UPI_TxC_BL_FLQ_INSERTS.VN1_RSP, 0x802e
UNC_M3UPI_TxC_BL_FLQ_INSERTS.VN1_WB, 0x402e
UNC_M3UPI_TxC_BL_FLQ_OCCUPANCY.VN0_NCB, 0x41d
UNC_M3UPI_TxC_BL_FLQ_OCCUPANCY.VN0_NCS, 0x81d
UNC_M3UPI_TxC_BL_FLQ_OCCUPANCY.VN0_RSP, 0x11d
UNC_M3UPI_TxC_BL_FLQ_OCCUPANCY.VN0_WB, 0x21d
UNC_M3UPI_TxC_BL_FLQ_OCCUPANCY.VN1_NCB, 0x401d
UNC_M3UPI_TxC_BL_FLQ_OCCUPANCY.VN1_NCS, 0x801d
UNC_M3UPI_TxC_BL_FLQ_OCCUPANCY.VN1_RSP, 0x101d
UNC_M3UPI_TxC_BL_FLQ_OCCUPANCY.VN1_WB, 0x201d
UNC_M3UPI_TxC_BL_SPEC_ARB_NEW_MSG.VN0_NCB, 0x238
UNC_M3UPI_TxC_BL_SPEC_ARB_NEW_MSG.VN0_NCS, 0x838
UNC_M3UPI_TxC_BL_SPEC_ARB_NEW_MSG.VN0_WB, 0x138
UNC_M3UPI_TxC_BL_SPEC_ARB_NEW_MSG.VN1_NCB, 0x2038
UNC_M3UPI_TxC_BL_SPEC_ARB_NEW_MSG.VN1_NCS, 0x8038
UNC_M3UPI_TxC_BL_SPEC_ARB_NEW_MSG.VN1_WB, 0x1038
UNC_M3UPI_TxC_BL_SPEC_ARB_NO_OTHER_PEND.VN0_NCB, 0x437
UNC_M3UPI_TxC_BL_SPEC_ARB_NO_OTHER_PEND.VN0_NCS, 0x837
UNC_M3UPI_TxC_BL_SPEC_ARB_NO_OTHER_PEND.VN0_RSP, 0x137
UNC_M3UPI_TxC_BL_SPEC_ARB_NO_OTHER_PEND.VN0_WB, 0x237
UNC_M3UPI_TxC_BL_SPEC_ARB_NO_OTHER_PEND.VN1_NCB, 0x4037
UNC_M3UPI_TxC_BL_SPEC_ARB_NO_OTHER_PEND.VN1_NCS, 0x8037
UNC_M3UPI_TxC_BL_SPEC_ARB_NO_OTHER_PEND.VN1_RSP, 0x1037
UNC_M3UPI_TxC_BL_SPEC_ARB_NO_OTHER_PEND.VN1_WB, 0x2037
UNC_M3UPI_TxR_HORZ_ADS_USED.AD_BNC, 0x19d
UNC_M3UPI_TxR_HORZ_ADS_USED.AD_CRD, 0x109d
UNC_M3UPI_TxR_HORZ_ADS_USED.AK_BNC, 0x29d
UNC_M3UPI_TxR_HORZ_ADS_USED.BL_BNC, 0x49d
UNC_M3UPI_TxR_HORZ_ADS_USED.BL_CRD, 0x409d
UNC_M3UPI_TxR_HORZ_BYPASS.AD_BNC, 0x19f
UNC_M3UPI_TxR_HORZ_BYPASS.AD_CRD, 0x109f
UNC_M3UPI_TxR_HORZ_BYPASS.AK_BNC, 0x29f
UNC_M3UPI_TxR_HORZ_BYPASS.BL_BNC, 0x49f
UNC_M3UPI_TxR_HORZ_BYPASS.BL_CRD, 0x409f
UNC_M3UPI_TxR_HORZ_BYPASS.IV_BNC, 0x89f
UNC_M3UPI_TxR_HORZ_CYCLES_FULL.AD_BNC, 0x196
UNC_M3UPI_TxR_HORZ_CYCLES_FULL.AD_CRD, 0x1096
UNC_M3UPI_TxR_HORZ_CYCLES_FULL.AK_BNC, 0x296
UNC_M3UPI_TxR_HORZ_CYCLES_FULL.BL_BNC, 0x496
UNC_M3UPI_TxR_HORZ_CYCLES_FULL.BL_CRD, 0x4096
UNC_M3UPI_TxR_HORZ_CYCLES_FULL.IV_BNC, 0x896
UNC_M3UPI_TxR_HORZ_CYCLES_NE.AD_BNC, 0x197
UNC_M3UPI_TxR_HORZ_CYCLES_NE.AD_CRD, 0x1097
UNC_M3UPI_TxR_HORZ_CYCLES_NE.AK_BNC, 0x297
UNC_M3UPI_TxR_HORZ_CYCLES_NE.BL_BNC, 0x497
UNC_M3UPI_TxR_HORZ_CYCLES_NE.BL_CRD, 0x4097
UNC_M3UPI_TxR_HORZ_CYCLES_NE.IV_BNC, 0x897
UNC_M3UPI_TxR_HORZ_INSERTS.AD_BNC, 0x195
UNC_M3UPI_TxR_HORZ_INSERTS.AD_CRD, 0x1095
UNC_M3UPI_TxR_HORZ_INSERTS.AK_BNC, 0x295
UNC_M3UPI_TxR_HORZ_INSERTS.BL_BNC, 0x495
UNC_M3UPI_TxR_HORZ_INSERTS.BL_CRD, 0x4095
UNC_M3UPI_TxR_HORZ_INSERTS.IV_BNC, 0x895
UNC_M3UPI_TxR_HORZ_NACK.AD_BNC, 0x199
UNC_M3UPI_TxR_HORZ_NACK.AD_CRD, 0x2099
UNC_M3UPI_TxR_HORZ_NACK.AK_BNC, 0x299
UNC_M3UPI_TxR_HORZ_NACK.BL_BNC, 0x499
UNC_M3UPI_TxR_HORZ_NACK.BL_CRD, 0x4099
UNC_M3UPI_TxR_HORZ_NACK.IV_BNC, 0x899
UNC_M3UPI_TxR_HORZ_OCCUPANCY.AD_BNC, 0x194
UNC_M3UPI_TxR_HORZ_OCCUPANCY.AD_CRD, 0x1094
UNC_M3UPI_TxR_HORZ_OCCUPANCY.AK_BNC, 0x294
UNC_M3UPI_TxR_HORZ_OCCUPANCY.BL_BNC, 0x494
UNC_M3UPI_TxR_HORZ_OCCUPANCY.BL_CRD, 0x4094
UNC_M3UPI_TxR_HORZ_OCCUPANCY.IV_BNC, 0x894
UNC_M3UPI_TxR_HORZ_STARVED.AD_BNC, 0x19b
UNC_M3UPI_TxR_HORZ_STARVED.AK_BNC, 0x29b
UNC_M3UPI_TxR_HORZ_STARVED.BL_BNC, 0x49b
UNC_M3UPI_TxR_HORZ_STARVED.IV_BNC, 0x89b
UNC_M3UPI_TxR_VERT_ADS_USED.AD_AG0, 0x19c
UNC_M3UPI_TxR_VERT_ADS_USED.AD_AG1, 0x109c
UNC_M3UPI_TxR_VERT_ADS_USED.AK_AG0, 0x29c
UNC_M3UPI_TxR_VERT_ADS_USED.AK_AG1, 0x209c
UNC_M3UPI_TxR_VERT_ADS_USED.BL_AG0, 0x49c
UNC_M3UPI_TxR_VERT_ADS_USED.BL_AG1, 0x409c
UNC_M3UPI_TxR_VERT_BYPASS.AD_AG0, 0x19e
UNC_M3UPI_TxR_VERT_BYPASS.AD_AG1, 0x109e
UNC_M3UPI_TxR_VERT_BYPASS.AK_AG0, 0x29e
UNC_M3UPI_TxR_VERT_BYPASS.AK_AG1, 0x209e
UNC_M3UPI_TxR_VERT_BYPASS.BL_AG0, 0x49e
UNC_M3UPI_TxR_VERT_BYPASS.BL_AG1, 0x409e
UNC_M3UPI_TxR_VERT_BYPASS.IV, 0x89e
UNC_M3UPI_TxR_VERT_CYCLES_FULL.AD_AG0, 0x192
UNC_M3UPI_TxR_VERT_CYCLES_FULL.AD_AG1, 0x1092
UNC_M3UPI_TxR_VERT_CYCLES_FULL.AK_AG0, 0x292
UNC_M3UPI_TxR_VERT_CYCLES_FULL.AK_AG1, 0x2092
UNC_M3UPI_TxR_VERT_CYCLES_FULL.BL_AG0, 0x492
UNC_M3UPI_TxR_VERT_CYCLES_FULL.BL_AG1, 0x4092
UNC_M3UPI_TxR_VERT_CYCLES_FULL.IV, 0x892
UNC_M3UPI_TxR_VERT_CYCLES_NE.AD_AG0, 0x193
UNC_M3UPI_TxR_VERT_CYCLES_NE.AD_AG1, 0x1093
UNC_M3UPI_TxR_VERT_CYCLES_NE.AK_AG0, 0x293
UNC_M3UPI_TxR_VERT_CYCLES_NE.AK_AG1, 0x2093
UNC_M3UPI_TxR_VERT_CYCLES_NE.BL_AG0, 0x493
UNC_M3UPI_TxR_VERT_CYCLES_NE.BL_AG1, 0x4093
UNC_M3UPI_TxR_VERT_CYCLES_NE.IV, 0x893
UNC_M3UPI_TxR_VERT_INSERTS.AD_AG0, 0x191
UNC_M3UPI_TxR_VERT_INSERTS.AD_AG1, 0x1091
UNC_M3UPI_TxR_VERT_INSERTS.AK_AG0, 0x291
UNC_M3UPI_TxR_VERT_INSERTS.AK_AG1, 0x2091
UNC_M3UPI_TxR_VERT_INSERTS.BL_AG0, 0x491
UNC_M3UPI_TxR_VERT_INSERTS.BL_AG1, 0x4091
UNC_M3UPI_TxR_VERT_INSERTS.IV, 0x891
UNC_M3UPI_TxR_VERT_NACK.AD_AG0, 0x198
UNC_M3UPI_TxR_VERT_NACK.AD_AG1, 0x1098
UNC_M3UPI_TxR_VERT_NACK.AK_AG0, 0x298
UNC_M3UPI_TxR_VERT_NACK.AK_AG1, 0x2098
UNC_M3UPI_TxR_VERT_NACK.BL_AG0, 0x498
UNC_M3UPI_TxR_VERT_NACK.BL_AG1, 0x4098
UNC_M3UPI_TxR_VERT_NACK.IV, 0x898
UNC_M3UPI_TxR_VERT_OCCUPANCY.AD_AG0, 0x190
UNC_M3UPI_TxR_VERT_OCCUPANCY.AD_AG1, 0x1090
UNC_M3UPI_TxR_VERT_OCCUPANCY.AK_AG0, 0x290
UNC_M3UPI_TxR_VERT_OCCUPANCY.AK_AG1, 0x2090
UNC_M3UPI_TxR_VERT_OCCUPANCY.BL_AG0, 0x490
UNC_M3UPI_TxR_VERT_OCCUPANCY.BL_AG1, 0x4090
UNC_M3UPI_TxR_VERT_OCCUPANCY.IV, 0x890
UNC_M3UPI_TxR_VERT_STARVED.AD_AG0, 0x19a
UNC_M3UPI_TxR_VERT_STARVED.AD_AG1, 0x109a
UNC_M3UPI_TxR_VERT_STARVED.AK_AG0, 0x29a
UNC_M3UPI_TxR_VERT_STARVED.AK_AG1, 0x209a
UNC_M3UPI_TxR_VERT_STARVED.BL_AG0, 0x49a
UNC_M3UPI_TxR_VERT_STARVED.BL_AG1, 0x409a
UNC_M3UPI_TxR_VERT_STARVED.IV, 0x89a
UNC_M3UPI_UPI_PEER_AD_CREDITS_EMPTY.VN0_REQ, 0x220
UNC_M3UPI_UPI_PEER_AD_CREDITS_EMPTY.VN0_RSP, 0x820
UNC_M3UPI_UPI_PEER_AD_CREDITS_EMPTY.VN0_SNP, 0x420
UNC_M3UPI_UPI_PEER_AD_CREDITS_EMPTY.VN1_REQ, 0x1020
UNC_M3UPI_UPI_PEER_AD_CREDITS_EMPTY.VN1_RSP, 0x4020
UNC_M3UPI_UPI_PEER_AD_CREDITS_EMPTY.VN1_SNP, 0x2020
UNC_M3UPI_UPI_PEER_AD_CREDITS_EMPTY.VNA, 0x120
UNC_M3UPI_UPI_PEER_BL_CREDITS_EMPTY.VN0_NCS_NCB, 0x421
UNC_M3UPI_UPI_PEER_BL_CREDITS_EMPTY.VN0_RSP, 0x221
UNC_M3UPI_UPI_PEER_BL_CREDITS_EMPTY.VN0_WB, 0x821
UNC_M3UPI_UPI_PEER_BL_CREDITS_EMPTY.VN1_NCS_NCB, 0x2021
UNC_M3UPI_UPI_PEER_BL_CREDITS_EMPTY.VN1_RSP, 0x1021
UNC_M3UPI_UPI_PEER_BL_CREDITS_EMPTY.VN1_WB, 0x4021
UNC_M3UPI_UPI_PEER_BL_CREDITS_EMPTY.VNA, 0x121
UNC_M3UPI_UPI_PREFETCH_SPAWN, 0x29
UNC_M3UPI_VERT_RING_AD_IN_USE.DN_EVEN, 0x4a6
UNC_M3UPI_VERT_RING_AD_IN_USE.DN_ODD, 0x8a6
UNC_M3UPI_VERT_RING_AD_IN_USE.UP_EVEN, 0x1a6
UNC_M3UPI_VERT_RING_AD_IN_USE.UP_ODD, 0x2a6
UNC_M3UPI_VERT_RING_AK_IN_USE.DN_EVEN, 0x4a8
UNC_M3UPI_VERT_RING_AK_IN_USE.DN_ODD, 0x8a8
UNC_M3UPI_VERT_RING_AK_IN_USE.UP_EVEN, 0x1a8
UNC_M3UPI_VERT_RING_AK_IN_USE.UP_ODD, 0x2a8
UNC_M3UPI_VERT_RING_BL_IN_USE.DN_EVEN, 0x4aa
UNC_M3UPI_VERT_RING_BL_IN_USE.DN_ODD, 0x8aa
UNC_M3UPI_VERT_RING_BL_IN_USE.UP_EVEN, 0x1aa
UNC_M3UPI_VERT_RING_BL_IN_USE.UP_ODD, 0x2aa
UNC_M3UPI_VERT_RING_IV_IN_USE.DN, 0x4ac
UNC_M3UPI_VERT_RING_IV_IN_USE.UP, 0x1ac
UNC_M3UPI_VN0_CREDITS_USED.NCB, 0x105c
UNC_M3UPI_VN0_CREDITS_USED.NCS, 0x205c
UNC_M3UPI_VN0_CREDITS_USED.REQ, 0x15c
UNC_M3UPI_VN0_CREDITS_USED.RSP, 0x45c
UNC_M3UPI_VN0_CREDITS_USED.SNP, 0x25c
UNC_M3UPI_VN0_CREDITS_USED.WB, 0x85c
UNC_M3UPI_VN0_NO_CREDITS.NCB, 0x105e
UNC_M3UPI_VN0_NO_CREDITS.NCS, 0x205e
UNC_M3UPI_VN0_NO_CREDITS.REQ, 0x15e
UNC_M3UPI_VN0_NO_CREDITS.RSP, 0x45e
UNC_M3UPI_VN0_NO_CREDITS.SNP, 0x25e
UNC_M3UPI_VN0_NO_CREDITS.WB, 0x85e
UNC_M3UPI_VN1_CREDITS_USED.NCB, 0x105d
UNC_M3UPI_VN1_CREDITS_USED.NCS, 0x205d
UNC_M3UPI_VN1_CREDITS_USED.REQ, 0x15d
UNC_M3UPI_VN1_CREDITS_USED.RSP, 0x45d
UNC_M3UPI_VN1_CREDITS_USED.SNP, 0x25d
UNC_M3UPI_VN1_CREDITS_USED.WB, 0x85d
UNC_M3UPI_VN1_NO_CREDITS.NCB, 0x105f
UNC_M3UPI_VN1_NO_CREDITS.NCS, 0x205f
UNC_M3UPI_VN1_NO_CREDITS.REQ, 0x15f
UNC_M3UPI_VN1_NO_CREDITS.RSP, 0x45f
UNC_M3UPI_VN1_NO_CREDITS.SNP, 0x25f
UNC_M3UPI_VN1_NO_CREDITS.WB, 0x85f
UNC_NoUnit_TxC_BL.DRS_UPI, 0x440
UNC_UPI_CLOCKTICKS, 0x1
UNC_UPI_DIRECT_ATTEMPTS.D2C, 0x112
UNC_UPI_DIRECT_ATTEMPTS.D2K, 0x212
UNC_UPI_DIRECT_ATTEMPTS.D2U, 0x212
UNC_UPI_FLOWQ_NO_VNA_CRD.AD_VNA_EQ0, 0x118
UNC_UPI_FLOWQ_NO_VNA_CRD.AD_VNA_EQ1, 0x218
UNC_UPI_FLOWQ_NO_VNA_CRD.AD_VNA_EQ2, 0x418
UNC_UPI_FLOWQ_NO_VNA_CRD.AK_VNA_EQ0, 0x1018
UNC_UPI_FLOWQ_NO_VNA_CRD.AK_VNA_EQ1, 0x2018
UNC_UPI_FLOWQ_NO_VNA_CRD.AK_VNA_EQ2, 0x4018
UNC_UPI_FLOWQ_NO_VNA_CRD.AK_VNA_EQ3, 0x8018
UNC_UPI_FLOWQ_NO_VNA_CRD.BL_VNA_EQ0, 0x818
UNC_UPI_L1_POWER_CYCLES, 0x21
UNC_UPI_M3_BYP_BLOCKED.BGF_CRD, 0x814
UNC_UPI_M3_BYP_BLOCKED.FLOWQ_AD_VNA_LE2, 0x114
UNC_UPI_M3_BYP_BLOCKED.FLOWQ_AK_VNA_LE3, 0x414
UNC_UPI_M3_BYP_BLOCKED.FLOWQ_BL_VNA_EQ0, 0x214
UNC_UPI_M3_BYP_BLOCKED.GV_BLOCK, 0x1014
UNC_UPI_M3_CRD_RETURN_BLOCKED, 0x16
UNC_UPI_M3_RXQ_BLOCKED.BGF_CRD, 0x2015
UNC_UPI_M3_RXQ_BLOCKED.FLOWQ_AD_VNA_BTW_2_THRESH, 0x215
UNC_UPI_M3_RXQ_BLOCKED.FLOWQ_AD_VNA_LE2, 0x115
UNC_UPI_M3_RXQ_BLOCKED.FLOWQ_AK_VNA_LE3, 0x1015
UNC_UPI_M3_RXQ_BLOCKED.FLOWQ_BL_VNA_BTW_0_THRESH, 0x815
UNC_UPI_M3_RXQ_BLOCKED.FLOWQ_BL_VNA_EQ0, 0x415
UNC_UPI_M3_RXQ_BLOCKED.GV_BLOCK, 0x4015
UNC_UPI_PHY_INIT_CYCLES, 0x20
UNC_UPI_POWER_L1_NACK, 0x23
UNC_UPI_POWER_L1_REQ, 0x22
UNC_UPI_REQ_SLOT2_FROM_M3.ACK, 0x846
UNC_UPI_REQ_SLOT2_FROM_M3.VN0, 0x246
UNC_UPI_REQ_SLOT2_FROM_M3.VN1, 0x446
UNC_UPI_REQ_SLOT2_FROM_M3.VNA, 0x146
UNC_UPI_RxL0P_POWER_CYCLES, 0x25
UNC_UPI_RxL0_POWER_CYCLES, 0x24
UNC_UPI_RxL_BASIC_HDR_MATCH.NCB, 0xe05
UNC_UPI_RxL_BASIC_HDR_MATCH.NCB_OPC, 0x10e05
UNC_UPI_RxL_BASIC_HDR_MATCH.NCS, 0xf05
UNC_UPI_RxL_BASIC_HDR_MATCH.NCS_OPC, 0x10f05
UNC_UPI_RxL_BASIC_HDR_MATCH.REQ, 0x805
UNC_UPI_RxL_BASIC_HDR_MATCH.REQ_OPC, 0x10805
UNC_UPI_RxL_BASIC_HDR_MATCH.RSPCNFLT, 0x1aa05
UNC_UPI_RxL_BASIC_HDR_MATCH.RSPI, 0x12a05
UNC_UPI_RxL_BASIC_HDR_MATCH.RSP_DATA, 0xc05
UNC_UPI_RxL_BASIC_HDR_MATCH.RSP_DATA_OPC, 0x10c05
UNC_UPI_RxL_BASIC_HDR_MATCH.RSP_NODATA, 0xa05
UNC_UPI_RxL_BASIC_HDR_MATCH.RSP_NODATA_OPC, 0x10a05
UNC_UPI_RxL_BASIC_HDR_MATCH.SNP, 0x905
UNC_UPI_RxL_BASIC_HDR_MATCH.SNP_OPC, 0x10905
UNC_UPI_RxL_BASIC_HDR_MATCH.WB, 0xd05
UNC_UPI_RxL_BASIC_HDR_MATCH.WB_OPC, 0x10d05
UNC_UPI_RxL_BYPASSED.SLOT0, 0x131
UNC_UPI_RxL_BYPASSED.SLOT1, 0x231
UNC_UPI_RxL_BYPASSED.SLOT2, 0x431
UNC_UPI_RxL_CRC_ERRORS, 0xb
UNC_UPI_RxL_CRC_LLR_REQ_TRANSMIT, 0x8
UNC_UPI_RxL_CREDITS_CONSUMED_VN0, 0x39
UNC_UPI_RxL_CREDITS_CONSUMED_VN1, 0x3a
UNC_UPI_RxL_CREDITS_CONSUMED_VNA, 0x38
UNC_UPI_RxL_FLITS.ALL_DATA, 0xf03
UNC_UPI_RxL_FLITS.ALL_NULL, 0x2703
UNC_UPI_RxL_FLITS.DATA, 0x803
UNC_UPI_RxL_FLITS.IDLE, 0x4703
UNC_UPI_RxL_FLITS.LLCRD, 0x1003
UNC_UPI_RxL_FLITS.LLCTRL, 0x4003
UNC_UPI_RxL_FLITS.NON_DATA, 0x9703
UNC_UPI_RxL_FLITS.NULL, 0x2003
UNC_UPI_RxL_FLITS.PROTHDR, 0x8003
UNC_UPI_RxL_FLITS.PROT_HDR, 0x8003
UNC_UPI_RxL_FLITS.SLOT0, 0x103
UNC_UPI_RxL_FLITS.SLOT1, 0x203
UNC_UPI_RxL_FLITS.SLOT2, 0x403
UNC_UPI_RxL_HDR_MATCH.NCB, 0xc05
UNC_UPI_RxL_HDR_MATCH.NCS, 0xd05
UNC_UPI_RxL_HDR_MATCH.REQ, 0x805
UNC_UPI_RxL_HDR_MATCH.RSP, 0xa05
UNC_UPI_RxL_HDR_MATCH.SNP, 0x905
UNC_UPI_RxL_HDR_MATCH.WB, 0xb05
UNC_UPI_RxL_INSERTS.SLOT0, 0x130
UNC_UPI_RxL_INSERTS.SLOT1, 0x230
UNC_UPI_RxL_INSERTS.SLOT2, 0x430
UNC_UPI_RxL_OCCUPANCY.SLOT0, 0x132
UNC_UPI_RxL_OCCUPANCY.SLOT1, 0x232
UNC_UPI_RxL_OCCUPANCY.SLOT2, 0x432
UNC_UPI_RxL_SLOT_BYPASS.S0_RXQ1, 0x133
UNC_UPI_RxL_SLOT_BYPASS.S0_RXQ2, 0x233
UNC_UPI_RxL_SLOT_BYPASS.S1_RXQ0, 0x433
UNC_UPI_RxL_SLOT_BYPASS.S1_RXQ2, 0x833
UNC_UPI_RxL_SLOT_BYPASS.S2_RXQ0, 0x1033
UNC_UPI_RxL_SLOT_BYPASS.S2_RXQ1, 0x2033
UNC_UPI_TxL0P_CLK_ACTIVE.CFG_CTL, 0x12a
UNC_UPI_TxL0P_CLK_ACTIVE.DFX, 0x402a
UNC_UPI_TxL0P_CLK_ACTIVE.RETRY, 0x202a
UNC_UPI_TxL0P_CLK_ACTIVE.RXQ, 0x22a
UNC_UPI_TxL0P_CLK_ACTIVE.RXQ_BYPASS, 0x42a
UNC_UPI_TxL0P_CLK_ACTIVE.RXQ_CRED, 0x82a
UNC_UPI_TxL0P_CLK_ACTIVE.SPARE, 0x802a
UNC_UPI_TxL0P_CLK_ACTIVE.TXQ, 0x102a
UNC_UPI_TxL0P_POWER_CYCLES, 0x27
UNC_UPI_TxL0P_POWER_CYCLES_LL_ENTER, 0x28
UNC_UPI_TxL0P_POWER_CYCLES_M3_EXIT, 0x29
UNC_UPI_TxL0_POWER_CYCLES, 0x26
UNC_UPI_TxL_BASIC_HDR_MATCH.NCB, 0xe04
UNC_UPI_TxL_BASIC_HDR_MATCH.NCB_OPC, 0x10e04
UNC_UPI_TxL_BASIC_HDR_MATCH.NCS, 0xf04
UNC_UPI_TxL_BASIC_HDR_MATCH.NCS_OPC, 0x10f04
UNC_UPI_TxL_BASIC_HDR_MATCH.REQ, 0x804
UNC_UPI_TxL_BASIC_HDR_MATCH.REQ_OPC, 0x10804
UNC_UPI_TxL_BASIC_HDR_MATCH.RSPCNFLT, 0x1aa04
UNC_UPI_TxL_BASIC_HDR_MATCH.RSPI, 0x12a04
UNC_UPI_TxL_BASIC_HDR_MATCH.RSP_DATA, 0xc04
UNC_UPI_TxL_BASIC_HDR_MATCH.RSP_DATA_OPC, 0x10c04
UNC_UPI_TxL_BASIC_HDR_MATCH.RSP_NODATA, 0xa04
UNC_UPI_TxL_BASIC_HDR_MATCH.RSP_NODATA_OPC, 0x10a04
UNC_UPI_TxL_BASIC_HDR_MATCH.SNP, 0x904
UNC_UPI_TxL_BASIC_HDR_MATCH.SNP_OPC, 0x10904
UNC_UPI_TxL_BASIC_HDR_MATCH.WB, 0xd04
UNC_UPI_TxL_BASIC_HDR_MATCH.WB_OPC, 0x10d04
UNC_UPI_TxL_BYPASSED, 0x41
UNC_UPI_TxL_FLITS.ALL_DATA, 0xf02
UNC_UPI_TxL_FLITS.ALL_NULL, 0x2702
UNC_UPI_TxL_FLITS.DATA, 0x802
UNC_UPI_TxL_FLITS.IDLE, 0x4702
UNC_UPI_TxL_FLITS.LLCRD, 0x1002
UNC_UPI_TxL_FLITS.LLCTRL, 0x4002
UNC_UPI_TxL_FLITS.NON_DATA, 0x9702
UNC_UPI_TxL_FLITS.NULL, 0x2002
UNC_UPI_TxL_FLITS.PROTHDR, 0x8002
UNC_UPI_TxL_FLITS.PROT_HDR, 0x8002
UNC_UPI_TxL_FLITS.SLOT0, 0x102
UNC_UPI_TxL_FLITS.SLOT1, 0x202
UNC_UPI_TxL_FLITS.SLOT2, 0x402
UNC_UPI_TxL_HDR_MATCH.DATA_HDR, 0x4
UNC_UPI_TxL_HDR_MATCH.DUAL_SLOT_HDR, 0x4
UNC_UPI_TxL_HDR_MATCH.LOC, 0x4
UNC_UPI_TxL_HDR_MATCH.NCB, 0xe04
UNC_UPI_TxL_HDR_MATCH.NCS, 0xf04
UNC_UPI_TxL_HDR_MATCH.NON_DATA_HDR, 0x4
UNC_UPI_TxL_HDR_MATCH.REM, 0x4
UNC_UPI_TxL_HDR_MATCH.REQ, 0x804
UNC_UPI_TxL_HDR_MATCH.RSP_DATA, 0xc04
UNC_UPI_TxL_HDR_MATCH.RSP_NODATA, 0xa04
UNC_UPI_TxL_HDR_MATCH.SGL_SLOT_HDR, 0x4
UNC_UPI_TxL_HDR_MATCH.SNP, 0x904
UNC_UPI_TxL_HDR_MATCH.WB, 0xc04
UNC_UPI_TxL_INSERTS, 0x40
UNC_UPI_TxL_OCCUPANCY, 0x42
UNC_UPI_VNA_CREDIT_RETURN_BLOCKED_VN01, 0x45
UNC_UPI_VNA_CREDIT_RETURN_OCCUPANCY, 0x44
UNC_U_CLOCKTICKS, 0xff
UNC_U_EVENT_MSG.DOORBELL_RCVD, 0x842
UNC_U_EVENT_MSG.INT_PRIO, 0x1042
UNC_U_EVENT_MSG.IPI_RCVD, 0x442
UNC_U_EVENT_MSG.MSI_RCVD, 0x242
UNC_U_EVENT_MSG.VLW_RCVD, 0x142
UNC_U_LOCK_CYCLES, 0x44
UNC_U_PHOLD_CYCLES.ASSERT_TO_ACK, 0x145
UNC_U_RACU_DRNG.PFTCH_BUF_EMPTY, 0x44c
UNC_U_RACU_DRNG.RDRAND, 0x14c
UNC_U_RACU_DRNG.RDSEED, 0x24c
UNC_U_RACU_REQUESTS, 0x46
ARITH.DIVIDER_ACTIVE, 0x114
BR_INST_RETIRED.ALL_BRANCHES, 0xc4
BR_INST_RETIRED.ALL_BRANCHES_PEBS, 0x4c4
BR_INST_RETIRED.COND, 0x1c4
BR_INST_RETIRED.CONDITIONAL, 0x1c4
BR_INST_RETIRED.COND_NTAKEN, 0x10c4
BR_INST_RETIRED.FAR_BRANCH, 0x40c4
BR_INST_RETIRED.NEAR_CALL, 0x2c4
BR_INST_RETIRED.NEAR_RETURN, 0x8c4
BR_INST_RETIRED.NEAR_TAKEN, 0x20c4
BR_INST_RETIRED.NOT_TAKEN, 0x10c4
BR_MISP_EXEC.ALL_BRANCHES, 0xff89
BR_MISP_EXEC.INDIRECT, 0xe489
BR_MISP_RETIRED.ALL_BRANCHES, 0xc5
BR_MISP_RETIRED.ALL_BRANCHES_PEBS, 0x4c5
BR_MISP_RETIRED.CONDITIONAL, 0x1c5
BR_MISP_RETIRED.NEAR_CALL, 0x2c5
BR_MISP_RETIRED.NEAR_TAKEN, 0x20c5
BR_MISP_RETIRED.RET, 0x8c5
CPU_CLK_THREAD_UNHALTED.ONE_THREAD_ACTIVE, 0x23c
CPU_CLK_THREAD_UNHALTED.REF_XCLK, 0x13c
CPU_CLK_THREAD_UNHALTED.REF_XCLK_ANY, 0x13c
CPU_CLK_UNHALTED.ONE_THREAD_ACTIVE, 0x23c
CPU_CLK_UNHALTED.REF_XCLK, 0x13c
CPU_CLK_UNHALTED.REF_XCLK_ANY, 0x13c
CPU_CLK_UNHALTED.RING0_TRANS, 0x3c
CPU_CLK_UNHALTED.THREAD_P, 0x3c
CPU_CLK_UNHALTED.THREAD_P_ANY, 0x3c
CYCLE_ACTIVITY.CYCLES_L1D_MISS, 0x8a3
CYCLE_ACTIVITY.CYCLES_L2_MISS, 0x1a3
CYCLE_ACTIVITY.CYCLES_MEM_ANY, 0x10a3
CYCLE_ACTIVITY.STALLS_L1D_MISS, 0xca3
CYCLE_ACTIVITY.STALLS_L2_MISS, 0x5a3
CYCLE_ACTIVITY.STALLS_MEM_ANY, 0x14a3
CYCLE_ACTIVITY.STALLS_TOTAL, 0x4a3
EXE_ACTIVITY.1_PORTS_UTIL, 0x2a6
EXE_ACTIVITY.2_PORTS_UTIL, 0x4a6
EXE_ACTIVITY.3_PORTS_UTIL, 0x8a6
EXE_ACTIVITY.4_PORTS_UTIL, 0x10a6
EXE_ACTIVITY.BOUND_ON_STORES, 0x40a6
EXE_ACTIVITY.EXE_BOUND_0_PORTS, 0x1a6
ILD_STALL.LCP, 0x187
INST_DECODED.DECODERS, 0x155
INST_RETIRED.ANY_P, 0xc0
INST_RETIRED.NOP, 0x2c0
INST_RETIRED.PREC_DIST, 0x1c0
INST_RETIRED.TOTAL_CYCLES_PS, 0x1c0
INT_MISC.CLEARS_COUNT, 0x10d
INT_MISC.CLEAR_RESTEER_CYCLES, 0x800d
INT_MISC.RECOVERY_CYCLES, 0x10d
INT_MISC.RECOVERY_CYCLES_ANY, 0x10d
LD_BLOCKS.NO_SR, 0x803
LD_BLOCKS.STORE_FORWARD, 0x203
LD_BLOCKS_PARTIAL.ADDRESS_ALIAS, 0x107
LOAD_HIT_PRE.SW_PF, 0x14c
LSD.CYCLES_4_UOPS, 0x1a8
LSD.CYCLES_ACTIVE, 0x1a8
LSD.CYCLES_OK, 0x1a8
LSD.UOPS, 0x1a8
MACHINE_CLEARS.COUNT, 0x1c3
MACHINE_CLEARS.SMC, 0x4c3
OTHER_ASSISTS.ANY, 0x3fc1
PARTIAL_RAT_STALLS.SCOREBOARD, 0x159
RESOURCE_STALLS.ANY, 0x1a2
RESOURCE_STALLS.SB, 0x8a2
ROB_MISC_EVENTS.LBR_INSERTS, 0x20cc
ROB_MISC_EVENTS.PAUSE_INST, 0x40cc
RS_EVENTS.EMPTY_CYCLES, 0x15e
RS_EVENTS.EMPTY_END, 0x15e
UOPS_DISPATCHED_PORT.PORT_0, 0x1a1
UOPS_DISPATCHED_PORT.PORT_1, 0x2a1
UOPS_DISPATCHED_PORT.PORT_2, 0x4a1
UOPS_DISPATCHED_PORT.PORT_3, 0x8a1
UOPS_DISPATCHED_PORT.PORT_4, 0x10a1
UOPS_DISPATCHED_PORT.PORT_5, 0x20a1
UOPS_DISPATCHED_PORT.PORT_6, 0x40a1
UOPS_DISPATCHED_PORT.PORT_7, 0x80a1
UOPS_EXECUTED.CORE, 0x2b1
UOPS_EXECUTED.CORE_CYCLES_GE_1, 0x2b1
UOPS_EXECUTED.CORE_CYCLES_GE_2, 0x2b1
UOPS_EXECUTED.CORE_CYCLES_GE_3, 0x2b1
UOPS_EXECUTED.CORE_CYCLES_GE_4, 0x2b1
UOPS_EXECUTED.CORE_CYCLES_NONE, 0x2b1
UOPS_EXECUTED.CYCLES_GE_1_UOP_EXEC, 0x1b1
UOPS_EXECUTED.CYCLES_GE_2_UOPS_EXEC, 0x1b1
UOPS_EXECUTED.CYCLES_GE_3_UOPS_EXEC, 0x1b1
UOPS_EXECUTED.CYCLES_GE_4_UOPS_EXEC, 0x1b1
UOPS_EXECUTED.STALL_CYCLES, 0x1b1
UOPS_EXECUTED.THREAD, 0x1b1
UOPS_EXECUTED.X87, 0x10b1
UOPS_ISSUED.ANY, 0x10e
UOPS_ISSUED.SLOW_LEA, 0x200e
UOPS_ISSUED.STALL_CYCLES, 0x10e
UOPS_ISSUED.VECTOR_WIDTH_MISMATCH, 0x20e
UOPS_RETIRED.MACRO_FUSED, 0x4c2
UOPS_RETIRED.RETIRE_SLOTS, 0x2c2
UOPS_RETIRED.STALL_CYCLES, 0x2c2
UOPS_RETIRED.TOTAL_CYCLES, 0x2c2
LLC_MISSES.PCIE_READ, 0x483
LLC_MISSES.PCIE_WRITE, 0x183
UNC_IIO_CLOCKTICKS, 0x1
UNC_IIO_COMP_BUF_INSERTS.CMPD.ALL_PARTS, 0x3c2
UNC_IIO_COMP_BUF_INSERTS.CMPD.PART0, 0x3c2
UNC_IIO_COMP_BUF_INSERTS.CMPD.PART1, 0x3c2
UNC_IIO_COMP_BUF_INSERTS.CMPD.PART2, 0x3c2
UNC_IIO_COMP_BUF_INSERTS.CMPD.PART3, 0x3c2
UNC_IIO_COMP_BUF_INSERTS.PORT0, 0x4c2
UNC_IIO_COMP_BUF_INSERTS.PORT1, 0x4c2
UNC_IIO_COMP_BUF_INSERTS.PORT2, 0x4c2
UNC_IIO_COMP_BUF_INSERTS.PORT3, 0x4c2
UNC_IIO_COMP_BUF_OCCUPANCY.CMPD.ALL_PARTS, 0xfd5
UNC_IIO_COMP_BUF_OCCUPANCY.CMPD.PART0, 0x1d5
UNC_IIO_COMP_BUF_OCCUPANCY.CMPD.PART1, 0x2d5
UNC_IIO_COMP_BUF_OCCUPANCY.CMPD.PART2, 0x4d5
UNC_IIO_COMP_BUF_OCCUPANCY.CMPD.PART3, 0x8d5
UNC_IIO_DATA_REQ_BY_CPU.CFG_READ.PART0, 0x40c0
UNC_IIO_DATA_REQ_BY_CPU.CFG_READ.PART1, 0x40c0
UNC_IIO_DATA_REQ_BY_CPU.CFG_READ.PART2, 0x40c0
UNC_IIO_DATA_REQ_BY_CPU.CFG_READ.PART3, 0x40c0
UNC_IIO_DATA_REQ_BY_CPU.CFG_READ.VTD0, 0x40c0
UNC_IIO_DATA_REQ_BY_CPU.CFG_READ.VTD1, 0x40c0
UNC_IIO_DATA_REQ_BY_CPU.CFG_WRITE.PART0, 0x10c0
UNC_IIO_DATA_REQ_BY_CPU.CFG_WRITE.PART1, 0x10c0
UNC_IIO_DATA_REQ_BY_CPU.CFG_WRITE.PART2, 0x10c0
UNC_IIO_DATA_REQ_BY_CPU.CFG_WRITE.PART3, 0x10c0
UNC_IIO_DATA_REQ_BY_CPU.CFG_WRITE.VTD0, 0x10c0
UNC_IIO_DATA_REQ_BY_CPU.CFG_WRITE.VTD1, 0x10c0
UNC_IIO_DATA_REQ_BY_CPU.IO_READ.PART0, 0x80c0
UNC_IIO_DATA_REQ_BY_CPU.IO_READ.PART1, 0x80c0
UNC_IIO_DATA_REQ_BY_CPU.IO_READ.PART2, 0x80c0
UNC_IIO_DATA_REQ_BY_CPU.IO_READ.PART3, 0x80c0
UNC_IIO_DATA_REQ_BY_CPU.IO_READ.VTD0, 0x80c0
UNC_IIO_DATA_REQ_BY_CPU.IO_READ.VTD1, 0x80c0
UNC_IIO_DATA_REQ_BY_CPU.IO_WRITE.PART0, 0x20c0
UNC_IIO_DATA_REQ_BY_CPU.IO_WRITE.PART1, 0x20c0
UNC_IIO_DATA_REQ_BY_CPU.IO_WRITE.PART2, 0x20c0
UNC_IIO_DATA_REQ_BY_CPU.IO_WRITE.PART3, 0x20c0
UNC_IIO_DATA_REQ_BY_CPU.IO_WRITE.VTD0, 0x20c0
UNC_IIO_DATA_REQ_BY_CPU.IO_WRITE.VTD1, 0x20c0
UNC_IIO_DATA_REQ_BY_CPU.MEM_READ.PART0, 0x4c0
UNC_IIO_DATA_REQ_BY_CPU.MEM_READ.PART1, 0x4c0
UNC_IIO_DATA_REQ_BY_CPU.MEM_READ.PART2, 0x4c0
UNC_IIO_DATA_REQ_BY_CPU.MEM_READ.PART3, 0x4c0
UNC_IIO_DATA_REQ_BY_CPU.MEM_READ.VTD0, 0x4c0
UNC_IIO_DATA_REQ_BY_CPU.MEM_READ.VTD1, 0x4c0
UNC_IIO_DATA_REQ_BY_CPU.MEM_WRITE.PART0, 0x1c0
UNC_IIO_DATA_REQ_BY_CPU.MEM_WRITE.PART1, 0x1c0
UNC_IIO_DATA_REQ_BY_CPU.MEM_WRITE.PART2, 0x1c0
UNC_IIO_DATA_REQ_BY_CPU.MEM_WRITE.PART3, 0x1c0
UNC_IIO_DATA_REQ_BY_CPU.MEM_WRITE.VTD0, 0x1c0
UNC_IIO_DATA_REQ_BY_CPU.MEM_WRITE.VTD1, 0x1c0
UNC_IIO_DATA_REQ_BY_CPU.PEER_READ.PART0, 0x8c0
UNC_IIO_DATA_REQ_BY_CPU.PEER_READ.PART1, 0x8c0
UNC_IIO_DATA_REQ_BY_CPU.PEER_READ.PART2, 0x8c0
UNC_IIO_DATA_REQ_BY_CPU.PEER_READ.PART3, 0x8c0
UNC_IIO_DATA_REQ_BY_CPU.PEER_READ.VTD0, 0x8c0
UNC_IIO_DATA_REQ_BY_CPU.PEER_READ.VTD1, 0x8c0
UNC_IIO_DATA_REQ_BY_CPU.PEER_WRITE.PART0, 0x2c0
UNC_IIO_DATA_REQ_BY_CPU.PEER_WRITE.PART1, 0x2c0
UNC_IIO_DATA_REQ_BY_CPU.PEER_WRITE.PART2, 0x2c0
UNC_IIO_DATA_REQ_BY_CPU.PEER_WRITE.PART3, 0x2c0
UNC_IIO_DATA_REQ_BY_CPU.PEER_WRITE.VTD0, 0x2c0
UNC_IIO_DATA_REQ_BY_CPU.PEER_WRITE.VTD1, 0x2c0
UNC_IIO_DATA_REQ_OF_CPU.ATOMIC.PART0, 0x1083
UNC_IIO_DATA_REQ_OF_CPU.ATOMIC.PART1, 0x1083
UNC_IIO_DATA_REQ_OF_CPU.ATOMIC.PART2, 0x1083
UNC_IIO_DATA_REQ_OF_CPU.ATOMIC.PART3, 0x1083
UNC_IIO_DATA_REQ_OF_CPU.ATOMIC.VTD0, 0x1083
UNC_IIO_DATA_REQ_OF_CPU.ATOMIC.VTD1, 0x1083
UNC_IIO_DATA_REQ_OF_CPU.ATOMICCMP.PART0, 0x2083
UNC_IIO_DATA_REQ_OF_CPU.ATOMICCMP.PART1, 0x2083
UNC_IIO_DATA_REQ_OF_CPU.ATOMICCMP.PART2, 0x2083
UNC_IIO_DATA_REQ_OF_CPU.ATOMICCMP.PART3, 0x2083
UNC_IIO_DATA_REQ_OF_CPU.MEM_READ.PART0, 0x483
UNC_IIO_DATA_REQ_OF_CPU.MEM_READ.PART1, 0x483
UNC_IIO_DATA_REQ_OF_CPU.MEM_READ.PART2, 0x483
UNC_IIO_DATA_REQ_OF_CPU.MEM_READ.PART3, 0x483
UNC_IIO_DATA_REQ_OF_CPU.MEM_READ.VTD0, 0x483
UNC_IIO_DATA_REQ_OF_CPU.MEM_READ.VTD1, 0x483
UNC_IIO_DATA_REQ_OF_CPU.MEM_WRITE.PART0, 0x183
UNC_IIO_DATA_REQ_OF_CPU.MEM_WRITE.PART1, 0x183
UNC_IIO_DATA_REQ_OF_CPU.MEM_WRITE.PART2, 0x183
UNC_IIO_DATA_REQ_OF_CPU.MEM_WRITE.PART3, 0x183
UNC_IIO_DATA_REQ_OF_CPU.MEM_WRITE.VTD0, 0x183
UNC_IIO_DATA_REQ_OF_CPU.MEM_WRITE.VTD1, 0x183
UNC_IIO_DATA_REQ_OF_CPU.MSG.PART0, 0x4083
UNC_IIO_DATA_REQ_OF_CPU.MSG.PART1, 0x4083
UNC_IIO_DATA_REQ_OF_CPU.MSG.PART2, 0x4083
UNC_IIO_DATA_REQ_OF_CPU.MSG.PART3, 0x4083
UNC_IIO_DATA_REQ_OF_CPU.MSG.VTD0, 0x4083
UNC_IIO_DATA_REQ_OF_CPU.MSG.VTD1, 0x4083
UNC_IIO_DATA_REQ_OF_CPU.PEER_READ.PART0, 0x883
UNC_IIO_DATA_REQ_OF_CPU.PEER_READ.PART1, 0x883
UNC_IIO_DATA_REQ_OF_CPU.PEER_READ.PART2, 0x883
UNC_IIO_DATA_REQ_OF_CPU.PEER_READ.PART3, 0x883
UNC_IIO_DATA_REQ_OF_CPU.PEER_READ.VTD0, 0x883
UNC_IIO_DATA_REQ_OF_CPU.PEER_READ.VTD1, 0x883
UNC_IIO_DATA_REQ_OF_CPU.PEER_WRITE.PART0, 0x283
UNC_IIO_DATA_REQ_OF_CPU.PEER_WRITE.PART1, 0x283
UNC_IIO_DATA_REQ_OF_CPU.PEER_WRITE.PART2, 0x283
UNC_IIO_DATA_REQ_OF_CPU.PEER_WRITE.PART3, 0x283
UNC_IIO_DATA_REQ_OF_CPU.PEER_WRITE.VTD0, 0x283
UNC_IIO_DATA_REQ_OF_CPU.PEER_WRITE.VTD1, 0x283
UNC_IIO_LINK_NUM_CORR_ERR, 0xf
UNC_IIO_LINK_NUM_RETRIES, 0xe
UNC_IIO_MASK_MATCH, 0x21
UNC_IIO_MASK_MATCH_AND.BUS0, 0x102
UNC_IIO_MASK_MATCH_AND.BUS0_BUS1, 0x802
UNC_IIO_MASK_MATCH_AND.BUS0_NOT_BUS1, 0x402
UNC_IIO_MASK_MATCH_AND.BUS1, 0x202
UNC_IIO_MASK_MATCH_AND.NOT_BUS0_BUS1, 0x1002
UNC_IIO_MASK_MATCH_AND.NOT_BUS0_NOT_BUS1, 0x2002
UNC_IIO_MASK_MATCH_OR.BUS0, 0x103
UNC_IIO_MASK_MATCH_OR.BUS0_BUS1, 0x803
UNC_IIO_MASK_MATCH_OR.BUS0_NOT_BUS1, 0x403
UNC_IIO_MASK_MATCH_OR.BUS1, 0x203
UNC_IIO_MASK_MATCH_OR.NOT_BUS0_BUS1, 0x1003
UNC_IIO_MASK_MATCH_OR.NOT_BUS0_NOT_BUS1, 0x2003
UNC_IIO_PAYLOAD_BYTES_IN.ATOMIC.PART0, 0x1083
UNC_IIO_PAYLOAD_BYTES_IN.ATOMIC.PART1, 0x1083
UNC_IIO_PAYLOAD_BYTES_IN.ATOMIC.PART2, 0x1083
UNC_IIO_PAYLOAD_BYTES_IN.ATOMIC.PART3, 0x1083
UNC_IIO_PAYLOAD_BYTES_IN.ATOMIC.VTD0, 0x1083
UNC_IIO_PAYLOAD_BYTES_IN.ATOMIC.VTD1, 0x1083
UNC_IIO_PAYLOAD_BYTES_IN.ATOMICCMP.PART0, 0x2083
UNC_IIO_PAYLOAD_BYTES_IN.ATOMICCMP.PART1, 0x2083
UNC_IIO_PAYLOAD_BYTES_IN.ATOMICCMP.PART2, 0x2083
UNC_IIO_PAYLOAD_BYTES_IN.ATOMICCMP.PART3, 0x2083
UNC_IIO_PAYLOAD_BYTES_IN.MEM_READ.PART0, 0x483
UNC_IIO_PAYLOAD_BYTES_IN.MEM_READ.PART1, 0x483
UNC_IIO_PAYLOAD_BYTES_IN.MEM_READ.PART2, 0x483
UNC_IIO_PAYLOAD_BYTES_IN.MEM_READ.PART3, 0x483
UNC_IIO_PAYLOAD_BYTES_IN.MEM_READ.VTD0, 0x483
UNC_IIO_PAYLOAD_BYTES_IN.MEM_READ.VTD1, 0x483
UNC_IIO_PAYLOAD_BYTES_IN.MEM_WRITE.PART0, 0x183
UNC_IIO_PAYLOAD_BYTES_IN.MEM_WRITE.PART1, 0x183
UNC_IIO_PAYLOAD_BYTES_IN.MEM_WRITE.PART2, 0x183
UNC_IIO_PAYLOAD_BYTES_IN.MEM_WRITE.PART3, 0x183
UNC_IIO_PAYLOAD_BYTES_IN.MEM_WRITE.VTD0, 0x183
UNC_IIO_PAYLOAD_BYTES_IN.MEM_WRITE.VTD1, 0x183
UNC_IIO_PAYLOAD_BYTES_IN.MSG.PART0, 0x4083
UNC_IIO_PAYLOAD_BYTES_IN.MSG.PART1, 0x4083
UNC_IIO_PAYLOAD_BYTES_IN.MSG.PART2, 0x4083
UNC_IIO_PAYLOAD_BYTES_IN.MSG.PART3, 0x4083
UNC_IIO_PAYLOAD_BYTES_IN.MSG.VTD0, 0x4083
UNC_IIO_PAYLOAD_BYTES_IN.MSG.VTD1, 0x4083
UNC_IIO_PAYLOAD_BYTES_IN.PEER_READ.PART0, 0x883
UNC_IIO_PAYLOAD_BYTES_IN.PEER_READ.PART1, 0x883
UNC_IIO_PAYLOAD_BYTES_IN.PEER_READ.PART2, 0x883
UNC_IIO_PAYLOAD_BYTES_IN.PEER_READ.PART3, 0x883
UNC_IIO_PAYLOAD_BYTES_IN.PEER_READ.VTD0, 0x883
UNC_IIO_PAYLOAD_BYTES_IN.PEER_READ.VTD1, 0x883
UNC_IIO_PAYLOAD_BYTES_IN.PEER_WRITE.PART0, 0x283
UNC_IIO_PAYLOAD_BYTES_IN.PEER_WRITE.PART1, 0x283
UNC_IIO_PAYLOAD_BYTES_IN.PEER_WRITE.PART2, 0x283
UNC_IIO_PAYLOAD_BYTES_IN.PEER_WRITE.PART3, 0x283
UNC_IIO_PAYLOAD_BYTES_IN.PEER_WRITE.VTD0, 0x283
UNC_IIO_PAYLOAD_BYTES_IN.PEER_WRITE.VTD1, 0x283
UNC_IIO_PAYLOAD_BYTES_OUT.CFG_READ.PART0, 0x40c0
UNC_IIO_PAYLOAD_BYTES_OUT.CFG_READ.PART1, 0x40c0
UNC_IIO_PAYLOAD_BYTES_OUT.CFG_READ.PART2, 0x40c0
UNC_IIO_PAYLOAD_BYTES_OUT.CFG_READ.PART3, 0x40c0
UNC_IIO_PAYLOAD_BYTES_OUT.CFG_READ.VTD0, 0x40c0
UNC_IIO_PAYLOAD_BYTES_OUT.CFG_READ.VTD1, 0x40c0
UNC_IIO_PAYLOAD_BYTES_OUT.CFG_WRITE.PART0, 0x10c0
UNC_IIO_PAYLOAD_BYTES_OUT.CFG_WRITE.PART1, 0x10c0
UNC_IIO_PAYLOAD_BYTES_OUT.CFG_WRITE.PART2, 0x10c0
UNC_IIO_PAYLOAD_BYTES_OUT.CFG_WRITE.PART3, 0x10c0
UNC_IIO_PAYLOAD_BYTES_OUT.CFG_WRITE.VTD0, 0x10c0
UNC_IIO_PAYLOAD_BYTES_OUT.CFG_WRITE.VTD1, 0x10c0
UNC_IIO_PAYLOAD_BYTES_OUT.IO_READ.PART0, 0x80c0
UNC_IIO_PAYLOAD_BYTES_OUT.IO_READ.PART1, 0x80c0
UNC_IIO_PAYLOAD_BYTES_OUT.IO_READ.PART2, 0x80c0
UNC_IIO_PAYLOAD_BYTES_OUT.IO_READ.PART3, 0x80c0
UNC_IIO_PAYLOAD_BYTES_OUT.IO_READ.VTD0, 0x80c0
UNC_IIO_PAYLOAD_BYTES_OUT.IO_READ.VTD1, 0x80c0
UNC_IIO_PAYLOAD_BYTES_OUT.IO_WRITE.PART0, 0x20c0
UNC_IIO_PAYLOAD_BYTES_OUT.IO_WRITE.PART1, 0x20c0
UNC_IIO_PAYLOAD_BYTES_OUT.IO_WRITE.PART2, 0x20c0
UNC_IIO_PAYLOAD_BYTES_OUT.IO_WRITE.PART3, 0x20c0
UNC_IIO_PAYLOAD_BYTES_OUT.IO_WRITE.VTD0, 0x20c0
UNC_IIO_PAYLOAD_BYTES_OUT.IO_WRITE.VTD1, 0x20c0
UNC_IIO_PAYLOAD_BYTES_OUT.MEM_READ.PART0, 0x4c0
UNC_IIO_PAYLOAD_BYTES_OUT.MEM_READ.PART1, 0x4c0
UNC_IIO_PAYLOAD_BYTES_OUT.MEM_READ.PART2, 0x4c0
UNC_IIO_PAYLOAD_BYTES_OUT.MEM_READ.PART3, 0x4c0
UNC_IIO_PAYLOAD_BYTES_OUT.MEM_READ.VTD0, 0x4c0
UNC_IIO_PAYLOAD_BYTES_OUT.MEM_READ.VTD1, 0x4c0
UNC_IIO_PAYLOAD_BYTES_OUT.MEM_WRITE.PART0, 0x1c0
UNC_IIO_PAYLOAD_BYTES_OUT.MEM_WRITE.PART1, 0x1c0
UNC_IIO_PAYLOAD_BYTES_OUT.MEM_WRITE.PART2, 0x1c0
UNC_IIO_PAYLOAD_BYTES_OUT.MEM_WRITE.PART3, 0x1c0
UNC_IIO_PAYLOAD_BYTES_OUT.MEM_WRITE.VTD0, 0x1c0
UNC_IIO_PAYLOAD_BYTES_OUT.MEM_WRITE.VTD1, 0x1c0
UNC_IIO_PAYLOAD_BYTES_OUT.PEER_READ.PART0, 0x8c0
UNC_IIO_PAYLOAD_BYTES_OUT.PEER_READ.PART1, 0x8c0
UNC_IIO_PAYLOAD_BYTES_OUT.PEER_READ.PART2, 0x8c0
UNC_IIO_PAYLOAD_BYTES_OUT.PEER_READ.PART3, 0x8c0
UNC_IIO_PAYLOAD_BYTES_OUT.PEER_READ.VTD0, 0x8c0
UNC_IIO_PAYLOAD_BYTES_OUT.PEER_READ.VTD1, 0x8c0
UNC_IIO_PAYLOAD_BYTES_OUT.PEER_WRITE.PART0, 0x2c0
UNC_IIO_PAYLOAD_BYTES_OUT.PEER_WRITE.PART1, 0x2c0
UNC_IIO_PAYLOAD_BYTES_OUT.PEER_WRITE.PART2, 0x2c0
UNC_IIO_PAYLOAD_BYTES_OUT.PEER_WRITE.PART3, 0x2c0
UNC_IIO_PAYLOAD_BYTES_OUT.PEER_WRITE.VTD0, 0x2c0
UNC_IIO_PAYLOAD_BYTES_OUT.PEER_WRITE.VTD1, 0x2c0
UNC_IIO_SYMBOL_TIMES, 0x82
UNC_IIO_TXN_IN.ATOMIC.PART0, 0x1084
UNC_IIO_TXN_IN.ATOMIC.PART1, 0x1084
UNC_IIO_TXN_IN.ATOMIC.PART2, 0x1084
UNC_IIO_TXN_IN.ATOMIC.PART3, 0x1084
UNC_IIO_TXN_IN.ATOMIC.VTD0, 0x1084
UNC_IIO_TXN_IN.ATOMIC.VTD1, 0x1084
UNC_IIO_TXN_IN.ATOMICCMP.PART0, 0x2084
UNC_IIO_TXN_IN.ATOMICCMP.PART1, 0x2084
UNC_IIO_TXN_IN.ATOMICCMP.PART2, 0x2084
UNC_IIO_TXN_IN.ATOMICCMP.PART3, 0x2084
UNC_IIO_TXN_IN.MEM_READ.PART0, 0x484
UNC_IIO_TXN_IN.MEM_READ.PART1, 0x484
UNC_IIO_TXN_IN.MEM_READ.PART2, 0x484
UNC_IIO_TXN_IN.MEM_READ.PART3, 0x484
UNC_IIO_TXN_IN.MEM_READ.VTD0, 0x484
UNC_IIO_TXN_IN.MEM_READ.VTD1, 0x484
UNC_IIO_TXN_IN.MEM_WRITE.PART0, 0x184
UNC_IIO_TXN_IN.MEM_WRITE.PART1, 0x184
UNC_IIO_TXN_IN.MEM_WRITE.PART2, 0x184
UNC_IIO_TXN_IN.MEM_WRITE.PART3, 0x184
UNC_IIO_TXN_IN.MEM_WRITE.VTD0, 0x184
UNC_IIO_TXN_IN.MEM_WRITE.VTD1, 0x184
UNC_IIO_TXN_IN.MSG.PART0, 0x4084
UNC_IIO_TXN_IN.MSG.PART1, 0x4084
UNC_IIO_TXN_IN.MSG.PART2, 0x4084
UNC_IIO_TXN_IN.MSG.PART3, 0x4084
UNC_IIO_TXN_IN.MSG.VTD0, 0x4084
UNC_IIO_TXN_IN.MSG.VTD1, 0x4084
UNC_IIO_TXN_IN.PEER_READ.PART0, 0x884
UNC_IIO_TXN_IN.PEER_READ.PART1, 0x884
UNC_IIO_TXN_IN.PEER_READ.PART2, 0x884
UNC_IIO_TXN_IN.PEER_READ.PART3, 0x884
UNC_IIO_TXN_IN.PEER_READ.VTD0, 0x884
UNC_IIO_TXN_IN.PEER_READ.VTD1, 0x884
UNC_IIO_TXN_IN.PEER_WRITE.PART0, 0x284
UNC_IIO_TXN_IN.PEER_WRITE.PART1, 0x284
UNC_IIO_TXN_IN.PEER_WRITE.PART2, 0x284
UNC_IIO_TXN_IN.PEER_WRITE.PART3, 0x284
UNC_IIO_TXN_IN.PEER_WRITE.VTD0, 0x284
UNC_IIO_TXN_IN.PEER_WRITE.VTD1, 0x284
UNC_IIO_TXN_OUT.CFG_READ.PART0, 0x40c1
UNC_IIO_TXN_OUT.CFG_READ.PART1, 0x40c1
UNC_IIO_TXN_OUT.CFG_READ.PART2, 0x40c1
UNC_IIO_TXN_OUT.CFG_READ.PART3, 0x40c1
UNC_IIO_TXN_OUT.CFG_READ.VTD0, 0x40c1
UNC_IIO_TXN_OUT.CFG_READ.VTD1, 0x40c1
UNC_IIO_TXN_OUT.CFG_WRITE.PART0, 0x10c1
UNC_IIO_TXN_OUT.CFG_WRITE.PART1, 0x10c1
UNC_IIO_TXN_OUT.CFG_WRITE.PART2, 0x10c1
UNC_IIO_TXN_OUT.CFG_WRITE.PART3, 0x10c1
UNC_IIO_TXN_OUT.CFG_WRITE.VTD0, 0x10c1
UNC_IIO_TXN_OUT.IO_READ.PART0, 0x80c1
UNC_IIO_TXN_OUT.IO_READ.PART1, 0x80c1
UNC_IIO_TXN_OUT.IO_READ.PART2, 0x80c1
UNC_IIO_TXN_OUT.IO_READ.PART3, 0x80c1
UNC_IIO_TXN_OUT.IO_READ.VTD0, 0x80c1
UNC_IIO_TXN_OUT.IO_READ.VTD1, 0x80c1
UNC_IIO_TXN_OUT.IO_WRITE.PART0, 0x20c1
UNC_IIO_TXN_OUT.IO_WRITE.PART1, 0x20c1
UNC_IIO_TXN_OUT.IO_WRITE.PART2, 0x20c1
UNC_IIO_TXN_OUT.IO_WRITE.PART3, 0x20c1
UNC_IIO_TXN_OUT.IO_WRITE.VTD0, 0x20c1
UNC_IIO_TXN_OUT.IO_WRITE.VTD1, 0x20c1
UNC_IIO_TXN_OUT.MEM_READ.PART0, 0x4c1
UNC_IIO_TXN_OUT.MEM_READ.PART1, 0x4c1
UNC_IIO_TXN_OUT.MEM_READ.PART2, 0x4c1
UNC_IIO_TXN_OUT.MEM_READ.PART3, 0x4c1
UNC_IIO_TXN_OUT.MEM_READ.VTD0, 0x4c1
UNC_IIO_TXN_OUT.MEM_READ.VTD1, 0x4c1
UNC_IIO_TXN_OUT.MEM_WRITE.PART0, 0x1c1
UNC_IIO_TXN_OUT.MEM_WRITE.PART1, 0x1c1
UNC_IIO_TXN_OUT.MEM_WRITE.PART2, 0x1c1
UNC_IIO_TXN_OUT.MEM_WRITE.PART3, 0x1c1
UNC_IIO_TXN_OUT.MEM_WRITE.VTD0, 0x1c1
UNC_IIO_TXN_OUT.MEM_WRITE.VTD1, 0x1c1
UNC_IIO_TXN_OUT.PEER_READ.PART0, 0x8c1
UNC_IIO_TXN_OUT.PEER_READ.PART1, 0x8c1
UNC_IIO_TXN_OUT.PEER_READ.PART2, 0x8c1
UNC_IIO_TXN_OUT.PEER_READ.PART3, 0x8c1
UNC_IIO_TXN_OUT.PEER_READ.VTD0, 0x8c1
UNC_IIO_TXN_OUT.PEER_READ.VTD1, 0x8c1
UNC_IIO_TXN_OUT.PEER_WRITE.PART0, 0x2c1
UNC_IIO_TXN_OUT.PEER_WRITE.PART1, 0x2c1
UNC_IIO_TXN_OUT.PEER_WRITE.PART2, 0x2c1
UNC_IIO_TXN_OUT.PEER_WRITE.PART3, 0x2c1
UNC_IIO_TXN_OUT.PEER_WRITE.VTD0, 0x2c1
UNC_IIO_TXN_OUT.PEER_WRITE.VTD1, 0x2c1
UNC_IIO_TXN_REQ_BY_CPU.CFG_READ.PART0, 0x40c1
UNC_IIO_TXN_REQ_BY_CPU.CFG_READ.PART1, 0x40c1
UNC_IIO_TXN_REQ_BY_CPU.CFG_READ.PART2, 0x40c1
UNC_IIO_TXN_REQ_BY_CPU.CFG_READ.PART3, 0x40c1
UNC_IIO_TXN_REQ_BY_CPU.CFG_READ.VTD0, 0x40c1
UNC_IIO_TXN_REQ_BY_CPU.CFG_READ.VTD1, 0x40c1
UNC_IIO_TXN_REQ_BY_CPU.CFG_WRITE.PART0, 0x10c1
UNC_IIO_TXN_REQ_BY_CPU.CFG_WRITE.PART1, 0x10c1
UNC_IIO_TXN_REQ_BY_CPU.CFG_WRITE.PART2, 0x10c1
UNC_IIO_TXN_REQ_BY_CPU.CFG_WRITE.PART3, 0x10c1
UNC_IIO_TXN_REQ_BY_CPU.CFG_WRITE.VTD0, 0x10c1
UNC_IIO_TXN_REQ_BY_CPU.CFG_WRITE.VTD1, 0x10c1
UNC_IIO_TXN_REQ_BY_CPU.IO_READ.PART0, 0x80c1
UNC_IIO_TXN_REQ_BY_CPU.IO_READ.PART1, 0x80c1
UNC_IIO_TXN_REQ_BY_CPU.IO_READ.PART2, 0x80c1
UNC_IIO_TXN_REQ_BY_CPU.IO_READ.PART3, 0x80c1
UNC_IIO_TXN_REQ_BY_CPU.IO_READ.VTD0, 0x80c1
UNC_IIO_TXN_REQ_BY_CPU.IO_READ.VTD1, 0x80c1
UNC_IIO_TXN_REQ_BY_CPU.IO_WRITE.PART0, 0x20c1
UNC_IIO_TXN_REQ_BY_CPU.IO_WRITE.PART1, 0x20c1
UNC_IIO_TXN_REQ_BY_CPU.IO_WRITE.PART2, 0x20c1
UNC_IIO_TXN_REQ_BY_CPU.IO_WRITE.PART3, 0x20c1
UNC_IIO_TXN_REQ_BY_CPU.IO_WRITE.VTD0, 0x20c1
UNC_IIO_TXN_REQ_BY_CPU.IO_WRITE.VTD1, 0x20c1
UNC_IIO_TXN_REQ_BY_CPU.MEM_READ.PART0, 0x4c1
UNC_IIO_TXN_REQ_BY_CPU.MEM_READ.PART1, 0x4c1
UNC_IIO_TXN_REQ_BY_CPU.MEM_READ.PART2, 0x4c1
UNC_IIO_TXN_REQ_BY_CPU.MEM_READ.PART3, 0x4c1
UNC_IIO_TXN_REQ_BY_CPU.MEM_READ.VTD0, 0x4c1
UNC_IIO_TXN_REQ_BY_CPU.MEM_READ.VTD1, 0x4c1
UNC_IIO_TXN_REQ_BY_CPU.MEM_WRITE.PART0, 0x1c1
UNC_IIO_TXN_REQ_BY_CPU.MEM_WRITE.PART1, 0x1c1
UNC_IIO_TXN_REQ_BY_CPU.MEM_WRITE.PART2, 0x1c1
UNC_IIO_TXN_REQ_BY_CPU.MEM_WRITE.PART3, 0x1c1
UNC_IIO_TXN_REQ_BY_CPU.MEM_WRITE.VTD0, 0x1c1
UNC_IIO_TXN_REQ_BY_CPU.MEM_WRITE.VTD1, 0x1c1
UNC_IIO_TXN_REQ_BY_CPU.PEER_READ.PART0, 0x8c1
UNC_IIO_TXN_REQ_BY_CPU.PEER_READ.PART1, 0x8c1
UNC_IIO_TXN_REQ_BY_CPU.PEER_READ.PART2, 0x8c1
UNC_IIO_TXN_REQ_BY_CPU.PEER_READ.PART3, 0x8c1
UNC_IIO_TXN_REQ_BY_CPU.PEER_READ.VTD0, 0x8c1
UNC_IIO_TXN_REQ_BY_CPU.PEER_READ.VTD1, 0x8c1
UNC_IIO_TXN_REQ_BY_CPU.PEER_WRITE.PART0, 0x2c1
UNC_IIO_TXN_REQ_BY_CPU.PEER_WRITE.PART1, 0x2c1
UNC_IIO_TXN_REQ_BY_CPU.PEER_WRITE.PART2, 0x2c1
UNC_IIO_TXN_REQ_BY_CPU.PEER_WRITE.PART3, 0x2c1
UNC_IIO_TXN_REQ_BY_CPU.PEER_WRITE.VTD0, 0x2c1
UNC_IIO_TXN_REQ_BY_CPU.PEER_WRITE.VTD1, 0x2c1
UNC_IIO_TXN_REQ_OF_CPU.ATOMIC.PART0, 0x1084
UNC_IIO_TXN_REQ_OF_CPU.ATOMIC.PART1, 0x1084
UNC_IIO_TXN_REQ_OF_CPU.ATOMIC.PART2, 0x1084
UNC_IIO_TXN_REQ_OF_CPU.ATOMIC.PART3, 0x1084
UNC_IIO_TXN_REQ_OF_CPU.ATOMIC.VTD0, 0x1084
UNC_IIO_TXN_REQ_OF_CPU.ATOMIC.VTD1, 0x1084
UNC_IIO_TXN_REQ_OF_CPU.ATOMICCMP.PART0, 0x2084
UNC_IIO_TXN_REQ_OF_CPU.ATOMICCMP.PART1, 0x2084
UNC_IIO_TXN_REQ_OF_CPU.ATOMICCMP.PART2, 0x2084
UNC_IIO_TXN_REQ_OF_CPU.ATOMICCMP.PART3, 0x2084
UNC_IIO_TXN_REQ_OF_CPU.MEM_READ.PART0, 0x484
UNC_IIO_TXN_REQ_OF_CPU.MEM_READ.PART1, 0x484
UNC_IIO_TXN_REQ_OF_CPU.MEM_READ.PART2, 0x484
UNC_IIO_TXN_REQ_OF_CPU.MEM_READ.PART3, 0x484
UNC_IIO_TXN_REQ_OF_CPU.MEM_READ.VTD0, 0x484
UNC_IIO_TXN_REQ_OF_CPU.MEM_READ.VTD1, 0x484
UNC_IIO_TXN_REQ_OF_CPU.MEM_WRITE.PART0, 0x184
UNC_IIO_TXN_REQ_OF_CPU.MEM_WRITE.PART1, 0x184
UNC_IIO_TXN_REQ_OF_CPU.MEM_WRITE.PART2, 0x184
UNC_IIO_TXN_REQ_OF_CPU.MEM_WRITE.PART3, 0x184
UNC_IIO_TXN_REQ_OF_CPU.MEM_WRITE.VTD0, 0x184
UNC_IIO_TXN_REQ_OF_CPU.MEM_WRITE.VTD1, 0x184
UNC_IIO_TXN_REQ_OF_CPU.MSG.PART0, 0x4084
UNC_IIO_TXN_REQ_OF_CPU.MSG.PART1, 0x4084
UNC_IIO_TXN_REQ_OF_CPU.MSG.PART2, 0x4084
UNC_IIO_TXN_REQ_OF_CPU.MSG.PART3, 0x4084
UNC_IIO_TXN_REQ_OF_CPU.MSG.VTD0, 0x4084
UNC_IIO_TXN_REQ_OF_CPU.MSG.VTD1, 0x4084
UNC_IIO_TXN_REQ_OF_CPU.PEER_READ.PART0, 0x884
UNC_IIO_TXN_REQ_OF_CPU.PEER_READ.PART1, 0x884
UNC_IIO_TXN_REQ_OF_CPU.PEER_READ.PART2, 0x884
UNC_IIO_TXN_REQ_OF_CPU.PEER_READ.PART3, 0x884
UNC_IIO_TXN_REQ_OF_CPU.PEER_READ.VTD0, 0x884
UNC_IIO_TXN_REQ_OF_CPU.PEER_READ.VTD1, 0x884
UNC_IIO_TXN_REQ_OF_CPU.PEER_WRITE.PART0, 0x284
UNC_IIO_TXN_REQ_OF_CPU.PEER_WRITE.PART1, 0x284
UNC_IIO_TXN_REQ_OF_CPU.PEER_WRITE.PART2, 0x284
UNC_IIO_TXN_REQ_OF_CPU.PEER_WRITE.PART3, 0x284
UNC_IIO_TXN_REQ_OF_CPU.PEER_WRITE.VTD0, 0x284
UNC_IIO_TXN_REQ_OF_CPU.PEER_WRITE.VTD1, 0x284
UNC_IIO_VTD_ACCESS.CTXT_MISS, 0x241
UNC_IIO_VTD_ACCESS.L1_MISS, 0x441
UNC_IIO_VTD_ACCESS.L2_MISS, 0x841
UNC_IIO_VTD_ACCESS.L3_MISS, 0x1041
UNC_IIO_VTD_ACCESS.L4_PAGE_HIT, 0x141
UNC_IIO_VTD_ACCESS.TLB1_MISS, 0x8041
UNC_IIO_VTD_ACCESS.TLB_FULL, 0x4041
UNC_IIO_VTD_ACCESS.TLB_MISS, 0x2041
UNC_IIO_VTD_OCCUPANCY, 0x40
CORE_SNOOP_RESPONSE.RSP_IFWDFE, 0x20ef
CORE_SNOOP_RESPONSE.RSP_IFWDM, 0x10ef
CORE_SNOOP_RESPONSE.RSP_IHITFSE, 0x2ef
CORE_SNOOP_RESPONSE.RSP_IHITI, 0x1ef
CORE_SNOOP_RESPONSE.RSP_SFWDFE, 0x40ef
CORE_SNOOP_RESPONSE.RSP_SFWDM, 0x8ef
CORE_SNOOP_RESPONSE.RSP_SHITFSE, 0x4ef
IDI_MISC.WB_DOWNGRADE, 0x4fe
IDI_MISC.WB_UPGRADE, 0x2fe
L1D.REPLACEMENT, 0x151
L1D_PEND_MISS.FB_FULL, 0x248
L1D_PEND_MISS.PENDING, 0x148
L1D_PEND_MISS.PENDING_CYCLES, 0x148
L1D_PEND_MISS.PENDING_CYCLES_ANY, 0x148
L2_LINES_IN.ALL, 0x1ff1
L2_LINES_OUT.NON_SILENT, 0x2f2
L2_LINES_OUT.SILENT, 0x1f2
L2_LINES_OUT.USELESS_HWPF, 0x4f2
L2_LINES_OUT.USELESS_PREF, 0x4f2
L2_RQSTS.ALL_CODE_RD, 0xe424
L2_RQSTS.ALL_DEMAND_DATA_RD, 0xe124
L2_RQSTS.ALL_DEMAND_MISS, 0x2724
L2_RQSTS.ALL_DEMAND_REFERENCES, 0xe724
L2_RQSTS.ALL_PF, 0xf824
L2_RQSTS.ALL_RFO, 0xe224
L2_RQSTS.CODE_RD_HIT, 0xc424
L2_RQSTS.CODE_RD_MISS, 0x2424
L2_RQSTS.DEMAND_DATA_RD_HIT, 0xc124
L2_RQSTS.DEMAND_DATA_RD_MISS, 0x2124
L2_RQSTS.MISS, 0x3f24
L2_RQSTS.PF_HIT, 0xd824
L2_RQSTS.PF_MISS, 0x3824
L2_RQSTS.REFERENCES, 0xff24
L2_RQSTS.RFO_HIT, 0xc224
L2_RQSTS.RFO_MISS, 0x2224
L2_TRANS.L2_WB, 0x40f0
LONGEST_LAT_CACHE.MISS, 0x412e
LONGEST_LAT_CACHE.REFERENCE, 0x4f2e
MEM_INST_RETIRED.ALL_LOADS, 0x81d0
MEM_INST_RETIRED.ALL_STORES, 0x82d0
MEM_INST_RETIRED.ANY, 0x83d0
MEM_INST_RETIRED.LOCK_LOADS, 0x21d0
MEM_INST_RETIRED.SPLIT_LOADS, 0x41d0
MEM_INST_RETIRED.SPLIT_STORES, 0x42d0
MEM_INST_RETIRED.STLB_MISS_LOADS, 0x11d0
MEM_INST_RETIRED.STLB_MISS_STORES, 0x12d0
MEM_LOAD_L3_HIT_RETIRED.XSNP_HIT, 0x2d2
MEM_LOAD_L3_HIT_RETIRED.XSNP_HITM, 0x4d2
MEM_LOAD_L3_HIT_RETIRED.XSNP_MISS, 0x1d2
MEM_LOAD_L3_HIT_RETIRED.XSNP_NONE, 0x8d2
MEM_LOAD_L3_MISS_RETIRED.LOCAL_DRAM, 0x1d3
MEM_LOAD_L3_MISS_RETIRED.REMOTE_DRAM, 0x2d3
MEM_LOAD_L3_MISS_RETIRED.REMOTE_FWD, 0x8d3
MEM_LOAD_L3_MISS_RETIRED.REMOTE_HITM, 0x4d3
MEM_LOAD_MISC_RETIRED.UC, 0x4d4
MEM_LOAD_RETIRED.FB_HIT, 0x40d1
MEM_LOAD_RETIRED.L1_HIT, 0x1d1
MEM_LOAD_RETIRED.L1_MISS, 0x8d1
MEM_LOAD_RETIRED.L2_HIT, 0x2d1
MEM_LOAD_RETIRED.L2_MISS, 0x10d1
MEM_LOAD_RETIRED.L3_HIT, 0x4d1
MEM_LOAD_RETIRED.L3_MISS, 0x20d1
OFFCORE_REQUESTS.ALL_DATA_RD, 0x8b0
OFFCORE_REQUESTS.ALL_REQUESTS, 0x80b0
OFFCORE_REQUESTS.DEMAND_CODE_RD, 0x2b0
OFFCORE_REQUESTS.DEMAND_DATA_RD, 0x1b0
OFFCORE_REQUESTS.DEMAND_RFO, 0x4b0
OFFCORE_REQUESTS_BUFFER.SQ_FULL, 0x1b2
OFFCORE_REQUESTS_OUTSTANDING.ALL_DATA_RD, 0x860
OFFCORE_REQUESTS_OUTSTANDING.CYCLES_WITH_DATA_RD, 0x860
OFFCORE_REQUESTS_OUTSTANDING.CYCLES_WITH_DEMAND_CODE_RD, 0x260
OFFCORE_REQUESTS_OUTSTANDING.CYCLES_WITH_DEMAND_DATA_RD, 0x160
OFFCORE_REQUESTS_OUTSTANDING.CYCLES_WITH_DEMAND_RFO, 0x460
OFFCORE_REQUESTS_OUTSTANDING.DEMAND_CODE_RD, 0x260
OFFCORE_REQUESTS_OUTSTANDING.DEMAND_DATA_RD, 0x160
OFFCORE_REQUESTS_OUTSTANDING.DEMAND_DATA_RD_GE_6, 0x160
OFFCORE_REQUESTS_OUTSTANDING.DEMAND_RFO, 0x460
SQ_MISC.SPLIT_LOCK, 0x10f4
SW_PREFETCH_ACCESS.ANY, 0xf32
SW_PREFETCH_ACCESS.NTA, 0x132
SW_PREFETCH_ACCESS.PREFETCHW, 0x832
SW_PREFETCH_ACCESS.T0, 0x232
SW_PREFETCH_ACCESS.T1_T2, 0x432
LLC_MISSES.MEM_READ, 0x304
LLC_MISSES.MEM_WRITE, 0xc04
UNC_M_ACT_COUNT.BYP, 0x801
UNC_M_ACT_COUNT.RD, 0x101
UNC_M_ACT_COUNT.WR, 0x201
UNC_M_BYP_CMDS.ACT, 0x1a1
UNC_M_BYP_CMDS.CAS, 0x2a1
UNC_M_BYP_CMDS.PRE, 0x4a1
UNC_M_CAS_COUNT.ALL, 0xf04
UNC_M_CAS_COUNT.RD, 0x304
UNC_M_CAS_COUNT.RD_ISOCH, 0x4004
UNC_M_CAS_COUNT.RD_REG, 0x104
UNC_M_CAS_COUNT.RD_RMM, 0x2004
UNC_M_CAS_COUNT.RD_UNDERFILL, 0x204
UNC_M_CAS_COUNT.RD_WMM, 0x1004
UNC_M_CAS_COUNT.WR, 0xc04
UNC_M_CAS_COUNT.WR_ISOCH, 0x8004
UNC_M_CAS_COUNT.WR_RMM, 0x804
UNC_M_CAS_COUNT.WR_WMM, 0x404
UNC_M_CLOCKTICKS_F, 0xff
UNC_M_DRAM_PRE_ALL, 0x6
UNC_M_DRAM_REFRESH.HIGH, 0x405
UNC_M_DRAM_REFRESH.PANIC, 0x205
UNC_M_ECC_CORRECTABLE_ERRORS, 0x9
UNC_M_MAJOR_MODES.ISOCH, 0x807
UNC_M_MAJOR_MODES.PARTIAL, 0x407
UNC_M_MAJOR_MODES.READ, 0x107
UNC_M_MAJOR_MODES.WRITE, 0x207
UNC_M_POWER_CHANNEL_DLLOFF, 0x84
UNC_M_POWER_CHANNEL_PPD, 0x85
UNC_M_POWER_CKE_CYCLES.RANK0, 0x183
UNC_M_POWER_CKE_CYCLES.RANK1, 0x283
UNC_M_POWER_CKE_CYCLES.RANK2, 0x483
UNC_M_POWER_CKE_CYCLES.RANK3, 0x883
UNC_M_POWER_CKE_CYCLES.RANK4, 0x1083
UNC_M_POWER_CKE_CYCLES.RANK5, 0x2083
UNC_M_POWER_CKE_CYCLES.RANK6, 0x4083
UNC_M_POWER_CKE_CYCLES.RANK7, 0x8083
UNC_M_POWER_CRITICAL_THROTTLE_CYCLES, 0x86
UNC_M_POWER_PCU_THROTTLING, 0x42
UNC_M_POWER_SELF_REFRESH, 0x43
UNC_M_POWER_THROTTLE_CYCLES.RANK0, 0x141
UNC_M_POWER_THROTTLE_CYCLES.RANK1, 0x241
UNC_M_POWER_THROTTLE_CYCLES.RANK2, 0x441
UNC_M_POWER_THROTTLE_CYCLES.RANK3, 0x841
UNC_M_POWER_THROTTLE_CYCLES.RANK4, 0x1041
UNC_M_POWER_THROTTLE_CYCLES.RANK5, 0x2041
UNC_M_POWER_THROTTLE_CYCLES.RANK6, 0x4041
UNC_M_POWER_THROTTLE_CYCLES.RANK7, 0x8041
UNC_M_PREEMPTION.RD_PREEMPT_RD, 0x108
UNC_M_PREEMPTION.RD_PREEMPT_WR, 0x208
UNC_M_PRE_COUNT.BYP, 0x1002
UNC_M_PRE_COUNT.PAGE_CLOSE, 0x202
UNC_M_PRE_COUNT.PAGE_MISS, 0x102
UNC_M_PRE_COUNT.RD, 0x402
UNC_M_PRE_COUNT.WR, 0x802
UNC_M_RD_CAS_PRIO.HIGH, 0x4a0
UNC_M_RD_CAS_PRIO.LOW, 0x1a0
UNC_M_RD_CAS_PRIO.MED, 0x2a0
UNC_M_RD_CAS_PRIO.PANIC, 0x8a0
UNC_M_RD_CAS_RANK0.ALLBANKS, 0x10b0
UNC_M_RD_CAS_RANK0.BANK0, 0xb0
UNC_M_RD_CAS_RANK0.BANK1, 0x1b0
UNC_M_RD_CAS_RANK0.BANK10, 0xab0
UNC_M_RD_CAS_RANK0.BANK11, 0xbb0
UNC_M_RD_CAS_RANK0.BANK12, 0xcb0
UNC_M_RD_CAS_RANK0.BANK13, 0xdb0
UNC_M_RD_CAS_RANK0.BANK14, 0xeb0
UNC_M_RD_CAS_RANK0.BANK15, 0xfb0
UNC_M_RD_CAS_RANK0.BANK2, 0x2b0
UNC_M_RD_CAS_RANK0.BANK3, 0x3b0
UNC_M_RD_CAS_RANK0.BANK4, 0x4b0
UNC_M_RD_CAS_RANK0.BANK5, 0x5b0
UNC_M_RD_CAS_RANK0.BANK6, 0x6b0
UNC_M_RD_CAS_RANK0.BANK7, 0x7b0
UNC_M_RD_CAS_RANK0.BANK8, 0x8b0
UNC_M_RD_CAS_RANK0.BANK9, 0x9b0
UNC_M_RD_CAS_RANK0.BANKG0, 0x11b0
UNC_M_RD_CAS_RANK0.BANKG1, 0x12b0
UNC_M_RD_CAS_RANK0.BANKG2, 0x13b0
UNC_M_RD_CAS_RANK0.BANKG3, 0x14b0
UNC_M_RD_CAS_RANK1.ALLBANKS, 0x10b1
UNC_M_RD_CAS_RANK1.BANK0, 0xb1
UNC_M_RD_CAS_RANK1.BANK1, 0x1b1
UNC_M_RD_CAS_RANK1.BANK10, 0xab1
UNC_M_RD_CAS_RANK1.BANK11, 0xbb1
UNC_M_RD_CAS_RANK1.BANK12, 0xcb1
UNC_M_RD_CAS_RANK1.BANK13, 0xdb1
UNC_M_RD_CAS_RANK1.BANK14, 0xeb1
UNC_M_RD_CAS_RANK1.BANK15, 0xfb1
UNC_M_RD_CAS_RANK1.BANK2, 0x2b1
UNC_M_RD_CAS_RANK1.BANK3, 0x3b1
UNC_M_RD_CAS_RANK1.BANK4, 0x4b1
UNC_M_RD_CAS_RANK1.BANK5, 0x5b1
UNC_M_RD_CAS_RANK1.BANK6, 0x6b1
UNC_M_RD_CAS_RANK1.BANK7, 0x7b1
UNC_M_RD_CAS_RANK1.BANK8, 0x8b1
UNC_M_RD_CAS_RANK1.BANK9, 0x9b1
UNC_M_RD_CAS_RANK1.BANKG0, 0x11b1
UNC_M_RD_CAS_RANK1.BANKG1, 0x12b1
UNC_M_RD_CAS_RANK1.BANKG2, 0x13b1
UNC_M_RD_CAS_RANK1.BANKG3, 0x14b1
UNC_M_RD_CAS_RANK2.ALLBANKS, 0x10b2
UNC_M_RD_CAS_RANK2.BANK0, 0xb2
UNC_M_RD_CAS_RANK2.BANK1, 0x1b2
UNC_M_RD_CAS_RANK2.BANK10, 0xab2
UNC_M_RD_CAS_RANK2.BANK11, 0xbb2
UNC_M_RD_CAS_RANK2.BANK12, 0xcb2
UNC_M_RD_CAS_RANK2.BANK13, 0xdb2
UNC_M_RD_CAS_RANK2.BANK14, 0xeb2
UNC_M_RD_CAS_RANK2.BANK15, 0xfb2
UNC_M_RD_CAS_RANK2.BANK2, 0x2b2
UNC_M_RD_CAS_RANK2.BANK3, 0x3b2
UNC_M_RD_CAS_RANK2.BANK4, 0x4b2
UNC_M_RD_CAS_RANK2.BANK5, 0x5b2
UNC_M_RD_CAS_RANK2.BANK6, 0x6b2
UNC_M_RD_CAS_RANK2.BANK7, 0x7b2
UNC_M_RD_CAS_RANK2.BANK8, 0x8b2
UNC_M_RD_CAS_RANK2.BANK9, 0x9b2
UNC_M_RD_CAS_RANK2.BANKG0, 0x11b2
UNC_M_RD_CAS_RANK2.BANKG1, 0x12b2
UNC_M_RD_CAS_RANK2.BANKG2, 0x13b2
UNC_M_RD_CAS_RANK2.BANKG3, 0x14b2
UNC_M_RD_CAS_RANK3.ALLBANKS, 0x10b3
UNC_M_RD_CAS_RANK3.BANK0, 0xb3
UNC_M_RD_CAS_RANK3.BANK1, 0x1b3
UNC_M_RD_CAS_RANK3.BANK10, 0xab3
UNC_M_RD_CAS_RANK3.BANK11, 0xbb3
UNC_M_RD_CAS_RANK3.BANK12, 0xcb3
UNC_M_RD_CAS_RANK3.BANK13, 0xdb3
UNC_M_RD_CAS_RANK3.BANK14, 0xeb3
UNC_M_RD_CAS_RANK3.BANK15, 0xfb3
UNC_M_RD_CAS_RANK3.BANK2, 0x2b3
UNC_M_RD_CAS_RANK3.BANK3, 0x3b3
UNC_M_RD_CAS_RANK3.BANK4, 0x4b3
UNC_M_RD_CAS_RANK3.BANK5, 0x5b3
UNC_M_RD_CAS_RANK3.BANK6, 0x6b3
UNC_M_RD_CAS_RANK3.BANK7, 0x7b3
UNC_M_RD_CAS_RANK3.BANK8, 0x8b3
UNC_M_RD_CAS_RANK3.BANK9, 0x9b3
UNC_M_RD_CAS_RANK3.BANKG0, 0x11b3
UNC_M_RD_CAS_RANK3.BANKG1, 0x12b3
UNC_M_RD_CAS_RANK3.BANKG2, 0x13b3
UNC_M_RD_CAS_RANK3.BANKG3, 0x14b3
UNC_M_RD_CAS_RANK4.ALLBANKS, 0x10b4
UNC_M_RD_CAS_RANK4.BANK0, 0xb4
UNC_M_RD_CAS_RANK4.BANK1, 0x1b4
UNC_M_RD_CAS_RANK4.BANK10, 0xab4
UNC_M_RD_CAS_RANK4.BANK11, 0xbb4
UNC_M_RD_CAS_RANK4.BANK12, 0xcb4
UNC_M_RD_CAS_RANK4.BANK13, 0xdb4
UNC_M_RD_CAS_RANK4.BANK14, 0xeb4
UNC_M_RD_CAS_RANK4.BANK15, 0xfb4
UNC_M_RD_CAS_RANK4.BANK2, 0x2b4
UNC_M_RD_CAS_RANK4.BANK3, 0x3b4
UNC_M_RD_CAS_RANK4.BANK4, 0x4b4
UNC_M_RD_CAS_RANK4.BANK5, 0x5b4
UNC_M_RD_CAS_RANK4.BANK6, 0x6b4
UNC_M_RD_CAS_RANK4.BANK7, 0x7b4
UNC_M_RD_CAS_RANK4.BANK8, 0x8b4
UNC_M_RD_CAS_RANK4.BANK9, 0x9b4
UNC_M_RD_CAS_RANK4.BANKG0, 0x11b4
UNC_M_RD_CAS_RANK4.BANKG1, 0x12b4
UNC_M_RD_CAS_RANK4.BANKG2, 0x13b4
UNC_M_RD_CAS_RANK4.BANKG3, 0x14b4
UNC_M_RD_CAS_RANK5.ALLBANKS, 0x10b5
UNC_M_RD_CAS_RANK5.BANK0, 0xb5
UNC_M_RD_CAS_RANK5.BANK1, 0x1b5
UNC_M_RD_CAS_RANK5.BANK10, 0xab5
UNC_M_RD_CAS_RANK5.BANK11, 0xbb5
UNC_M_RD_CAS_RANK5.BANK12, 0xcb5
UNC_M_RD_CAS_RANK5.BANK13, 0xdb5
UNC_M_RD_CAS_RANK5.BANK14, 0xeb5
UNC_M_RD_CAS_RANK5.BANK15, 0xfb5
UNC_M_RD_CAS_RANK5.BANK2, 0x2b5
UNC_M_RD_CAS_RANK5.BANK3, 0x3b5
UNC_M_RD_CAS_RANK5.BANK4, 0x4b5
UNC_M_RD_CAS_RANK5.BANK5, 0x5b5
UNC_M_RD_CAS_RANK5.BANK6, 0x6b5
UNC_M_RD_CAS_RANK5.BANK7, 0x7b5
UNC_M_RD_CAS_RANK5.BANK8, 0x8b5
UNC_M_RD_CAS_RANK5.BANK9, 0x9b5
UNC_M_RD_CAS_RANK5.BANKG0, 0x11b5
UNC_M_RD_CAS_RANK5.BANKG1, 0x12b5
UNC_M_RD_CAS_RANK5.BANKG2, 0x13b5
UNC_M_RD_CAS_RANK5.BANKG3, 0x14b5
UNC_M_RD_CAS_RANK6.ALLBANKS, 0x10b6
UNC_M_RD_CAS_RANK6.BANK0, 0xb6
UNC_M_RD_CAS_RANK6.BANK1, 0x1b6
UNC_M_RD_CAS_RANK6.BANK10, 0xab6
UNC_M_RD_CAS_RANK6.BANK11, 0xbb6
UNC_M_RD_CAS_RANK6.BANK12, 0xcb6
UNC_M_RD_CAS_RANK6.BANK13, 0xdb6
UNC_M_RD_CAS_RANK6.BANK14, 0xeb6
UNC_M_RD_CAS_RANK6.BANK15, 0xfb6
UNC_M_RD_CAS_RANK6.BANK2, 0x2b6
UNC_M_RD_CAS_RANK6.BANK3, 0x3b6
UNC_M_RD_CAS_RANK6.BANK4, 0x4b6
UNC_M_RD_CAS_RANK6.BANK5, 0x5b6
UNC_M_RD_CAS_RANK6.BANK6, 0x6b6
UNC_M_RD_CAS_RANK6.BANK7, 0x7b6
UNC_M_RD_CAS_RANK6.BANK8, 0x8b6
UNC_M_RD_CAS_RANK6.BANK9, 0x9b6
UNC_M_RD_CAS_RANK6.BANKG0, 0x11b6
UNC_M_RD_CAS_RANK6.BANKG1, 0x12b6
UNC_M_RD_CAS_RANK6.BANKG2, 0x13b6
UNC_M_RD_CAS_RANK6.BANKG3, 0x14b6
UNC_M_RD_CAS_RANK7.ALLBANKS, 0x10b7
UNC_M_RD_CAS_RANK7.BANK0, 0xb7
UNC_M_RD_CAS_RANK7.BANK1, 0x1b7
UNC_M_RD_CAS_RANK7.BANK10, 0xab7
UNC_M_RD_CAS_RANK7.BANK11, 0xbb7
UNC_M_RD_CAS_RANK7.BANK12, 0xcb7
UNC_M_RD_CAS_RANK7.BANK13, 0xdb7
UNC_M_RD_CAS_RANK7.BANK14, 0xeb7
UNC_M_RD_CAS_RANK7.BANK15, 0xfb7
UNC_M_RD_CAS_RANK7.BANK2, 0x2b7
UNC_M_RD_CAS_RANK7.BANK3, 0x3b7
UNC_M_RD_CAS_RANK7.BANK4, 0x4b7
UNC_M_RD_CAS_RANK7.BANK5, 0x5b7
UNC_M_RD_CAS_RANK7.BANK6, 0x6b7
UNC_M_RD_CAS_RANK7.BANK7, 0x7b7
UNC_M_RD_CAS_RANK7.BANK8, 0x8b7
UNC_M_RD_CAS_RANK7.BANK9, 0x9b7
UNC_M_RD_CAS_RANK7.BANKG0, 0x11b7
UNC_M_RD_CAS_RANK7.BANKG1, 0x12b7
UNC_M_RD_CAS_RANK7.BANKG2, 0x13b7
UNC_M_RD_CAS_RANK7.BANKG3, 0x14b7
UNC_M_RPQ_CYCLES_FULL, 0x12
UNC_M_RPQ_CYCLES_NE, 0x11
UNC_M_RPQ_INSERTS, 0x10
UNC_M_RPQ_OCCUPANCY, 0x80
UNC_M_WMM_TO_RMM.LOW_THRESH, 0x1c0
UNC_M_WMM_TO_RMM.STARVE, 0x2c0
UNC_M_WMM_TO_RMM.VMSE_RETRY, 0x4c0
UNC_M_WPQ_CYCLES_FULL, 0x22
UNC_M_WPQ_CYCLES_NE, 0x21
UNC_M_WPQ_INSERTS, 0x20
UNC_M_WPQ_OCCUPANCY, 0x81
UNC_M_WPQ_READ_HIT, 0x23
UNC_M_WPQ_WRITE_HIT, 0x24
UNC_M_WRONG_MM, 0xc1
UNC_M_WR_CAS_RANK0.ALLBANKS, 0x10b8
UNC_M_WR_CAS_RANK0.BANK0, 0xb8
UNC_M_WR_CAS_RANK0.BANK1, 0x1b8
UNC_M_WR_CAS_RANK0.BANK10, 0xab8
UNC_M_WR_CAS_RANK0.BANK11, 0xbb8
UNC_M_WR_CAS_RANK0.BANK12, 0xcb8
UNC_M_WR_CAS_RANK0.BANK13, 0xdb8
UNC_M_WR_CAS_RANK0.BANK14, 0xeb8
UNC_M_WR_CAS_RANK0.BANK15, 0xfb8
UNC_M_WR_CAS_RANK0.BANK2, 0x2b8
UNC_M_WR_CAS_RANK0.BANK3, 0x3b8
UNC_M_WR_CAS_RANK0.BANK4, 0x4b8
UNC_M_WR_CAS_RANK0.BANK5, 0x5b8
UNC_M_WR_CAS_RANK0.BANK6, 0x6b8
UNC_M_WR_CAS_RANK0.BANK7, 0x7b8
UNC_M_WR_CAS_RANK0.BANK8, 0x8b8
UNC_M_WR_CAS_RANK0.BANK9, 0x9b8
UNC_M_WR_CAS_RANK0.BANKG0, 0x11b8
UNC_M_WR_CAS_RANK0.BANKG1, 0x12b8
UNC_M_WR_CAS_RANK0.BANKG2, 0x13b8
UNC_M_WR_CAS_RANK0.BANKG3, 0x14b8
UNC_M_WR_CAS_RANK1.ALLBANKS, 0x10b9
UNC_M_WR_CAS_RANK1.BANK0, 0xb9
UNC_M_WR_CAS_RANK1.BANK1, 0x1b9
UNC_M_WR_CAS_RANK1.BANK10, 0xab9
UNC_M_WR_CAS_RANK1.BANK11, 0xbb9
UNC_M_WR_CAS_RANK1.BANK12, 0xcb9
UNC_M_WR_CAS_RANK1.BANK13, 0xdb9
UNC_M_WR_CAS_RANK1.BANK14, 0xeb9
UNC_M_WR_CAS_RANK1.BANK15, 0xfb9
UNC_M_WR_CAS_RANK1.BANK2, 0x2b9
UNC_M_WR_CAS_RANK1.BANK3, 0x3b9
UNC_M_WR_CAS_RANK1.BANK4, 0x4b9
UNC_M_WR_CAS_RANK1.BANK5, 0x5b9
UNC_M_WR_CAS_RANK1.BANK6, 0x6b9
UNC_M_WR_CAS_RANK1.BANK7, 0x7b9
UNC_M_WR_CAS_RANK1.BANK8, 0x8b9
UNC_M_WR_CAS_RANK1.BANK9, 0x9b9
UNC_M_WR_CAS_RANK1.BANKG0, 0x11b9
UNC_M_WR_CAS_RANK1.BANKG1, 0x12b9
UNC_M_WR_CAS_RANK1.BANKG2, 0x13b9
UNC_M_WR_CAS_RANK1.BANKG3, 0x14b9
UNC_M_WR_CAS_RANK2.ALLBANKS, 0x10ba
UNC_M_WR_CAS_RANK2.BANK0, 0xba
UNC_M_WR_CAS_RANK2.BANK1, 0x1ba
UNC_M_WR_CAS_RANK2.BANK10, 0xaba
UNC_M_WR_CAS_RANK2.BANK11, 0xbba
UNC_M_WR_CAS_RANK2.BANK12, 0xcba
UNC_M_WR_CAS_RANK2.BANK13, 0xdba
UNC_M_WR_CAS_RANK2.BANK14, 0xeba
UNC_M_WR_CAS_RANK2.BANK15, 0xfba
UNC_M_WR_CAS_RANK2.BANK2, 0x2ba
UNC_M_WR_CAS_RANK2.BANK3, 0x3ba
UNC_M_WR_CAS_RANK2.BANK4, 0x4ba
UNC_M_WR_CAS_RANK2.BANK5, 0x5ba
UNC_M_WR_CAS_RANK2.BANK6, 0x6ba
UNC_M_WR_CAS_RANK2.BANK7, 0x7ba
UNC_M_WR_CAS_RANK2.BANK8, 0x8ba
UNC_M_WR_CAS_RANK2.BANK9, 0x9ba
UNC_M_WR_CAS_RANK2.BANKG0, 0x11ba
UNC_M_WR_CAS_RANK2.BANKG1, 0x12ba
UNC_M_WR_CAS_RANK2.BANKG2, 0x13ba
UNC_M_WR_CAS_RANK2.BANKG3, 0x14ba
UNC_M_WR_CAS_RANK3.ALLBANKS, 0x10bb
UNC_M_WR_CAS_RANK3.BANK0, 0xbb
UNC_M_WR_CAS_RANK3.BANK1, 0x1bb
UNC_M_WR_CAS_RANK3.BANK10, 0xabb
UNC_M_WR_CAS_RANK3.BANK11, 0xbbb
UNC_M_WR_CAS_RANK3.BANK12, 0xcbb
UNC_M_WR_CAS_RANK3.BANK13, 0xdbb
UNC_M_WR_CAS_RANK3.BANK14, 0xebb
UNC_M_WR_CAS_RANK3.BANK15, 0xfbb
UNC_M_WR_CAS_RANK3.BANK2, 0x2bb
UNC_M_WR_CAS_RANK3.BANK3, 0x3bb
UNC_M_WR_CAS_RANK3.BANK4, 0x4bb
UNC_M_WR_CAS_RANK3.BANK5, 0x5bb
UNC_M_WR_CAS_RANK3.BANK6, 0x6bb
UNC_M_WR_CAS_RANK3.BANK7, 0x7bb
UNC_M_WR_CAS_RANK3.BANK8, 0x8bb
UNC_M_WR_CAS_RANK3.BANK9, 0x9bb
UNC_M_WR_CAS_RANK3.BANKG0, 0x11bb
UNC_M_WR_CAS_RANK3.BANKG1, 0x12bb
UNC_M_WR_CAS_RANK3.BANKG2, 0x13bb
UNC_M_WR_CAS_RANK3.BANKG3, 0x14bb
UNC_M_WR_CAS_RANK4.ALLBANKS, 0x10bc
UNC_M_WR_CAS_RANK4.BANK0, 0xbc
UNC_M_WR_CAS_RANK4.BANK1, 0x1bc
UNC_M_WR_CAS_RANK4.BANK10, 0xabc
UNC_M_WR_CAS_RANK4.BANK11, 0xbbc
UNC_M_WR_CAS_RANK4.BANK12, 0xcbc
UNC_M_WR_CAS_RANK4.BANK13, 0xdbc
UNC_M_WR_CAS_RANK4.BANK14, 0xebc
UNC_M_WR_CAS_RANK4.BANK15, 0xfbc
UNC_M_WR_CAS_RANK4.BANK2, 0x2bc
UNC_M_WR_CAS_RANK4.BANK3, 0x3bc
UNC_M_WR_CAS_RANK4.BANK4, 0x4bc
UNC_M_WR_CAS_RANK4.BANK5, 0x5bc
UNC_M_WR_CAS_RANK4.BANK6, 0x6bc
UNC_M_WR_CAS_RANK4.BANK7, 0x7bc
UNC_M_WR_CAS_RANK4.BANK8, 0x8bc
UNC_M_WR_CAS_RANK4.BANK9, 0x9bc
UNC_M_WR_CAS_RANK4.BANKG0, 0x11bc
UNC_M_WR_CAS_RANK4.BANKG1, 0x12bc
UNC_M_WR_CAS_RANK4.BANKG2, 0x13bc
UNC_M_WR_CAS_RANK4.BANKG3, 0x14bc
UNC_M_WR_CAS_RANK5.ALLBANKS, 0x10bd
UNC_M_WR_CAS_RANK5.BANK0, 0xbd
UNC_M_WR_CAS_RANK5.BANK1, 0x1bd
UNC_M_WR_CAS_RANK5.BANK10, 0xabd
UNC_M_WR_CAS_RANK5.BANK11, 0xbbd
UNC_M_WR_CAS_RANK5.BANK12, 0xcbd
UNC_M_WR_CAS_RANK5.BANK13, 0xdbd
UNC_M_WR_CAS_RANK5.BANK14, 0xebd
UNC_M_WR_CAS_RANK5.BANK15, 0xfbd
UNC_M_WR_CAS_RANK5.BANK2, 0x2bd
UNC_M_WR_CAS_RANK5.BANK3, 0x3bd
UNC_M_WR_CAS_RANK5.BANK4, 0x4bd
UNC_M_WR_CAS_RANK5.BANK5, 0x5bd
UNC_M_WR_CAS_RANK5.BANK6, 0x6bd
UNC_M_WR_CAS_RANK5.BANK7, 0x7bd
UNC_M_WR_CAS_RANK5.BANK8, 0x8bd
UNC_M_WR_CAS_RANK5.BANK9, 0x9bd
UNC_M_WR_CAS_RANK5.BANKG0, 0x11bd
UNC_M_WR_CAS_RANK5.BANKG1, 0x12bd
UNC_M_WR_CAS_RANK5.BANKG2, 0x13bd
UNC_M_WR_CAS_RANK5.BANKG3, 0x14bd
UNC_M_WR_CAS_RANK6.ALLBANKS, 0x10be
UNC_M_WR_CAS_RANK6.BANK0, 0xbe
UNC_M_WR_CAS_RANK6.BANK1, 0x1be
UNC_M_WR_CAS_RANK6.BANK10, 0xabe
UNC_M_WR_CAS_RANK6.BANK11, 0xbbe
UNC_M_WR_CAS_RANK6.BANK12, 0xcbe
UNC_M_WR_CAS_RANK6.BANK13, 0xdbe
UNC_M_WR_CAS_RANK6.BANK14, 0xebe
UNC_M_WR_CAS_RANK6.BANK15, 0xfbe
UNC_M_WR_CAS_RANK6.BANK2, 0x2be
UNC_M_WR_CAS_RANK6.BANK3, 0x3be
UNC_M_WR_CAS_RANK6.BANK4, 0x4be
UNC_M_WR_CAS_RANK6.BANK5, 0x5be
UNC_M_WR_CAS_RANK6.BANK6, 0x6be
UNC_M_WR_CAS_RANK6.BANK7, 0x7be
UNC_M_WR_CAS_RANK6.BANK8, 0x8be
UNC_M_WR_CAS_RANK6.BANK9, 0x9be
UNC_M_WR_CAS_RANK6.BANKG0, 0x11be
UNC_M_WR_CAS_RANK6.BANKG1, 0x12be
UNC_M_WR_CAS_RANK6.BANKG2, 0x13be
UNC_M_WR_CAS_RANK6.BANKG3, 0x14be
UNC_M_WR_CAS_RANK7.ALLBANKS, 0x10bf
UNC_M_WR_CAS_RANK7.BANK0, 0xbf
UNC_M_WR_CAS_RANK7.BANK1, 0x1bf
UNC_M_WR_CAS_RANK7.BANK10, 0xabf
UNC_M_WR_CAS_RANK7.BANK11, 0xbbf
UNC_M_WR_CAS_RANK7.BANK12, 0xcbf
UNC_M_WR_CAS_RANK7.BANK13, 0xdbf
UNC_M_WR_CAS_RANK7.BANK14, 0xebf
UNC_M_WR_CAS_RANK7.BANK15, 0xfbf
UNC_M_WR_CAS_RANK7.BANK2, 0x2bf
UNC_M_WR_CAS_RANK7.BANK3, 0x3bf
UNC_M_WR_CAS_RANK7.BANK4, 0x4bf
UNC_M_WR_CAS_RANK7.BANK5, 0x5bf
UNC_M_WR_CAS_RANK7.BANK6, 0x6bf
UNC_M_WR_CAS_RANK7.BANK7, 0x7bf
UNC_M_WR_CAS_RANK7.BANK8, 0x8bf
UNC_M_WR_CAS_RANK7.BANK9, 0x9bf
UNC_M_WR_CAS_RANK7.BANKG0, 0x11bf
UNC_M_WR_CAS_RANK7.BANKG1, 0x12bf
UNC_M_WR_CAS_RANK7.BANKG2, 0x13bf
UNC_M_WR_CAS_RANK7.BANKG3, 0x14bf
