MACHINE_CLEARS.MEMORY_ORDERING, 0x2c3
MISALIGN_MEM_REF.LOAD_PAGE_SPLIT, 0x213
MISALIGN_MEM_REF.STORE_PAGE_SPLIT, 0x413
OCR.ALL_CODE_RD.DRAM, 0x1b7
OCR.ALL_CODE_RD.L3_MISS, 0x1b7
OCR.ALL_CODE_RD.L3_MISS_LOCAL, 0x1b7
OCR.ALL_CODE_RD.LOCAL_DRAM, 0x1b7
OCR.COREWB_M.L3_MISS, 0x1b7
OCR.COREWB_M.L3_MISS_LOCAL, 0x1b7
OCR.DEMAND_CODE_RD.DRAM, 0x1b7
OCR.DEMAND_CODE_RD.L3_MISS, 0x1b7
OCR.DEMAND_CODE_RD.L3_MISS_LOCAL, 0x1b7
OCR.DEMAND_CODE_RD.LOCAL_DRAM, 0x1b7
OCR.DEMAND_DATA_AND_L1PF_RD.DRAM, 0x1b7
OCR.DEMAND_DATA_AND_L1PF_RD.L3_MISS, 0x1b7
OCR.DEMAND_DATA_AND_L1PF_RD.L3_MISS_LOCAL, 0x1b7
OCR.DEMAND_DATA_AND_L1PF_RD.LOCAL_DRAM, 0x1b7
OCR.DEMAND_DATA_RD.DRAM, 0x1b7
OCR.DEMAND_DATA_RD.L3_MISS, 0x1b7
OCR.DEMAND_DATA_RD.L3_MISS_LOCAL, 0x1b7
OCR.DEMAND_DATA_RD.LOCAL_DRAM, 0x1b7
OCR.DEMAND_RFO.DRAM, 0x1b7
OCR.DEMAND_RFO.L3_MISS, 0x1b7
OCR.DEMAND_RFO.L3_MISS_LOCAL, 0x1b7
OCR.DEMAND_RFO.LOCAL_DRAM, 0x1b7
OCR.FULL_STREAMING_WR.L3_MISS, 0x1b7
OCR.FULL_STREAMING_WR.L3_MISS_LOCAL, 0x1b7
OCR.HWPF_L2_CODE_RD.DRAM, 0x1b7
OCR.HWPF_L2_CODE_RD.L3_MISS, 0x1b7
OCR.HWPF_L2_CODE_RD.L3_MISS_LOCAL, 0x1b7
OCR.HWPF_L2_CODE_RD.LOCAL_DRAM, 0x1b7
OCR.HWPF_L2_DATA_RD.DRAM, 0x1b7
OCR.HWPF_L2_DATA_RD.L3_MISS, 0x1b7
OCR.HWPF_L2_DATA_RD.L3_MISS_LOCAL, 0x1b7
OCR.HWPF_L2_DATA_RD.LOCAL_DRAM, 0x1b7
OCR.HWPF_L2_RFO.DRAM, 0x1b7
OCR.HWPF_L2_RFO.L3_MISS, 0x1b7
OCR.HWPF_L2_RFO.L3_MISS_LOCAL, 0x1b7
OCR.HWPF_L2_RFO.LOCAL_DRAM, 0x1b7
OCR.L1WB_M.L3_MISS, 0x1b7
OCR.L1WB_M.L3_MISS_LOCAL, 0x1b7
OCR.L2WB_M.L3_MISS, 0x1b7
OCR.L2WB_M.L3_MISS_LOCAL, 0x1b7
OCR.OTHER.L3_MISS, 0x1b7
OCR.OTHER.L3_MISS_LOCAL, 0x1b7
OCR.PARTIAL_STREAMING_WR.L3_MISS, 0x1b7
OCR.PARTIAL_STREAMING_WR.L3_MISS_LOCAL, 0x1b7
OCR.PREFETCHES.L3_MISS, 0x1b7
OCR.READS_TO_CORE.DRAM, 0x1b7
OCR.READS_TO_CORE.L3_MISS, 0x1b7
OCR.READS_TO_CORE.L3_MISS_LOCAL, 0x1b7
OCR.READS_TO_CORE.LOCAL_DRAM, 0x1b7
OCR.STREAMING_WR.L3_MISS, 0x1b7
OCR.STREAMING_WR.L3_MISS_LOCAL, 0x1b7
OCR.UC_RD.DRAM, 0x1b7
OCR.UC_RD.L3_MISS, 0x1b7
OCR.UC_RD.L3_MISS_LOCAL, 0x1b7
OCR.UC_RD.LOCAL_DRAM, 0x1b7
OCR.UC_WR.L3_MISS, 0x1b7
OCR.UC_WR.L3_MISS_LOCAL, 0x1b7
DTLB_LOAD_MISSES.PDE_CACHE_MISS, 0x8008
DTLB_LOAD_MISSES.STLB_HIT, 0x2008
DTLB_LOAD_MISSES.WALK_COMPLETED, 0xe08
DTLB_LOAD_MISSES.WALK_COMPLETED_1G, 0x808
DTLB_LOAD_MISSES.WALK_COMPLETED_2M_4M, 0x408
DTLB_LOAD_MISSES.WALK_COMPLETED_4K, 0x208
DTLB_LOAD_MISSES.WALK_PENDING, 0x1008
DTLB_STORE_MISSES.PDE_CACHE_MISS, 0x8049
DTLB_STORE_MISSES.STLB_HIT, 0x2049
DTLB_STORE_MISSES.WALK_COMPLETED, 0xe49
DTLB_STORE_MISSES.WALK_COMPLETED_1G, 0x849
DTLB_STORE_MISSES.WALK_COMPLETED_2M_4M, 0x449
DTLB_STORE_MISSES.WALK_COMPLETED_4K, 0x249
DTLB_STORE_MISSES.WALK_PENDING, 0x1049
EPT.EPDE_HIT, 0x14f
EPT.EPDE_MISS, 0x24f
EPT.EPDPE_HIT, 0x44f
EPT.EPDPE_MISS, 0x84f
EPT.WALK_PENDING, 0x104f
ITLB.FILLS, 0x481
ITLB_MISSES.PDE_CACHE_MISS, 0x8085
ITLB_MISSES.STLB_HIT, 0x2085
ITLB_MISSES.WALK_COMPLETED, 0xe85
ITLB_MISSES.WALK_COMPLETED_1G, 0x885
ITLB_MISSES.WALK_COMPLETED_2M_4M, 0x485
ITLB_MISSES.WALK_COMPLETED_4K, 0x285
ITLB_MISSES.WALK_PENDING, 0x1085
LD_BLOCKS.DTLB_MISS, 0x803
MEM_UOPS_RETIRED.DTLB_MISS, 0x13d0
MEM_UOPS_RETIRED.DTLB_MISS_LOADS, 0x11d0
MEM_UOPS_RETIRED.DTLB_MISS_STORES, 0x12d0
CYCLES_DIV_BUSY.FPDIV, 0x2cd
MACHINE_CLEARS.FP_ASSIST, 0x4c3
UOPS_RETIRED.FPDIV, 0x8c2
UNC_P_CORE_TRANSITION_CYCLES, 0x60
UNC_P_DEMOTIONS, 0x30
UNC_P_FIVR_PS_PS0_CYCLES, 0x75
UNC_P_FIVR_PS_PS1_CYCLES, 0x76
UNC_P_FIVR_PS_PS2_CYCLES, 0x77
UNC_P_FIVR_PS_PS3_CYCLES, 0x78
UNC_P_FREQ_CLIP_AVX256, 0x49
UNC_P_FREQ_CLIP_AVX512, 0x4a
UNC_P_FREQ_MAX_LIMIT_THERMAL_CYCLES, 0x4
UNC_P_FREQ_MAX_POWER_CYCLES, 0x5
UNC_P_FREQ_MIN_IO_P_CYCLES, 0x73
UNC_P_FREQ_TRANS_CYCLES, 0x74
UNC_P_MEMORY_PHASE_SHEDDING_CYCLES, 0x2f
UNC_P_PKG_RESIDENCY_C0_CYCLES, 0x2a
UNC_P_PKG_RESIDENCY_C2E_CYCLES, 0x2b
UNC_P_PKG_RESIDENCY_C3_CYCLES, 0x2c
UNC_P_PKG_RESIDENCY_C6_CYCLES, 0x2d
UNC_P_PMAX_THROTTLED_CYCLES, 0x6
UNC_P_POWER_STATE_OCCUPANCY.CORES_C0, 0x4080
UNC_P_POWER_STATE_OCCUPANCY.CORES_C3, 0x8080
UNC_P_POWER_STATE_OCCUPANCY.CORES_C6, 0xc080
UNC_P_PROCHOT_EXTERNAL_CYCLES, 0xa
UNC_P_PROCHOT_INTERNAL_CYCLES, 0x9
UNC_P_TOTAL_TRANSITION_CYCLES, 0x72
UNC_P_VR_HOT_CYCLES, 0x42
UNC_CHA_AG0_AD_CRD_ACQUIRED0.TGR0, 0x180
UNC_CHA_AG0_AD_CRD_ACQUIRED0.TGR1, 0x280
UNC_CHA_AG0_AD_CRD_ACQUIRED0.TGR2, 0x480
UNC_CHA_AG0_AD_CRD_ACQUIRED0.TGR3, 0x880
UNC_CHA_AG0_AD_CRD_ACQUIRED0.TGR4, 0x1080
UNC_CHA_AG0_AD_CRD_ACQUIRED0.TGR5, 0x2080
UNC_CHA_AG0_AD_CRD_ACQUIRED0.TGR6, 0x4080
UNC_CHA_AG0_AD_CRD_ACQUIRED0.TGR7, 0x8080
UNC_CHA_AG0_AD_CRD_ACQUIRED1.TGR10, 0x481
UNC_CHA_AG0_AD_CRD_ACQUIRED1.TGR8, 0x181
UNC_CHA_AG0_AD_CRD_ACQUIRED1.TGR9, 0x281
UNC_CHA_AG0_AD_CRD_OCCUPANCY0.TGR0, 0x182
UNC_CHA_AG0_AD_CRD_OCCUPANCY0.TGR1, 0x282
UNC_CHA_AG0_AD_CRD_OCCUPANCY0.TGR2, 0x482
UNC_CHA_AG0_AD_CRD_OCCUPANCY0.TGR3, 0x882
UNC_CHA_AG0_AD_CRD_OCCUPANCY0.TGR4, 0x1082
UNC_CHA_AG0_AD_CRD_OCCUPANCY0.TGR5, 0x2082
UNC_CHA_AG0_AD_CRD_OCCUPANCY0.TGR6, 0x4082
UNC_CHA_AG0_AD_CRD_OCCUPANCY0.TGR7, 0x8082
UNC_CHA_AG0_AD_CRD_OCCUPANCY1.TGR10, 0x483
UNC_CHA_AG0_AD_CRD_OCCUPANCY1.TGR8, 0x183
UNC_CHA_AG0_AD_CRD_OCCUPANCY1.TGR9, 0x283
UNC_CHA_AG0_BL_CRD_ACQUIRED0.TGR0, 0x188
UNC_CHA_AG0_BL_CRD_ACQUIRED0.TGR1, 0x288
UNC_CHA_AG0_BL_CRD_ACQUIRED0.TGR2, 0x488
UNC_CHA_AG0_BL_CRD_ACQUIRED0.TGR3, 0x888
UNC_CHA_AG0_BL_CRD_ACQUIRED0.TGR4, 0x1088
UNC_CHA_AG0_BL_CRD_ACQUIRED0.TGR5, 0x2088
UNC_CHA_AG0_BL_CRD_ACQUIRED0.TGR6, 0x4088
UNC_CHA_AG0_BL_CRD_ACQUIRED0.TGR7, 0x8088
UNC_CHA_AG0_BL_CRD_ACQUIRED1.TGR10, 0x489
UNC_CHA_AG0_BL_CRD_ACQUIRED1.TGR8, 0x189
UNC_CHA_AG0_BL_CRD_ACQUIRED1.TGR9, 0x289
UNC_CHA_AG0_BL_CRD_OCCUPANCY0.TGR0, 0x18a
UNC_CHA_AG0_BL_CRD_OCCUPANCY0.TGR1, 0x28a
UNC_CHA_AG0_BL_CRD_OCCUPANCY0.TGR2, 0x48a
UNC_CHA_AG0_BL_CRD_OCCUPANCY0.TGR3, 0x88a
UNC_CHA_AG0_BL_CRD_OCCUPANCY0.TGR4, 0x108a
UNC_CHA_AG0_BL_CRD_OCCUPANCY0.TGR5, 0x208a
UNC_CHA_AG0_BL_CRD_OCCUPANCY0.TGR6, 0x408a
UNC_CHA_AG0_BL_CRD_OCCUPANCY0.TGR7, 0x808a
UNC_CHA_AG0_BL_CRD_OCCUPANCY1.TGR10, 0x48b
UNC_CHA_AG0_BL_CRD_OCCUPANCY1.TGR8, 0x18b
UNC_CHA_AG0_BL_CRD_OCCUPANCY1.TGR9, 0x28b
UNC_CHA_AG1_AD_CRD_ACQUIRED0.TGR0, 0x184
UNC_CHA_AG1_AD_CRD_ACQUIRED0.TGR1, 0x284
UNC_CHA_AG1_AD_CRD_ACQUIRED0.TGR2, 0x484
UNC_CHA_AG1_AD_CRD_ACQUIRED0.TGR3, 0x884
UNC_CHA_AG1_AD_CRD_ACQUIRED0.TGR4, 0x1084
UNC_CHA_AG1_AD_CRD_ACQUIRED0.TGR5, 0x2084
UNC_CHA_AG1_AD_CRD_ACQUIRED0.TGR6, 0x4084
UNC_CHA_AG1_AD_CRD_ACQUIRED0.TGR7, 0x8084
UNC_CHA_AG1_AD_CRD_ACQUIRED1.TGR10, 0x485
UNC_CHA_AG1_AD_CRD_ACQUIRED1.TGR8, 0x185
UNC_CHA_AG1_AD_CRD_ACQUIRED1.TGR9, 0x285
UNC_CHA_AG1_AD_CRD_OCCUPANCY0.TGR0, 0x186
UNC_CHA_AG1_AD_CRD_OCCUPANCY0.TGR1, 0x286
UNC_CHA_AG1_AD_CRD_OCCUPANCY0.TGR2, 0x486
UNC_CHA_AG1_AD_CRD_OCCUPANCY0.TGR3, 0x886
UNC_CHA_AG1_AD_CRD_OCCUPANCY0.TGR4, 0x1086
UNC_CHA_AG1_AD_CRD_OCCUPANCY0.TGR5, 0x2086
UNC_CHA_AG1_AD_CRD_OCCUPANCY0.TGR6, 0x4086
UNC_CHA_AG1_AD_CRD_OCCUPANCY0.TGR7, 0x8086
UNC_CHA_AG1_AD_CRD_OCCUPANCY1.TGR10, 0x487
UNC_CHA_AG1_AD_CRD_OCCUPANCY1.TGR8, 0x187
UNC_CHA_AG1_AD_CRD_OCCUPANCY1.TGR9, 0x287
UNC_CHA_AG1_BL_CRD_ACQUIRED0.TGR0, 0x18c
UNC_CHA_AG1_BL_CRD_ACQUIRED0.TGR1, 0x28c
UNC_CHA_AG1_BL_CRD_ACQUIRED0.TGR2, 0x48c
UNC_CHA_AG1_BL_CRD_ACQUIRED0.TGR3, 0x88c
UNC_CHA_AG1_BL_CRD_ACQUIRED0.TGR4, 0x108c
UNC_CHA_AG1_BL_CRD_ACQUIRED0.TGR5, 0x208c
UNC_CHA_AG1_BL_CRD_ACQUIRED0.TGR6, 0x408c
UNC_CHA_AG1_BL_CRD_ACQUIRED0.TGR7, 0x808c
UNC_CHA_AG1_BL_CRD_ACQUIRED1.TGR10, 0x48d
UNC_CHA_AG1_BL_CRD_ACQUIRED1.TGR8, 0x18d
UNC_CHA_AG1_BL_CRD_ACQUIRED1.TGR9, 0x28d
UNC_CHA_AG1_BL_CRD_OCCUPANCY0.TGR0, 0x18e
UNC_CHA_AG1_BL_CRD_OCCUPANCY0.TGR1, 0x28e
UNC_CHA_AG1_BL_CRD_OCCUPANCY0.TGR2, 0x48e
UNC_CHA_AG1_BL_CRD_OCCUPANCY0.TGR3, 0x88e
UNC_CHA_AG1_BL_CRD_OCCUPANCY0.TGR4, 0x108e
UNC_CHA_AG1_BL_CRD_OCCUPANCY0.TGR5, 0x208e
UNC_CHA_AG1_BL_CRD_OCCUPANCY0.TGR6, 0x408e
UNC_CHA_AG1_BL_CRD_OCCUPANCY0.TGR7, 0x808e
UNC_CHA_AG1_BL_CRD_OCCUPANCY1.TGR10, 0x48f
UNC_CHA_AG1_BL_CRD_OCCUPANCY1.TGR8, 0x18f
UNC_CHA_AG1_BL_CRD_OCCUPANCY1.TGR9, 0x28f
UNC_CHA_BYPASS_CHA_IMC.INTERMEDIATE, 0x257
UNC_CHA_BYPASS_CHA_IMC.NOT_TAKEN, 0x457
UNC_CHA_BYPASS_CHA_IMC.TAKEN, 0x157
UNC_CHA_CMS_CLOCKTICKS, 0xc0
UNC_CHA_CORE_SNP.ANY_GTONE, 0xf233
UNC_CHA_CORE_SNP.ANY_ONE, 0xf133
UNC_CHA_CORE_SNP.CORE_GTONE, 0x4233
UNC_CHA_CORE_SNP.CORE_ONE, 0x4133
UNC_CHA_CORE_SNP.EVICT_GTONE, 0x8233
UNC_CHA_CORE_SNP.EVICT_ONE, 0x8133
UNC_CHA_CORE_SNP.EXT_GTONE, 0x2233
UNC_CHA_CORE_SNP.EXT_ONE, 0x2133
UNC_CHA_COUNTER0_OCCUPANCY, 0x1f
UNC_CHA_DIRECT_GO.HA_SUPPRESS_DRD, 0x46e
UNC_CHA_DIRECT_GO.HA_SUPPRESS_NO_D2C, 0x26e
UNC_CHA_DIRECT_GO.HA_TOR_DEALLOC, 0x16e
UNC_CHA_DIRECT_GO_OPC.EXTCMP, 0x16d
UNC_CHA_DIRECT_GO_OPC.FAST_GO, 0x106d
UNC_CHA_DIRECT_GO_OPC.FAST_GO_PULL, 0x206d
UNC_CHA_DIRECT_GO_OPC.GO, 0x46d
UNC_CHA_DIRECT_GO_OPC.GO_PULL, 0x86d
UNC_CHA_DIRECT_GO_OPC.IDLE_DUE_SUPPRESS, 0x806d
UNC_CHA_DIRECT_GO_OPC.NOP, 0x406d
UNC_CHA_DIRECT_GO_OPC.PULL, 0x26d
UNC_CHA_DISTRESS_ASSERTED.DPT_LOCAL, 0x4af
UNC_CHA_DISTRESS_ASSERTED.DPT_NONLOCAL, 0x8af
UNC_CHA_DISTRESS_ASSERTED.DPT_STALL_IV, 0x40af
UNC_CHA_DISTRESS_ASSERTED.DPT_STALL_NOCRD, 0x80af
UNC_CHA_DISTRESS_ASSERTED.HORZ, 0x2af
UNC_CHA_DISTRESS_ASSERTED.VERT, 0x1af
UNC_CHA_EGRESS_ORDERING.IV_SNOOPGO_DN, 0x4ba
UNC_CHA_EGRESS_ORDERING.IV_SNOOPGO_UP, 0x1ba
UNC_CHA_HORZ_RING_AD_IN_USE.LEFT_EVEN, 0x1b6
UNC_CHA_HORZ_RING_AD_IN_USE.LEFT_ODD, 0x2b6
UNC_CHA_HORZ_RING_AD_IN_USE.RIGHT_EVEN, 0x4b6
UNC_CHA_HORZ_RING_AD_IN_USE.RIGHT_ODD, 0x8b6
UNC_CHA_HORZ_RING_AKC_IN_USE.LEFT_EVEN, 0x1bb
UNC_CHA_HORZ_RING_AKC_IN_USE.LEFT_ODD, 0x2bb
UNC_CHA_HORZ_RING_AKC_IN_USE.RIGHT_EVEN, 0x4bb
UNC_CHA_HORZ_RING_AKC_IN_USE.RIGHT_ODD, 0x8bb
UNC_CHA_HORZ_RING_AK_IN_USE.LEFT_EVEN, 0x1b7
UNC_CHA_HORZ_RING_AK_IN_USE.LEFT_ODD, 0x2b7
UNC_CHA_HORZ_RING_AK_IN_USE.RIGHT_EVEN, 0x4b7
UNC_CHA_HORZ_RING_AK_IN_USE.RIGHT_ODD, 0x8b7
UNC_CHA_HORZ_RING_BL_IN_USE.LEFT_EVEN, 0x1b8
UNC_CHA_HORZ_RING_BL_IN_USE.LEFT_ODD, 0x2b8
UNC_CHA_HORZ_RING_BL_IN_USE.RIGHT_EVEN, 0x4b8
UNC_CHA_HORZ_RING_BL_IN_USE.RIGHT_ODD, 0x8b8
UNC_CHA_HORZ_RING_IV_IN_USE.LEFT, 0x1b9
UNC_CHA_HORZ_RING_IV_IN_USE.RIGHT, 0x4b9
UNC_CHA_IMC_READS_COUNT.NORMAL, 0x159
UNC_CHA_IMC_READS_COUNT.PRIORITY, 0x259
UNC_CHA_IMC_WRITES_COUNT.FULL, 0x15b
UNC_CHA_IMC_WRITES_COUNT.FULL_PRIORITY, 0x45b
UNC_CHA_IMC_WRITES_COUNT.PARTIAL, 0x25b
UNC_CHA_IMC_WRITES_COUNT.PARTIAL_PRIORITY, 0x85b
UNC_CHA_LLC_LOOKUP.ALL, 0x1fffff34
UNC_CHA_LLC_LOOKUP.ANY_F, 0x34
UNC_CHA_LLC_LOOKUP.CODE, 0x1bd0ff34
UNC_CHA_LLC_LOOKUP.CODE_READ, 0x1bd0ff34
UNC_CHA_LLC_LOOKUP.CODE_READ_F, 0x34
UNC_CHA_LLC_LOOKUP.CODE_READ_MISS, 0x1bd00134
UNC_CHA_LLC_LOOKUP.COREPREF_OR_DMND_LOCAL_F, 0x34
UNC_CHA_LLC_LOOKUP.DATA_RD, 0x1bc1ff34
UNC_CHA_LLC_LOOKUP.DATA_READ, 0x1bc1ff34
UNC_CHA_LLC_LOOKUP.DATA_READ_ALL, 0x1fc1ff34
UNC_CHA_LLC_LOOKUP.DATA_READ_F, 0x34
UNC_CHA_LLC_LOOKUP.DATA_READ_MISS, 0x1bc10134
UNC_CHA_LLC_LOOKUP.DMND_READ_LOCAL, 0x841ff34
UNC_CHA_LLC_LOOKUP.E, 0x2034
UNC_CHA_LLC_LOOKUP.F, 0x8034
UNC_CHA_LLC_LOOKUP.FLUSH_INV, 0x1a44ff34
UNC_CHA_LLC_LOOKUP.FLUSH_OR_INV_F, 0x34
UNC_CHA_LLC_LOOKUP.I, 0x134
UNC_CHA_LLC_LOOKUP.LOCAL_F, 0x34
UNC_CHA_LLC_LOOKUP.M, 0x4034
UNC_CHA_LLC_LOOKUP.MISS_ALL, 0x1fe00134
UNC_CHA_LLC_LOOKUP.OTHER_REQ_F, 0x34
UNC_CHA_LLC_LOOKUP.READ, 0x1bd9ff34
UNC_CHA_LLC_LOOKUP.READ_LOCAL_LOC_HOM, 0x9d9ff34
UNC_CHA_LLC_LOOKUP.READ_LOCAL_REM_HOM, 0x11d9ff34
UNC_CHA_LLC_LOOKUP.READ_MISS, 0x1bd90134
UNC_CHA_LLC_LOOKUP.READ_MISS_LOC_HOM, 0xbd90134
UNC_CHA_LLC_LOOKUP.READ_MISS_REM_HOM, 0x13d90134
UNC_CHA_LLC_LOOKUP.READ_OR_SNOOP_REMOTE_MISS_REM_HOM, 0x16190134
UNC_CHA_LLC_LOOKUP.READ_REMOTE_LOC_HOM, 0xa19ff34
UNC_CHA_LLC_LOOKUP.READ_SF_HIT, 0x1bd90e34
UNC_CHA_LLC_LOOKUP.RFO, 0x1bc8ff34
UNC_CHA_LLC_LOOKUP.RFO_F, 0x34
UNC_CHA_LLC_LOOKUP.RFO_MISS, 0x1bc80134
UNC_CHA_LLC_LOOKUP.RFO_PREF_LOCAL, 0x888ff34
UNC_CHA_LLC_LOOKUP.S, 0x1034
UNC_CHA_LLC_LOOKUP.SF_E, 0x434
UNC_CHA_LLC_LOOKUP.SF_H, 0x834
UNC_CHA_LLC_LOOKUP.SF_S, 0x234
UNC_CHA_LLC_LOOKUP.WRITES_AND_OTHER, 0x1a42ff34
UNC_CHA_LLC_LOOKUP.WRITE_LOCAL, 0x842ff34
UNC_CHA_LLC_VICTIMS.ALL, 0xf37
UNC_CHA_LLC_VICTIMS.E_STATE, 0x237
UNC_CHA_LLC_VICTIMS.LOCAL_ALL, 0x200f37
UNC_CHA_LLC_VICTIMS.LOCAL_E, 0x200237
UNC_CHA_LLC_VICTIMS.LOCAL_M, 0x200137
UNC_CHA_LLC_VICTIMS.LOCAL_ONLY, 0x37
UNC_CHA_LLC_VICTIMS.LOCAL_S, 0x200437
UNC_CHA_LLC_VICTIMS.M_STATE, 0x137
UNC_CHA_LLC_VICTIMS.S_STATE, 0x437
UNC_CHA_MISC.CV0_PREF_MISS, 0x2039
UNC_CHA_MISC.CV0_PREF_VIC, 0x1039
UNC_CHA_MISC.RFO_HIT_S, 0x839
UNC_CHA_MISC.RSPI_WAS_FSE, 0x139
UNC_CHA_MISC.WC_ALIASING, 0x239
UNC_CHA_MISC_EXTERNAL.MBE_INST0, 0x1e6
UNC_CHA_MISC_EXTERNAL.MBE_INST1, 0x2e6
UNC_CHA_PIPE_REJECT.ADEGRCREDIT, 0x42
UNC_CHA_PIPE_REJECT.AKEGRCREDIT, 0x42
UNC_CHA_PIPE_REJECT.ALLRSFWAYS_RES, 0x42
UNC_CHA_PIPE_REJECT.BLEGRCREDIT, 0x42
UNC_CHA_PIPE_REJECT.FSF_VICP, 0x42
UNC_CHA_PIPE_REJECT.GOTRACK_ALLOWSNP, 0x442
UNC_CHA_PIPE_REJECT.GOTRACK_ALLWAYRSV, 0x1042
UNC_CHA_PIPE_REJECT.GOTRACK_PAMATCH, 0x242
UNC_CHA_PIPE_REJECT.GOTRACK_WAYMATCH, 0x842
UNC_CHA_PIPE_REJECT.HACREDIT, 0x42
UNC_CHA_PIPE_REJECT.IDX_INPIPE, 0x42
UNC_CHA_PIPE_REJECT.IPQ_SETMATCH_VICP, 0x42
UNC_CHA_PIPE_REJECT.IRQ_SETMATCH_VICP, 0x42
UNC_CHA_PIPE_REJECT.ISMQ_SETMATCH_VICP, 0x42
UNC_CHA_PIPE_REJECT.IVEGRCREDIT, 0x42
UNC_CHA_PIPE_REJECT.LLC_WAYS_RES, 0x42
UNC_CHA_PIPE_REJECT.NOTALLOWSNOOP, 0x42
UNC_CHA_PIPE_REJECT.ONE_FSF_VIC, 0x42
UNC_CHA_PIPE_REJECT.ONE_RSP_CON, 0x42
UNC_CHA_PIPE_REJECT.PTL_INPIPE, 0x8042
UNC_CHA_PIPE_REJECT.RMW_SETMATCH, 0x142
UNC_CHA_PIPE_REJECT.RRQ_SETMATCH_VICP, 0x42
UNC_CHA_PIPE_REJECT.SETMATCHENTRYWSCT, 0x42
UNC_CHA_PIPE_REJECT.SF_WAYS_RES, 0x42
UNC_CHA_PIPE_REJECT.TOPA_MATCH, 0x42
UNC_CHA_PIPE_REJECT.TORID_MATCH_GO_P, 0x42
UNC_CHA_PIPE_REJECT.VN_AD_REQ, 0x42
UNC_CHA_PIPE_REJECT.VN_AD_RSP, 0x42
UNC_CHA_PIPE_REJECT.VN_BL_RSP, 0x42
UNC_CHA_PIPE_REJECT.WAY_MATCH, 0x42
UNC_CHA_READ_NO_CREDITS.MC0, 0x158
UNC_CHA_READ_NO_CREDITS.MC1, 0x258
UNC_CHA_READ_NO_CREDITS.MC10, 0x58
UNC_CHA_READ_NO_CREDITS.MC11, 0x58
UNC_CHA_READ_NO_CREDITS.MC12, 0x58
UNC_CHA_READ_NO_CREDITS.MC13, 0x58
UNC_CHA_READ_NO_CREDITS.MC2, 0x458
UNC_CHA_READ_NO_CREDITS.MC3, 0x858
UNC_CHA_READ_NO_CREDITS.MC4, 0x1058
UNC_CHA_READ_NO_CREDITS.MC5, 0x2058
UNC_CHA_READ_NO_CREDITS.MC6, 0x4058
UNC_CHA_READ_NO_CREDITS.MC7, 0x8058
UNC_CHA_READ_NO_CREDITS.MC8, 0x58
UNC_CHA_READ_NO_CREDITS.MC9, 0x58
UNC_CHA_REQUESTS.INVITOE, 0x3050
UNC_CHA_REQUESTS.READS, 0x350
UNC_CHA_REQUESTS.WRITES, 0xc50
UNC_CHA_RING_BOUNCES_HORZ.AD, 0x1ac
UNC_CHA_RING_BOUNCES_HORZ.AK, 0x2ac
UNC_CHA_RING_BOUNCES_HORZ.BL, 0x4ac
UNC_CHA_RING_BOUNCES_HORZ.IV, 0x8ac
UNC_CHA_RING_BOUNCES_VERT.AD, 0x1aa
UNC_CHA_RING_BOUNCES_VERT.AK, 0x2aa
UNC_CHA_RING_BOUNCES_VERT.AKC, 0x10aa
UNC_CHA_RING_BOUNCES_VERT.BL, 0x4aa
UNC_CHA_RING_BOUNCES_VERT.IV, 0x8aa
UNC_CHA_RING_SINK_STARVED_HORZ.AD, 0x1ad
UNC_CHA_RING_SINK_STARVED_HORZ.AK, 0x2ad
UNC_CHA_RING_SINK_STARVED_HORZ.AK_AG1, 0x20ad
UNC_CHA_RING_SINK_STARVED_HORZ.BL, 0x4ad
UNC_CHA_RING_SINK_STARVED_HORZ.IV, 0x8ad
UNC_CHA_RING_SINK_STARVED_VERT.AD, 0x1ab
UNC_CHA_RING_SINK_STARVED_VERT.AK, 0x2ab
UNC_CHA_RING_SINK_STARVED_VERT.AKC, 0x10ab
UNC_CHA_RING_SINK_STARVED_VERT.BL, 0x4ab
UNC_CHA_RING_SINK_STARVED_VERT.IV, 0x8ab
UNC_CHA_RING_SRC_THRTL, 0xae
UNC_CHA_RxC_INSERTS.IRQ, 0x113
UNC_CHA_RxC_INSERTS.IRQ_REJ, 0x213
UNC_CHA_RxC_INSERTS.PRQ, 0x1013
UNC_CHA_RxC_INSERTS.PRQ_REJ, 0x2013
UNC_CHA_RxC_IRQ0_REJECT.AD_REQ_VN0, 0x118
UNC_CHA_RxC_IRQ0_REJECT.AD_RSP_VN0, 0x218
UNC_CHA_RxC_IRQ0_REJECT.AK_NON_UPI, 0x4018
UNC_CHA_RxC_IRQ0_REJECT.BL_NCB_VN0, 0x1018
UNC_CHA_RxC_IRQ0_REJECT.BL_NCS_VN0, 0x2018
UNC_CHA_RxC_IRQ0_REJECT.BL_RSP_VN0, 0x418
UNC_CHA_RxC_IRQ0_REJECT.BL_WB_VN0, 0x818
UNC_CHA_RxC_IRQ0_REJECT.IV_NON_UPI, 0x8018
UNC_CHA_RxC_IRQ1_REJECT.ALLOW_SNP, 0x4019
UNC_CHA_RxC_IRQ1_REJECT.ANY0, 0x119
UNC_CHA_RxC_IRQ1_REJECT.HA, 0x219
UNC_CHA_RxC_IRQ1_REJECT.LLC_OR_SF_WAY, 0x2019
UNC_CHA_RxC_IRQ1_REJECT.LLC_VICTIM, 0x419
UNC_CHA_RxC_IRQ1_REJECT.PA_MATCH, 0x8019
UNC_CHA_RxC_IRQ1_REJECT.SF_VICTIM, 0x819
UNC_CHA_RxC_IRQ1_REJECT.VICTIM, 0x1019
UNC_CHA_RxC_ISMQ0_REJECT.AD_REQ_VN0, 0x124
UNC_CHA_RxC_ISMQ0_REJECT.AD_RSP_VN0, 0x224
UNC_CHA_RxC_ISMQ0_REJECT.AK_NON_UPI, 0x4024
UNC_CHA_RxC_ISMQ0_REJECT.BL_NCB_VN0, 0x1024
UNC_CHA_RxC_ISMQ0_REJECT.BL_NCS_VN0, 0x2024
UNC_CHA_RxC_ISMQ0_REJECT.BL_RSP_VN0, 0x424
UNC_CHA_RxC_ISMQ0_REJECT.BL_WB_VN0, 0x824
UNC_CHA_RxC_ISMQ0_REJECT.IV_NON_UPI, 0x8024
UNC_CHA_RxC_ISMQ0_RETRY.AD_REQ_VN0, 0x12c
UNC_CHA_RxC_ISMQ0_RETRY.AD_RSP_VN0, 0x22c
UNC_CHA_RxC_ISMQ0_RETRY.AK_NON_UPI, 0x402c
UNC_CHA_RxC_ISMQ0_RETRY.BL_NCB_VN0, 0x102c
UNC_CHA_RxC_ISMQ0_RETRY.BL_NCS_VN0, 0x202c
UNC_CHA_RxC_ISMQ0_RETRY.BL_RSP_VN0, 0x42c
UNC_CHA_RxC_ISMQ0_RETRY.BL_WB_VN0, 0x82c
UNC_CHA_RxC_ISMQ0_RETRY.IV_NON_UPI, 0x802c
UNC_CHA_RxC_ISMQ1_REJECT.ANY0, 0x125
UNC_CHA_RxC_ISMQ1_REJECT.HA, 0x225
UNC_CHA_RxC_ISMQ1_RETRY.ANY0, 0x12d
UNC_CHA_RxC_ISMQ1_RETRY.HA, 0x22d
UNC_CHA_RxC_OCCUPANCY.IRQ, 0x111
UNC_CHA_RxC_OTHER0_RETRY.AD_REQ_VN0, 0x12e
UNC_CHA_RxC_OTHER0_RETRY.AD_RSP_VN0, 0x22e
UNC_CHA_RxC_OTHER0_RETRY.AK_NON_UPI, 0x402e
UNC_CHA_RxC_OTHER0_RETRY.BL_NCB_VN0, 0x102e
UNC_CHA_RxC_OTHER0_RETRY.BL_NCS_VN0, 0x202e
UNC_CHA_RxC_OTHER0_RETRY.BL_RSP_VN0, 0x42e
UNC_CHA_RxC_OTHER0_RETRY.BL_WB_VN0, 0x82e
UNC_CHA_RxC_OTHER0_RETRY.IV_NON_UPI, 0x802e
UNC_CHA_RxC_OTHER1_RETRY.ALLOW_SNP, 0x402f
UNC_CHA_RxC_OTHER1_RETRY.ANY0, 0x12f
UNC_CHA_RxC_OTHER1_RETRY.HA, 0x22f
UNC_CHA_RxC_OTHER1_RETRY.LLC_OR_SF_WAY, 0x202f
UNC_CHA_RxC_OTHER1_RETRY.LLC_VICTIM, 0x42f
UNC_CHA_RxC_OTHER1_RETRY.PA_MATCH, 0x802f
UNC_CHA_RxC_OTHER1_RETRY.SF_VICTIM, 0x82f
UNC_CHA_RxC_OTHER1_RETRY.VICTIM, 0x102f
UNC_CHA_RxC_PRQ0_REJECT.AD_REQ_VN0, 0x120
UNC_CHA_RxC_PRQ0_REJECT.AD_RSP_VN0, 0x220
UNC_CHA_RxC_PRQ0_REJECT.AK_NON_UPI, 0x4020
UNC_CHA_RxC_PRQ0_REJECT.BL_NCB_VN0, 0x1020
UNC_CHA_RxC_PRQ0_REJECT.BL_NCS_VN0, 0x2020
UNC_CHA_RxC_PRQ0_REJECT.BL_RSP_VN0, 0x420
UNC_CHA_RxC_PRQ0_REJECT.BL_WB_VN0, 0x820
UNC_CHA_RxC_PRQ0_REJECT.IV_NON_UPI, 0x8020
UNC_CHA_RxC_PRQ1_REJECT.ALLOW_SNP, 0x4021
UNC_CHA_RxC_PRQ1_REJECT.ANY0, 0x121
UNC_CHA_RxC_PRQ1_REJECT.HA, 0x221
UNC_CHA_RxC_PRQ1_REJECT.LLC_OR_SF_WAY, 0x2021
UNC_CHA_RxC_PRQ1_REJECT.LLC_VICTIM, 0x421
UNC_CHA_RxC_PRQ1_REJECT.PA_MATCH, 0x8021
UNC_CHA_RxC_PRQ1_REJECT.SF_VICTIM, 0x821
UNC_CHA_RxC_PRQ1_REJECT.VICTIM, 0x1021
UNC_CHA_RxC_REQ_Q0_RETRY.AD_REQ_VN0, 0x12a
UNC_CHA_RxC_REQ_Q0_RETRY.AD_RSP_VN0, 0x22a
UNC_CHA_RxC_REQ_Q0_RETRY.AK_NON_UPI, 0x402a
UNC_CHA_RxC_REQ_Q0_RETRY.BL_NCB_VN0, 0x102a
UNC_CHA_RxC_REQ_Q0_RETRY.BL_NCS_VN0, 0x202a
UNC_CHA_RxC_REQ_Q0_RETRY.BL_RSP_VN0, 0x42a
UNC_CHA_RxC_REQ_Q0_RETRY.BL_WB_VN0, 0x82a
UNC_CHA_RxC_REQ_Q0_RETRY.IV_NON_UPI, 0x802a
UNC_CHA_RxC_REQ_Q1_RETRY.ALLOW_SNP, 0x402b
UNC_CHA_RxC_REQ_Q1_RETRY.ANY0, 0x12b
UNC_CHA_RxC_REQ_Q1_RETRY.HA, 0x22b
UNC_CHA_RxC_REQ_Q1_RETRY.LLC_OR_SF_WAY, 0x202b
UNC_CHA_RxC_REQ_Q1_RETRY.LLC_VICTIM, 0x42b
UNC_CHA_RxC_REQ_Q1_RETRY.PA_MATCH, 0x802b
UNC_CHA_RxC_REQ_Q1_RETRY.SF_VICTIM, 0x82b
UNC_CHA_RxC_REQ_Q1_RETRY.VICTIM, 0x102b
UNC_CHA_RxR_BUSY_STARVED.AD_ALL, 0x11e5
UNC_CHA_RxR_BUSY_STARVED.AD_CRD, 0x10e5
UNC_CHA_RxR_BUSY_STARVED.AD_UNCRD, 0x1e5
UNC_CHA_RxR_BUSY_STARVED.BL_ALL, 0x44e5
UNC_CHA_RxR_BUSY_STARVED.BL_CRD, 0x40e5
UNC_CHA_RxR_BUSY_STARVED.BL_UNCRD, 0x4e5
UNC_CHA_RxR_BYPASS.AD_ALL, 0x11e2
UNC_CHA_RxR_BYPASS.AD_CRD, 0x10e2
UNC_CHA_RxR_BYPASS.AD_UNCRD, 0x1e2
UNC_CHA_RxR_BYPASS.AK, 0x2e2
UNC_CHA_RxR_BYPASS.AKC_UNCRD, 0x80e2
UNC_CHA_RxR_BYPASS.BL_ALL, 0x44e2
UNC_CHA_RxR_BYPASS.BL_CRD, 0x40e2
UNC_CHA_RxR_BYPASS.BL_UNCRD, 0x4e2
UNC_CHA_RxR_BYPASS.IV, 0x8e2
UNC_CHA_RxR_CRD_STARVED.AD_ALL, 0x11e3
UNC_CHA_RxR_CRD_STARVED.AD_CRD, 0x10e3
UNC_CHA_RxR_CRD_STARVED.AD_UNCRD, 0x1e3
UNC_CHA_RxR_CRD_STARVED.AK, 0x2e3
UNC_CHA_RxR_CRD_STARVED.BL_ALL, 0x44e3
UNC_CHA_RxR_CRD_STARVED.BL_CRD, 0x40e3
UNC_CHA_RxR_CRD_STARVED.BL_UNCRD, 0x4e3
UNC_CHA_RxR_CRD_STARVED.IFV, 0x80e3
UNC_CHA_RxR_CRD_STARVED.IV, 0x8e3
UNC_CHA_RxR_CRD_STARVED_1, 0xe4
UNC_CHA_RxR_INSERTS.AD_ALL, 0x11e1
UNC_CHA_RxR_INSERTS.AD_CRD, 0x10e1
UNC_CHA_RxR_INSERTS.AD_UNCRD, 0x1e1
UNC_CHA_RxR_INSERTS.AK, 0x2e1
UNC_CHA_RxR_INSERTS.AKC_UNCRD, 0x80e1
UNC_CHA_RxR_INSERTS.BL_ALL, 0x44e1
UNC_CHA_RxR_INSERTS.BL_CRD, 0x40e1
UNC_CHA_RxR_INSERTS.BL_UNCRD, 0x4e1
UNC_CHA_RxR_INSERTS.IV, 0x8e1
UNC_CHA_RxR_OCCUPANCY.AD_ALL, 0x11e0
UNC_CHA_RxR_OCCUPANCY.AD_CRD, 0x10e0
UNC_CHA_RxR_OCCUPANCY.AD_UNCRD, 0x1e0
UNC_CHA_RxR_OCCUPANCY.AK, 0x2e0
UNC_CHA_RxR_OCCUPANCY.AKC_UNCRD, 0x80e0
UNC_CHA_RxR_OCCUPANCY.BL_ALL, 0x44e0
UNC_CHA_RxR_OCCUPANCY.BL_CRD, 0x20e0
UNC_CHA_RxR_OCCUPANCY.BL_UNCRD, 0x4e0
UNC_CHA_RxR_OCCUPANCY.IV, 0x8e0
UNC_CHA_SF_EVICTION.E_STATE, 0x23d
UNC_CHA_SF_EVICTION.M_STATE, 0x13d
UNC_CHA_SF_EVICTION.S_STATE, 0x43d
UNC_CHA_SNOOPS_SENT.ALL, 0x151
UNC_CHA_SNOOPS_SENT.BCST_LOCAL, 0x1051
UNC_CHA_SNOOPS_SENT.DIRECT_LOCAL, 0x4051
UNC_CHA_SNOOPS_SENT.LOCAL, 0x451
UNC_CHA_SNOOP_RESP_LOCAL.RSPCNFLCT, 0x405d
UNC_CHA_SNOOP_RESP_LOCAL.RSPFWD, 0x805d
UNC_CHA_SNOOP_RESP_LOCAL.RSPFWDWB, 0x205d
UNC_CHA_SNOOP_RESP_LOCAL.RSPI, 0x15d
UNC_CHA_SNOOP_RESP_LOCAL.RSPIFWD, 0x45d
UNC_CHA_SNOOP_RESP_LOCAL.RSPS, 0x25d
UNC_CHA_SNOOP_RESP_LOCAL.RSPSFWD, 0x85d
UNC_CHA_SNOOP_RESP_LOCAL.RSPWB, 0x105d
UNC_CHA_SNOOP_RSP_MISC.MTOI_RSPDATAM, 0x26b
UNC_CHA_SNOOP_RSP_MISC.MTOI_RSPIFWDM, 0x16b
UNC_CHA_SNOOP_RSP_MISC.PULLDATAPTL_HITLLC, 0x206b
UNC_CHA_SNOOP_RSP_MISC.PULLDATAPTL_HITSF, 0x106b
UNC_CHA_SNOOP_RSP_MISC.RSPIFWDMPTL_HITLLC, 0x86b
UNC_CHA_SNOOP_RSP_MISC.RSPIFWDMPTL_HITSF, 0x46b
UNC_CHA_STALL0_NO_TxR_HORZ_CRD_AD_AG0.TGR0, 0x1d0
UNC_CHA_STALL0_NO_TxR_HORZ_CRD_AD_AG0.TGR1, 0x2d0
UNC_CHA_STALL0_NO_TxR_HORZ_CRD_AD_AG0.TGR2, 0x4d0
UNC_CHA_STALL0_NO_TxR_HORZ_CRD_AD_AG0.TGR3, 0x8d0
UNC_CHA_STALL0_NO_TxR_HORZ_CRD_AD_AG0.TGR4, 0x10d0
UNC_CHA_STALL0_NO_TxR_HORZ_CRD_AD_AG0.TGR5, 0x20d0
UNC_CHA_STALL0_NO_TxR_HORZ_CRD_AD_AG0.TGR6, 0x40d0
UNC_CHA_STALL0_NO_TxR_HORZ_CRD_AD_AG0.TGR7, 0x80d0
UNC_CHA_STALL0_NO_TxR_HORZ_CRD_AD_AG1.TGR0, 0x1d2
UNC_CHA_STALL0_NO_TxR_HORZ_CRD_AD_AG1.TGR1, 0x2d2
UNC_CHA_STALL0_NO_TxR_HORZ_CRD_AD_AG1.TGR2, 0x4d2
UNC_CHA_STALL0_NO_TxR_HORZ_CRD_AD_AG1.TGR3, 0x8d2
UNC_CHA_STALL0_NO_TxR_HORZ_CRD_AD_AG1.TGR4, 0x10d2
UNC_CHA_STALL0_NO_TxR_HORZ_CRD_AD_AG1.TGR5, 0x20d2
UNC_CHA_STALL0_NO_TxR_HORZ_CRD_AD_AG1.TGR6, 0x40d2
UNC_CHA_STALL0_NO_TxR_HORZ_CRD_AD_AG1.TGR7, 0x80d2
UNC_CHA_STALL0_NO_TxR_HORZ_CRD_BL_AG0.TGR0, 0x1d4
UNC_CHA_STALL0_NO_TxR_HORZ_CRD_BL_AG0.TGR1, 0x2d4
UNC_CHA_STALL0_NO_TxR_HORZ_CRD_BL_AG0.TGR2, 0x4d4
UNC_CHA_STALL0_NO_TxR_HORZ_CRD_BL_AG0.TGR3, 0x8d4
UNC_CHA_STALL0_NO_TxR_HORZ_CRD_BL_AG0.TGR4, 0x10d4
UNC_CHA_STALL0_NO_TxR_HORZ_CRD_BL_AG0.TGR5, 0x20d4
UNC_CHA_STALL0_NO_TxR_HORZ_CRD_BL_AG0.TGR6, 0x40d4
UNC_CHA_STALL0_NO_TxR_HORZ_CRD_BL_AG0.TGR7, 0x80d4
UNC_CHA_STALL0_NO_TxR_HORZ_CRD_BL_AG1.TGR0, 0x1d6
UNC_CHA_STALL0_NO_TxR_HORZ_CRD_BL_AG1.TGR1, 0x2d6
UNC_CHA_STALL0_NO_TxR_HORZ_CRD_BL_AG1.TGR2, 0x4d6
UNC_CHA_STALL0_NO_TxR_HORZ_CRD_BL_AG1.TGR3, 0x8d6
UNC_CHA_STALL0_NO_TxR_HORZ_CRD_BL_AG1.TGR4, 0x10d6
UNC_CHA_STALL0_NO_TxR_HORZ_CRD_BL_AG1.TGR5, 0x20d6
UNC_CHA_STALL0_NO_TxR_HORZ_CRD_BL_AG1.TGR6, 0x40d6
UNC_CHA_STALL0_NO_TxR_HORZ_CRD_BL_AG1.TGR7, 0x80d6
UNC_CHA_STALL1_NO_TxR_HORZ_CRD_AD_AG0.TGR10, 0x4d1
UNC_CHA_STALL1_NO_TxR_HORZ_CRD_AD_AG0.TGR8, 0x1d1
UNC_CHA_STALL1_NO_TxR_HORZ_CRD_AD_AG0.TGR9, 0x2d1
UNC_CHA_STALL1_NO_TxR_HORZ_CRD_AD_AG1_1.TGR10, 0x4d3
UNC_CHA_STALL1_NO_TxR_HORZ_CRD_AD_AG1_1.TGR8, 0x1d3
UNC_CHA_STALL1_NO_TxR_HORZ_CRD_AD_AG1_1.TGR9, 0x2d3
UNC_CHA_STALL1_NO_TxR_HORZ_CRD_BL_AG0_1.TGR10, 0x4d5
UNC_CHA_STALL1_NO_TxR_HORZ_CRD_BL_AG0_1.TGR8, 0x1d5
UNC_CHA_STALL1_NO_TxR_HORZ_CRD_BL_AG0_1.TGR9, 0x2d5
UNC_CHA_STALL1_NO_TxR_HORZ_CRD_BL_AG1_1.TGR10, 0x4d7
UNC_CHA_STALL1_NO_TxR_HORZ_CRD_BL_AG1_1.TGR8, 0x1d7
UNC_CHA_STALL1_NO_TxR_HORZ_CRD_BL_AG1_1.TGR9, 0x2d7
UNC_CHA_TOR_INSERTS.ALL, 0xc001ffff35
UNC_CHA_TOR_INSERTS.DDR, 0x35
UNC_CHA_TOR_INSERTS.DDR4, 0x35
UNC_CHA_TOR_INSERTS.EVICT, 0x235
UNC_CHA_TOR_INSERTS.HIT, 0x35
UNC_CHA_TOR_INSERTS.IA, 0xc001ff0135
UNC_CHA_TOR_INSERTS.IA_CLFLUSH, 0xc8c7ff0135
UNC_CHA_TOR_INSERTS.IA_CLFLUSHOPT, 0xc8d7ff0135
UNC_CHA_TOR_INSERTS.IA_CRD, 0xc80fff0135
UNC_CHA_TOR_INSERTS.IA_CRD_PREF, 0xc88fff0135
UNC_CHA_TOR_INSERTS.IA_DRDPTE, 0xc837ff0135
UNC_CHA_TOR_INSERTS.IA_DRD_OPT, 0xc827ff0135
UNC_CHA_TOR_INSERTS.IA_DRD_OPT_PREF, 0xc8a7ff0135
UNC_CHA_TOR_INSERTS.IA_HIT, 0xc001fd0135
UNC_CHA_TOR_INSERTS.IA_HIT_CRD, 0xc80ffd0135
UNC_CHA_TOR_INSERTS.IA_HIT_CRD_PREF, 0xc88ffd0135
UNC_CHA_TOR_INSERTS.IA_HIT_DRDPTE, 0xc837fd0135
UNC_CHA_TOR_INSERTS.IA_HIT_DRD_OPT, 0xc827fd0135
UNC_CHA_TOR_INSERTS.IA_HIT_DRD_OPT_PREF, 0xc8a7fd0135
UNC_CHA_TOR_INSERTS.IA_HIT_RFO, 0xc807fd0135
UNC_CHA_TOR_INSERTS.IA_HIT_RFO_PREF, 0xc887fd0135
UNC_CHA_TOR_INSERTS.IA_MISS, 0xc001fe0135
UNC_CHA_TOR_INSERTS.IA_MISS_CRD, 0xc80ffe0135
UNC_CHA_TOR_INSERTS.IA_MISS_CRD_PREF, 0xc88ffe0135
UNC_CHA_TOR_INSERTS.IA_MISS_DRDPTE, 0xc837fe0135
UNC_CHA_TOR_INSERTS.IA_MISS_DRD_OPT, 0xc827fe0135
UNC_CHA_TOR_INSERTS.IA_MISS_DRD_OPT_PREF, 0xc8a7fe0135
UNC_CHA_TOR_INSERTS.IA_MISS_FULL_STREAMING_WR, 0xc867fe0135
UNC_CHA_TOR_INSERTS.IA_MISS_PARTIAL_STREAMING_WR, 0xc86ffe0135
UNC_CHA_TOR_INSERTS.IA_MISS_RFO, 0xc807fe0135
UNC_CHA_TOR_INSERTS.IA_MISS_RFO_PREF, 0xc887fe0135
UNC_CHA_TOR_INSERTS.IA_MISS_UCRDF, 0xc877de0135
UNC_CHA_TOR_INSERTS.IA_MISS_WCIL, 0xc86ffe0135
UNC_CHA_TOR_INSERTS.IA_MISS_WCILF, 0xc867fe0135
UNC_CHA_TOR_INSERTS.IA_MISS_WIL, 0xc87fde0135
UNC_CHA_TOR_INSERTS.IA_RFO, 0xc807ff0135
UNC_CHA_TOR_INSERTS.IA_RFO_PREF, 0xc887ff0135
UNC_CHA_TOR_INSERTS.IA_WBEFTOE, 0xcc3fff0135
UNC_CHA_TOR_INSERTS.IA_WBEFTOI, 0xcc37ff0135
UNC_CHA_TOR_INSERTS.IA_WBMTOE, 0xcc2fff0135
UNC_CHA_TOR_INSERTS.IA_WBMTOI, 0xcc27ff0135
UNC_CHA_TOR_INSERTS.IA_WBSTOI, 0xcc67ff0135
UNC_CHA_TOR_INSERTS.IA_WCIL, 0xc86fff0135
UNC_CHA_TOR_INSERTS.IA_WCILF, 0xc867ff0135
UNC_CHA_TOR_INSERTS.IO, 0xc001ff0435
UNC_CHA_TOR_INSERTS.IO_CLFLUSH, 0xc8c3ff0435
UNC_CHA_TOR_INSERTS.IO_HIT, 0xc001fd0435
UNC_CHA_TOR_INSERTS.IO_HIT_ITOM, 0xcc43fd0435
UNC_CHA_TOR_INSERTS.IO_HIT_ITOMCACHENEAR, 0xcd43fd0435
UNC_CHA_TOR_INSERTS.IO_HIT_PCIRDCUR, 0xc8f3fd0435
UNC_CHA_TOR_INSERTS.IO_HIT_RFO, 0xc803fd0435
UNC_CHA_TOR_INSERTS.IO_ITOM, 0xcc43ff0435
UNC_CHA_TOR_INSERTS.IO_ITOMCACHENEAR, 0xcd43ff0435
UNC_CHA_TOR_INSERTS.IO_MISS, 0xc001fe0435
UNC_CHA_TOR_INSERTS.IO_MISS_ITOM, 0xcc43fe0435
UNC_CHA_TOR_INSERTS.IO_MISS_ITOMCACHENEAR, 0xcd43fe0435
UNC_CHA_TOR_INSERTS.IO_MISS_PCIRDCUR, 0xc8f3fe0435
UNC_CHA_TOR_INSERTS.IO_MISS_RFO, 0xc803fe0435
UNC_CHA_TOR_INSERTS.IO_PCIRDCUR, 0xc8f3ff0435
UNC_CHA_TOR_INSERTS.IO_RFO, 0xc803ff0435
UNC_CHA_TOR_INSERTS.IO_WBMTOI, 0xcc23ff0435
UNC_CHA_TOR_INSERTS.IRQ_IA, 0x135
UNC_CHA_TOR_INSERTS.IRQ_NON_IA, 0x1035
UNC_CHA_TOR_INSERTS.ISOC, 0x35
UNC_CHA_TOR_INSERTS.LOCAL_TGT, 0x35
UNC_CHA_TOR_INSERTS.LOC_ALL, 0xc000ff0535
UNC_CHA_TOR_INSERTS.LOC_IA, 0xc000ff0135
UNC_CHA_TOR_INSERTS.LOC_IO, 0xc000ff0435
UNC_CHA_TOR_INSERTS.MATCH_OPC, 0x35
UNC_CHA_TOR_INSERTS.MISS, 0x35
UNC_CHA_TOR_INSERTS.MMCFG, 0x35
UNC_CHA_TOR_INSERTS.NEARMEM, 0x35
UNC_CHA_TOR_INSERTS.NONCOH, 0x35
UNC_CHA_TOR_INSERTS.NOT_NEARMEM, 0x35
UNC_CHA_TOR_INSERTS.PREMORPH_OPC, 0x35
UNC_CHA_TOR_INSERTS.PRQ_IOSF, 0x435
UNC_CHA_TOR_INSERTS.PRQ_NON_IOSF, 0x2035
UNC_CHA_TOR_OCCUPANCY.DDR, 0x36
UNC_CHA_TOR_OCCUPANCY.EVICT, 0x236
UNC_CHA_TOR_OCCUPANCY.HIT, 0x36
UNC_CHA_TOR_OCCUPANCY.IA, 0xc001ff0136
UNC_CHA_TOR_OCCUPANCY.IA_CLFLUSH, 0xc8c7ff0136
UNC_CHA_TOR_OCCUPANCY.IA_CLFLUSHOPT, 0xc8d7ff0136
UNC_CHA_TOR_OCCUPANCY.IA_CRD, 0xc80fff0136
UNC_CHA_TOR_OCCUPANCY.IA_CRD_PREF, 0xc88fff0136
UNC_CHA_TOR_OCCUPANCY.IA_DRDPTE, 0xc837ff0136
UNC_CHA_TOR_OCCUPANCY.IA_DRD_OPT, 0xc827ff0136
UNC_CHA_TOR_OCCUPANCY.IA_DRD_OPT_PREF, 0xc8a7ff0136
UNC_CHA_TOR_OCCUPANCY.IA_HIT, 0xc001fd0136
UNC_CHA_TOR_OCCUPANCY.IA_HIT_CRD, 0xc80ffd0136
UNC_CHA_TOR_OCCUPANCY.IA_HIT_CRD_PREF, 0xc88ffd0136
UNC_CHA_TOR_OCCUPANCY.IA_HIT_DRDPTE, 0xc837fd0136
UNC_CHA_TOR_OCCUPANCY.IA_HIT_DRD_OPT, 0xc827fd0136
UNC_CHA_TOR_OCCUPANCY.IA_HIT_DRD_OPT_PREF, 0xc8a7fd0136
UNC_CHA_TOR_OCCUPANCY.IA_HIT_RFO, 0xc807fd0136
UNC_CHA_TOR_OCCUPANCY.IA_HIT_RFO_PREF, 0xc887fd0136
UNC_CHA_TOR_OCCUPANCY.IA_MISS, 0xc001fe0136
UNC_CHA_TOR_OCCUPANCY.IA_MISS_CRD, 0xc80ffe0136
UNC_CHA_TOR_OCCUPANCY.IA_MISS_CRD_PREF, 0xc88ffe0136
UNC_CHA_TOR_OCCUPANCY.IA_MISS_DRDPTE, 0xc837fe0136
UNC_CHA_TOR_OCCUPANCY.IA_MISS_DRD_OPT, 0xc827fe0136
UNC_CHA_TOR_OCCUPANCY.IA_MISS_DRD_OPT_PREF, 0xc8a7fe0136
UNC_CHA_TOR_OCCUPANCY.IA_MISS_FULL_STREAMING_WR, 0xc867fe0136
UNC_CHA_TOR_OCCUPANCY.IA_MISS_PARTIAL_STREAMING_WR, 0xc86ffe0136
UNC_CHA_TOR_OCCUPANCY.IA_MISS_RFO, 0xc807fe0136
UNC_CHA_TOR_OCCUPANCY.IA_MISS_RFO_PREF, 0xc887fe0136
UNC_CHA_TOR_OCCUPANCY.IA_MISS_UCRDF, 0xc877de0136
UNC_CHA_TOR_OCCUPANCY.IA_MISS_WCIL, 0xc86ffe0136
UNC_CHA_TOR_OCCUPANCY.IA_MISS_WCILF, 0xc867fe0136
UNC_CHA_TOR_OCCUPANCY.IA_MISS_WIL, 0xc87fde0136
UNC_CHA_TOR_OCCUPANCY.IA_RFO, 0xc807ff0136
UNC_CHA_TOR_OCCUPANCY.IA_RFO_PREF, 0xc887ff0136
UNC_CHA_TOR_OCCUPANCY.IA_WBMTOI, 0xcc27ff0136
UNC_CHA_TOR_OCCUPANCY.IA_WCIL, 0xc86fff0136
UNC_CHA_TOR_OCCUPANCY.IA_WCILF, 0xc867ff0136
UNC_CHA_TOR_OCCUPANCY.IO, 0xc001ff0436
UNC_CHA_TOR_OCCUPANCY.IO_CLFLUSH, 0xc8c3ff0436
UNC_CHA_TOR_OCCUPANCY.IO_HIT, 0xc001fd0436
UNC_CHA_TOR_OCCUPANCY.IO_HIT_ITOM, 0xcc43fd0436
UNC_CHA_TOR_OCCUPANCY.IO_HIT_ITOMCACHENEAR, 0xcd43fd0436
UNC_CHA_TOR_OCCUPANCY.IO_HIT_PCIRDCUR, 0xc8f3fd0436
UNC_CHA_TOR_OCCUPANCY.IO_HIT_RFO, 0xc803fd0436
UNC_CHA_TOR_OCCUPANCY.IO_ITOM, 0xcc43ff0436
UNC_CHA_TOR_OCCUPANCY.IO_ITOMCACHENEAR, 0xcd43ff0436
UNC_CHA_TOR_OCCUPANCY.IO_MISS, 0xc001fe0436
UNC_CHA_TOR_OCCUPANCY.IO_MISS_ITOM, 0xcc43fe0436
UNC_CHA_TOR_OCCUPANCY.IO_MISS_ITOMCACHENEAR, 0xcd43fe0436
UNC_CHA_TOR_OCCUPANCY.IO_MISS_PCIRDCUR, 0xc8f3fe0436
UNC_CHA_TOR_OCCUPANCY.IO_MISS_RFO, 0xc803fe0436
UNC_CHA_TOR_OCCUPANCY.IO_PCIRDCUR, 0xc8f3ff0436
UNC_CHA_TOR_OCCUPANCY.IO_RFO, 0xc803ff0436
UNC_CHA_TOR_OCCUPANCY.IO_WBMTOI, 0xcc23ff0436
UNC_CHA_TOR_OCCUPANCY.IRQ_IA, 0x136
UNC_CHA_TOR_OCCUPANCY.IRQ_NON_IA, 0x1036
UNC_CHA_TOR_OCCUPANCY.ISOC, 0x36
UNC_CHA_TOR_OCCUPANCY.LOCAL_TGT, 0x36
UNC_CHA_TOR_OCCUPANCY.LOC_ALL, 0xc000ff0536
UNC_CHA_TOR_OCCUPANCY.LOC_IA, 0xc000ff0136
UNC_CHA_TOR_OCCUPANCY.LOC_IO, 0xc000ff0436
UNC_CHA_TOR_OCCUPANCY.MATCH_OPC, 0x36
UNC_CHA_TOR_OCCUPANCY.MISS, 0x36
UNC_CHA_TOR_OCCUPANCY.MMCFG, 0x36
UNC_CHA_TOR_OCCUPANCY.NEARMEM, 0x36
UNC_CHA_TOR_OCCUPANCY.NONCOH, 0x36
UNC_CHA_TOR_OCCUPANCY.NOT_NEARMEM, 0x36
UNC_CHA_TOR_OCCUPANCY.PREMORPH_OPC, 0x36
UNC_CHA_TOR_OCCUPANCY.PRQ, 0x436
UNC_CHA_TOR_OCCUPANCY.PRQ_NON_IOSF, 0x2036
UNC_CHA_TxR_HORZ_ADS_USED.AD_ALL, 0x11a6
UNC_CHA_TxR_HORZ_ADS_USED.AD_CRD, 0x10a6
UNC_CHA_TxR_HORZ_ADS_USED.AD_UNCRD, 0x1a6
UNC_CHA_TxR_HORZ_ADS_USED.BL_ALL, 0x44a6
UNC_CHA_TxR_HORZ_ADS_USED.BL_CRD, 0x40a6
UNC_CHA_TxR_HORZ_ADS_USED.BL_UNCRD, 0x4a6
UNC_CHA_TxR_HORZ_BYPASS.AD_ALL, 0x11a7
UNC_CHA_TxR_HORZ_BYPASS.AD_CRD, 0x10a7
UNC_CHA_TxR_HORZ_BYPASS.AD_UNCRD, 0x1a7
UNC_CHA_TxR_HORZ_BYPASS.AK, 0x2a7
UNC_CHA_TxR_HORZ_BYPASS.AKC_UNCRD, 0x80a7
UNC_CHA_TxR_HORZ_BYPASS.BL_ALL, 0x44a7
UNC_CHA_TxR_HORZ_BYPASS.BL_CRD, 0x40a7
UNC_CHA_TxR_HORZ_BYPASS.BL_UNCRD, 0x4a7
UNC_CHA_TxR_HORZ_BYPASS.IV, 0x8a7
UNC_CHA_TxR_HORZ_CYCLES_FULL.AD_ALL, 0x11a2
UNC_CHA_TxR_HORZ_CYCLES_FULL.AD_CRD, 0x10a2
UNC_CHA_TxR_HORZ_CYCLES_FULL.AD_UNCRD, 0x1a2
UNC_CHA_TxR_HORZ_CYCLES_FULL.AK, 0x2a2
UNC_CHA_TxR_HORZ_CYCLES_FULL.AKC_UNCRD, 0x80a2
UNC_CHA_TxR_HORZ_CYCLES_FULL.BL_ALL, 0x44a2
UNC_CHA_TxR_HORZ_CYCLES_FULL.BL_CRD, 0x40a2
UNC_CHA_TxR_HORZ_CYCLES_FULL.BL_UNCRD, 0x4a2
UNC_CHA_TxR_HORZ_CYCLES_FULL.IV, 0x8a2
UNC_CHA_TxR_HORZ_CYCLES_NE.AD_ALL, 0x11a3
UNC_CHA_TxR_HORZ_CYCLES_NE.AD_CRD, 0x10a3
UNC_CHA_TxR_HORZ_CYCLES_NE.AD_UNCRD, 0x1a3
UNC_CHA_TxR_HORZ_CYCLES_NE.AK, 0x2a3
UNC_CHA_TxR_HORZ_CYCLES_NE.AKC_UNCRD, 0x80a3
UNC_CHA_TxR_HORZ_CYCLES_NE.BL_ALL, 0x44a3
UNC_CHA_TxR_HORZ_CYCLES_NE.BL_CRD, 0x40a3
UNC_CHA_TxR_HORZ_CYCLES_NE.BL_UNCRD, 0x4a3
UNC_CHA_TxR_HORZ_CYCLES_NE.IV, 0x8a3
UNC_CHA_TxR_HORZ_INSERTS.AD_ALL, 0x11a1
UNC_CHA_TxR_HORZ_INSERTS.AD_CRD, 0x10a1
UNC_CHA_TxR_HORZ_INSERTS.AD_UNCRD, 0x1a1
UNC_CHA_TxR_HORZ_INSERTS.AK, 0x2a1
UNC_CHA_TxR_HORZ_INSERTS.AKC_UNCRD, 0x80a1
UNC_CHA_TxR_HORZ_INSERTS.BL_ALL, 0x44a1
UNC_CHA_TxR_HORZ_INSERTS.BL_CRD, 0x40a1
UNC_CHA_TxR_HORZ_INSERTS.BL_UNCRD, 0x4a1
UNC_CHA_TxR_HORZ_INSERTS.IV, 0x8a1
UNC_CHA_TxR_HORZ_NACK.AD_ALL, 0x11a4
UNC_CHA_TxR_HORZ_NACK.AD_CRD, 0x10a4
UNC_CHA_TxR_HORZ_NACK.AD_UNCRD, 0x1a4
UNC_CHA_TxR_HORZ_NACK.AK, 0x2a4
UNC_CHA_TxR_HORZ_NACK.AKC_UNCRD, 0x80a4
UNC_CHA_TxR_HORZ_NACK.BL_ALL, 0x44a4
UNC_CHA_TxR_HORZ_NACK.BL_CRD, 0x40a4
UNC_CHA_TxR_HORZ_NACK.BL_UNCRD, 0x4a4
UNC_CHA_TxR_HORZ_NACK.IV, 0x8a4
UNC_CHA_TxR_HORZ_OCCUPANCY.AD_ALL, 0x11a0
UNC_CHA_TxR_HORZ_OCCUPANCY.AD_CRD, 0x10a0
UNC_CHA_TxR_HORZ_OCCUPANCY.AD_UNCRD, 0x1a0
UNC_CHA_TxR_HORZ_OCCUPANCY.AK, 0x2a0
UNC_CHA_TxR_HORZ_OCCUPANCY.AKC_UNCRD, 0x80a0
UNC_CHA_TxR_HORZ_OCCUPANCY.BL_ALL, 0x44a0
UNC_CHA_TxR_HORZ_OCCUPANCY.BL_CRD, 0x40a0
UNC_CHA_TxR_HORZ_OCCUPANCY.BL_UNCRD, 0x4a0
UNC_CHA_TxR_HORZ_OCCUPANCY.IV, 0x8a0
UNC_CHA_TxR_HORZ_STARVED.AD_ALL, 0x1a5
UNC_CHA_TxR_HORZ_STARVED.AD_UNCRD, 0x1a5
UNC_CHA_TxR_HORZ_STARVED.AK, 0x2a5
UNC_CHA_TxR_HORZ_STARVED.AKC_UNCRD, 0x80a5
UNC_CHA_TxR_HORZ_STARVED.BL_ALL, 0x4a5
UNC_CHA_TxR_HORZ_STARVED.BL_UNCRD, 0x4a5
UNC_CHA_TxR_HORZ_STARVED.IV, 0x8a5
UNC_CHA_TxR_VERT_ADS_USED.AD_AG0, 0x19c
UNC_CHA_TxR_VERT_ADS_USED.AD_AG1, 0x109c
UNC_CHA_TxR_VERT_ADS_USED.BL_AG0, 0x49c
UNC_CHA_TxR_VERT_ADS_USED.BL_AG1, 0x409c
UNC_CHA_TxR_VERT_BYPASS.AD_AG0, 0x19d
UNC_CHA_TxR_VERT_BYPASS.AD_AG1, 0x109d
UNC_CHA_TxR_VERT_BYPASS.AK_AG0, 0x29d
UNC_CHA_TxR_VERT_BYPASS.AK_AG1, 0x209d
UNC_CHA_TxR_VERT_BYPASS.BL_AG0, 0x49d
UNC_CHA_TxR_VERT_BYPASS.BL_AG1, 0x409d
UNC_CHA_TxR_VERT_BYPASS.IV_AG1, 0x89d
UNC_CHA_TxR_VERT_BYPASS_1.AKC_AG0, 0x19e
UNC_CHA_TxR_VERT_BYPASS_1.AKC_AG1, 0x29e
UNC_CHA_TxR_VERT_CYCLES_FULL0.AD_AG0, 0x194
UNC_CHA_TxR_VERT_CYCLES_FULL0.AD_AG1, 0x1094
UNC_CHA_TxR_VERT_CYCLES_FULL0.AK_AG0, 0x294
UNC_CHA_TxR_VERT_CYCLES_FULL0.AK_AG1, 0x2094
UNC_CHA_TxR_VERT_CYCLES_FULL0.BL_AG0, 0x494
UNC_CHA_TxR_VERT_CYCLES_FULL0.BL_AG1, 0x4094
UNC_CHA_TxR_VERT_CYCLES_FULL0.IV_AG0, 0x894
UNC_CHA_TxR_VERT_CYCLES_FULL1.AKC_AG0, 0x195
UNC_CHA_TxR_VERT_CYCLES_FULL1.AKC_AG1, 0x295
UNC_CHA_TxR_VERT_CYCLES_NE0.AD_AG0, 0x196
UNC_CHA_TxR_VERT_CYCLES_NE0.AD_AG1, 0x1096
UNC_CHA_TxR_VERT_CYCLES_NE0.AK_AG0, 0x296
UNC_CHA_TxR_VERT_CYCLES_NE0.AK_AG1, 0x2096
UNC_CHA_TxR_VERT_CYCLES_NE0.BL_AG0, 0x496
UNC_CHA_TxR_VERT_CYCLES_NE0.BL_AG1, 0x4096
UNC_CHA_TxR_VERT_CYCLES_NE0.IV_AG0, 0x896
UNC_CHA_TxR_VERT_CYCLES_NE1.AKC_AG0, 0x197
UNC_CHA_TxR_VERT_CYCLES_NE1.AKC_AG1, 0x297
UNC_CHA_TxR_VERT_INSERTS0.AD_AG0, 0x192
UNC_CHA_TxR_VERT_INSERTS0.AD_AG1, 0x1092
UNC_CHA_TxR_VERT_INSERTS0.AK_AG0, 0x292
UNC_CHA_TxR_VERT_INSERTS0.AK_AG1, 0x2092
UNC_CHA_TxR_VERT_INSERTS0.BL_AG0, 0x492
UNC_CHA_TxR_VERT_INSERTS0.BL_AG1, 0x4092
UNC_CHA_TxR_VERT_INSERTS0.IV_AG0, 0x892
UNC_CHA_TxR_VERT_INSERTS1.AKC_AG0, 0x193
UNC_CHA_TxR_VERT_INSERTS1.AKC_AG1, 0x293
UNC_CHA_TxR_VERT_NACK0.AD_AG0, 0x198
UNC_CHA_TxR_VERT_NACK0.AD_AG1, 0x1098
UNC_CHA_TxR_VERT_NACK0.AK_AG0, 0x298
UNC_CHA_TxR_VERT_NACK0.AK_AG1, 0x2098
UNC_CHA_TxR_VERT_NACK0.BL_AG0, 0x498
UNC_CHA_TxR_VERT_NACK0.BL_AG1, 0x4098
UNC_CHA_TxR_VERT_NACK0.IV_AG0, 0x898
UNC_CHA_TxR_VERT_NACK1.AKC_AG0, 0x199
UNC_CHA_TxR_VERT_NACK1.AKC_AG1, 0x299
UNC_CHA_TxR_VERT_OCCUPANCY0.AD_AG0, 0x190
UNC_CHA_TxR_VERT_OCCUPANCY0.AD_AG1, 0x1090
UNC_CHA_TxR_VERT_OCCUPANCY0.AK_AG0, 0x290
UNC_CHA_TxR_VERT_OCCUPANCY0.AK_AG1, 0x2090
UNC_CHA_TxR_VERT_OCCUPANCY0.BL_AG0, 0x490
UNC_CHA_TxR_VERT_OCCUPANCY0.BL_AG1, 0x4090
UNC_CHA_TxR_VERT_OCCUPANCY0.IV_AG0, 0x890
UNC_CHA_TxR_VERT_OCCUPANCY1.AKC_AG0, 0x191
UNC_CHA_TxR_VERT_OCCUPANCY1.AKC_AG1, 0x291
UNC_CHA_TxR_VERT_STARVED0.AD_AG0, 0x19a
UNC_CHA_TxR_VERT_STARVED0.AD_AG1, 0x109a
UNC_CHA_TxR_VERT_STARVED0.AK_AG0, 0x29a
UNC_CHA_TxR_VERT_STARVED0.AK_AG1, 0x209a
UNC_CHA_TxR_VERT_STARVED0.BL_AG0, 0x49a
UNC_CHA_TxR_VERT_STARVED0.BL_AG1, 0x409a
UNC_CHA_TxR_VERT_STARVED0.IV_AG0, 0x89a
UNC_CHA_TxR_VERT_STARVED1.AKC_AG0, 0x19b
UNC_CHA_TxR_VERT_STARVED1.AKC_AG1, 0x29b
UNC_CHA_TxR_VERT_STARVED1.TGC, 0x49b
UNC_CHA_VERT_RING_AD_IN_USE.DN_EVEN, 0x4b0
UNC_CHA_VERT_RING_AD_IN_USE.DN_ODD, 0x8b0
UNC_CHA_VERT_RING_AD_IN_USE.UP_EVEN, 0x1b0
UNC_CHA_VERT_RING_AD_IN_USE.UP_ODD, 0x2b0
UNC_CHA_VERT_RING_AKC_IN_USE.DN_EVEN, 0x4b4
UNC_CHA_VERT_RING_AKC_IN_USE.DN_ODD, 0x8b4
UNC_CHA_VERT_RING_AKC_IN_USE.UP_EVEN, 0x1b4
UNC_CHA_VERT_RING_AKC_IN_USE.UP_ODD, 0x2b4
UNC_CHA_VERT_RING_AK_IN_USE.DN_EVEN, 0x4b1
UNC_CHA_VERT_RING_AK_IN_USE.DN_ODD, 0x8b1
UNC_CHA_VERT_RING_AK_IN_USE.UP_EVEN, 0x1b1
UNC_CHA_VERT_RING_AK_IN_USE.UP_ODD, 0x2b1
UNC_CHA_VERT_RING_BL_IN_USE.DN_EVEN, 0x4b2
UNC_CHA_VERT_RING_BL_IN_USE.DN_ODD, 0x8b2
UNC_CHA_VERT_RING_BL_IN_USE.UP_EVEN, 0x1b2
UNC_CHA_VERT_RING_BL_IN_USE.UP_ODD, 0x2b2
UNC_CHA_VERT_RING_IV_IN_USE.DN, 0x4b3
UNC_CHA_VERT_RING_IV_IN_USE.UP, 0x1b3
UNC_CHA_VERT_RING_TGC_IN_USE.DN_EVEN, 0x4b5
UNC_CHA_VERT_RING_TGC_IN_USE.DN_ODD, 0x8b5
UNC_CHA_VERT_RING_TGC_IN_USE.UP_EVEN, 0x1b5
UNC_CHA_VERT_RING_TGC_IN_USE.UP_ODD, 0x2b5
UNC_CHA_WB_PUSH_MTOI.LLC, 0x156
UNC_CHA_WB_PUSH_MTOI.MEM, 0x256
UNC_CHA_WRITE_NO_CREDITS.MC0, 0x15a
UNC_CHA_WRITE_NO_CREDITS.MC1, 0x25a
UNC_CHA_WRITE_NO_CREDITS.MC10, 0x5a
UNC_CHA_WRITE_NO_CREDITS.MC11, 0x5a
UNC_CHA_WRITE_NO_CREDITS.MC12, 0x5a
UNC_CHA_WRITE_NO_CREDITS.MC13, 0x5a
UNC_CHA_WRITE_NO_CREDITS.MC2, 0x45a
UNC_CHA_WRITE_NO_CREDITS.MC3, 0x85a
UNC_CHA_WRITE_NO_CREDITS.MC4, 0x105a
UNC_CHA_WRITE_NO_CREDITS.MC5, 0x205a
UNC_CHA_WRITE_NO_CREDITS.MC6, 0x405a
UNC_CHA_WRITE_NO_CREDITS.MC7, 0x805a
UNC_CHA_WRITE_NO_CREDITS.MC8, 0x5a
UNC_CHA_WRITE_NO_CREDITS.MC9, 0x5a
UNC_CHA_XPT_PREF.DROP0_CONFLICT, 0x86f
UNC_CHA_XPT_PREF.DROP0_NOCRD, 0x46f
UNC_CHA_XPT_PREF.DROP1_CONFLICT, 0x806f
UNC_CHA_XPT_PREF.DROP1_NOCRD, 0x406f
UNC_CHA_XPT_PREF.SENT0, 0x16f
UNC_CHA_XPT_PREF.SENT1, 0x106f
BUS_LOCK.ALL, 0x63
BUS_LOCK.BLOCK_CYCLES, 0x263
BUS_LOCK.CYCLES_OTHER_BLOCK, 0x263
BUS_LOCK.CYCLES_SELF_BLOCK, 0x163
BUS_LOCK.LOCK_CYCLES, 0x163
BUS_LOCK.SELF_LOCKS, 0x63
C0_STALLS.LOAD_DRAM_HIT, 0x434
C0_STALLS.LOAD_L2_HIT, 0x134
C0_STALLS.LOAD_LLC_HIT, 0x234
HW_INTERRUPTS.MASKED, 0x2cb
HW_INTERRUPTS.PENDING_AND_MASKED, 0x4cb
HW_INTERRUPTS.RECEIVED, 0x1cb
OCR.ALL_CODE_RD.ANY_RESPONSE, 0x1b7
OCR.ALL_CODE_RD.OUTSTANDING, 0x1b7
OCR.FULL_STREAMING_WR.ANY_RESPONSE, 0x1b7
OCR.OTHER.ANY_RESPONSE, 0x1b7
OCR.PARTIAL_STREAMING_WR.ANY_RESPONSE, 0x1b7
OCR.PREFETCHES.ANY_RESPONSE, 0x1b7
OCR.STREAMING_WR.ANY_RESPONSE, 0x1b7
OCR.UC_RD.ANY_RESPONSE, 0x1b7
OCR.UC_RD.OUTSTANDING, 0x1b7
OCR.UC_WR.ANY_RESPONSE, 0x1b7
BACLEARS.ANY, 0x1e6
BACLEARS.COND, 0x10e6
BACLEARS.INDIRECT, 0x2e6
BACLEARS.RETURN, 0x8e6
BACLEARS.UNCOND, 0x4e6
DECODE_RESTRICTION.PREDECODE_WRONG, 0x1e9
ICACHE.ACCESSES, 0x380
ICACHE.HIT, 0x180
ICACHE.MISSES, 0x280
UNC_I_CACHE_TOTAL_OCCUPANCY.ANY, 0x10f
UNC_I_CACHE_TOTAL_OCCUPANCY.IV_Q, 0x20f
UNC_I_CACHE_TOTAL_OCCUPANCY.MEM, 0x40f
UNC_I_CLOCKTICKS, 0x1
UNC_I_COHERENT_OPS.CLFLUSH, 0x8010
UNC_I_COHERENT_OPS.PCITOM, 0x1010
UNC_I_COHERENT_OPS.RFO, 0x810
UNC_I_COHERENT_OPS.WBMTOI, 0x4010
UNC_I_FAF_FULL, 0x17
UNC_I_FAF_INSERTS, 0x18
UNC_I_FAF_OCCUPANCY, 0x19
UNC_I_FAF_TRANSACTIONS, 0x16
UNC_I_IRP_ALL.EVICTS, 0x420
UNC_I_IRP_ALL.INBOUND_INSERTS, 0x120
UNC_I_IRP_ALL.OUTBOUND_INSERTS, 0x220
UNC_I_MISC0.2ND_ATOMIC_INSERT, 0x101e
UNC_I_MISC0.2ND_RD_INSERT, 0x41e
UNC_I_MISC0.2ND_WR_INSERT, 0x81e
UNC_I_MISC0.FAST_REJ, 0x21e
UNC_I_MISC0.FAST_REQ, 0x11e
UNC_I_MISC0.FAST_XFER, 0x201e
UNC_I_MISC0.PF_ACK_HINT, 0x401e
UNC_I_MISC0.SLOWPATH_FWPF_NO_PRF, 0x801e
UNC_I_MISC1.LOST_FWD, 0x101f
UNC_I_MISC1.SEC_RCVD_INVLD, 0x201f
UNC_I_MISC1.SEC_RCVD_VLD, 0x401f
UNC_I_MISC1.SLOW_E, 0x41f
UNC_I_MISC1.SLOW_I, 0x11f
UNC_I_MISC1.SLOW_M, 0x81f
UNC_I_MISC1.SLOW_S, 0x21f
UNC_I_P2P_INSERTS, 0x14
UNC_I_P2P_OCCUPANCY, 0x15
UNC_I_P2P_TRANSACTIONS.CMPL, 0x813
UNC_I_P2P_TRANSACTIONS.LOC, 0x4013
UNC_I_P2P_TRANSACTIONS.LOC_AND_TGT_MATCH, 0x8013
UNC_I_P2P_TRANSACTIONS.MSG, 0x413
UNC_I_P2P_TRANSACTIONS.RD, 0x113
UNC_I_P2P_TRANSACTIONS.REM, 0x1013
UNC_I_P2P_TRANSACTIONS.REM_AND_TGT_MATCH, 0x2013
UNC_I_P2P_TRANSACTIONS.WR, 0x213
UNC_I_SNOOP_RESP.ALL_HIT, 0x7e12
UNC_I_SNOOP_RESP.ALL_HIT_ES, 0x7412
UNC_I_SNOOP_RESP.ALL_HIT_I, 0x7212
UNC_I_SNOOP_RESP.ALL_HIT_M, 0x7812
UNC_I_SNOOP_RESP.ALL_MISS, 0x7112
UNC_I_SNOOP_RESP.HIT_ES, 0x412
UNC_I_SNOOP_RESP.HIT_I, 0x212
UNC_I_SNOOP_RESP.HIT_M, 0x812
UNC_I_SNOOP_RESP.MISS, 0x112
UNC_I_SNOOP_RESP.SNPCODE, 0x1012
UNC_I_SNOOP_RESP.SNPDATA, 0x2012
UNC_I_SNOOP_RESP.SNPINV, 0x4012
UNC_I_TRANSACTIONS.ATOMIC, 0x1011
UNC_I_TRANSACTIONS.OTHER, 0x2011
UNC_I_TRANSACTIONS.WRITES, 0x211
UNC_I_TRANSACTIONS.WR_PREF, 0x811
UNC_I_TxC_AK_INSERTS, 0xb
UNC_I_TxC_BL_DRS_CYCLES_FULL, 0x5
UNC_I_TxC_BL_DRS_INSERTS, 0x2
UNC_I_TxC_BL_DRS_OCCUPANCY, 0x8
UNC_I_TxC_BL_NCB_CYCLES_FULL, 0x6
UNC_I_TxC_BL_NCB_INSERTS, 0x3
UNC_I_TxC_BL_NCB_OCCUPANCY, 0x9
UNC_I_TxC_BL_NCS_CYCLES_FULL, 0x7
UNC_I_TxC_BL_NCS_INSERTS, 0x4
UNC_I_TxC_BL_NCS_OCCUPANCY, 0xa
UNC_I_TxR2_AD01_STALL_CREDIT_CYCLES, 0x1c
UNC_I_TxR2_AD0_STALL_CREDIT_CYCLES, 0x1a
UNC_I_TxR2_AD1_STALL_CREDIT_CYCLES, 0x1b
UNC_I_TxR2_BL_STALL_CREDIT_CYCLES, 0x1d
UNC_I_TxS_DATA_INSERTS_NCB, 0xd
UNC_I_TxS_DATA_INSERTS_NCS, 0xe
UNC_I_TxS_REQUEST_OCCUPANCY, 0xc
UNC_M2M_AG0_AD_CRD_ACQUIRED0.TGR0, 0x180
UNC_M2M_AG0_AD_CRD_ACQUIRED0.TGR1, 0x280
UNC_M2M_AG0_AD_CRD_ACQUIRED0.TGR2, 0x480
UNC_M2M_AG0_AD_CRD_ACQUIRED0.TGR3, 0x880
UNC_M2M_AG0_AD_CRD_ACQUIRED0.TGR4, 0x1080
UNC_M2M_AG0_AD_CRD_ACQUIRED0.TGR5, 0x2080
UNC_M2M_AG0_AD_CRD_ACQUIRED0.TGR6, 0x4080
UNC_M2M_AG0_AD_CRD_ACQUIRED0.TGR7, 0x8080
UNC_M2M_AG0_AD_CRD_ACQUIRED1.TGR10, 0x481
UNC_M2M_AG0_AD_CRD_ACQUIRED1.TGR8, 0x181
UNC_M2M_AG0_AD_CRD_ACQUIRED1.TGR9, 0x281
UNC_M2M_AG0_AD_CRD_OCCUPANCY0.TGR0, 0x182
UNC_M2M_AG0_AD_CRD_OCCUPANCY0.TGR1, 0x282
UNC_M2M_AG0_AD_CRD_OCCUPANCY0.TGR2, 0x482
UNC_M2M_AG0_AD_CRD_OCCUPANCY0.TGR3, 0x882
UNC_M2M_AG0_AD_CRD_OCCUPANCY0.TGR4, 0x1082
UNC_M2M_AG0_AD_CRD_OCCUPANCY0.TGR5, 0x2082
UNC_M2M_AG0_AD_CRD_OCCUPANCY0.TGR6, 0x4082
UNC_M2M_AG0_AD_CRD_OCCUPANCY0.TGR7, 0x8082
UNC_M2M_AG0_AD_CRD_OCCUPANCY1.TGR10, 0x483
UNC_M2M_AG0_AD_CRD_OCCUPANCY1.TGR8, 0x183
UNC_M2M_AG0_AD_CRD_OCCUPANCY1.TGR9, 0x283
UNC_M2M_AG0_BL_CRD_ACQUIRED0.TGR0, 0x188
UNC_M2M_AG0_BL_CRD_ACQUIRED0.TGR1, 0x288
UNC_M2M_AG0_BL_CRD_ACQUIRED0.TGR2, 0x488
UNC_M2M_AG0_BL_CRD_ACQUIRED0.TGR3, 0x888
UNC_M2M_AG0_BL_CRD_ACQUIRED0.TGR4, 0x1088
UNC_M2M_AG0_BL_CRD_ACQUIRED0.TGR5, 0x2088
UNC_M2M_AG0_BL_CRD_ACQUIRED0.TGR6, 0x4088
UNC_M2M_AG0_BL_CRD_ACQUIRED0.TGR7, 0x8088
UNC_M2M_AG0_BL_CRD_ACQUIRED1.TGR10, 0x489
UNC_M2M_AG0_BL_CRD_ACQUIRED1.TGR8, 0x189
UNC_M2M_AG0_BL_CRD_ACQUIRED1.TGR9, 0x289
UNC_M2M_AG0_BL_CRD_OCCUPANCY0.TGR0, 0x18a
UNC_M2M_AG0_BL_CRD_OCCUPANCY0.TGR1, 0x28a
UNC_M2M_AG0_BL_CRD_OCCUPANCY0.TGR2, 0x48a
UNC_M2M_AG0_BL_CRD_OCCUPANCY0.TGR3, 0x88a
UNC_M2M_AG0_BL_CRD_OCCUPANCY0.TGR4, 0x108a
UNC_M2M_AG0_BL_CRD_OCCUPANCY0.TGR5, 0x208a
UNC_M2M_AG0_BL_CRD_OCCUPANCY0.TGR6, 0x408a
UNC_M2M_AG0_BL_CRD_OCCUPANCY0.TGR7, 0x808a
UNC_M2M_AG0_BL_CRD_OCCUPANCY1.TGR10, 0x48b
UNC_M2M_AG0_BL_CRD_OCCUPANCY1.TGR8, 0x18b
UNC_M2M_AG0_BL_CRD_OCCUPANCY1.TGR9, 0x28b
UNC_M2M_AG1_AD_CRD_ACQUIRED0.TGR0, 0x184
UNC_M2M_AG1_AD_CRD_ACQUIRED0.TGR1, 0x284
UNC_M2M_AG1_AD_CRD_ACQUIRED0.TGR2, 0x484
UNC_M2M_AG1_AD_CRD_ACQUIRED0.TGR3, 0x884
UNC_M2M_AG1_AD_CRD_ACQUIRED0.TGR4, 0x1084
UNC_M2M_AG1_AD_CRD_ACQUIRED0.TGR5, 0x2084
UNC_M2M_AG1_AD_CRD_ACQUIRED0.TGR6, 0x4084
UNC_M2M_AG1_AD_CRD_ACQUIRED0.TGR7, 0x8084
UNC_M2M_AG1_AD_CRD_ACQUIRED1.TGR10, 0x485
UNC_M2M_AG1_AD_CRD_ACQUIRED1.TGR8, 0x185
UNC_M2M_AG1_AD_CRD_ACQUIRED1.TGR9, 0x285
UNC_M2M_AG1_AD_CRD_OCCUPANCY0.TGR0, 0x186
UNC_M2M_AG1_AD_CRD_OCCUPANCY0.TGR1, 0x286
UNC_M2M_AG1_AD_CRD_OCCUPANCY0.TGR2, 0x486
UNC_M2M_AG1_AD_CRD_OCCUPANCY0.TGR3, 0x886
UNC_M2M_AG1_AD_CRD_OCCUPANCY0.TGR4, 0x1086
UNC_M2M_AG1_AD_CRD_OCCUPANCY0.TGR5, 0x2086
UNC_M2M_AG1_AD_CRD_OCCUPANCY0.TGR6, 0x4086
UNC_M2M_AG1_AD_CRD_OCCUPANCY0.TGR7, 0x8086
UNC_M2M_AG1_AD_CRD_OCCUPANCY1.TGR10, 0x487
UNC_M2M_AG1_AD_CRD_OCCUPANCY1.TGR8, 0x187
UNC_M2M_AG1_AD_CRD_OCCUPANCY1.TGR9, 0x287
UNC_M2M_AG1_BL_CRD_ACQUIRED0.TGR0, 0x18c
UNC_M2M_AG1_BL_CRD_ACQUIRED0.TGR1, 0x28c
UNC_M2M_AG1_BL_CRD_ACQUIRED0.TGR2, 0x48c
UNC_M2M_AG1_BL_CRD_ACQUIRED0.TGR3, 0x88c
UNC_M2M_AG1_BL_CRD_ACQUIRED0.TGR4, 0x108c
UNC_M2M_AG1_BL_CRD_ACQUIRED0.TGR5, 0x208c
UNC_M2M_AG1_BL_CRD_ACQUIRED0.TGR6, 0x408c
UNC_M2M_AG1_BL_CRD_ACQUIRED0.TGR7, 0x808c
UNC_M2M_AG1_BL_CRD_ACQUIRED1.TGR10, 0x48d
UNC_M2M_AG1_BL_CRD_ACQUIRED1.TGR8, 0x18d
UNC_M2M_AG1_BL_CRD_ACQUIRED1.TGR9, 0x28d
UNC_M2M_AG1_BL_CRD_OCCUPANCY0.TGR0, 0x18e
UNC_M2M_AG1_BL_CRD_OCCUPANCY0.TGR1, 0x28e
UNC_M2M_AG1_BL_CRD_OCCUPANCY0.TGR2, 0x48e
UNC_M2M_AG1_BL_CRD_OCCUPANCY0.TGR3, 0x88e
UNC_M2M_AG1_BL_CRD_OCCUPANCY0.TGR4, 0x108e
UNC_M2M_AG1_BL_CRD_OCCUPANCY0.TGR5, 0x208e
UNC_M2M_AG1_BL_CRD_OCCUPANCY0.TGR6, 0x408e
UNC_M2M_AG1_BL_CRD_OCCUPANCY0.TGR7, 0x808e
UNC_M2M_AG1_BL_CRD_OCCUPANCY1.TGR10, 0x48f
UNC_M2M_AG1_BL_CRD_OCCUPANCY1.TGR8, 0x18f
UNC_M2M_AG1_BL_CRD_OCCUPANCY1.TGR9, 0x28f
UNC_M2M_BYPASS_M2M_EGRESS.NOT_TAKEN, 0x222
UNC_M2M_BYPASS_M2M_EGRESS.TAKEN, 0x122
UNC_M2M_BYPASS_M2M_INGRESS.NOT_TAKEN, 0x221
UNC_M2M_BYPASS_M2M_INGRESS.TAKEN, 0x121
UNC_M2M_CMS_CLOCKTICKS, 0xc0
UNC_M2M_DIRECT2CORE_NOT_TAKEN_DIRSTATE, 0x24
UNC_M2M_DIRECT2CORE_NOT_TAKEN_NOTFORKED, 0x60
UNC_M2M_DIRECT2CORE_TXN_OVERRIDE, 0x25
UNC_M2M_DISTRESS_ASSERTED.DPT_LOCAL, 0x4af
UNC_M2M_DISTRESS_ASSERTED.DPT_NONLOCAL, 0x8af
UNC_M2M_DISTRESS_ASSERTED.DPT_STALL_IV, 0x40af
UNC_M2M_DISTRESS_ASSERTED.DPT_STALL_NOCRD, 0x80af
UNC_M2M_DISTRESS_ASSERTED.HORZ, 0x2af
UNC_M2M_DISTRESS_ASSERTED.VERT, 0x1af
UNC_M2M_EGRESS_ORDERING.IV_SNOOPGO_DN, 0x4ba
UNC_M2M_EGRESS_ORDERING.IV_SNOOPGO_UP, 0x1ba
UNC_M2M_HORZ_RING_AD_IN_USE.LEFT_EVEN, 0x1b6
UNC_M2M_HORZ_RING_AD_IN_USE.LEFT_ODD, 0x2b6
UNC_M2M_HORZ_RING_AD_IN_USE.RIGHT_EVEN, 0x4b6
UNC_M2M_HORZ_RING_AD_IN_USE.RIGHT_ODD, 0x8b6
UNC_M2M_HORZ_RING_AKC_IN_USE.LEFT_EVEN, 0x1bb
UNC_M2M_HORZ_RING_AKC_IN_USE.LEFT_ODD, 0x2bb
UNC_M2M_HORZ_RING_AKC_IN_USE.RIGHT_EVEN, 0x4bb
UNC_M2M_HORZ_RING_AKC_IN_USE.RIGHT_ODD, 0x8bb
UNC_M2M_HORZ_RING_AK_IN_USE.LEFT_EVEN, 0x1b7
UNC_M2M_HORZ_RING_AK_IN_USE.LEFT_ODD, 0x2b7
UNC_M2M_HORZ_RING_AK_IN_USE.RIGHT_EVEN, 0x4b7
UNC_M2M_HORZ_RING_AK_IN_USE.RIGHT_ODD, 0x8b7
UNC_M2M_HORZ_RING_BL_IN_USE.LEFT_EVEN, 0x1b8
UNC_M2M_HORZ_RING_BL_IN_USE.LEFT_ODD, 0x2b8
UNC_M2M_HORZ_RING_BL_IN_USE.RIGHT_EVEN, 0x4b8
UNC_M2M_HORZ_RING_BL_IN_USE.RIGHT_ODD, 0x8b8
UNC_M2M_HORZ_RING_IV_IN_USE.LEFT, 0x1b9
UNC_M2M_HORZ_RING_IV_IN_USE.RIGHT, 0x4b9
UNC_M2M_IMC_READS.ALL, 0x70437
UNC_M2M_IMC_READS.CH0_ALL, 0x10437
UNC_M2M_IMC_READS.CH0_FROM_TGR, 0x14037
UNC_M2M_IMC_READS.CH0_ISOCH, 0x10237
UNC_M2M_IMC_READS.CH0_NORMAL, 0x10137
UNC_M2M_IMC_READS.CH1_ALL, 0x20437
UNC_M2M_IMC_READS.CH1_FROM_TGR, 0x24037
UNC_M2M_IMC_READS.CH1_ISOCH, 0x20237
UNC_M2M_IMC_READS.CH1_NORMAL, 0x20137
UNC_M2M_IMC_READS.FROM_TGR, 0x74037
UNC_M2M_IMC_READS.ISOCH, 0x70237
UNC_M2M_IMC_READS.NORMAL, 0x70137
UNC_M2M_IMC_WRITES.ALL, 0x1c1038
UNC_M2M_IMC_WRITES.CH0_ALL, 0x41038
UNC_M2M_IMC_WRITES.CH0_FROM_TGR, 0x38
UNC_M2M_IMC_WRITES.CH0_FULL, 0x40138
UNC_M2M_IMC_WRITES.CH0_FULL_ISOCH, 0x40438
UNC_M2M_IMC_WRITES.CH0_NI_MISS, 0x38
UNC_M2M_IMC_WRITES.CH0_PARTIAL, 0x40238
UNC_M2M_IMC_WRITES.CH0_PARTIAL_ISOCH, 0x40838
UNC_M2M_IMC_WRITES.CH1_ALL, 0x81038
UNC_M2M_IMC_WRITES.CH1_FROM_TGR, 0x38
UNC_M2M_IMC_WRITES.CH1_FULL, 0x80138
UNC_M2M_IMC_WRITES.CH1_FULL_ISOCH, 0x80438
UNC_M2M_IMC_WRITES.CH1_NI_MISS, 0x38
UNC_M2M_IMC_WRITES.CH1_PARTIAL, 0x80238
UNC_M2M_IMC_WRITES.CH1_PARTIAL_ISOCH, 0x80838
UNC_M2M_IMC_WRITES.FROM_TGR, 0x38
UNC_M2M_IMC_WRITES.FULL, 0x1c0138
UNC_M2M_IMC_WRITES.FULL_ISOCH, 0x1c0438
UNC_M2M_IMC_WRITES.NI_MISS, 0x38
UNC_M2M_IMC_WRITES.PARTIAL, 0x1c0238
UNC_M2M_IMC_WRITES.PARTIAL_ISOCH, 0x1c0838
UNC_M2M_MIRR_WRQ_INSERTS, 0x64
UNC_M2M_MIRR_WRQ_OCCUPANCY, 0x65
UNC_M2M_MISC_EXTERNAL.MBE_INST0, 0x1e6
UNC_M2M_MISC_EXTERNAL.MBE_INST1, 0x2e6
UNC_M2M_PKT_MATCH.MC, 0x24c
UNC_M2M_PKT_MATCH.MESH, 0x14c
UNC_M2M_PREFCAM_CIS_DROPS, 0x73
UNC_M2M_PREFCAM_CYCLES_FULL.ALLCH, 0x76b
UNC_M2M_PREFCAM_CYCLES_FULL.CH0, 0x16b
UNC_M2M_PREFCAM_CYCLES_FULL.CH1, 0x26b
UNC_M2M_PREFCAM_CYCLES_NE.ALLCH, 0x76c
UNC_M2M_PREFCAM_CYCLES_NE.CH0, 0x16c
UNC_M2M_PREFCAM_CYCLES_NE.CH1, 0x26c
UNC_M2M_PREFCAM_DEALLOCS.CH0_HITA0_INVAL, 0x16e
UNC_M2M_PREFCAM_DEALLOCS.CH0_HITA1_INVAL, 0x26e
UNC_M2M_PREFCAM_DEALLOCS.CH0_MISS_INVAL, 0x46e
UNC_M2M_PREFCAM_DEALLOCS.CH0_RSP_PDRESET, 0x86e
UNC_M2M_PREFCAM_DEALLOCS.CH1_HITA0_INVAL, 0x106e
UNC_M2M_PREFCAM_DEALLOCS.CH1_HITA1_INVAL, 0x206e
UNC_M2M_PREFCAM_DEALLOCS.CH1_MISS_INVAL, 0x406e
UNC_M2M_PREFCAM_DEALLOCS.CH1_RSP_PDRESET, 0x806e
UNC_M2M_PREFCAM_DEMAND_DROPS.CH0_XPT, 0x16f
UNC_M2M_PREFCAM_DEMAND_DROPS.CH1_XPT, 0x46f
UNC_M2M_PREFCAM_DEMAND_DROPS.XPT_ALLCH, 0x156f
UNC_M2M_PREFCAM_DEMAND_MERGE.CH0_XPT, 0x174
UNC_M2M_PREFCAM_DEMAND_MERGE.CH0_XPTUPI, 0x174
UNC_M2M_PREFCAM_DEMAND_MERGE.CH1_XPT, 0x474
UNC_M2M_PREFCAM_DEMAND_MERGE.CH1_XPTUPI, 0x474
UNC_M2M_PREFCAM_DEMAND_MERGE.CH2_XPTUPI, 0x1074
UNC_M2M_PREFCAM_DEMAND_MERGE.XPTUPI_ALLCH, 0x1574
UNC_M2M_PREFCAM_DEMAND_MERGE.XPT_ALLCH, 0x1574
UNC_M2M_PREFCAM_DEMAND_NO_MERGE.CH0_XPT, 0x175
UNC_M2M_PREFCAM_DEMAND_NO_MERGE.CH0_XPTUPI, 0x175
UNC_M2M_PREFCAM_DEMAND_NO_MERGE.CH1_XPT, 0x475
UNC_M2M_PREFCAM_DEMAND_NO_MERGE.CH1_XPTUPI, 0x475
UNC_M2M_PREFCAM_DEMAND_NO_MERGE.CH2_XPTUPI, 0x1075
UNC_M2M_PREFCAM_DEMAND_NO_MERGE.XPTUPI_ALLCH, 0x1575
UNC_M2M_PREFCAM_DEMAND_NO_MERGE.XPT_ALLCH, 0x1575
UNC_M2M_PREFCAM_DROP_REASONS_CH0.ERRORBLK_RxC, 0x1070
UNC_M2M_PREFCAM_DROP_REASONS_CH0.NOT_PF_SAD_REGION, 0x270
UNC_M2M_PREFCAM_DROP_REASONS_CH0.PF_AD_CRD, 0x2070
UNC_M2M_PREFCAM_DROP_REASONS_CH0.PF_CAM_FULL, 0x4070
UNC_M2M_PREFCAM_DROP_REASONS_CH0.PF_CAM_HIT, 0x470
UNC_M2M_PREFCAM_DROP_REASONS_CH0.PF_SECURE_DROP, 0x170
UNC_M2M_PREFCAM_DROP_REASONS_CH0.RPQ_PROXY, 0x70
UNC_M2M_PREFCAM_DROP_REASONS_CH0.STOP_B2B, 0x870
UNC_M2M_PREFCAM_DROP_REASONS_CH0.WPQ_PROXY, 0x8070
UNC_M2M_PREFCAM_DROP_REASONS_CH0.XPT_THRESH, 0x70
UNC_M2M_PREFCAM_DROP_REASONS_CH1.ERRORBLK_RxC, 0x1071
UNC_M2M_PREFCAM_DROP_REASONS_CH1.NOT_PF_SAD_REGION, 0x271
UNC_M2M_PREFCAM_DROP_REASONS_CH1.PF_AD_CRD, 0x2071
UNC_M2M_PREFCAM_DROP_REASONS_CH1.PF_CAM_FULL, 0x4071
UNC_M2M_PREFCAM_DROP_REASONS_CH1.PF_CAM_HIT, 0x471
UNC_M2M_PREFCAM_DROP_REASONS_CH1.PF_SECURE_DROP, 0x171
UNC_M2M_PREFCAM_DROP_REASONS_CH1.RPQ_PROXY, 0x71
UNC_M2M_PREFCAM_DROP_REASONS_CH1.STOP_B2B, 0x871
UNC_M2M_PREFCAM_DROP_REASONS_CH1.WPQ_PROXY, 0x8071
UNC_M2M_PREFCAM_DROP_REASONS_CH1.XPT_THRESH, 0x71
UNC_M2M_PREFCAM_INSERTS.CH0_XPT, 0x16d
UNC_M2M_PREFCAM_INSERTS.CH1_XPT, 0x46d
UNC_M2M_PREFCAM_INSERTS.XPT_ALLCH, 0x156d
UNC_M2M_PREFCAM_OCCUPANCY.ALLCH, 0x76a
UNC_M2M_PREFCAM_OCCUPANCY.CH0, 0x16a
UNC_M2M_PREFCAM_OCCUPANCY.CH1, 0x26a
UNC_M2M_PREFCAM_RESP_MISS.ALLCH, 0x776
UNC_M2M_PREFCAM_RESP_MISS.CH0, 0x176
UNC_M2M_PREFCAM_RESP_MISS.CH1, 0x276
UNC_M2M_PREFCAM_RxC_CYCLES_NE, 0x79
UNC_M2M_PREFCAM_RxC_DEALLOCS.1LM_POSTED, 0x27a
UNC_M2M_PREFCAM_RxC_DEALLOCS.CIS, 0x87a
UNC_M2M_PREFCAM_RxC_DEALLOCS.SQUASHED, 0x17a
UNC_M2M_PREFCAM_RxC_INSERTS, 0x78
UNC_M2M_PREFCAM_RxC_OCCUPANCY, 0x77
UNC_M2M_RING_BOUNCES_HORZ.AD, 0x1ac
UNC_M2M_RING_BOUNCES_HORZ.AK, 0x2ac
UNC_M2M_RING_BOUNCES_HORZ.BL, 0x4ac
UNC_M2M_RING_BOUNCES_HORZ.IV, 0x8ac
UNC_M2M_RING_BOUNCES_VERT.AD, 0x1aa
UNC_M2M_RING_BOUNCES_VERT.AK, 0x2aa
UNC_M2M_RING_BOUNCES_VERT.AKC, 0x10aa
UNC_M2M_RING_BOUNCES_VERT.BL, 0x4aa
UNC_M2M_RING_BOUNCES_VERT.IV, 0x8aa
UNC_M2M_RING_SINK_STARVED_HORZ.AD, 0x1ad
UNC_M2M_RING_SINK_STARVED_HORZ.AK, 0x2ad
UNC_M2M_RING_SINK_STARVED_HORZ.AK_AG1, 0x20ad
UNC_M2M_RING_SINK_STARVED_HORZ.BL, 0x4ad
UNC_M2M_RING_SINK_STARVED_HORZ.IV, 0x8ad
UNC_M2M_RING_SINK_STARVED_VERT.AD, 0x1ab
UNC_M2M_RING_SINK_STARVED_VERT.AK, 0x2ab
UNC_M2M_RING_SINK_STARVED_VERT.AKC, 0x10ab
UNC_M2M_RING_SINK_STARVED_VERT.BL, 0x4ab
UNC_M2M_RING_SINK_STARVED_VERT.IV, 0x8ab
UNC_M2M_RING_SRC_THRTL, 0xae
UNC_M2M_RPQ_NO_REG_CRD.CH0, 0x143
UNC_M2M_RPQ_NO_REG_CRD.CH1, 0x243
UNC_M2M_RPQ_NO_SPEC_CRD.CH0, 0x144
UNC_M2M_RPQ_NO_SPEC_CRD.CH1, 0x244
UNC_M2M_RxC_AD_CYCLES_FULL, 0x4
UNC_M2M_RxC_AD_CYCLES_NE, 0x3
UNC_M2M_RxC_AD_INSERTS, 0x1
UNC_M2M_RxC_AD_OCCUPANCY, 0x2
UNC_M2M_RxC_AD_PREF_OCCUPANCY, 0x77
UNC_M2M_RxC_AK_WR_CMP, 0x5c
UNC_M2M_RxC_BL_CYCLES_FULL, 0x8
UNC_M2M_RxC_BL_CYCLES_NE, 0x7
UNC_M2M_RxC_BL_INSERTS, 0x5
UNC_M2M_RxC_BL_OCCUPANCY, 0x6
UNC_M2M_RxR_BUSY_STARVED.AD_ALL, 0x11e5
UNC_M2M_RxR_BUSY_STARVED.AD_CRD, 0x10e5
UNC_M2M_RxR_BUSY_STARVED.AD_UNCRD, 0x1e5
UNC_M2M_RxR_BUSY_STARVED.BL_ALL, 0x44e5
UNC_M2M_RxR_BUSY_STARVED.BL_CRD, 0x40e5
UNC_M2M_RxR_BUSY_STARVED.BL_UNCRD, 0x4e5
UNC_M2M_RxR_BYPASS.AD_ALL, 0x11e2
UNC_M2M_RxR_BYPASS.AD_CRD, 0x10e2
UNC_M2M_RxR_BYPASS.AD_UNCRD, 0x1e2
UNC_M2M_RxR_BYPASS.AK, 0x2e2
UNC_M2M_RxR_BYPASS.AKC_UNCRD, 0x80e2
UNC_M2M_RxR_BYPASS.BL_ALL, 0x44e2
UNC_M2M_RxR_BYPASS.BL_CRD, 0x40e2
UNC_M2M_RxR_BYPASS.BL_UNCRD, 0x4e2
UNC_M2M_RxR_BYPASS.IV, 0x8e2
UNC_M2M_RxR_CRD_STARVED.AD_ALL, 0x11e3
UNC_M2M_RxR_CRD_STARVED.AD_CRD, 0x10e3
UNC_M2M_RxR_CRD_STARVED.AD_UNCRD, 0x1e3
UNC_M2M_RxR_CRD_STARVED.AK, 0x2e3
UNC_M2M_RxR_CRD_STARVED.BL_ALL, 0x44e3
UNC_M2M_RxR_CRD_STARVED.BL_CRD, 0x40e3
UNC_M2M_RxR_CRD_STARVED.BL_UNCRD, 0x4e3
UNC_M2M_RxR_CRD_STARVED.IFV, 0x80e3
UNC_M2M_RxR_CRD_STARVED.IV, 0x8e3
UNC_M2M_RxR_CRD_STARVED_1, 0xe4
UNC_M2M_RxR_INSERTS.AD_ALL, 0x11e1
UNC_M2M_RxR_INSERTS.AD_CRD, 0x10e1
UNC_M2M_RxR_INSERTS.AD_UNCRD, 0x1e1
UNC_M2M_RxR_INSERTS.AK, 0x2e1
UNC_M2M_RxR_INSERTS.AKC_UNCRD, 0x80e1
UNC_M2M_RxR_INSERTS.BL_ALL, 0x44e1
UNC_M2M_RxR_INSERTS.BL_CRD, 0x40e1
UNC_M2M_RxR_INSERTS.BL_UNCRD, 0x4e1
UNC_M2M_RxR_INSERTS.IV, 0x8e1
UNC_M2M_RxR_OCCUPANCY.AD_ALL, 0x11e0
UNC_M2M_RxR_OCCUPANCY.AD_CRD, 0x10e0
UNC_M2M_RxR_OCCUPANCY.AD_UNCRD, 0x1e0
UNC_M2M_RxR_OCCUPANCY.AK, 0x2e0
UNC_M2M_RxR_OCCUPANCY.AKC_UNCRD, 0x80e0
UNC_M2M_RxR_OCCUPANCY.BL_ALL, 0x44e0
UNC_M2M_RxR_OCCUPANCY.BL_CRD, 0x20e0
UNC_M2M_RxR_OCCUPANCY.BL_UNCRD, 0x4e0
UNC_M2M_RxR_OCCUPANCY.IV, 0x8e0
UNC_M2M_STALL0_NO_TxR_HORZ_CRD_AD_AG0.TGR0, 0x1d0
UNC_M2M_STALL0_NO_TxR_HORZ_CRD_AD_AG0.TGR1, 0x2d0
UNC_M2M_STALL0_NO_TxR_HORZ_CRD_AD_AG0.TGR2, 0x4d0
UNC_M2M_STALL0_NO_TxR_HORZ_CRD_AD_AG0.TGR3, 0x8d0
UNC_M2M_STALL0_NO_TxR_HORZ_CRD_AD_AG0.TGR4, 0x10d0
UNC_M2M_STALL0_NO_TxR_HORZ_CRD_AD_AG0.TGR5, 0x20d0
UNC_M2M_STALL0_NO_TxR_HORZ_CRD_AD_AG0.TGR6, 0x40d0
UNC_M2M_STALL0_NO_TxR_HORZ_CRD_AD_AG0.TGR7, 0x80d0
UNC_M2M_STALL0_NO_TxR_HORZ_CRD_AD_AG1.TGR0, 0x1d2
UNC_M2M_STALL0_NO_TxR_HORZ_CRD_AD_AG1.TGR1, 0x2d2
UNC_M2M_STALL0_NO_TxR_HORZ_CRD_AD_AG1.TGR2, 0x4d2
UNC_M2M_STALL0_NO_TxR_HORZ_CRD_AD_AG1.TGR3, 0x8d2
UNC_M2M_STALL0_NO_TxR_HORZ_CRD_AD_AG1.TGR4, 0x10d2
UNC_M2M_STALL0_NO_TxR_HORZ_CRD_AD_AG1.TGR5, 0x20d2
UNC_M2M_STALL0_NO_TxR_HORZ_CRD_AD_AG1.TGR6, 0x40d2
UNC_M2M_STALL0_NO_TxR_HORZ_CRD_AD_AG1.TGR7, 0x80d2
UNC_M2M_STALL0_NO_TxR_HORZ_CRD_BL_AG0.TGR0, 0x1d4
UNC_M2M_STALL0_NO_TxR_HORZ_CRD_BL_AG0.TGR1, 0x2d4
UNC_M2M_STALL0_NO_TxR_HORZ_CRD_BL_AG0.TGR2, 0x4d4
UNC_M2M_STALL0_NO_TxR_HORZ_CRD_BL_AG0.TGR3, 0x8d4
UNC_M2M_STALL0_NO_TxR_HORZ_CRD_BL_AG0.TGR4, 0x10d4
UNC_M2M_STALL0_NO_TxR_HORZ_CRD_BL_AG0.TGR5, 0x20d4
UNC_M2M_STALL0_NO_TxR_HORZ_CRD_BL_AG0.TGR6, 0x40d4
UNC_M2M_STALL0_NO_TxR_HORZ_CRD_BL_AG0.TGR7, 0x80d4
UNC_M2M_STALL0_NO_TxR_HORZ_CRD_BL_AG1.TGR0, 0x1d6
UNC_M2M_STALL0_NO_TxR_HORZ_CRD_BL_AG1.TGR1, 0x2d6
UNC_M2M_STALL0_NO_TxR_HORZ_CRD_BL_AG1.TGR2, 0x4d6
UNC_M2M_STALL0_NO_TxR_HORZ_CRD_BL_AG1.TGR3, 0x8d6
UNC_M2M_STALL0_NO_TxR_HORZ_CRD_BL_AG1.TGR4, 0x10d6
UNC_M2M_STALL0_NO_TxR_HORZ_CRD_BL_AG1.TGR5, 0x20d6
UNC_M2M_STALL0_NO_TxR_HORZ_CRD_BL_AG1.TGR6, 0x40d6
UNC_M2M_STALL0_NO_TxR_HORZ_CRD_BL_AG1.TGR7, 0x80d6
UNC_M2M_STALL1_NO_TxR_HORZ_CRD_AD_AG0.TGR10, 0x4d1
UNC_M2M_STALL1_NO_TxR_HORZ_CRD_AD_AG0.TGR8, 0x1d1
UNC_M2M_STALL1_NO_TxR_HORZ_CRD_AD_AG0.TGR9, 0x2d1
UNC_M2M_STALL1_NO_TxR_HORZ_CRD_AD_AG1_1.TGR10, 0x4d3
UNC_M2M_STALL1_NO_TxR_HORZ_CRD_AD_AG1_1.TGR8, 0x1d3
UNC_M2M_STALL1_NO_TxR_HORZ_CRD_AD_AG1_1.TGR9, 0x2d3
UNC_M2M_STALL1_NO_TxR_HORZ_CRD_BL_AG0_1.TGR10, 0x4d5
UNC_M2M_STALL1_NO_TxR_HORZ_CRD_BL_AG0_1.TGR8, 0x1d5
UNC_M2M_STALL1_NO_TxR_HORZ_CRD_BL_AG0_1.TGR9, 0x2d5
UNC_M2M_STALL1_NO_TxR_HORZ_CRD_BL_AG1_1.TGR10, 0x4d7
UNC_M2M_STALL1_NO_TxR_HORZ_CRD_BL_AG1_1.TGR8, 0x1d7
UNC_M2M_STALL1_NO_TxR_HORZ_CRD_BL_AG1_1.TGR9, 0x2d7
UNC_M2M_TGR_AD_CREDITS, 0x41
UNC_M2M_TGR_BL_CREDITS, 0x42
UNC_M2M_TRACKER_FULL.CH0, 0x145
UNC_M2M_TRACKER_FULL.CH1, 0x245
UNC_M2M_TRACKER_INSERTS.CH0, 0x149
UNC_M2M_TRACKER_INSERTS.CH1, 0x249
UNC_M2M_TRACKER_NE.CH0, 0x146
UNC_M2M_TRACKER_NE.CH1, 0x246
UNC_M2M_TRACKER_OCCUPANCY.CH0, 0x147
UNC_M2M_TRACKER_OCCUPANCY.CH1, 0x247
UNC_M2M_TxC_AD_CREDITS_ACQUIRED, 0xd
UNC_M2M_TxC_AD_CREDIT_OCCUPANCY, 0xe
UNC_M2M_TxC_AD_CYCLES_FULL, 0xc
UNC_M2M_TxC_AD_CYCLES_NE, 0xb
UNC_M2M_TxC_AD_INSERTS, 0x9
UNC_M2M_TxC_AD_NO_CREDIT_CYCLES, 0xf
UNC_M2M_TxC_AD_NO_CREDIT_STALLED, 0x10
UNC_M2M_TxC_AD_OCCUPANCY, 0xa
UNC_M2M_TxC_AK.CRD_CBO, 0x239
UNC_M2M_TxC_AK.NDR, 0x139
UNC_M2M_TxC_AKC_CREDITS, 0x5f
UNC_M2M_TxC_AK_CREDITS_ACQUIRED.CMS0, 0x11d
UNC_M2M_TxC_AK_CREDITS_ACQUIRED.CMS1, 0x21d
UNC_M2M_TxC_AK_CYCLES_FULL.ALL, 0x314
UNC_M2M_TxC_AK_CYCLES_FULL.CMS0, 0x114
UNC_M2M_TxC_AK_CYCLES_FULL.CMS1, 0x214
UNC_M2M_TxC_AK_CYCLES_FULL.RDCRD0, 0x814
UNC_M2M_TxC_AK_CYCLES_FULL.RDCRD1, 0x8814
UNC_M2M_TxC_AK_CYCLES_FULL.WRCMP0, 0x2014
UNC_M2M_TxC_AK_CYCLES_FULL.WRCMP1, 0xa014
UNC_M2M_TxC_AK_CYCLES_FULL.WRCRD0, 0x1014
UNC_M2M_TxC_AK_CYCLES_FULL.WRCRD1, 0x9014
UNC_M2M_TxC_AK_CYCLES_NE.ALL, 0x313
UNC_M2M_TxC_AK_CYCLES_NE.CMS0, 0x113
UNC_M2M_TxC_AK_CYCLES_NE.CMS1, 0x213
UNC_M2M_TxC_AK_CYCLES_NE.RDCRD, 0x813
UNC_M2M_TxC_AK_CYCLES_NE.WRCMP, 0x2013
UNC_M2M_TxC_AK_CYCLES_NE.WRCRD, 0x1013
UNC_M2M_TxC_AK_INSERTS.ALL, 0x311
UNC_M2M_TxC_AK_INSERTS.CMS0, 0x111
UNC_M2M_TxC_AK_INSERTS.CMS1, 0x211
UNC_M2M_TxC_AK_INSERTS.PREF_RD_CAM_HIT, 0x4011
UNC_M2M_TxC_AK_INSERTS.RDCRD, 0x811
UNC_M2M_TxC_AK_INSERTS.WRCMP, 0x2011
UNC_M2M_TxC_AK_INSERTS.WRCRD, 0x1011
UNC_M2M_TxC_AK_NO_CREDIT_CYCLES.CMS0, 0x11f
UNC_M2M_TxC_AK_NO_CREDIT_CYCLES.CMS1, 0x21f
UNC_M2M_TxC_AK_NO_CREDIT_STALLED.CMS0, 0x120
UNC_M2M_TxC_AK_NO_CREDIT_STALLED.CMS1, 0x220
UNC_M2M_TxC_AK_OCCUPANCY.ALL, 0x312
UNC_M2M_TxC_AK_OCCUPANCY.CMS0, 0x112
UNC_M2M_TxC_AK_OCCUPANCY.CMS1, 0x212
UNC_M2M_TxC_AK_OCCUPANCY.RDCRD, 0x812
UNC_M2M_TxC_AK_OCCUPANCY.WRCMP, 0x2012
UNC_M2M_TxC_AK_OCCUPANCY.WRCRD, 0x1012
UNC_M2M_TxC_BL.DRS_CACHE, 0x140
UNC_M2M_TxC_BL.DRS_CORE, 0x240
UNC_M2M_TxC_BL_CREDITS_ACQUIRED.CMS0, 0x119
UNC_M2M_TxC_BL_CREDITS_ACQUIRED.CMS1, 0x219
UNC_M2M_TxC_BL_CYCLES_FULL.ALL, 0x318
UNC_M2M_TxC_BL_CYCLES_FULL.CMS0, 0x118
UNC_M2M_TxC_BL_CYCLES_FULL.CMS1, 0x218
UNC_M2M_TxC_BL_CYCLES_NE.ALL, 0x317
UNC_M2M_TxC_BL_CYCLES_NE.CMS0, 0x117
UNC_M2M_TxC_BL_CYCLES_NE.CMS1, 0x217
UNC_M2M_TxC_BL_INSERTS.ALL, 0x315
UNC_M2M_TxC_BL_INSERTS.CMS0, 0x115
UNC_M2M_TxC_BL_INSERTS.CMS1, 0x215
UNC_M2M_TxC_BL_NO_CREDIT_CYCLES.CMS0, 0x11b
UNC_M2M_TxC_BL_NO_CREDIT_CYCLES.CMS1, 0x21b
UNC_M2M_TxC_BL_NO_CREDIT_STALLED.CMS0, 0x11c
UNC_M2M_TxC_BL_NO_CREDIT_STALLED.CMS1, 0x21c
UNC_M2M_TxR_HORZ_ADS_USED.AD_ALL, 0x11a6
UNC_M2M_TxR_HORZ_ADS_USED.AD_CRD, 0x10a6
UNC_M2M_TxR_HORZ_ADS_USED.AD_UNCRD, 0x1a6
UNC_M2M_TxR_HORZ_ADS_USED.BL_ALL, 0x44a6
UNC_M2M_TxR_HORZ_ADS_USED.BL_CRD, 0x40a6
UNC_M2M_TxR_HORZ_ADS_USED.BL_UNCRD, 0x4a6
UNC_M2M_TxR_HORZ_BYPASS.AD_ALL, 0x11a7
UNC_M2M_TxR_HORZ_BYPASS.AD_CRD, 0x10a7
UNC_M2M_TxR_HORZ_BYPASS.AD_UNCRD, 0x1a7
UNC_M2M_TxR_HORZ_BYPASS.AK, 0x2a7
UNC_M2M_TxR_HORZ_BYPASS.AKC_UNCRD, 0x80a7
UNC_M2M_TxR_HORZ_BYPASS.BL_ALL, 0x44a7
UNC_M2M_TxR_HORZ_BYPASS.BL_CRD, 0x40a7
UNC_M2M_TxR_HORZ_BYPASS.BL_UNCRD, 0x4a7
UNC_M2M_TxR_HORZ_BYPASS.IV, 0x8a7
UNC_M2M_TxR_HORZ_CYCLES_FULL.AD_ALL, 0x11a2
UNC_M2M_TxR_HORZ_CYCLES_FULL.AD_CRD, 0x10a2
UNC_M2M_TxR_HORZ_CYCLES_FULL.AD_UNCRD, 0x1a2
UNC_M2M_TxR_HORZ_CYCLES_FULL.AK, 0x2a2
UNC_M2M_TxR_HORZ_CYCLES_FULL.AKC_UNCRD, 0x80a2
UNC_M2M_TxR_HORZ_CYCLES_FULL.BL_ALL, 0x44a2
UNC_M2M_TxR_HORZ_CYCLES_FULL.BL_CRD, 0x40a2
UNC_M2M_TxR_HORZ_CYCLES_FULL.BL_UNCRD, 0x4a2
UNC_M2M_TxR_HORZ_CYCLES_FULL.IV, 0x8a2
UNC_M2M_TxR_HORZ_CYCLES_NE.AD_ALL, 0x11a3
UNC_M2M_TxR_HORZ_CYCLES_NE.AD_CRD, 0x10a3
UNC_M2M_TxR_HORZ_CYCLES_NE.AD_UNCRD, 0x1a3
UNC_M2M_TxR_HORZ_CYCLES_NE.AK, 0x2a3
UNC_M2M_TxR_HORZ_CYCLES_NE.AKC_UNCRD, 0x80a3
UNC_M2M_TxR_HORZ_CYCLES_NE.BL_ALL, 0x44a3
UNC_M2M_TxR_HORZ_CYCLES_NE.BL_CRD, 0x40a3
UNC_M2M_TxR_HORZ_CYCLES_NE.BL_UNCRD, 0x4a3
UNC_M2M_TxR_HORZ_CYCLES_NE.IV, 0x8a3
UNC_M2M_TxR_HORZ_INSERTS.AD_ALL, 0x11a1
UNC_M2M_TxR_HORZ_INSERTS.AD_CRD, 0x10a1
UNC_M2M_TxR_HORZ_INSERTS.AD_UNCRD, 0x1a1
UNC_M2M_TxR_HORZ_INSERTS.AK, 0x2a1
UNC_M2M_TxR_HORZ_INSERTS.AKC_UNCRD, 0x80a1
UNC_M2M_TxR_HORZ_INSERTS.BL_ALL, 0x44a1
UNC_M2M_TxR_HORZ_INSERTS.BL_CRD, 0x40a1
UNC_M2M_TxR_HORZ_INSERTS.BL_UNCRD, 0x4a1
UNC_M2M_TxR_HORZ_INSERTS.IV, 0x8a1
UNC_M2M_TxR_HORZ_NACK.AD_ALL, 0x11a4
UNC_M2M_TxR_HORZ_NACK.AD_CRD, 0x10a4
UNC_M2M_TxR_HORZ_NACK.AD_UNCRD, 0x1a4
UNC_M2M_TxR_HORZ_NACK.AK, 0x2a4
UNC_M2M_TxR_HORZ_NACK.AKC_UNCRD, 0x80a4
UNC_M2M_TxR_HORZ_NACK.BL_ALL, 0x44a4
UNC_M2M_TxR_HORZ_NACK.BL_CRD, 0x40a4
UNC_M2M_TxR_HORZ_NACK.BL_UNCRD, 0x4a4
UNC_M2M_TxR_HORZ_NACK.IV, 0x8a4
UNC_M2M_TxR_HORZ_OCCUPANCY.AD_ALL, 0x11a0
UNC_M2M_TxR_HORZ_OCCUPANCY.AD_CRD, 0x10a0
UNC_M2M_TxR_HORZ_OCCUPANCY.AD_UNCRD, 0x1a0
UNC_M2M_TxR_HORZ_OCCUPANCY.AK, 0x2a0
UNC_M2M_TxR_HORZ_OCCUPANCY.AKC_UNCRD, 0x80a0
UNC_M2M_TxR_HORZ_OCCUPANCY.BL_ALL, 0x44a0
UNC_M2M_TxR_HORZ_OCCUPANCY.BL_CRD, 0x40a0
UNC_M2M_TxR_HORZ_OCCUPANCY.BL_UNCRD, 0x4a0
UNC_M2M_TxR_HORZ_OCCUPANCY.IV, 0x8a0
UNC_M2M_TxR_HORZ_STARVED.AD_ALL, 0x1a5
UNC_M2M_TxR_HORZ_STARVED.AD_UNCRD, 0x1a5
UNC_M2M_TxR_HORZ_STARVED.AK, 0x2a5
UNC_M2M_TxR_HORZ_STARVED.AKC_UNCRD, 0x80a5
UNC_M2M_TxR_HORZ_STARVED.BL_ALL, 0x4a5
UNC_M2M_TxR_HORZ_STARVED.BL_UNCRD, 0x4a5
UNC_M2M_TxR_HORZ_STARVED.IV, 0x8a5
UNC_M2M_TxR_VERT_ADS_USED.AD_AG0, 0x19c
UNC_M2M_TxR_VERT_ADS_USED.AD_AG1, 0x109c
UNC_M2M_TxR_VERT_ADS_USED.BL_AG0, 0x49c
UNC_M2M_TxR_VERT_ADS_USED.BL_AG1, 0x409c
UNC_M2M_TxR_VERT_BYPASS.AD_AG0, 0x19d
UNC_M2M_TxR_VERT_BYPASS.AD_AG1, 0x109d
UNC_M2M_TxR_VERT_BYPASS.AK_AG0, 0x29d
UNC_M2M_TxR_VERT_BYPASS.AK_AG1, 0x209d
UNC_M2M_TxR_VERT_BYPASS.BL_AG0, 0x49d
UNC_M2M_TxR_VERT_BYPASS.BL_AG1, 0x409d
UNC_M2M_TxR_VERT_BYPASS.IV_AG1, 0x89d
UNC_M2M_TxR_VERT_BYPASS_1.AKC_AG0, 0x19e
UNC_M2M_TxR_VERT_BYPASS_1.AKC_AG1, 0x29e
UNC_M2M_TxR_VERT_CYCLES_FULL0.AD_AG0, 0x194
UNC_M2M_TxR_VERT_CYCLES_FULL0.AD_AG1, 0x1094
UNC_M2M_TxR_VERT_CYCLES_FULL0.AK_AG0, 0x294
UNC_M2M_TxR_VERT_CYCLES_FULL0.AK_AG1, 0x2094
UNC_M2M_TxR_VERT_CYCLES_FULL0.BL_AG0, 0x494
UNC_M2M_TxR_VERT_CYCLES_FULL0.BL_AG1, 0x4094
UNC_M2M_TxR_VERT_CYCLES_FULL0.IV_AG0, 0x894
UNC_M2M_TxR_VERT_CYCLES_FULL1.AKC_AG0, 0x195
UNC_M2M_TxR_VERT_CYCLES_FULL1.AKC_AG1, 0x295
UNC_M2M_TxR_VERT_CYCLES_NE0.AD_AG0, 0x196
UNC_M2M_TxR_VERT_CYCLES_NE0.AD_AG1, 0x1096
UNC_M2M_TxR_VERT_CYCLES_NE0.AK_AG0, 0x296
UNC_M2M_TxR_VERT_CYCLES_NE0.AK_AG1, 0x2096
UNC_M2M_TxR_VERT_CYCLES_NE0.BL_AG0, 0x496
UNC_M2M_TxR_VERT_CYCLES_NE0.BL_AG1, 0x4096
UNC_M2M_TxR_VERT_CYCLES_NE0.IV_AG0, 0x896
UNC_M2M_TxR_VERT_CYCLES_NE1.AKC_AG0, 0x197
UNC_M2M_TxR_VERT_CYCLES_NE1.AKC_AG1, 0x297
UNC_M2M_TxR_VERT_INSERTS0.AD_AG0, 0x192
UNC_M2M_TxR_VERT_INSERTS0.AD_AG1, 0x1092
UNC_M2M_TxR_VERT_INSERTS0.AK_AG0, 0x292
UNC_M2M_TxR_VERT_INSERTS0.AK_AG1, 0x2092
UNC_M2M_TxR_VERT_INSERTS0.BL_AG0, 0x492
UNC_M2M_TxR_VERT_INSERTS0.BL_AG1, 0x4092
UNC_M2M_TxR_VERT_INSERTS0.IV_AG0, 0x892
UNC_M2M_TxR_VERT_INSERTS1.AKC_AG0, 0x193
UNC_M2M_TxR_VERT_INSERTS1.AKC_AG1, 0x293
UNC_M2M_TxR_VERT_NACK0.AD_AG0, 0x198
UNC_M2M_TxR_VERT_NACK0.AD_AG1, 0x1098
UNC_M2M_TxR_VERT_NACK0.AK_AG0, 0x298
UNC_M2M_TxR_VERT_NACK0.AK_AG1, 0x2098
UNC_M2M_TxR_VERT_NACK0.BL_AG0, 0x498
UNC_M2M_TxR_VERT_NACK0.BL_AG1, 0x4098
UNC_M2M_TxR_VERT_NACK0.IV_AG0, 0x898
UNC_M2M_TxR_VERT_NACK1.AKC_AG0, 0x199
UNC_M2M_TxR_VERT_NACK1.AKC_AG1, 0x299
UNC_M2M_TxR_VERT_OCCUPANCY0.AD_AG0, 0x190
UNC_M2M_TxR_VERT_OCCUPANCY0.AD_AG1, 0x1090
UNC_M2M_TxR_VERT_OCCUPANCY0.AK_AG0, 0x290
UNC_M2M_TxR_VERT_OCCUPANCY0.AK_AG1, 0x2090
UNC_M2M_TxR_VERT_OCCUPANCY0.BL_AG0, 0x490
UNC_M2M_TxR_VERT_OCCUPANCY0.BL_AG1, 0x4090
UNC_M2M_TxR_VERT_OCCUPANCY0.IV_AG0, 0x890
UNC_M2M_TxR_VERT_OCCUPANCY1.AKC_AG0, 0x191
UNC_M2M_TxR_VERT_OCCUPANCY1.AKC_AG1, 0x291
UNC_M2M_TxR_VERT_STARVED0.AD_AG0, 0x19a
UNC_M2M_TxR_VERT_STARVED0.AD_AG1, 0x109a
UNC_M2M_TxR_VERT_STARVED0.AK_AG0, 0x29a
UNC_M2M_TxR_VERT_STARVED0.AK_AG1, 0x209a
UNC_M2M_TxR_VERT_STARVED0.BL_AG0, 0x49a
UNC_M2M_TxR_VERT_STARVED0.BL_AG1, 0x409a
UNC_M2M_TxR_VERT_STARVED0.IV_AG0, 0x89a
UNC_M2M_TxR_VERT_STARVED1.AKC_AG0, 0x19b
UNC_M2M_TxR_VERT_STARVED1.AKC_AG1, 0x29b
UNC_M2M_TxR_VERT_STARVED1.TGC, 0x49b
UNC_M2M_VERT_RING_AD_IN_USE.DN_EVEN, 0x4b0
UNC_M2M_VERT_RING_AD_IN_USE.DN_ODD, 0x8b0
UNC_M2M_VERT_RING_AD_IN_USE.UP_EVEN, 0x1b0
UNC_M2M_VERT_RING_AD_IN_USE.UP_ODD, 0x2b0
UNC_M2M_VERT_RING_AKC_IN_USE.DN_EVEN, 0x4b4
UNC_M2M_VERT_RING_AKC_IN_USE.DN_ODD, 0x8b4
UNC_M2M_VERT_RING_AKC_IN_USE.UP_EVEN, 0x1b4
UNC_M2M_VERT_RING_AKC_IN_USE.UP_ODD, 0x2b4
UNC_M2M_VERT_RING_AK_IN_USE.DN_EVEN, 0x4b1
UNC_M2M_VERT_RING_AK_IN_USE.DN_ODD, 0x8b1
UNC_M2M_VERT_RING_AK_IN_USE.UP_EVEN, 0x1b1
UNC_M2M_VERT_RING_AK_IN_USE.UP_ODD, 0x2b1
UNC_M2M_VERT_RING_BL_IN_USE.DN_EVEN, 0x4b2
UNC_M2M_VERT_RING_BL_IN_USE.DN_ODD, 0x8b2
UNC_M2M_VERT_RING_BL_IN_USE.UP_EVEN, 0x1b2
UNC_M2M_VERT_RING_BL_IN_USE.UP_ODD, 0x2b2
UNC_M2M_VERT_RING_IV_IN_USE.DN, 0x4b3
UNC_M2M_VERT_RING_IV_IN_USE.UP, 0x1b3
UNC_M2M_VERT_RING_TGC_IN_USE.DN_EVEN, 0x4b5
UNC_M2M_VERT_RING_TGC_IN_USE.DN_ODD, 0x8b5
UNC_M2M_VERT_RING_TGC_IN_USE.UP_EVEN, 0x1b5
UNC_M2M_VERT_RING_TGC_IN_USE.UP_ODD, 0x2b5
UNC_M2M_WPQ_FLUSH.CH0, 0x158
UNC_M2M_WPQ_FLUSH.CH1, 0x258
UNC_M2M_WPQ_NO_REG_CRD.CHN0, 0x14d
UNC_M2M_WPQ_NO_REG_CRD.CHN1, 0x24d
UNC_M2M_WPQ_NO_REG_CRD.CHN2, 0x44d
UNC_M2M_WPQ_NO_SPEC_CRD.CHN0, 0x14e
UNC_M2M_WPQ_NO_SPEC_CRD.CHN1, 0x24e
UNC_M2M_WPQ_NO_SPEC_CRD.CHN2, 0x44e
UNC_M2M_WR_TRACKER_FULL.CH0, 0x14a
UNC_M2M_WR_TRACKER_FULL.CH1, 0x24a
UNC_M2M_WR_TRACKER_FULL.MIRR, 0x84a
UNC_M2M_WR_TRACKER_INSERTS.CH0, 0x156
UNC_M2M_WR_TRACKER_INSERTS.CH1, 0x256
UNC_M2M_WR_TRACKER_NE.CH0, 0x14b
UNC_M2M_WR_TRACKER_NE.CH1, 0x24b
UNC_M2M_WR_TRACKER_NE.MIRR, 0x84b
UNC_M2M_WR_TRACKER_NE.MIRR_NONTGR, 0x104b
UNC_M2M_WR_TRACKER_NE.MIRR_PWR, 0x204b
UNC_M2M_WR_TRACKER_NONPOSTED_INSERTS.CH0, 0x163
UNC_M2M_WR_TRACKER_NONPOSTED_INSERTS.CH1, 0x263
UNC_M2M_WR_TRACKER_NONPOSTED_OCCUPANCY.CH0, 0x162
UNC_M2M_WR_TRACKER_NONPOSTED_OCCUPANCY.CH1, 0x262
UNC_M2M_WR_TRACKER_OCCUPANCY.CH0, 0x155
UNC_M2M_WR_TRACKER_OCCUPANCY.CH1, 0x255
UNC_M2M_WR_TRACKER_OCCUPANCY.MIRR, 0x855
UNC_M2M_WR_TRACKER_OCCUPANCY.MIRR_NONTGR, 0x1055
UNC_M2M_WR_TRACKER_OCCUPANCY.MIRR_PWR, 0x2055
UNC_M2M_WR_TRACKER_POSTED_INSERTS.CH0, 0x15e
UNC_M2M_WR_TRACKER_POSTED_INSERTS.CH1, 0x25e
UNC_M2M_WR_TRACKER_POSTED_OCCUPANCY.CH0, 0x15d
UNC_M2M_WR_TRACKER_POSTED_OCCUPANCY.CH1, 0x25d
UNC_U_CLOCKTICKS, 0xff
UNC_U_EVENT_MSG.DOORBELL_RCVD, 0x842
UNC_U_EVENT_MSG.INT_PRIO, 0x1042
UNC_U_EVENT_MSG.IPI_RCVD, 0x442
UNC_U_EVENT_MSG.MSI_RCVD, 0x242
UNC_U_EVENT_MSG.VLW_RCVD, 0x142
UNC_U_LOCK_CYCLES, 0x44
UNC_U_M2U_MISC1.RxC_CYCLES_NE_CBO_NCB, 0x14d
UNC_U_M2U_MISC1.RxC_CYCLES_NE_CBO_NCS, 0x24d
UNC_U_M2U_MISC1.TxC_CYCLES_CRD_OVF_CBO_NCB, 0x104d
UNC_U_M2U_MISC1.TxC_CYCLES_CRD_OVF_CBO_NCS, 0x204d
UNC_U_M2U_MISC2.RxC_CYCLES_EMPTY_BL, 0x24e
UNC_U_M2U_MISC2.RxC_CYCLES_FULL_BL, 0x14e
UNC_U_M2U_MISC2.TxC_CYCLES_CRD_OVF_VN0_NCB, 0x44e
UNC_U_M2U_MISC2.TxC_CYCLES_CRD_OVF_VN0_NCS, 0x84e
UNC_U_M2U_MISC2.TxC_CYCLES_EMPTY_AK, 0x204e
UNC_U_M2U_MISC2.TxC_CYCLES_EMPTY_AKC, 0x404e
UNC_U_M2U_MISC2.TxC_CYCLES_EMPTY_BL, 0x104e
UNC_U_M2U_MISC2.TxC_CYCLES_FULL_BL, 0x804e
UNC_U_M2U_MISC3.TxC_CYCLES_FULL_AK, 0x14f
UNC_U_M2U_MISC3.TxC_CYCLES_FULL_AKC, 0x24f
UNC_U_PHOLD_CYCLES.ASSERT_TO_ACK, 0x145
UNC_U_RACU_DRNG.PFTCH_BUF_EMPTY, 0x44c
UNC_U_RACU_DRNG.RDRAND, 0x14c
UNC_U_RACU_DRNG.RDSEED, 0x24c
UNC_U_RACU_REQUESTS, 0x46
BR_INST_RETIRED.ALL_BRANCHES, 0xc4
BR_INST_RETIRED.CALL, 0xf9c4
BR_INST_RETIRED.FAR_BRANCH, 0xbfc4
BR_INST_RETIRED.IND_CALL, 0xfbc4
BR_INST_RETIRED.JCC, 0x7ec4
BR_INST_RETIRED.NON_RETURN_IND, 0xebc4
BR_INST_RETIRED.REL_CALL, 0xfdc4
BR_INST_RETIRED.RETURN, 0xf7c4
BR_INST_RETIRED.TAKEN_JCC, 0xfec4
BR_MISP_RETIRED.ALL_BRANCHES, 0xc5
BR_MISP_RETIRED.IND_CALL, 0xfbc5
BR_MISP_RETIRED.JCC, 0x7ec5
BR_MISP_RETIRED.NON_RETURN_IND, 0xebc5
BR_MISP_RETIRED.RETURN, 0xf7c5
BR_MISP_RETIRED.TAKEN_JCC, 0xfec5
BTCLEAR.ANY, 0xe8
CPU_CLK_UNHALTED.CORE_P, 0x3c
CPU_CLK_UNHALTED.REF, 0x13c
CPU_CLK_UNHALTED.REF_TSC_P, 0x13c
CYCLES_DIV_BUSY.ANY, 0xcd
CYCLES_DIV_BUSY.IDIV, 0x1cd
INST_RETIRED.ANY_P, 0xc0
LD_BLOCKS.4K_ALIAS, 0x403
LD_BLOCKS.ALL, 0x1003
LD_BLOCKS.DATA_UNKNOWN, 0x103
LD_BLOCKS.STORE_FORWARD, 0x203
MACHINE_CLEARS.ANY, 0xc3
MACHINE_CLEARS.DISAMBIGUATION, 0x8c3
MACHINE_CLEARS.PAGE_FAULT, 0x20c3
MACHINE_CLEARS.SMC, 0x1c3
TOPDOWN_BAD_SPECULATION.ALL, 0x673
TOPDOWN_BAD_SPECULATION.FASTNUKE, 0x273
TOPDOWN_BAD_SPECULATION.MACHINE_CLEARS, 0x273
TOPDOWN_BAD_SPECULATION.MISPREDICT, 0x473
TOPDOWN_BAD_SPECULATION.MONUKE, 0x273
TOPDOWN_BE_BOUND.ALL, 0x74
TOPDOWN_BE_BOUND.ALLOC_RESTRICTIONS, 0x174
TOPDOWN_BE_BOUND.MEM_SCHEDULER, 0x274
TOPDOWN_BE_BOUND.NON_MEM_SCHEDULER, 0x874
TOPDOWN_BE_BOUND.REGISTER, 0x2074
TOPDOWN_BE_BOUND.REORDER_BUFFER, 0x4074
TOPDOWN_BE_BOUND.SERIALIZATION, 0x1074
TOPDOWN_BE_BOUND.STORE_BUFFER, 0x474
TOPDOWN_FE_BOUND.ALL, 0x71
TOPDOWN_FE_BOUND.BRANCH_DETECT, 0x271
TOPDOWN_FE_BOUND.BRANCH_RESTEER, 0x4071
TOPDOWN_FE_BOUND.CISC, 0x171
TOPDOWN_FE_BOUND.DECODE, 0x871
TOPDOWN_FE_BOUND.ITLB, 0x1071
TOPDOWN_FE_BOUND.OTHER, 0x8071
TOPDOWN_FE_BOUND.PREDECODE, 0x471
TOPDOWN_RETIRING.ALL, 0xc2
UOPS_ISSUED.ANY, 0xe
UOPS_RETIRED.ALL, 0xc2
UOPS_RETIRED.IDIV, 0x10c2
UOPS_RETIRED.MS, 0x1c2
UOPS_RETIRED.X87, 0x2c2
LLC_MISSES.PCIE_READ, 0x483
LLC_MISSES.PCIE_WRITE, 0x183
UNC_IIO_BANDWIDTH_IN.PART0_FREERUN, 0x20ff
UNC_IIO_BANDWIDTH_IN.PART1_FREERUN, 0x21ff
UNC_IIO_BANDWIDTH_IN.PART2_FREERUN, 0x22ff
UNC_IIO_BANDWIDTH_IN.PART3_FREERUN, 0x23ff
UNC_IIO_BANDWIDTH_IN.PART4_FREERUN, 0x24ff
UNC_IIO_BANDWIDTH_IN.PART5_FREERUN, 0x25ff
UNC_IIO_BANDWIDTH_IN.PART6_FREERUN, 0x26ff
UNC_IIO_BANDWIDTH_IN.PART7_FREERUN, 0x27ff
UNC_IIO_CLOCKTICKS, 0x1
UNC_IIO_CLOCKTICKS_FREERUN, 0x10ff
UNC_IIO_COMP_BUF_INSERTS.CMPD.ALL, 0x3c2
UNC_IIO_COMP_BUF_INSERTS.CMPD.ALL_PARTS, 0x3c2
UNC_IIO_COMP_BUF_INSERTS.CMPD.PART0, 0x3c2
UNC_IIO_COMP_BUF_INSERTS.CMPD.PART1, 0x3c2
UNC_IIO_COMP_BUF_INSERTS.CMPD.PART2, 0x3c2
UNC_IIO_COMP_BUF_INSERTS.CMPD.PART3, 0x3c2
UNC_IIO_COMP_BUF_INSERTS.CMPD.PART4, 0x3c2
UNC_IIO_COMP_BUF_INSERTS.CMPD.PART5, 0x3c2
UNC_IIO_COMP_BUF_INSERTS.CMPD.PART6, 0x3c2
UNC_IIO_COMP_BUF_INSERTS.CMPD.PART7, 0x3c2
UNC_IIO_COMP_BUF_OCCUPANCY.CMPD.ALL, 0xffd5
UNC_IIO_COMP_BUF_OCCUPANCY.CMPD.ALL_PARTS, 0xffd5
UNC_IIO_COMP_BUF_OCCUPANCY.CMPD.PART0, 0x1d5
UNC_IIO_COMP_BUF_OCCUPANCY.CMPD.PART1, 0x2d5
UNC_IIO_COMP_BUF_OCCUPANCY.CMPD.PART2, 0x4d5
UNC_IIO_COMP_BUF_OCCUPANCY.CMPD.PART3, 0x8d5
UNC_IIO_COMP_BUF_OCCUPANCY.CMPD.PART4, 0x10d5
UNC_IIO_COMP_BUF_OCCUPANCY.CMPD.PART5, 0x20d5
UNC_IIO_COMP_BUF_OCCUPANCY.CMPD.PART6, 0x40d5
UNC_IIO_COMP_BUF_OCCUPANCY.CMPD.PART7, 0x80d5
UNC_IIO_DATA_REQ_BY_CPU.CFG_READ.IOMMU0, 0x40c0
UNC_IIO_DATA_REQ_BY_CPU.CFG_READ.IOMMU1, 0x40c0
UNC_IIO_DATA_REQ_BY_CPU.CFG_READ.PART0, 0x40c0
UNC_IIO_DATA_REQ_BY_CPU.CFG_READ.PART1, 0x40c0
UNC_IIO_DATA_REQ_BY_CPU.CFG_READ.PART2, 0x40c0
UNC_IIO_DATA_REQ_BY_CPU.CFG_READ.PART3, 0x40c0
UNC_IIO_DATA_REQ_BY_CPU.CFG_READ.PART4, 0x40c0
UNC_IIO_DATA_REQ_BY_CPU.CFG_READ.PART5, 0x40c0
UNC_IIO_DATA_REQ_BY_CPU.CFG_READ.PART6, 0x40c0
UNC_IIO_DATA_REQ_BY_CPU.CFG_READ.PART7, 0x40c0
UNC_IIO_DATA_REQ_BY_CPU.CFG_WRITE.IOMMU0, 0x10c0
UNC_IIO_DATA_REQ_BY_CPU.CFG_WRITE.IOMMU1, 0x10c0
UNC_IIO_DATA_REQ_BY_CPU.CFG_WRITE.PART0, 0x10c0
UNC_IIO_DATA_REQ_BY_CPU.CFG_WRITE.PART1, 0x10c0
UNC_IIO_DATA_REQ_BY_CPU.CFG_WRITE.PART2, 0x10c0
UNC_IIO_DATA_REQ_BY_CPU.CFG_WRITE.PART3, 0x10c0
UNC_IIO_DATA_REQ_BY_CPU.CFG_WRITE.PART4, 0x10c0
UNC_IIO_DATA_REQ_BY_CPU.CFG_WRITE.PART5, 0x10c0
UNC_IIO_DATA_REQ_BY_CPU.CFG_WRITE.PART6, 0x10c0
UNC_IIO_DATA_REQ_BY_CPU.CFG_WRITE.PART7, 0x10c0
UNC_IIO_DATA_REQ_BY_CPU.IO_READ.IOMMU0, 0x80c0
UNC_IIO_DATA_REQ_BY_CPU.IO_READ.IOMMU1, 0x80c0
UNC_IIO_DATA_REQ_BY_CPU.IO_READ.PART0, 0x80c0
UNC_IIO_DATA_REQ_BY_CPU.IO_READ.PART1, 0x80c0
UNC_IIO_DATA_REQ_BY_CPU.IO_READ.PART2, 0x80c0
UNC_IIO_DATA_REQ_BY_CPU.IO_READ.PART3, 0x80c0
UNC_IIO_DATA_REQ_BY_CPU.IO_READ.PART4, 0x80c0
UNC_IIO_DATA_REQ_BY_CPU.IO_READ.PART5, 0x80c0
UNC_IIO_DATA_REQ_BY_CPU.IO_READ.PART6, 0x80c0
UNC_IIO_DATA_REQ_BY_CPU.IO_READ.PART7, 0x80c0
UNC_IIO_DATA_REQ_BY_CPU.IO_WRITE.IOMMU0, 0x20c0
UNC_IIO_DATA_REQ_BY_CPU.IO_WRITE.IOMMU1, 0x20c0
UNC_IIO_DATA_REQ_BY_CPU.IO_WRITE.PART0, 0x20c0
UNC_IIO_DATA_REQ_BY_CPU.IO_WRITE.PART1, 0x20c0
UNC_IIO_DATA_REQ_BY_CPU.IO_WRITE.PART2, 0x20c0
UNC_IIO_DATA_REQ_BY_CPU.IO_WRITE.PART3, 0x20c0
UNC_IIO_DATA_REQ_BY_CPU.IO_WRITE.PART4, 0x20c0
UNC_IIO_DATA_REQ_BY_CPU.IO_WRITE.PART5, 0x20c0
UNC_IIO_DATA_REQ_BY_CPU.IO_WRITE.PART6, 0x20c0
UNC_IIO_DATA_REQ_BY_CPU.IO_WRITE.PART7, 0x20c0
UNC_IIO_DATA_REQ_BY_CPU.MEM_READ.IOMMU0, 0x4c0
UNC_IIO_DATA_REQ_BY_CPU.MEM_READ.IOMMU1, 0x4c0
UNC_IIO_DATA_REQ_BY_CPU.MEM_READ.PART0, 0x4c0
UNC_IIO_DATA_REQ_BY_CPU.MEM_READ.PART1, 0x4c0
UNC_IIO_DATA_REQ_BY_CPU.MEM_READ.PART2, 0x4c0
UNC_IIO_DATA_REQ_BY_CPU.MEM_READ.PART3, 0x4c0
UNC_IIO_DATA_REQ_BY_CPU.MEM_READ.PART4, 0x4c0
UNC_IIO_DATA_REQ_BY_CPU.MEM_READ.PART5, 0x4c0
UNC_IIO_DATA_REQ_BY_CPU.MEM_READ.PART6, 0x4c0
UNC_IIO_DATA_REQ_BY_CPU.MEM_READ.PART7, 0x4c0
UNC_IIO_DATA_REQ_BY_CPU.MEM_WRITE.IOMMU0, 0x1c0
UNC_IIO_DATA_REQ_BY_CPU.MEM_WRITE.IOMMU1, 0x1c0
UNC_IIO_DATA_REQ_BY_CPU.MEM_WRITE.PART0, 0x1c0
UNC_IIO_DATA_REQ_BY_CPU.MEM_WRITE.PART1, 0x1c0
UNC_IIO_DATA_REQ_BY_CPU.MEM_WRITE.PART2, 0x1c0
UNC_IIO_DATA_REQ_BY_CPU.MEM_WRITE.PART3, 0x1c0
UNC_IIO_DATA_REQ_BY_CPU.MEM_WRITE.PART4, 0x1c0
UNC_IIO_DATA_REQ_BY_CPU.MEM_WRITE.PART5, 0x1c0
UNC_IIO_DATA_REQ_BY_CPU.MEM_WRITE.PART6, 0x1c0
UNC_IIO_DATA_REQ_BY_CPU.MEM_WRITE.PART7, 0x1c0
UNC_IIO_DATA_REQ_BY_CPU.PEER_READ.IOMMU0, 0x8c0
UNC_IIO_DATA_REQ_BY_CPU.PEER_READ.IOMMU1, 0x8c0
UNC_IIO_DATA_REQ_BY_CPU.PEER_READ.PART0, 0x8c0
UNC_IIO_DATA_REQ_BY_CPU.PEER_READ.PART1, 0x8c0
UNC_IIO_DATA_REQ_BY_CPU.PEER_READ.PART2, 0x8c0
UNC_IIO_DATA_REQ_BY_CPU.PEER_READ.PART3, 0x8c0
UNC_IIO_DATA_REQ_BY_CPU.PEER_READ.PART4, 0x8c0
UNC_IIO_DATA_REQ_BY_CPU.PEER_READ.PART5, 0x8c0
UNC_IIO_DATA_REQ_BY_CPU.PEER_READ.PART6, 0x8c0
UNC_IIO_DATA_REQ_BY_CPU.PEER_READ.PART7, 0x8c0
UNC_IIO_DATA_REQ_BY_CPU.PEER_WRITE.IOMMU0, 0x2c0
UNC_IIO_DATA_REQ_BY_CPU.PEER_WRITE.IOMMU1, 0x2c0
UNC_IIO_DATA_REQ_BY_CPU.PEER_WRITE.PART0, 0x2c0
UNC_IIO_DATA_REQ_BY_CPU.PEER_WRITE.PART1, 0x2c0
UNC_IIO_DATA_REQ_BY_CPU.PEER_WRITE.PART2, 0x2c0
UNC_IIO_DATA_REQ_BY_CPU.PEER_WRITE.PART3, 0x2c0
UNC_IIO_DATA_REQ_BY_CPU.PEER_WRITE.PART4, 0x2c0
UNC_IIO_DATA_REQ_BY_CPU.PEER_WRITE.PART5, 0x2c0
UNC_IIO_DATA_REQ_BY_CPU.PEER_WRITE.PART6, 0x2c0
UNC_IIO_DATA_REQ_BY_CPU.PEER_WRITE.PART7, 0x2c0
UNC_IIO_DATA_REQ_OF_CPU.ATOMIC.IOMMU0, 0x1083
UNC_IIO_DATA_REQ_OF_CPU.ATOMIC.IOMMU1, 0x1083
UNC_IIO_DATA_REQ_OF_CPU.ATOMIC.PART0, 0x1083
UNC_IIO_DATA_REQ_OF_CPU.ATOMIC.PART1, 0x1083
UNC_IIO_DATA_REQ_OF_CPU.ATOMIC.PART2, 0x1083
UNC_IIO_DATA_REQ_OF_CPU.ATOMIC.PART3, 0x1083
UNC_IIO_DATA_REQ_OF_CPU.ATOMIC.PART4, 0x1083
UNC_IIO_DATA_REQ_OF_CPU.ATOMIC.PART5, 0x1083
UNC_IIO_DATA_REQ_OF_CPU.ATOMIC.PART6, 0x1083
UNC_IIO_DATA_REQ_OF_CPU.ATOMIC.PART7, 0x1083
UNC_IIO_DATA_REQ_OF_CPU.CMPD.IOMMU0, 0x8083
UNC_IIO_DATA_REQ_OF_CPU.CMPD.IOMMU1, 0x8083
UNC_IIO_DATA_REQ_OF_CPU.CMPD.PART0, 0x8083
UNC_IIO_DATA_REQ_OF_CPU.CMPD.PART1, 0x8083
UNC_IIO_DATA_REQ_OF_CPU.CMPD.PART2, 0x8083
UNC_IIO_DATA_REQ_OF_CPU.CMPD.PART3, 0x8083
UNC_IIO_DATA_REQ_OF_CPU.CMPD.PART4, 0x8083
UNC_IIO_DATA_REQ_OF_CPU.CMPD.PART5, 0x8083
UNC_IIO_DATA_REQ_OF_CPU.CMPD.PART6, 0x8083
UNC_IIO_DATA_REQ_OF_CPU.CMPD.PART7, 0x8083
UNC_IIO_DATA_REQ_OF_CPU.MEM_READ.IOMMU0, 0x483
UNC_IIO_DATA_REQ_OF_CPU.MEM_READ.IOMMU1, 0x483
UNC_IIO_DATA_REQ_OF_CPU.MEM_READ.PART0, 0x483
UNC_IIO_DATA_REQ_OF_CPU.MEM_READ.PART1, 0x483
UNC_IIO_DATA_REQ_OF_CPU.MEM_READ.PART2, 0x483
UNC_IIO_DATA_REQ_OF_CPU.MEM_READ.PART3, 0x483
UNC_IIO_DATA_REQ_OF_CPU.MEM_READ.PART4, 0x483
UNC_IIO_DATA_REQ_OF_CPU.MEM_READ.PART5, 0x483
UNC_IIO_DATA_REQ_OF_CPU.MEM_READ.PART6, 0x483
UNC_IIO_DATA_REQ_OF_CPU.MEM_READ.PART7, 0x483
UNC_IIO_DATA_REQ_OF_CPU.MEM_WRITE.IOMMU0, 0x183
UNC_IIO_DATA_REQ_OF_CPU.MEM_WRITE.IOMMU1, 0x183
UNC_IIO_DATA_REQ_OF_CPU.MEM_WRITE.PART0, 0x183
UNC_IIO_DATA_REQ_OF_CPU.MEM_WRITE.PART1, 0x183
UNC_IIO_DATA_REQ_OF_CPU.MEM_WRITE.PART2, 0x183
UNC_IIO_DATA_REQ_OF_CPU.MEM_WRITE.PART3, 0x183
UNC_IIO_DATA_REQ_OF_CPU.MEM_WRITE.PART4, 0x183
UNC_IIO_DATA_REQ_OF_CPU.MEM_WRITE.PART5, 0x183
UNC_IIO_DATA_REQ_OF_CPU.MEM_WRITE.PART6, 0x183
UNC_IIO_DATA_REQ_OF_CPU.MEM_WRITE.PART7, 0x183
UNC_IIO_DATA_REQ_OF_CPU.MSG.IOMMU0, 0x4083
UNC_IIO_DATA_REQ_OF_CPU.MSG.IOMMU1, 0x4083
UNC_IIO_DATA_REQ_OF_CPU.MSG.PART0, 0x4083
UNC_IIO_DATA_REQ_OF_CPU.MSG.PART1, 0x4083
UNC_IIO_DATA_REQ_OF_CPU.MSG.PART2, 0x4083
UNC_IIO_DATA_REQ_OF_CPU.MSG.PART3, 0x4083
UNC_IIO_DATA_REQ_OF_CPU.MSG.PART4, 0x4083
UNC_IIO_DATA_REQ_OF_CPU.MSG.PART5, 0x4083
UNC_IIO_DATA_REQ_OF_CPU.MSG.PART6, 0x4083
UNC_IIO_DATA_REQ_OF_CPU.MSG.PART7, 0x4083
UNC_IIO_DATA_REQ_OF_CPU.PEER_READ.IOMMU0, 0x883
UNC_IIO_DATA_REQ_OF_CPU.PEER_READ.IOMMU1, 0x883
UNC_IIO_DATA_REQ_OF_CPU.PEER_READ.PART0, 0x883
UNC_IIO_DATA_REQ_OF_CPU.PEER_READ.PART1, 0x883
UNC_IIO_DATA_REQ_OF_CPU.PEER_READ.PART2, 0x883
UNC_IIO_DATA_REQ_OF_CPU.PEER_READ.PART3, 0x883
UNC_IIO_DATA_REQ_OF_CPU.PEER_READ.PART4, 0x883
UNC_IIO_DATA_REQ_OF_CPU.PEER_READ.PART5, 0x883
UNC_IIO_DATA_REQ_OF_CPU.PEER_READ.PART6, 0x883
UNC_IIO_DATA_REQ_OF_CPU.PEER_READ.PART7, 0x883
UNC_IIO_DATA_REQ_OF_CPU.PEER_WRITE.IOMMU0, 0x283
UNC_IIO_DATA_REQ_OF_CPU.PEER_WRITE.IOMMU1, 0x283
UNC_IIO_DATA_REQ_OF_CPU.PEER_WRITE.PART0, 0x283
UNC_IIO_DATA_REQ_OF_CPU.PEER_WRITE.PART1, 0x283
UNC_IIO_DATA_REQ_OF_CPU.PEER_WRITE.PART2, 0x283
UNC_IIO_DATA_REQ_OF_CPU.PEER_WRITE.PART3, 0x283
UNC_IIO_DATA_REQ_OF_CPU.PEER_WRITE.PART4, 0x283
UNC_IIO_DATA_REQ_OF_CPU.PEER_WRITE.PART5, 0x283
UNC_IIO_DATA_REQ_OF_CPU.PEER_WRITE.PART6, 0x283
UNC_IIO_DATA_REQ_OF_CPU.PEER_WRITE.PART7, 0x283
UNC_IIO_INBOUND_ARB_REQ.DATA, 0x2086
UNC_IIO_INBOUND_ARB_REQ.FINAL_RD_WR, 0x886
UNC_IIO_INBOUND_ARB_REQ.IOMMU_HIT, 0x286
UNC_IIO_INBOUND_ARB_REQ.IOMMU_REQ, 0x186
UNC_IIO_INBOUND_ARB_REQ.REQ_OWN, 0x486
UNC_IIO_INBOUND_ARB_REQ.WR, 0x1086
UNC_IIO_INBOUND_ARB_WON.DATA, 0x2087
UNC_IIO_INBOUND_ARB_WON.FINAL_RD_WR, 0x887
UNC_IIO_INBOUND_ARB_WON.IOMMU_HIT, 0x287
UNC_IIO_INBOUND_ARB_WON.IOMMU_REQ, 0x187
UNC_IIO_INBOUND_ARB_WON.REQ_OWN, 0x487
UNC_IIO_INBOUND_ARB_WON.WR, 0x1087
UNC_IIO_IOMMU0.1G_HITS, 0x1040
UNC_IIO_IOMMU0.2M_HITS, 0x840
UNC_IIO_IOMMU0.4K_HITS, 0x440
UNC_IIO_IOMMU0.ALL_LOOKUPS, 0x240
UNC_IIO_IOMMU0.CTXT_CACHE_HITS, 0x8040
UNC_IIO_IOMMU0.CTXT_CACHE_LOOKUPS, 0x4040
UNC_IIO_IOMMU0.FIRST_LOOKUPS, 0x140
UNC_IIO_IOMMU0.MISSES, 0x2040
UNC_IIO_IOMMU1.CYC_PWT_FULL, 0x8041
UNC_IIO_IOMMU1.NUM_MEM_ACCESSES, 0x4041
UNC_IIO_IOMMU1.PWC_1G_HITS, 0x841
UNC_IIO_IOMMU1.PWC_2M_HITS, 0x441
UNC_IIO_IOMMU1.PWC_4K_HITS, 0x241
UNC_IIO_IOMMU1.PWC_512G_HITS, 0x1041
UNC_IIO_IOMMU1.PWC_CACHE_FILLS, 0x2041
UNC_IIO_IOMMU1.PWT_CACHE_LOOKUPS, 0x141
UNC_IIO_IOMMU3.INT_CACHE_HITS, 0x8043
UNC_IIO_IOMMU3.INT_CACHE_LOOKUPS, 0x4043
UNC_IIO_IOMMU3.NUM_CTXT_CACHE_INVAL_DEVICE, 0x2043
UNC_IIO_IOMMU3.NUM_CTXT_CACHE_INVAL_DOMAIN, 0x1043
UNC_IIO_IOMMU3.NUM_CTXT_CACHE_INVAL_GBL, 0x843
UNC_IIO_IOMMU3.NUM_INVAL_DOMAIN, 0x243
UNC_IIO_IOMMU3.NUM_INVAL_GBL, 0x143
UNC_IIO_IOMMU3.NUM_INVAL_PAGE, 0x443
UNC_IIO_MASK_MATCH_AND.BUS0, 0x102
UNC_IIO_MASK_MATCH_AND.BUS0_BUS1, 0x802
UNC_IIO_MASK_MATCH_AND.BUS0_NOT_BUS1, 0x402
UNC_IIO_MASK_MATCH_AND.BUS1, 0x202
UNC_IIO_MASK_MATCH_AND.NOT_BUS0_BUS1, 0x1002
UNC_IIO_MASK_MATCH_AND.NOT_BUS0_NOT_BUS1, 0x2002
UNC_IIO_MASK_MATCH_OR.BUS0, 0x103
UNC_IIO_MASK_MATCH_OR.BUS0_BUS1, 0x803
UNC_IIO_MASK_MATCH_OR.BUS0_NOT_BUS1, 0x403
UNC_IIO_MASK_MATCH_OR.BUS1, 0x203
UNC_IIO_MASK_MATCH_OR.NOT_BUS0_BUS1, 0x1003
UNC_IIO_MASK_MATCH_OR.NOT_BUS0_NOT_BUS1, 0x2003
UNC_IIO_NOTHING, 0x80
UNC_IIO_NUM_OUSTANDING_REQ_FROM_CPU.TO_IO, 0x8c5
UNC_IIO_NUM_OUTSTANDING_REQ_OF_CPU.DATA, 0x2088
UNC_IIO_NUM_OUTSTANDING_REQ_OF_CPU.FINAL_RD_WR, 0x888
UNC_IIO_NUM_OUTSTANDING_REQ_OF_CPU.IOMMU_HIT, 0x288
UNC_IIO_NUM_OUTSTANDING_REQ_OF_CPU.IOMMU_REQ, 0x188
UNC_IIO_NUM_OUTSTANDING_REQ_OF_CPU.REQ_OWN, 0x488
UNC_IIO_NUM_OUTSTANDING_REQ_OF_CPU.WR, 0x1088
UNC_IIO_NUM_REQ_FROM_CPU.ITC, 0x2c2
UNC_IIO_NUM_REQ_FROM_CPU.PREALLOC, 0x4c2
UNC_IIO_NUM_REQ_OF_CPU.ALL.DROP, 0x285
UNC_IIO_NUM_REQ_OF_CPU.COMMIT.ALL, 0x185
UNC_IIO_NUM_REQ_OF_CPU_BY_TGT.ABORT, 0x808e
UNC_IIO_NUM_REQ_OF_CPU_BY_TGT.CONFINED_P2P, 0x408e
UNC_IIO_NUM_REQ_OF_CPU_BY_TGT.LOC_P2P, 0x208e
UNC_IIO_NUM_REQ_OF_CPU_BY_TGT.MCAST, 0x28e
UNC_IIO_NUM_REQ_OF_CPU_BY_TGT.MEM, 0x88e
UNC_IIO_NUM_REQ_OF_CPU_BY_TGT.MSGB, 0x18e
UNC_IIO_NUM_REQ_OF_CPU_BY_TGT.REM_P2P, 0x108e
UNC_IIO_NUM_REQ_OF_CPU_BY_TGT.UBOX, 0x48e
UNC_IIO_NUM_TGT_MATCHED_REQ_OF_CPU, 0x8f
UNC_IIO_OUTBOUND_CL_REQS_ISSUED.TO_IO, 0x8d0
UNC_IIO_OUTBOUND_TLP_REQS_ISSUED.TO_IO, 0x8d1
UNC_IIO_PWT_OCCUPANCY, 0x42
UNC_IIO_REQ_FROM_PCIE_CL_CMPL.DATA, 0x2091
UNC_IIO_REQ_FROM_PCIE_CL_CMPL.FINAL_RD_WR, 0x891
UNC_IIO_REQ_FROM_PCIE_CL_CMPL.REQ_OWN, 0x491
UNC_IIO_REQ_FROM_PCIE_CL_CMPL.WR, 0x1091
UNC_IIO_REQ_FROM_PCIE_CMPL.DATA, 0x2092
UNC_IIO_REQ_FROM_PCIE_CMPL.FINAL_RD_WR, 0x892
UNC_IIO_REQ_FROM_PCIE_CMPL.IOMMU_HIT, 0x292
UNC_IIO_REQ_FROM_PCIE_CMPL.IOMMU_REQ, 0x192
UNC_IIO_REQ_FROM_PCIE_CMPL.REQ_OWN, 0x492
UNC_IIO_REQ_FROM_PCIE_CMPL.WR, 0x1092
UNC_IIO_REQ_FROM_PCIE_PASS_CMPL.DATA, 0x2090
UNC_IIO_REQ_FROM_PCIE_PASS_CMPL.FINAL_RD_WR, 0x890
UNC_IIO_REQ_FROM_PCIE_PASS_CMPL.REQ_OWN, 0x490
UNC_IIO_REQ_FROM_PCIE_PASS_CMPL.WR, 0x1090
UNC_IIO_SYMBOL_TIMES, 0x82
UNC_IIO_TXN_REQ_BY_CPU.CFG_READ.IOMMU0, 0x40c1
UNC_IIO_TXN_REQ_BY_CPU.CFG_READ.IOMMU1, 0x40c1
UNC_IIO_TXN_REQ_BY_CPU.CFG_READ.PART0, 0x40c1
UNC_IIO_TXN_REQ_BY_CPU.CFG_READ.PART1, 0x40c1
UNC_IIO_TXN_REQ_BY_CPU.CFG_READ.PART2, 0x40c1
UNC_IIO_TXN_REQ_BY_CPU.CFG_READ.PART3, 0x40c1
UNC_IIO_TXN_REQ_BY_CPU.CFG_READ.PART4, 0x40c1
UNC_IIO_TXN_REQ_BY_CPU.CFG_READ.PART5, 0x40c1
UNC_IIO_TXN_REQ_BY_CPU.CFG_READ.PART6, 0x40c1
UNC_IIO_TXN_REQ_BY_CPU.CFG_READ.PART7, 0x40c1
UNC_IIO_TXN_REQ_BY_CPU.CFG_WRITE.IOMMU0, 0x10c1
UNC_IIO_TXN_REQ_BY_CPU.CFG_WRITE.IOMMU1, 0x10c1
UNC_IIO_TXN_REQ_BY_CPU.CFG_WRITE.PART0, 0x10c1
UNC_IIO_TXN_REQ_BY_CPU.CFG_WRITE.PART1, 0x10c1
UNC_IIO_TXN_REQ_BY_CPU.CFG_WRITE.PART2, 0x10c1
UNC_IIO_TXN_REQ_BY_CPU.CFG_WRITE.PART3, 0x10c1
UNC_IIO_TXN_REQ_BY_CPU.CFG_WRITE.PART4, 0x10c1
UNC_IIO_TXN_REQ_BY_CPU.CFG_WRITE.PART5, 0x10c1
UNC_IIO_TXN_REQ_BY_CPU.CFG_WRITE.PART6, 0x10c1
UNC_IIO_TXN_REQ_BY_CPU.CFG_WRITE.PART7, 0x10c1
UNC_IIO_TXN_REQ_BY_CPU.IO_READ.IOMMU0, 0x80c1
UNC_IIO_TXN_REQ_BY_CPU.IO_READ.IOMMU1, 0x80c1
UNC_IIO_TXN_REQ_BY_CPU.IO_READ.PART0, 0x80c1
UNC_IIO_TXN_REQ_BY_CPU.IO_READ.PART1, 0x80c1
UNC_IIO_TXN_REQ_BY_CPU.IO_READ.PART2, 0x80c1
UNC_IIO_TXN_REQ_BY_CPU.IO_READ.PART3, 0x80c1
UNC_IIO_TXN_REQ_BY_CPU.IO_READ.PART4, 0x80c1
UNC_IIO_TXN_REQ_BY_CPU.IO_READ.PART5, 0x80c1
UNC_IIO_TXN_REQ_BY_CPU.IO_READ.PART6, 0x80c1
UNC_IIO_TXN_REQ_BY_CPU.IO_READ.PART7, 0x80c1
UNC_IIO_TXN_REQ_BY_CPU.IO_WRITE.IOMMU0, 0x20c1
UNC_IIO_TXN_REQ_BY_CPU.IO_WRITE.IOMMU1, 0x20c1
UNC_IIO_TXN_REQ_BY_CPU.IO_WRITE.PART0, 0x20c1
UNC_IIO_TXN_REQ_BY_CPU.IO_WRITE.PART1, 0x20c1
UNC_IIO_TXN_REQ_BY_CPU.IO_WRITE.PART2, 0x20c1
UNC_IIO_TXN_REQ_BY_CPU.IO_WRITE.PART3, 0x20c1
UNC_IIO_TXN_REQ_BY_CPU.IO_WRITE.PART4, 0x20c1
UNC_IIO_TXN_REQ_BY_CPU.IO_WRITE.PART5, 0x20c1
UNC_IIO_TXN_REQ_BY_CPU.IO_WRITE.PART6, 0x20c1
UNC_IIO_TXN_REQ_BY_CPU.IO_WRITE.PART7, 0x20c1
UNC_IIO_TXN_REQ_BY_CPU.MEM_READ.IOMMU0, 0x4c1
UNC_IIO_TXN_REQ_BY_CPU.MEM_READ.IOMMU1, 0x4c1
UNC_IIO_TXN_REQ_BY_CPU.MEM_READ.PART0, 0x4c1
UNC_IIO_TXN_REQ_BY_CPU.MEM_READ.PART1, 0x4c1
UNC_IIO_TXN_REQ_BY_CPU.MEM_READ.PART2, 0x4c1
UNC_IIO_TXN_REQ_BY_CPU.MEM_READ.PART3, 0x4c1
UNC_IIO_TXN_REQ_BY_CPU.MEM_READ.PART4, 0x4c1
UNC_IIO_TXN_REQ_BY_CPU.MEM_READ.PART5, 0x4c1
UNC_IIO_TXN_REQ_BY_CPU.MEM_READ.PART6, 0x4c1
UNC_IIO_TXN_REQ_BY_CPU.MEM_READ.PART7, 0x4c1
UNC_IIO_TXN_REQ_BY_CPU.MEM_WRITE.IOMMU0, 0x1c1
UNC_IIO_TXN_REQ_BY_CPU.MEM_WRITE.IOMMU1, 0x1c1
UNC_IIO_TXN_REQ_BY_CPU.MEM_WRITE.PART0, 0x1c1
UNC_IIO_TXN_REQ_BY_CPU.MEM_WRITE.PART1, 0x1c1
UNC_IIO_TXN_REQ_BY_CPU.MEM_WRITE.PART2, 0x1c1
UNC_IIO_TXN_REQ_BY_CPU.MEM_WRITE.PART3, 0x1c1
UNC_IIO_TXN_REQ_BY_CPU.MEM_WRITE.PART4, 0x1c1
UNC_IIO_TXN_REQ_BY_CPU.MEM_WRITE.PART5, 0x1c1
UNC_IIO_TXN_REQ_BY_CPU.MEM_WRITE.PART6, 0x1c1
UNC_IIO_TXN_REQ_BY_CPU.MEM_WRITE.PART7, 0x1c1
UNC_IIO_TXN_REQ_BY_CPU.PEER_READ.IOMMU0, 0x8c1
UNC_IIO_TXN_REQ_BY_CPU.PEER_READ.IOMMU1, 0x8c1
UNC_IIO_TXN_REQ_BY_CPU.PEER_READ.PART0, 0x8c1
UNC_IIO_TXN_REQ_BY_CPU.PEER_READ.PART1, 0x8c1
UNC_IIO_TXN_REQ_BY_CPU.PEER_READ.PART2, 0x8c1
UNC_IIO_TXN_REQ_BY_CPU.PEER_READ.PART3, 0x8c1
UNC_IIO_TXN_REQ_BY_CPU.PEER_READ.PART4, 0x8c1
UNC_IIO_TXN_REQ_BY_CPU.PEER_READ.PART5, 0x8c1
UNC_IIO_TXN_REQ_BY_CPU.PEER_READ.PART6, 0x8c1
UNC_IIO_TXN_REQ_BY_CPU.PEER_READ.PART7, 0x8c1
UNC_IIO_TXN_REQ_BY_CPU.PEER_WRITE.IOMMU0, 0x2c1
UNC_IIO_TXN_REQ_BY_CPU.PEER_WRITE.PART0, 0x2c1
UNC_IIO_TXN_REQ_BY_CPU.PEER_WRITE.PART1, 0x2c1
UNC_IIO_TXN_REQ_BY_CPU.PEER_WRITE.PART2, 0x2c1
UNC_IIO_TXN_REQ_BY_CPU.PEER_WRITE.PART3, 0x2c1
UNC_IIO_TXN_REQ_BY_CPU.PEER_WRITE.PART4, 0x2c1
UNC_IIO_TXN_REQ_BY_CPU.PEER_WRITE.PART5, 0x2c1
UNC_IIO_TXN_REQ_BY_CPU.PEER_WRITE.PART6, 0x2c1
UNC_IIO_TXN_REQ_BY_CPU.PEER_WRITE.PART7, 0x2c1
UNC_IIO_TXN_REQ_OF_CPU.ATOMIC.IOMMU0, 0x1084
UNC_IIO_TXN_REQ_OF_CPU.ATOMIC.IOMMU1, 0x1084
UNC_IIO_TXN_REQ_OF_CPU.ATOMIC.PART0, 0x1084
UNC_IIO_TXN_REQ_OF_CPU.ATOMIC.PART1, 0x1084
UNC_IIO_TXN_REQ_OF_CPU.ATOMIC.PART2, 0x1084
UNC_IIO_TXN_REQ_OF_CPU.ATOMIC.PART3, 0x1084
UNC_IIO_TXN_REQ_OF_CPU.ATOMIC.PART4, 0x1084
UNC_IIO_TXN_REQ_OF_CPU.ATOMIC.PART5, 0x1084
UNC_IIO_TXN_REQ_OF_CPU.ATOMIC.PART6, 0x1084
UNC_IIO_TXN_REQ_OF_CPU.ATOMIC.PART7, 0x1084
UNC_IIO_TXN_REQ_OF_CPU.CMPD.IOMMU0, 0x8084
UNC_IIO_TXN_REQ_OF_CPU.CMPD.IOMMU1, 0x8084
UNC_IIO_TXN_REQ_OF_CPU.CMPD.PART0, 0x8084
UNC_IIO_TXN_REQ_OF_CPU.CMPD.PART1, 0x8084
UNC_IIO_TXN_REQ_OF_CPU.CMPD.PART2, 0x8084
UNC_IIO_TXN_REQ_OF_CPU.CMPD.PART3, 0x8084
UNC_IIO_TXN_REQ_OF_CPU.CMPD.PART4, 0x8084
UNC_IIO_TXN_REQ_OF_CPU.CMPD.PART5, 0x8084
UNC_IIO_TXN_REQ_OF_CPU.CMPD.PART6, 0x8084
UNC_IIO_TXN_REQ_OF_CPU.CMPD.PART7, 0x8084
UNC_IIO_TXN_REQ_OF_CPU.MEM_READ.IOMMU0, 0x484
UNC_IIO_TXN_REQ_OF_CPU.MEM_READ.IOMMU1, 0x484
UNC_IIO_TXN_REQ_OF_CPU.MEM_READ.PART0, 0x484
UNC_IIO_TXN_REQ_OF_CPU.MEM_READ.PART1, 0x484
UNC_IIO_TXN_REQ_OF_CPU.MEM_READ.PART2, 0x484
UNC_IIO_TXN_REQ_OF_CPU.MEM_READ.PART3, 0x484
UNC_IIO_TXN_REQ_OF_CPU.MEM_READ.PART4, 0x484
UNC_IIO_TXN_REQ_OF_CPU.MEM_READ.PART5, 0x484
UNC_IIO_TXN_REQ_OF_CPU.MEM_READ.PART6, 0x484
UNC_IIO_TXN_REQ_OF_CPU.MEM_READ.PART7, 0x484
UNC_IIO_TXN_REQ_OF_CPU.MEM_WRITE.IOMMU0, 0x184
UNC_IIO_TXN_REQ_OF_CPU.MEM_WRITE.IOMMU1, 0x184
UNC_IIO_TXN_REQ_OF_CPU.MEM_WRITE.PART0, 0x184
UNC_IIO_TXN_REQ_OF_CPU.MEM_WRITE.PART1, 0x184
UNC_IIO_TXN_REQ_OF_CPU.MEM_WRITE.PART2, 0x184
UNC_IIO_TXN_REQ_OF_CPU.MEM_WRITE.PART3, 0x184
UNC_IIO_TXN_REQ_OF_CPU.MEM_WRITE.PART4, 0x184
UNC_IIO_TXN_REQ_OF_CPU.MEM_WRITE.PART5, 0x184
UNC_IIO_TXN_REQ_OF_CPU.MEM_WRITE.PART6, 0x184
UNC_IIO_TXN_REQ_OF_CPU.MEM_WRITE.PART7, 0x184
UNC_IIO_TXN_REQ_OF_CPU.MSG.IOMMU0, 0x4084
UNC_IIO_TXN_REQ_OF_CPU.MSG.IOMMU1, 0x4084
UNC_IIO_TXN_REQ_OF_CPU.MSG.PART0, 0x4084
UNC_IIO_TXN_REQ_OF_CPU.MSG.PART1, 0x4084
UNC_IIO_TXN_REQ_OF_CPU.MSG.PART2, 0x4084
UNC_IIO_TXN_REQ_OF_CPU.MSG.PART3, 0x4084
UNC_IIO_TXN_REQ_OF_CPU.MSG.PART4, 0x4084
UNC_IIO_TXN_REQ_OF_CPU.MSG.PART5, 0x4084
UNC_IIO_TXN_REQ_OF_CPU.MSG.PART6, 0x4084
UNC_IIO_TXN_REQ_OF_CPU.MSG.PART7, 0x4084
UNC_IIO_TXN_REQ_OF_CPU.PEER_READ.IOMMU0, 0x884
UNC_IIO_TXN_REQ_OF_CPU.PEER_READ.IOMMU1, 0x884
UNC_IIO_TXN_REQ_OF_CPU.PEER_READ.PART0, 0x884
UNC_IIO_TXN_REQ_OF_CPU.PEER_READ.PART1, 0x884
UNC_IIO_TXN_REQ_OF_CPU.PEER_READ.PART2, 0x884
UNC_IIO_TXN_REQ_OF_CPU.PEER_READ.PART3, 0x884
UNC_IIO_TXN_REQ_OF_CPU.PEER_READ.PART4, 0x884
UNC_IIO_TXN_REQ_OF_CPU.PEER_READ.PART5, 0x884
UNC_IIO_TXN_REQ_OF_CPU.PEER_READ.PART6, 0x884
UNC_IIO_TXN_REQ_OF_CPU.PEER_READ.PART7, 0x884
UNC_IIO_TXN_REQ_OF_CPU.PEER_WRITE.IOMMU0, 0x284
UNC_IIO_TXN_REQ_OF_CPU.PEER_WRITE.IOMMU1, 0x284
UNC_IIO_TXN_REQ_OF_CPU.PEER_WRITE.PART0, 0x284
UNC_IIO_TXN_REQ_OF_CPU.PEER_WRITE.PART1, 0x284
UNC_IIO_TXN_REQ_OF_CPU.PEER_WRITE.PART2, 0x284
UNC_IIO_TXN_REQ_OF_CPU.PEER_WRITE.PART3, 0x284
UNC_IIO_TXN_REQ_OF_CPU.PEER_WRITE.PART4, 0x284
UNC_IIO_TXN_REQ_OF_CPU.PEER_WRITE.PART5, 0x284
UNC_IIO_TXN_REQ_OF_CPU.PEER_WRITE.PART6, 0x284
UNC_IIO_TXN_REQ_OF_CPU.PEER_WRITE.PART7, 0x284
UNC_M2P_AG0_AD_CRD_ACQUIRED0.TGR0, 0x180
UNC_M2P_AG0_AD_CRD_ACQUIRED0.TGR1, 0x280
UNC_M2P_AG0_AD_CRD_ACQUIRED0.TGR2, 0x480
UNC_M2P_AG0_AD_CRD_ACQUIRED0.TGR3, 0x880
UNC_M2P_AG0_AD_CRD_ACQUIRED0.TGR4, 0x1080
UNC_M2P_AG0_AD_CRD_ACQUIRED0.TGR5, 0x2080
UNC_M2P_AG0_AD_CRD_ACQUIRED0.TGR6, 0x4080
UNC_M2P_AG0_AD_CRD_ACQUIRED0.TGR7, 0x8080
UNC_M2P_AG0_AD_CRD_ACQUIRED1.TGR10, 0x481
UNC_M2P_AG0_AD_CRD_ACQUIRED1.TGR8, 0x181
UNC_M2P_AG0_AD_CRD_ACQUIRED1.TGR9, 0x281
UNC_M2P_AG0_AD_CRD_OCCUPANCY0.TGR0, 0x182
UNC_M2P_AG0_AD_CRD_OCCUPANCY0.TGR1, 0x282
UNC_M2P_AG0_AD_CRD_OCCUPANCY0.TGR2, 0x482
UNC_M2P_AG0_AD_CRD_OCCUPANCY0.TGR3, 0x882
UNC_M2P_AG0_AD_CRD_OCCUPANCY0.TGR4, 0x1082
UNC_M2P_AG0_AD_CRD_OCCUPANCY0.TGR5, 0x2082
UNC_M2P_AG0_AD_CRD_OCCUPANCY0.TGR6, 0x4082
UNC_M2P_AG0_AD_CRD_OCCUPANCY0.TGR7, 0x8082
UNC_M2P_AG0_AD_CRD_OCCUPANCY1.TGR10, 0x483
UNC_M2P_AG0_AD_CRD_OCCUPANCY1.TGR8, 0x183
UNC_M2P_AG0_AD_CRD_OCCUPANCY1.TGR9, 0x283
UNC_M2P_AG0_BL_CRD_ACQUIRED0.TGR0, 0x188
UNC_M2P_AG0_BL_CRD_ACQUIRED0.TGR1, 0x288
UNC_M2P_AG0_BL_CRD_ACQUIRED0.TGR2, 0x488
UNC_M2P_AG0_BL_CRD_ACQUIRED0.TGR3, 0x888
UNC_M2P_AG0_BL_CRD_ACQUIRED0.TGR4, 0x1088
UNC_M2P_AG0_BL_CRD_ACQUIRED0.TGR5, 0x2088
UNC_M2P_AG0_BL_CRD_ACQUIRED0.TGR6, 0x4088
UNC_M2P_AG0_BL_CRD_ACQUIRED0.TGR7, 0x8088
UNC_M2P_AG0_BL_CRD_ACQUIRED1.TGR10, 0x489
UNC_M2P_AG0_BL_CRD_ACQUIRED1.TGR8, 0x189
UNC_M2P_AG0_BL_CRD_ACQUIRED1.TGR9, 0x289
UNC_M2P_AG0_BL_CRD_OCCUPANCY0.TGR0, 0x18a
UNC_M2P_AG0_BL_CRD_OCCUPANCY0.TGR1, 0x28a
UNC_M2P_AG0_BL_CRD_OCCUPANCY0.TGR2, 0x48a
UNC_M2P_AG0_BL_CRD_OCCUPANCY0.TGR3, 0x88a
UNC_M2P_AG0_BL_CRD_OCCUPANCY0.TGR4, 0x108a
UNC_M2P_AG0_BL_CRD_OCCUPANCY0.TGR5, 0x208a
UNC_M2P_AG0_BL_CRD_OCCUPANCY0.TGR6, 0x408a
UNC_M2P_AG0_BL_CRD_OCCUPANCY0.TGR7, 0x808a
UNC_M2P_AG0_BL_CRD_OCCUPANCY1.TGR10, 0x48b
UNC_M2P_AG0_BL_CRD_OCCUPANCY1.TGR8, 0x18b
UNC_M2P_AG0_BL_CRD_OCCUPANCY1.TGR9, 0x28b
UNC_M2P_AG1_AD_CRD_ACQUIRED0.TGR0, 0x184
UNC_M2P_AG1_AD_CRD_ACQUIRED0.TGR1, 0x284
UNC_M2P_AG1_AD_CRD_ACQUIRED0.TGR2, 0x484
UNC_M2P_AG1_AD_CRD_ACQUIRED0.TGR3, 0x884
UNC_M2P_AG1_AD_CRD_ACQUIRED0.TGR4, 0x1084
UNC_M2P_AG1_AD_CRD_ACQUIRED0.TGR5, 0x2084
UNC_M2P_AG1_AD_CRD_ACQUIRED0.TGR6, 0x4084
UNC_M2P_AG1_AD_CRD_ACQUIRED0.TGR7, 0x8084
UNC_M2P_AG1_AD_CRD_ACQUIRED1.TGR10, 0x485
UNC_M2P_AG1_AD_CRD_ACQUIRED1.TGR8, 0x185
UNC_M2P_AG1_AD_CRD_ACQUIRED1.TGR9, 0x285
UNC_M2P_AG1_AD_CRD_OCCUPANCY0.TGR0, 0x186
UNC_M2P_AG1_AD_CRD_OCCUPANCY0.TGR1, 0x286
UNC_M2P_AG1_AD_CRD_OCCUPANCY0.TGR2, 0x486
UNC_M2P_AG1_AD_CRD_OCCUPANCY0.TGR3, 0x886
UNC_M2P_AG1_AD_CRD_OCCUPANCY0.TGR4, 0x1086
UNC_M2P_AG1_AD_CRD_OCCUPANCY0.TGR5, 0x2086
UNC_M2P_AG1_AD_CRD_OCCUPANCY0.TGR6, 0x4086
UNC_M2P_AG1_AD_CRD_OCCUPANCY0.TGR7, 0x8086
UNC_M2P_AG1_AD_CRD_OCCUPANCY1.TGR10, 0x487
UNC_M2P_AG1_AD_CRD_OCCUPANCY1.TGR8, 0x187
UNC_M2P_AG1_AD_CRD_OCCUPANCY1.TGR9, 0x287
UNC_M2P_AG1_BL_CRD_ACQUIRED0.TGR0, 0x18c
UNC_M2P_AG1_BL_CRD_ACQUIRED0.TGR1, 0x28c
UNC_M2P_AG1_BL_CRD_ACQUIRED0.TGR2, 0x48c
UNC_M2P_AG1_BL_CRD_ACQUIRED0.TGR3, 0x88c
UNC_M2P_AG1_BL_CRD_ACQUIRED0.TGR4, 0x108c
UNC_M2P_AG1_BL_CRD_ACQUIRED0.TGR5, 0x208c
UNC_M2P_AG1_BL_CRD_ACQUIRED0.TGR6, 0x408c
UNC_M2P_AG1_BL_CRD_ACQUIRED0.TGR7, 0x808c
UNC_M2P_AG1_BL_CRD_ACQUIRED1.TGR10, 0x48d
UNC_M2P_AG1_BL_CRD_ACQUIRED1.TGR8, 0x18d
UNC_M2P_AG1_BL_CRD_ACQUIRED1.TGR9, 0x28d
UNC_M2P_AG1_BL_CRD_OCCUPANCY0.TGR0, 0x18e
UNC_M2P_AG1_BL_CRD_OCCUPANCY0.TGR1, 0x28e
UNC_M2P_AG1_BL_CRD_OCCUPANCY0.TGR2, 0x48e
UNC_M2P_AG1_BL_CRD_OCCUPANCY0.TGR3, 0x88e
UNC_M2P_AG1_BL_CRD_OCCUPANCY0.TGR4, 0x108e
UNC_M2P_AG1_BL_CRD_OCCUPANCY0.TGR5, 0x208e
UNC_M2P_AG1_BL_CRD_OCCUPANCY0.TGR6, 0x408e
UNC_M2P_AG1_BL_CRD_OCCUPANCY0.TGR7, 0x808e
UNC_M2P_AG1_BL_CRD_OCCUPANCY1.TGR10, 0x48f
UNC_M2P_AG1_BL_CRD_OCCUPANCY1.TGR8, 0x18f
UNC_M2P_AG1_BL_CRD_OCCUPANCY1.TGR9, 0x28f
UNC_M2P_CLOCKTICKS, 0x1
UNC_M2P_CMS_CLOCKTICKS, 0xc0
UNC_M2P_DISTRESS_ASSERTED.DPT_LOCAL, 0x4af
UNC_M2P_DISTRESS_ASSERTED.DPT_NONLOCAL, 0x8af
UNC_M2P_DISTRESS_ASSERTED.DPT_STALL_IV, 0x40af
UNC_M2P_DISTRESS_ASSERTED.DPT_STALL_NOCRD, 0x80af
UNC_M2P_DISTRESS_ASSERTED.HORZ, 0x2af
UNC_M2P_DISTRESS_ASSERTED.VERT, 0x1af
UNC_M2P_EGRESS_ORDERING.IV_SNOOPGO_DN, 0x4ba
UNC_M2P_EGRESS_ORDERING.IV_SNOOPGO_UP, 0x1ba
UNC_M2P_HORZ_RING_AD_IN_USE.LEFT_EVEN, 0x1b6
UNC_M2P_HORZ_RING_AD_IN_USE.LEFT_ODD, 0x2b6
UNC_M2P_HORZ_RING_AD_IN_USE.RIGHT_EVEN, 0x4b6
UNC_M2P_HORZ_RING_AD_IN_USE.RIGHT_ODD, 0x8b6
UNC_M2P_HORZ_RING_AKC_IN_USE.LEFT_EVEN, 0x1bb
UNC_M2P_HORZ_RING_AKC_IN_USE.LEFT_ODD, 0x2bb
UNC_M2P_HORZ_RING_AKC_IN_USE.RIGHT_EVEN, 0x4bb
UNC_M2P_HORZ_RING_AKC_IN_USE.RIGHT_ODD, 0x8bb
UNC_M2P_HORZ_RING_AK_IN_USE.LEFT_EVEN, 0x1b7
UNC_M2P_HORZ_RING_AK_IN_USE.LEFT_ODD, 0x2b7
UNC_M2P_HORZ_RING_AK_IN_USE.RIGHT_EVEN, 0x4b7
UNC_M2P_HORZ_RING_AK_IN_USE.RIGHT_ODD, 0x8b7
UNC_M2P_HORZ_RING_BL_IN_USE.LEFT_EVEN, 0x1b8
UNC_M2P_HORZ_RING_BL_IN_USE.LEFT_ODD, 0x2b8
UNC_M2P_HORZ_RING_BL_IN_USE.RIGHT_EVEN, 0x4b8
UNC_M2P_HORZ_RING_BL_IN_USE.RIGHT_ODD, 0x8b8
UNC_M2P_HORZ_RING_IV_IN_USE.LEFT, 0x1b9
UNC_M2P_HORZ_RING_IV_IN_USE.RIGHT, 0x4b9
UNC_M2P_IIO_CREDITS_ACQUIRED.DRS_0, 0x133
UNC_M2P_IIO_CREDITS_ACQUIRED.DRS_1, 0x233
UNC_M2P_IIO_CREDITS_ACQUIRED.NCB_0, 0x433
UNC_M2P_IIO_CREDITS_ACQUIRED.NCB_1, 0x833
UNC_M2P_IIO_CREDITS_ACQUIRED.NCS_0, 0x1033
UNC_M2P_IIO_CREDITS_ACQUIRED.NCS_1, 0x2033
UNC_M2P_IIO_CREDITS_REJECT.DRS, 0x834
UNC_M2P_IIO_CREDITS_REJECT.NCB, 0x1034
UNC_M2P_IIO_CREDITS_REJECT.NCS, 0x2034
UNC_M2P_IIO_CREDITS_USED.DRS_0, 0x132
UNC_M2P_IIO_CREDITS_USED.DRS_1, 0x232
UNC_M2P_IIO_CREDITS_USED.NCB_0, 0x432
UNC_M2P_IIO_CREDITS_USED.NCB_1, 0x832
UNC_M2P_IIO_CREDITS_USED.NCS_0, 0x1032
UNC_M2P_IIO_CREDITS_USED.NCS_1, 0x2032
UNC_M2P_LOCAL_DED_P2P_CRD_TAKEN_0.M2IOSF0_NCB, 0x146
UNC_M2P_LOCAL_DED_P2P_CRD_TAKEN_0.M2IOSF0_NCS, 0x246
UNC_M2P_LOCAL_DED_P2P_CRD_TAKEN_0.M2IOSF1_NCB, 0x446
UNC_M2P_LOCAL_DED_P2P_CRD_TAKEN_0.M2IOSF1_NCS, 0x846
UNC_M2P_LOCAL_DED_P2P_CRD_TAKEN_0.M2IOSF2_NCB, 0x1046
UNC_M2P_LOCAL_DED_P2P_CRD_TAKEN_0.M2IOSF2_NCS, 0x2046
UNC_M2P_LOCAL_DED_P2P_CRD_TAKEN_0.M2IOSF3_NCB, 0x4046
UNC_M2P_LOCAL_DED_P2P_CRD_TAKEN_0.M2IOSF3_NCS, 0x8046
UNC_M2P_LOCAL_DED_P2P_CRD_TAKEN_1.M2IOSF4_NCB, 0x147
UNC_M2P_LOCAL_DED_P2P_CRD_TAKEN_1.M2IOSF4_NCS, 0x247
UNC_M2P_LOCAL_DED_P2P_CRD_TAKEN_1.M2IOSF5_NCB, 0x447
UNC_M2P_LOCAL_DED_P2P_CRD_TAKEN_1.M2IOSF5_NCS, 0x847
UNC_M2P_LOCAL_P2P_DED_RETURNED_0.MS2IOSF0_NCB, 0x119
UNC_M2P_LOCAL_P2P_DED_RETURNED_0.MS2IOSF0_NCS, 0x219
UNC_M2P_LOCAL_P2P_DED_RETURNED_0.MS2IOSF1_NCB, 0x419
UNC_M2P_LOCAL_P2P_DED_RETURNED_0.MS2IOSF1_NCS, 0x819
UNC_M2P_LOCAL_P2P_DED_RETURNED_0.MS2IOSF2_NCB, 0x1019
UNC_M2P_LOCAL_P2P_DED_RETURNED_0.MS2IOSF2_NCS, 0x2019
UNC_M2P_LOCAL_P2P_DED_RETURNED_0.MS2IOSF3_NCB, 0x1019
UNC_M2P_LOCAL_P2P_DED_RETURNED_0.MS2IOSF3_NCS, 0x2019
UNC_M2P_LOCAL_P2P_DED_RETURNED_1.MS2IOSF4_NCB, 0x11a
UNC_M2P_LOCAL_P2P_DED_RETURNED_1.MS2IOSF4_NCS, 0x21a
UNC_M2P_LOCAL_P2P_DED_RETURNED_1.MS2IOSF5_NCB, 0x41a
UNC_M2P_LOCAL_P2P_DED_RETURNED_1.MS2IOSF5_NCS, 0x81a
UNC_M2P_LOCAL_P2P_SHAR_RETURNED.AGENT_0, 0x117
UNC_M2P_LOCAL_P2P_SHAR_RETURNED.AGENT_1, 0x217
UNC_M2P_LOCAL_P2P_SHAR_RETURNED.AGENT_2, 0x417
UNC_M2P_LOCAL_SHAR_P2P_CRD_RETURNED.AGENT_0, 0x144
UNC_M2P_LOCAL_SHAR_P2P_CRD_RETURNED.AGENT_1, 0x244
UNC_M2P_LOCAL_SHAR_P2P_CRD_RETURNED.AGENT_2, 0x444
UNC_M2P_LOCAL_SHAR_P2P_CRD_RETURNED.AGENT_3, 0x844
UNC_M2P_LOCAL_SHAR_P2P_CRD_RETURNED.AGENT_4, 0x1044
UNC_M2P_LOCAL_SHAR_P2P_CRD_RETURNED.AGENT_5, 0x2044
UNC_M2P_LOCAL_SHAR_P2P_CRD_TAKEN_0.M2IOSF0_NCB, 0x140
UNC_M2P_LOCAL_SHAR_P2P_CRD_TAKEN_0.M2IOSF0_NCS, 0x240
UNC_M2P_LOCAL_SHAR_P2P_CRD_TAKEN_0.M2IOSF1_NCB, 0x440
UNC_M2P_LOCAL_SHAR_P2P_CRD_TAKEN_0.M2IOSF1_NCS, 0x840
UNC_M2P_LOCAL_SHAR_P2P_CRD_TAKEN_0.M2IOSF2_NCB, 0x1040
UNC_M2P_LOCAL_SHAR_P2P_CRD_TAKEN_0.M2IOSF2_NCS, 0x2040
UNC_M2P_LOCAL_SHAR_P2P_CRD_TAKEN_0.M2IOSF3_NCB, 0x4040
UNC_M2P_LOCAL_SHAR_P2P_CRD_TAKEN_0.M2IOSF3_NCS, 0x8040
UNC_M2P_LOCAL_SHAR_P2P_CRD_TAKEN_1.M2IOSF4_NCB, 0x141
UNC_M2P_LOCAL_SHAR_P2P_CRD_TAKEN_1.M2IOSF4_NCS, 0x241
UNC_M2P_LOCAL_SHAR_P2P_CRD_TAKEN_1.M2IOSF5_NCB, 0x441
UNC_M2P_LOCAL_SHAR_P2P_CRD_TAKEN_1.M2IOSF5_NCS, 0x841
UNC_M2P_LOCAL_SHAR_P2P_CRD_WAIT_0.M2IOSF0_NCB, 0x14a
UNC_M2P_LOCAL_SHAR_P2P_CRD_WAIT_0.M2IOSF0_NCS, 0x24a
UNC_M2P_LOCAL_SHAR_P2P_CRD_WAIT_0.M2IOSF1_NCB, 0x44a
UNC_M2P_LOCAL_SHAR_P2P_CRD_WAIT_0.M2IOSF1_NCS, 0x84a
UNC_M2P_LOCAL_SHAR_P2P_CRD_WAIT_0.M2IOSF2_NCB, 0x104a
UNC_M2P_LOCAL_SHAR_P2P_CRD_WAIT_0.M2IOSF2_NCS, 0x204a
UNC_M2P_LOCAL_SHAR_P2P_CRD_WAIT_0.M2IOSF3_NCB, 0x404a
UNC_M2P_LOCAL_SHAR_P2P_CRD_WAIT_0.M2IOSF3_NCS, 0x804a
UNC_M2P_LOCAL_SHAR_P2P_CRD_WAIT_1.M2IOSF4_NCB, 0x14b
UNC_M2P_LOCAL_SHAR_P2P_CRD_WAIT_1.M2IOSF4_NCS, 0x24b
UNC_M2P_LOCAL_SHAR_P2P_CRD_WAIT_1.M2IOSF5_NCB, 0x44b
UNC_M2P_LOCAL_SHAR_P2P_CRD_WAIT_1.M2IOSF5_NCS, 0x84b
UNC_M2P_MISC_EXTERNAL.MBE_INST0, 0x1e6
UNC_M2P_MISC_EXTERNAL.MBE_INST1, 0x2e6
UNC_M2P_P2P_CRD_OCCUPANCY.ALL, 0x1014
UNC_M2P_P2P_CRD_OCCUPANCY.LOCAL_NCB, 0x114
UNC_M2P_P2P_CRD_OCCUPANCY.LOCAL_NCS, 0x214
UNC_M2P_P2P_CRD_OCCUPANCY.REMOTE_NCB, 0x414
UNC_M2P_P2P_CRD_OCCUPANCY.REMOTE_NCS, 0x814
UNC_M2P_P2P_DED_RECEIVED.ALL, 0x1016
UNC_M2P_P2P_DED_RECEIVED.LOCAL_NCB, 0x116
UNC_M2P_P2P_DED_RECEIVED.LOCAL_NCS, 0x216
UNC_M2P_P2P_DED_RECEIVED.REMOTE_NCB, 0x416
UNC_M2P_P2P_DED_RECEIVED.REMOTE_NCS, 0x816
UNC_M2P_P2P_SHAR_RECEIVED.ALL, 0x1015
UNC_M2P_P2P_SHAR_RECEIVED.LOCAL_NCB, 0x115
UNC_M2P_P2P_SHAR_RECEIVED.LOCAL_NCS, 0x215
UNC_M2P_P2P_SHAR_RECEIVED.REMOTE_NCB, 0x415
UNC_M2P_P2P_SHAR_RECEIVED.REMOTE_NCS, 0x815
UNC_M2P_REMOTE_P2P_SHAR_RETURNED.AGENT_0, 0x118
UNC_M2P_REMOTE_P2P_SHAR_RETURNED.AGENT_1, 0x218
UNC_M2P_REMOTE_P2P_SHAR_RETURNED.AGENT_2, 0x418
UNC_M2P_REMOTE_SHAR_P2P_CRD_RETURNED.AGENT_0, 0x145
UNC_M2P_REMOTE_SHAR_P2P_CRD_RETURNED.AGENT_1, 0x245
UNC_M2P_REMOTE_SHAR_P2P_CRD_RETURNED.AGENT_2, 0x445
UNC_M2P_RING_BOUNCES_HORZ.AD, 0x1ac
UNC_M2P_RING_BOUNCES_HORZ.AK, 0x2ac
UNC_M2P_RING_BOUNCES_HORZ.BL, 0x4ac
UNC_M2P_RING_BOUNCES_HORZ.IV, 0x8ac
UNC_M2P_RING_BOUNCES_VERT.AD, 0x1aa
UNC_M2P_RING_BOUNCES_VERT.AK, 0x2aa
UNC_M2P_RING_BOUNCES_VERT.AKC, 0x10aa
UNC_M2P_RING_BOUNCES_VERT.BL, 0x4aa
UNC_M2P_RING_BOUNCES_VERT.IV, 0x8aa
UNC_M2P_RING_SINK_STARVED_HORZ.AD, 0x1ad
UNC_M2P_RING_SINK_STARVED_HORZ.AK, 0x2ad
UNC_M2P_RING_SINK_STARVED_HORZ.AK_AG1, 0x20ad
UNC_M2P_RING_SINK_STARVED_HORZ.BL, 0x4ad
UNC_M2P_RING_SINK_STARVED_HORZ.IV, 0x8ad
UNC_M2P_RING_SINK_STARVED_VERT.AD, 0x1ab
UNC_M2P_RING_SINK_STARVED_VERT.AK, 0x2ab
UNC_M2P_RING_SINK_STARVED_VERT.AKC, 0x10ab
UNC_M2P_RING_SINK_STARVED_VERT.BL, 0x4ab
UNC_M2P_RING_SINK_STARVED_VERT.IV, 0x8ab
UNC_M2P_RING_SRC_THRTL, 0xae
UNC_M2P_RxC_CYCLES_NE.ALL, 0x8010
UNC_M2P_RxC_CYCLES_NE.CHA_IDI, 0x110
UNC_M2P_RxC_CYCLES_NE.CHA_NCB, 0x210
UNC_M2P_RxC_CYCLES_NE.CHA_NCS, 0x410
UNC_M2P_RxC_CYCLES_NE.IIO_NCB, 0x2010
UNC_M2P_RxC_CYCLES_NE.IIO_NCS, 0x4010
UNC_M2P_RxC_INSERTS.ALL, 0x8011
UNC_M2P_RxC_INSERTS.CHA_IDI, 0x111
UNC_M2P_RxC_INSERTS.CHA_NCB, 0x211
UNC_M2P_RxC_INSERTS.CHA_NCS, 0x411
UNC_M2P_RxC_INSERTS.IIO_NCB, 0x2011
UNC_M2P_RxC_INSERTS.IIO_NCS, 0x4011
UNC_M2P_RxR_BUSY_STARVED.AD_ALL, 0x11e5
UNC_M2P_RxR_BUSY_STARVED.AD_CRD, 0x10e5
UNC_M2P_RxR_BUSY_STARVED.AD_UNCRD, 0x1e5
UNC_M2P_RxR_BUSY_STARVED.BL_ALL, 0x44e5
UNC_M2P_RxR_BUSY_STARVED.BL_CRD, 0x40e5
UNC_M2P_RxR_BUSY_STARVED.BL_UNCRD, 0x4e5
UNC_M2P_RxR_BYPASS.AD_ALL, 0x11e2
UNC_M2P_RxR_BYPASS.AD_CRD, 0x10e2
UNC_M2P_RxR_BYPASS.AD_UNCRD, 0x1e2
UNC_M2P_RxR_BYPASS.AK, 0x2e2
UNC_M2P_RxR_BYPASS.AKC_UNCRD, 0x80e2
UNC_M2P_RxR_BYPASS.BL_ALL, 0x44e2
UNC_M2P_RxR_BYPASS.BL_CRD, 0x40e2
UNC_M2P_RxR_BYPASS.BL_UNCRD, 0x4e2
UNC_M2P_RxR_BYPASS.IV, 0x8e2
UNC_M2P_RxR_CRD_STARVED.AD_ALL, 0x11e3
UNC_M2P_RxR_CRD_STARVED.AD_CRD, 0x10e3
UNC_M2P_RxR_CRD_STARVED.AD_UNCRD, 0x1e3
UNC_M2P_RxR_CRD_STARVED.AK, 0x2e3
UNC_M2P_RxR_CRD_STARVED.BL_ALL, 0x44e3
UNC_M2P_RxR_CRD_STARVED.BL_CRD, 0x40e3
UNC_M2P_RxR_CRD_STARVED.BL_UNCRD, 0x4e3
UNC_M2P_RxR_CRD_STARVED.IFV, 0x80e3
UNC_M2P_RxR_CRD_STARVED.IV, 0x8e3
UNC_M2P_RxR_CRD_STARVED_1, 0xe4
UNC_M2P_RxR_INSERTS.AD_ALL, 0x11e1
UNC_M2P_RxR_INSERTS.AD_CRD, 0x10e1
UNC_M2P_RxR_INSERTS.AD_UNCRD, 0x1e1
UNC_M2P_RxR_INSERTS.AK, 0x2e1
UNC_M2P_RxR_INSERTS.AKC_UNCRD, 0x80e1
UNC_M2P_RxR_INSERTS.BL_ALL, 0x44e1
UNC_M2P_RxR_INSERTS.BL_CRD, 0x40e1
UNC_M2P_RxR_INSERTS.BL_UNCRD, 0x4e1
UNC_M2P_RxR_INSERTS.IV, 0x8e1
UNC_M2P_RxR_OCCUPANCY.AD_ALL, 0x11e0
UNC_M2P_RxR_OCCUPANCY.AD_CRD, 0x10e0
UNC_M2P_RxR_OCCUPANCY.AD_UNCRD, 0x1e0
UNC_M2P_RxR_OCCUPANCY.AK, 0x2e0
UNC_M2P_RxR_OCCUPANCY.AKC_UNCRD, 0x80e0
UNC_M2P_RxR_OCCUPANCY.BL_ALL, 0x44e0
UNC_M2P_RxR_OCCUPANCY.BL_CRD, 0x20e0
UNC_M2P_RxR_OCCUPANCY.BL_UNCRD, 0x4e0
UNC_M2P_RxR_OCCUPANCY.IV, 0x8e0
UNC_M2P_STALL0_NO_TxR_HORZ_CRD_AD_AG0.TGR0, 0x1d0
UNC_M2P_STALL0_NO_TxR_HORZ_CRD_AD_AG0.TGR1, 0x2d0
UNC_M2P_STALL0_NO_TxR_HORZ_CRD_AD_AG0.TGR2, 0x4d0
UNC_M2P_STALL0_NO_TxR_HORZ_CRD_AD_AG0.TGR3, 0x8d0
UNC_M2P_STALL0_NO_TxR_HORZ_CRD_AD_AG0.TGR4, 0x10d0
UNC_M2P_STALL0_NO_TxR_HORZ_CRD_AD_AG0.TGR5, 0x20d0
UNC_M2P_STALL0_NO_TxR_HORZ_CRD_AD_AG0.TGR6, 0x40d0
UNC_M2P_STALL0_NO_TxR_HORZ_CRD_AD_AG0.TGR7, 0x80d0
UNC_M2P_STALL0_NO_TxR_HORZ_CRD_AD_AG1.TGR0, 0x1d2
UNC_M2P_STALL0_NO_TxR_HORZ_CRD_AD_AG1.TGR1, 0x2d2
UNC_M2P_STALL0_NO_TxR_HORZ_CRD_AD_AG1.TGR2, 0x4d2
UNC_M2P_STALL0_NO_TxR_HORZ_CRD_AD_AG1.TGR3, 0x8d2
UNC_M2P_STALL0_NO_TxR_HORZ_CRD_AD_AG1.TGR4, 0x10d2
UNC_M2P_STALL0_NO_TxR_HORZ_CRD_AD_AG1.TGR5, 0x20d2
UNC_M2P_STALL0_NO_TxR_HORZ_CRD_AD_AG1.TGR6, 0x40d2
UNC_M2P_STALL0_NO_TxR_HORZ_CRD_AD_AG1.TGR7, 0x80d2
UNC_M2P_STALL0_NO_TxR_HORZ_CRD_BL_AG0.TGR0, 0x1d4
UNC_M2P_STALL0_NO_TxR_HORZ_CRD_BL_AG0.TGR1, 0x2d4
UNC_M2P_STALL0_NO_TxR_HORZ_CRD_BL_AG0.TGR2, 0x4d4
UNC_M2P_STALL0_NO_TxR_HORZ_CRD_BL_AG0.TGR3, 0x8d4
UNC_M2P_STALL0_NO_TxR_HORZ_CRD_BL_AG0.TGR4, 0x10d4
UNC_M2P_STALL0_NO_TxR_HORZ_CRD_BL_AG0.TGR5, 0x20d4
UNC_M2P_STALL0_NO_TxR_HORZ_CRD_BL_AG0.TGR6, 0x40d4
UNC_M2P_STALL0_NO_TxR_HORZ_CRD_BL_AG0.TGR7, 0x80d4
UNC_M2P_STALL0_NO_TxR_HORZ_CRD_BL_AG1.TGR0, 0x1d6
UNC_M2P_STALL0_NO_TxR_HORZ_CRD_BL_AG1.TGR1, 0x2d6
UNC_M2P_STALL0_NO_TxR_HORZ_CRD_BL_AG1.TGR2, 0x4d6
UNC_M2P_STALL0_NO_TxR_HORZ_CRD_BL_AG1.TGR3, 0x8d6
UNC_M2P_STALL0_NO_TxR_HORZ_CRD_BL_AG1.TGR4, 0x10d6
UNC_M2P_STALL0_NO_TxR_HORZ_CRD_BL_AG1.TGR5, 0x20d6
UNC_M2P_STALL0_NO_TxR_HORZ_CRD_BL_AG1.TGR6, 0x40d6
UNC_M2P_STALL0_NO_TxR_HORZ_CRD_BL_AG1.TGR7, 0x80d6
UNC_M2P_STALL1_NO_TxR_HORZ_CRD_AD_AG0.TGR10, 0x4d1
UNC_M2P_STALL1_NO_TxR_HORZ_CRD_AD_AG0.TGR8, 0x1d1
UNC_M2P_STALL1_NO_TxR_HORZ_CRD_AD_AG0.TGR9, 0x2d1
UNC_M2P_STALL1_NO_TxR_HORZ_CRD_AD_AG1_1.TGR10, 0x4d3
UNC_M2P_STALL1_NO_TxR_HORZ_CRD_AD_AG1_1.TGR8, 0x1d3
UNC_M2P_STALL1_NO_TxR_HORZ_CRD_AD_AG1_1.TGR9, 0x2d3
UNC_M2P_STALL1_NO_TxR_HORZ_CRD_BL_AG0_1.TGR10, 0x4d5
UNC_M2P_STALL1_NO_TxR_HORZ_CRD_BL_AG0_1.TGR8, 0x1d5
UNC_M2P_STALL1_NO_TxR_HORZ_CRD_BL_AG0_1.TGR9, 0x2d5
UNC_M2P_STALL1_NO_TxR_HORZ_CRD_BL_AG1_1.TGR10, 0x4d7
UNC_M2P_STALL1_NO_TxR_HORZ_CRD_BL_AG1_1.TGR8, 0x1d7
UNC_M2P_STALL1_NO_TxR_HORZ_CRD_BL_AG1_1.TGR9, 0x2d7
UNC_M2P_TxC_CREDITS.PRQ, 0x12d
UNC_M2P_TxC_CYCLES_FULL.AD_0, 0x125
UNC_M2P_TxC_CYCLES_FULL.AD_1, 0x1025
UNC_M2P_TxC_CYCLES_FULL.AK_0, 0x225
UNC_M2P_TxC_CYCLES_FULL.AK_1, 0x2025
UNC_M2P_TxC_CYCLES_FULL.BL_0, 0x425
UNC_M2P_TxC_CYCLES_FULL.BL_1, 0x4025
UNC_M2P_TxC_CYCLES_NE.AD_0, 0x123
UNC_M2P_TxC_CYCLES_NE.AD_1, 0x1023
UNC_M2P_TxC_CYCLES_NE.AK_0, 0x223
UNC_M2P_TxC_CYCLES_NE.AK_1, 0x2023
UNC_M2P_TxC_CYCLES_NE.BL_0, 0x423
UNC_M2P_TxC_CYCLES_NE.BL_1, 0x4023
UNC_M2P_TxC_INSERTS.AD_0, 0x124
UNC_M2P_TxC_INSERTS.AD_1, 0x1024
UNC_M2P_TxC_INSERTS.AK_CRD_0, 0x824
UNC_M2P_TxC_INSERTS.AK_CRD_1, 0x8024
UNC_M2P_TxC_INSERTS.BL_0, 0x424
UNC_M2P_TxC_INSERTS.BL_1, 0x4024
UNC_M2P_TxR_HORZ_ADS_USED.AD_ALL, 0x11a6
UNC_M2P_TxR_HORZ_ADS_USED.AD_CRD, 0x10a6
UNC_M2P_TxR_HORZ_ADS_USED.AD_UNCRD, 0x1a6
UNC_M2P_TxR_HORZ_ADS_USED.BL_ALL, 0x44a6
UNC_M2P_TxR_HORZ_ADS_USED.BL_CRD, 0x40a6
UNC_M2P_TxR_HORZ_ADS_USED.BL_UNCRD, 0x4a6
UNC_M2P_TxR_HORZ_BYPASS.AD_ALL, 0x11a7
UNC_M2P_TxR_HORZ_BYPASS.AD_CRD, 0x10a7
UNC_M2P_TxR_HORZ_BYPASS.AD_UNCRD, 0x1a7
UNC_M2P_TxR_HORZ_BYPASS.AK, 0x2a7
UNC_M2P_TxR_HORZ_BYPASS.AKC_UNCRD, 0x80a7
UNC_M2P_TxR_HORZ_BYPASS.BL_ALL, 0x44a7
UNC_M2P_TxR_HORZ_BYPASS.BL_CRD, 0x40a7
UNC_M2P_TxR_HORZ_BYPASS.BL_UNCRD, 0x4a7
UNC_M2P_TxR_HORZ_BYPASS.IV, 0x8a7
UNC_M2P_TxR_HORZ_CYCLES_FULL.AD_ALL, 0x11a2
UNC_M2P_TxR_HORZ_CYCLES_FULL.AD_CRD, 0x10a2
UNC_M2P_TxR_HORZ_CYCLES_FULL.AD_UNCRD, 0x1a2
UNC_M2P_TxR_HORZ_CYCLES_FULL.AK, 0x2a2
UNC_M2P_TxR_HORZ_CYCLES_FULL.AKC_UNCRD, 0x80a2
UNC_M2P_TxR_HORZ_CYCLES_FULL.BL_ALL, 0x44a2
UNC_M2P_TxR_HORZ_CYCLES_FULL.BL_CRD, 0x40a2
UNC_M2P_TxR_HORZ_CYCLES_FULL.BL_UNCRD, 0x4a2
UNC_M2P_TxR_HORZ_CYCLES_FULL.IV, 0x8a2
UNC_M2P_TxR_HORZ_CYCLES_NE.AD_ALL, 0x11a3
UNC_M2P_TxR_HORZ_CYCLES_NE.AD_CRD, 0x10a3
UNC_M2P_TxR_HORZ_CYCLES_NE.AD_UNCRD, 0x1a3
UNC_M2P_TxR_HORZ_CYCLES_NE.AK, 0x2a3
UNC_M2P_TxR_HORZ_CYCLES_NE.AKC_UNCRD, 0x80a3
UNC_M2P_TxR_HORZ_CYCLES_NE.BL_ALL, 0x44a3
UNC_M2P_TxR_HORZ_CYCLES_NE.BL_CRD, 0x40a3
UNC_M2P_TxR_HORZ_CYCLES_NE.BL_UNCRD, 0x4a3
UNC_M2P_TxR_HORZ_CYCLES_NE.IV, 0x8a3
UNC_M2P_TxR_HORZ_INSERTS.AD_ALL, 0x11a1
UNC_M2P_TxR_HORZ_INSERTS.AD_CRD, 0x10a1
UNC_M2P_TxR_HORZ_INSERTS.AD_UNCRD, 0x1a1
UNC_M2P_TxR_HORZ_INSERTS.AK, 0x2a1
UNC_M2P_TxR_HORZ_INSERTS.AKC_UNCRD, 0x80a1
UNC_M2P_TxR_HORZ_INSERTS.BL_ALL, 0x44a1
UNC_M2P_TxR_HORZ_INSERTS.BL_CRD, 0x40a1
UNC_M2P_TxR_HORZ_INSERTS.BL_UNCRD, 0x4a1
UNC_M2P_TxR_HORZ_INSERTS.IV, 0x8a1
UNC_M2P_TxR_HORZ_NACK.AD_ALL, 0x11a4
UNC_M2P_TxR_HORZ_NACK.AD_CRD, 0x10a4
UNC_M2P_TxR_HORZ_NACK.AD_UNCRD, 0x1a4
UNC_M2P_TxR_HORZ_NACK.AK, 0x2a4
UNC_M2P_TxR_HORZ_NACK.AKC_UNCRD, 0x80a4
UNC_M2P_TxR_HORZ_NACK.BL_ALL, 0x44a4
UNC_M2P_TxR_HORZ_NACK.BL_CRD, 0x40a4
UNC_M2P_TxR_HORZ_NACK.BL_UNCRD, 0x4a4
UNC_M2P_TxR_HORZ_NACK.IV, 0x8a4
UNC_M2P_TxR_HORZ_OCCUPANCY.AD_ALL, 0x11a0
UNC_M2P_TxR_HORZ_OCCUPANCY.AD_CRD, 0x10a0
UNC_M2P_TxR_HORZ_OCCUPANCY.AD_UNCRD, 0x1a0
UNC_M2P_TxR_HORZ_OCCUPANCY.AK, 0x2a0
UNC_M2P_TxR_HORZ_OCCUPANCY.AKC_UNCRD, 0x80a0
UNC_M2P_TxR_HORZ_OCCUPANCY.BL_ALL, 0x44a0
UNC_M2P_TxR_HORZ_OCCUPANCY.BL_CRD, 0x40a0
UNC_M2P_TxR_HORZ_OCCUPANCY.BL_UNCRD, 0x4a0
UNC_M2P_TxR_HORZ_OCCUPANCY.IV, 0x8a0
UNC_M2P_TxR_HORZ_STARVED.AD_ALL, 0x1a5
UNC_M2P_TxR_HORZ_STARVED.AD_UNCRD, 0x1a5
UNC_M2P_TxR_HORZ_STARVED.AK, 0x2a5
UNC_M2P_TxR_HORZ_STARVED.AKC_UNCRD, 0x80a5
UNC_M2P_TxR_HORZ_STARVED.BL_ALL, 0x4a5
UNC_M2P_TxR_HORZ_STARVED.BL_UNCRD, 0x4a5
UNC_M2P_TxR_HORZ_STARVED.IV, 0x8a5
UNC_M2P_TxR_VERT_ADS_USED.AD_AG0, 0x19c
UNC_M2P_TxR_VERT_ADS_USED.AD_AG1, 0x109c
UNC_M2P_TxR_VERT_ADS_USED.BL_AG0, 0x49c
UNC_M2P_TxR_VERT_ADS_USED.BL_AG1, 0x409c
UNC_M2P_TxR_VERT_BYPASS.AD_AG0, 0x19d
UNC_M2P_TxR_VERT_BYPASS.AD_AG1, 0x109d
UNC_M2P_TxR_VERT_BYPASS.AK_AG0, 0x29d
UNC_M2P_TxR_VERT_BYPASS.AK_AG1, 0x209d
UNC_M2P_TxR_VERT_BYPASS.BL_AG0, 0x49d
UNC_M2P_TxR_VERT_BYPASS.BL_AG1, 0x409d
UNC_M2P_TxR_VERT_BYPASS.IV_AG1, 0x89d
UNC_M2P_TxR_VERT_BYPASS_1.AKC_AG0, 0x19e
UNC_M2P_TxR_VERT_BYPASS_1.AKC_AG1, 0x29e
UNC_M2P_TxR_VERT_CYCLES_FULL0.AD_AG0, 0x194
UNC_M2P_TxR_VERT_CYCLES_FULL0.AD_AG1, 0x1094
UNC_M2P_TxR_VERT_CYCLES_FULL0.AK_AG0, 0x294
UNC_M2P_TxR_VERT_CYCLES_FULL0.AK_AG1, 0x2094
UNC_M2P_TxR_VERT_CYCLES_FULL0.BL_AG0, 0x494
UNC_M2P_TxR_VERT_CYCLES_FULL0.BL_AG1, 0x4094
UNC_M2P_TxR_VERT_CYCLES_FULL0.IV_AG0, 0x894
UNC_M2P_TxR_VERT_CYCLES_FULL1.AKC_AG0, 0x195
UNC_M2P_TxR_VERT_CYCLES_FULL1.AKC_AG1, 0x295
UNC_M2P_TxR_VERT_CYCLES_NE0.AD_AG0, 0x196
UNC_M2P_TxR_VERT_CYCLES_NE0.AD_AG1, 0x1096
UNC_M2P_TxR_VERT_CYCLES_NE0.AK_AG0, 0x296
UNC_M2P_TxR_VERT_CYCLES_NE0.AK_AG1, 0x2096
UNC_M2P_TxR_VERT_CYCLES_NE0.BL_AG0, 0x496
UNC_M2P_TxR_VERT_CYCLES_NE0.BL_AG1, 0x4096
UNC_M2P_TxR_VERT_CYCLES_NE0.IV_AG0, 0x896
UNC_M2P_TxR_VERT_CYCLES_NE1.AKC_AG0, 0x197
UNC_M2P_TxR_VERT_CYCLES_NE1.AKC_AG1, 0x297
UNC_M2P_TxR_VERT_INSERTS0.AD_AG0, 0x192
UNC_M2P_TxR_VERT_INSERTS0.AD_AG1, 0x1092
UNC_M2P_TxR_VERT_INSERTS0.AK_AG0, 0x292
UNC_M2P_TxR_VERT_INSERTS0.AK_AG1, 0x2092
UNC_M2P_TxR_VERT_INSERTS0.BL_AG0, 0x492
UNC_M2P_TxR_VERT_INSERTS0.BL_AG1, 0x4092
UNC_M2P_TxR_VERT_INSERTS0.IV_AG0, 0x892
UNC_M2P_TxR_VERT_INSERTS1.AKC_AG0, 0x193
UNC_M2P_TxR_VERT_INSERTS1.AKC_AG1, 0x293
UNC_M2P_TxR_VERT_NACK0.AD_AG0, 0x198
UNC_M2P_TxR_VERT_NACK0.AD_AG1, 0x1098
UNC_M2P_TxR_VERT_NACK0.AK_AG0, 0x298
UNC_M2P_TxR_VERT_NACK0.AK_AG1, 0x2098
UNC_M2P_TxR_VERT_NACK0.BL_AG0, 0x498
UNC_M2P_TxR_VERT_NACK0.BL_AG1, 0x4098
UNC_M2P_TxR_VERT_NACK0.IV_AG0, 0x898
UNC_M2P_TxR_VERT_NACK1.AKC_AG0, 0x199
UNC_M2P_TxR_VERT_NACK1.AKC_AG1, 0x299
UNC_M2P_TxR_VERT_OCCUPANCY0.AD_AG0, 0x190
UNC_M2P_TxR_VERT_OCCUPANCY0.AD_AG1, 0x1090
UNC_M2P_TxR_VERT_OCCUPANCY0.AK_AG0, 0x290
UNC_M2P_TxR_VERT_OCCUPANCY0.AK_AG1, 0x2090
UNC_M2P_TxR_VERT_OCCUPANCY0.BL_AG0, 0x490
UNC_M2P_TxR_VERT_OCCUPANCY0.BL_AG1, 0x4090
UNC_M2P_TxR_VERT_OCCUPANCY0.IV_AG0, 0x890
UNC_M2P_TxR_VERT_OCCUPANCY1.AKC_AG0, 0x191
UNC_M2P_TxR_VERT_OCCUPANCY1.AKC_AG1, 0x291
UNC_M2P_TxR_VERT_STARVED0.AD_AG0, 0x19a
UNC_M2P_TxR_VERT_STARVED0.AD_AG1, 0x109a
UNC_M2P_TxR_VERT_STARVED0.AK_AG0, 0x29a
UNC_M2P_TxR_VERT_STARVED0.AK_AG1, 0x209a
UNC_M2P_TxR_VERT_STARVED0.BL_AG0, 0x49a
UNC_M2P_TxR_VERT_STARVED0.BL_AG1, 0x409a
UNC_M2P_TxR_VERT_STARVED0.IV_AG0, 0x89a
UNC_M2P_TxR_VERT_STARVED1.AKC_AG0, 0x19b
UNC_M2P_TxR_VERT_STARVED1.AKC_AG1, 0x29b
UNC_M2P_TxR_VERT_STARVED1.TGC, 0x49b
UNC_M2P_VERT_RING_AD_IN_USE.DN_EVEN, 0x4b0
UNC_M2P_VERT_RING_AD_IN_USE.DN_ODD, 0x8b0
UNC_M2P_VERT_RING_AD_IN_USE.UP_EVEN, 0x1b0
UNC_M2P_VERT_RING_AD_IN_USE.UP_ODD, 0x2b0
UNC_M2P_VERT_RING_AKC_IN_USE.DN_EVEN, 0x4b4
UNC_M2P_VERT_RING_AKC_IN_USE.DN_ODD, 0x8b4
UNC_M2P_VERT_RING_AKC_IN_USE.UP_EVEN, 0x1b4
UNC_M2P_VERT_RING_AKC_IN_USE.UP_ODD, 0x2b4
UNC_M2P_VERT_RING_AK_IN_USE.DN_EVEN, 0x4b1
UNC_M2P_VERT_RING_AK_IN_USE.DN_ODD, 0x8b1
UNC_M2P_VERT_RING_AK_IN_USE.UP_EVEN, 0x1b1
UNC_M2P_VERT_RING_AK_IN_USE.UP_ODD, 0x2b1
UNC_M2P_VERT_RING_BL_IN_USE.DN_EVEN, 0x4b2
UNC_M2P_VERT_RING_BL_IN_USE.DN_ODD, 0x8b2
UNC_M2P_VERT_RING_BL_IN_USE.UP_EVEN, 0x1b2
UNC_M2P_VERT_RING_BL_IN_USE.UP_ODD, 0x2b2
UNC_M2P_VERT_RING_IV_IN_USE.DN, 0x4b3
UNC_M2P_VERT_RING_IV_IN_USE.UP, 0x1b3
UNC_M2P_VERT_RING_TGC_IN_USE.DN_EVEN, 0x4b5
UNC_M2P_VERT_RING_TGC_IN_USE.DN_ODD, 0x8b5
UNC_M2P_VERT_RING_TGC_IN_USE.UP_EVEN, 0x1b5
UNC_M2P_VERT_RING_TGC_IN_USE.UP_ODD, 0x2b5
CORE_REJECT_L2Q.ANY, 0x31
DL1.DIRTY_EVICTION, 0x151
L2_REJECT_XQ.ANY, 0x30
L2_REQUEST.ALL, 0x24
L2_REQUEST.HIT, 0x224
L2_REQUEST.MISS, 0x124
L2_REQUEST.REJECTS, 0x424
LONGEST_LAT_CACHE.MISS, 0x412e
LONGEST_LAT_CACHE.REFERENCE, 0x4f2e
MEM_BOUND_STALLS.IFETCH, 0x3834
MEM_BOUND_STALLS.IFETCH_DRAM_HIT, 0x2034
MEM_BOUND_STALLS.IFETCH_L2_HIT, 0x834
MEM_BOUND_STALLS.IFETCH_LLC_HIT, 0x1034
MEM_BOUND_STALLS.LOAD, 0x734
MEM_BOUND_STALLS.LOAD_DRAM_HIT, 0x434
MEM_BOUND_STALLS.LOAD_L2_HIT, 0x134
MEM_BOUND_STALLS.LOAD_LLC_HIT, 0x234
MEM_BOUND_STALLS.STORE_BUFFER_FULL, 0x4034
MEM_LOAD_UOPS_RETIRED.DRAM_HIT, 0x80d1
MEM_LOAD_UOPS_RETIRED.HITM, 0x20d1
MEM_LOAD_UOPS_RETIRED.L1_HIT, 0x1d1
MEM_LOAD_UOPS_RETIRED.L1_MISS, 0x8d1
MEM_LOAD_UOPS_RETIRED.L2_HIT, 0x2d1
MEM_LOAD_UOPS_RETIRED.L2_MISS, 0x10d1
MEM_LOAD_UOPS_RETIRED.L3_HIT, 0x4d1
MEM_UOPS_RETIRED.ALL, 0x83d0
MEM_UOPS_RETIRED.ALL_LOADS, 0x81d0
MEM_UOPS_RETIRED.ALL_STORES, 0x82d0
MEM_UOPS_RETIRED.LOCK_LOADS, 0x21d0
MEM_UOPS_RETIRED.SPLIT, 0x43d0
MEM_UOPS_RETIRED.SPLIT_LOADS, 0x41d0
MEM_UOPS_RETIRED.SPLIT_STORES, 0x42d0
OCR.ALL_CODE_RD.L3_HIT, 0x1b7
OCR.ALL_CODE_RD.L3_HIT.SNOOP_HITM, 0x1b7
OCR.ALL_CODE_RD.L3_HIT.SNOOP_HIT_NO_FWD, 0x1b7
OCR.ALL_CODE_RD.L3_HIT.SNOOP_HIT_WITH_FWD, 0x1b7
OCR.ALL_CODE_RD.L3_HIT.SNOOP_MISS, 0x1b7
OCR.ALL_CODE_RD.L3_HIT.SNOOP_NOT_NEEDED, 0x1b7
OCR.COREWB_M.ANY_RESPONSE, 0x1b7
OCR.COREWB_M.L3_HIT, 0x1b7
OCR.COREWB_M.OUTSTANDING, 0x1b7
OCR.DEMAND_CODE_RD.ANY_RESPONSE, 0x1b7
OCR.DEMAND_CODE_RD.L3_HIT, 0x1b7
OCR.DEMAND_CODE_RD.L3_HIT.SNOOP_HITM, 0x1b7
OCR.DEMAND_CODE_RD.L3_HIT.SNOOP_HIT_NO_FWD, 0x1b7
OCR.DEMAND_CODE_RD.L3_HIT.SNOOP_HIT_WITH_FWD, 0x1b7
OCR.DEMAND_CODE_RD.L3_HIT.SNOOP_MISS, 0x1b7
OCR.DEMAND_CODE_RD.L3_HIT.SNOOP_NOT_NEEDED, 0x1b7
OCR.DEMAND_DATA_AND_L1PF_RD.ANY_RESPONSE, 0x1b7
OCR.DEMAND_DATA_AND_L1PF_RD.L3_HIT, 0x1b7
OCR.DEMAND_DATA_AND_L1PF_RD.L3_HIT.SNOOP_HITM, 0x1b7
OCR.DEMAND_DATA_AND_L1PF_RD.L3_HIT.SNOOP_HIT_NO_FWD, 0x1b7
OCR.DEMAND_DATA_AND_L1PF_RD.L3_HIT.SNOOP_HIT_WITH_FWD, 0x1b7
OCR.DEMAND_DATA_AND_L1PF_RD.L3_HIT.SNOOP_MISS, 0x1b7
OCR.DEMAND_DATA_AND_L1PF_RD.L3_HIT.SNOOP_NOT_NEEDED, 0x1b7
OCR.DEMAND_DATA_AND_L1PF_RD.OUTSTANDING, 0x1b7
OCR.DEMAND_DATA_RD.ANY_RESPONSE, 0x1b7
OCR.DEMAND_DATA_RD.L3_HIT, 0x1b7
OCR.DEMAND_DATA_RD.L3_HIT.SNOOP_HITM, 0x1b7
OCR.DEMAND_DATA_RD.L3_HIT.SNOOP_HIT_NO_FWD, 0x1b7
OCR.DEMAND_DATA_RD.L3_HIT.SNOOP_HIT_WITH_FWD, 0x1b7
OCR.DEMAND_DATA_RD.L3_HIT.SNOOP_MISS, 0x1b7
OCR.DEMAND_DATA_RD.L3_HIT.SNOOP_NOT_NEEDED, 0x1b7
OCR.DEMAND_DATA_RD.OUTSTANDING, 0x1b7
OCR.DEMAND_RFO.ANY_RESPONSE, 0x1b7
OCR.DEMAND_RFO.L3_HIT, 0x1b7
OCR.DEMAND_RFO.L3_HIT.SNOOP_HITM, 0x1b7
OCR.DEMAND_RFO.L3_HIT.SNOOP_HIT_NO_FWD, 0x1b7
OCR.DEMAND_RFO.L3_HIT.SNOOP_HIT_WITH_FWD, 0x1b7
OCR.DEMAND_RFO.L3_HIT.SNOOP_MISS, 0x1b7
OCR.DEMAND_RFO.L3_HIT.SNOOP_NOT_NEEDED, 0x1b7
OCR.DEMAND_RFO.OUTSTANDING, 0x1b7
OCR.FULL_STREAMING_WR.L3_HIT, 0x1b7
OCR.HWPF_L1D_AND_SWPF.ANY_RESPONSE, 0x1b7
OCR.HWPF_L1D_AND_SWPF.L3_HIT.SNOOP_HITM, 0x1b7
OCR.HWPF_L2_CODE_RD.ANY_RESPONSE, 0x1b7
OCR.HWPF_L2_CODE_RD.L3_HIT, 0x1b7
OCR.HWPF_L2_CODE_RD.L3_HIT.SNOOP_HITM, 0x1b7
OCR.HWPF_L2_CODE_RD.L3_HIT.SNOOP_HIT_NO_FWD, 0x1b7
OCR.HWPF_L2_CODE_RD.L3_HIT.SNOOP_HIT_WITH_FWD, 0x1b7
OCR.HWPF_L2_CODE_RD.L3_HIT.SNOOP_MISS, 0x1b7
OCR.HWPF_L2_CODE_RD.L3_HIT.SNOOP_NOT_NEEDED, 0x1b7
OCR.HWPF_L2_CODE_RD.OUTSTANDING, 0x1b7
OCR.HWPF_L2_DATA_RD.ANY_RESPONSE, 0x1b7
OCR.HWPF_L2_DATA_RD.L3_HIT, 0x1b7
OCR.HWPF_L2_DATA_RD.L3_HIT.SNOOP_HITM, 0x1b7
OCR.HWPF_L2_DATA_RD.L3_HIT.SNOOP_HIT_NO_FWD, 0x1b7
OCR.HWPF_L2_DATA_RD.L3_HIT.SNOOP_HIT_WITH_FWD, 0x1b7
OCR.HWPF_L2_DATA_RD.L3_HIT.SNOOP_MISS, 0x1b7
OCR.HWPF_L2_DATA_RD.L3_HIT.SNOOP_NOT_NEEDED, 0x1b7
OCR.HWPF_L2_RFO.ANY_RESPONSE, 0x1b7
OCR.HWPF_L2_RFO.L3_HIT, 0x1b7
OCR.HWPF_L2_RFO.L3_HIT.SNOOP_HITM, 0x1b7
OCR.HWPF_L2_RFO.L3_HIT.SNOOP_HIT_NO_FWD, 0x1b7
OCR.HWPF_L2_RFO.L3_HIT.SNOOP_HIT_WITH_FWD, 0x1b7
OCR.HWPF_L2_RFO.L3_HIT.SNOOP_MISS, 0x1b7
OCR.HWPF_L2_RFO.L3_HIT.SNOOP_NOT_NEEDED, 0x1b7
OCR.HWPF_L2_RFO.OUTSTANDING, 0x1b7
OCR.L1WB_M.ANY_RESPONSE, 0x1b7
OCR.L1WB_M.L3_HIT, 0x1b7
OCR.L2WB_M.ANY_RESPONSE, 0x1b7
OCR.L2WB_M.L3_HIT, 0x1b7
OCR.PARTIAL_STREAMING_WR.L3_HIT, 0x1b7
OCR.READS_TO_CORE.ANY_RESPONSE, 0x1b7
OCR.READS_TO_CORE.L3_HIT, 0x1b7
OCR.READS_TO_CORE.L3_HIT.SNOOP_HITM, 0x1b7
OCR.READS_TO_CORE.L3_HIT.SNOOP_HIT_NO_FWD, 0x1b7
OCR.READS_TO_CORE.L3_HIT.SNOOP_HIT_WITH_FWD, 0x1b7
OCR.READS_TO_CORE.L3_HIT.SNOOP_MISS, 0x1b7
OCR.READS_TO_CORE.L3_HIT.SNOOP_NOT_NEEDED, 0x1b7
OCR.READS_TO_CORE.OUTSTANDING, 0x1b7
OCR.STREAMING_WR.L3_HIT, 0x1b7
OCR.UC_RD.L3_HIT, 0x1b7
OCR.UC_RD.L3_HIT.SNOOP_HITM, 0x1b7
OCR.UC_RD.L3_HIT.SNOOP_HIT_NO_FWD, 0x1b7
OCR.UC_RD.L3_HIT.SNOOP_HIT_WITH_FWD, 0x1b7
OCR.UC_RD.L3_HIT.SNOOP_MISS, 0x1b7
OCR.UC_RD.L3_HIT.SNOOP_NOT_NEEDED, 0x1b7
OCR.UC_WR.L3_HIT, 0x1b7
TOPDOWN_FE_BOUND.ICACHE, 0x2071
LLC_MISSES.MEM_READ, 0xf04
LLC_MISSES.MEM_WRITE, 0x3004
UNC_M_ACT_COUNT.ALL, 0xb01
UNC_M_ACT_COUNT.BYP, 0x801
UNC_M_CAS_COUNT.ALL, 0x3f04
UNC_M_CAS_COUNT.RD, 0xf04
UNC_M_CAS_COUNT.RD_PRE_REG, 0x204
UNC_M_CAS_COUNT.RD_PRE_UNDERFILL, 0x804
UNC_M_CAS_COUNT.RD_REG, 0x104
UNC_M_CAS_COUNT.RD_UNDERFILL, 0x404
UNC_M_CAS_COUNT.WR, 0x3004
UNC_M_CAS_COUNT.WR_NONPRE, 0x1004
UNC_M_CAS_COUNT.WR_PRE, 0x2004
UNC_M_CLOCKTICKS_FREERUN, 0x10ff
UNC_M_DRAM_PRE_ALL, 0x44
UNC_M_DRAM_REFRESH.HIGH, 0x445
UNC_M_DRAM_REFRESH.OPPORTUNISTIC, 0x145
UNC_M_DRAM_REFRESH.PANIC, 0x245
UNC_M_HCLOCKTICKS, 0xff
UNC_M_PARITY_ERRORS, 0x2c
UNC_M_PCLS.RD, 0x1a0
UNC_M_PCLS.TOTAL, 0x4a0
UNC_M_PCLS.WR, 0x2a0
UNC_M_POWER_CHANNEL_PPD, 0x85
UNC_M_POWER_CKE_CYCLES.LOW_0, 0x147
UNC_M_POWER_CKE_CYCLES.LOW_1, 0x247
UNC_M_POWER_CKE_CYCLES.LOW_2, 0x447
UNC_M_POWER_CKE_CYCLES.LOW_3, 0x847
UNC_M_POWER_CRIT_THROTTLE_CYCLES.SLOT0, 0x186
UNC_M_POWER_CRIT_THROTTLE_CYCLES.SLOT1, 0x286
UNC_M_POWER_SELF_REFRESH, 0x43
UNC_M_POWER_THROTTLE_CYCLES.SLOT0, 0x146
UNC_M_POWER_THROTTLE_CYCLES.SLOT1, 0x246
UNC_M_PRE_COUNT.ALL, 0x1c02
UNC_M_PRE_COUNT.PAGE_MISS, 0xc02
UNC_M_PRE_COUNT.PGT, 0x1002
UNC_M_PRE_COUNT.RD, 0x402
UNC_M_PRE_COUNT.WR, 0x802
UNC_M_RDB_FULL, 0x19
UNC_M_RDB_INSERTS, 0x17
UNC_M_RDB_NOT_EMPTY, 0x18
UNC_M_RDB_OCCUPANCY, 0x1a
UNC_M_RPQ_CYCLES_FULL_PCH0, 0x12
UNC_M_RPQ_CYCLES_FULL_PCH1, 0x15
UNC_M_RPQ_CYCLES_NE.PCH0, 0x111
UNC_M_RPQ_CYCLES_NE.PCH1, 0x211
UNC_M_RPQ_INSERTS.PCH0, 0x110
UNC_M_RPQ_INSERTS.PCH1, 0x210
UNC_M_RPQ_OCCUPANCY_PCH0, 0x80
UNC_M_RPQ_OCCUPANCY_PCH1, 0x81
UNC_M_WPQ_CYCLES_FULL_PCH0, 0x22
UNC_M_WPQ_CYCLES_FULL_PCH1, 0x16
UNC_M_WPQ_CYCLES_NE.PCH0, 0x121
UNC_M_WPQ_CYCLES_NE.PCH1, 0x221
UNC_M_WPQ_INSERTS.PCH0, 0x120
UNC_M_WPQ_INSERTS.PCH1, 0x220
UNC_M_WPQ_OCCUPANCY_PCH0, 0x82
UNC_M_WPQ_OCCUPANCY_PCH1, 0x83
UNC_M_WPQ_READ_HIT.PCH0, 0x123
UNC_M_WPQ_READ_HIT.PCH1, 0x223
UNC_M_WPQ_WRITE_HIT.PCH0, 0x124
UNC_M_WPQ_WRITE_HIT.PCH1, 0x224
