arith.divider_active, 0x914
arith.fp_divider_active, 0x114
assists.any, 0x7c1
assists.fp, 0x2c1
baclears.any, 0x1e6
br_inst_retired.all_branches, 0xc4
br_inst_retired.cond, 0x11c4
br_inst_retired.cond_ntaken, 0x10c4
br_inst_retired.cond_taken, 0x1c4
br_inst_retired.far_branch, 0x40c4
br_inst_retired.indirect, 0x80c4
br_inst_retired.near_call, 0x2c4
br_inst_retired.near_return, 0x8c4
br_inst_retired.near_taken, 0x20c4
br_misp_retired.all_branches, 0xc5
br_misp_retired.cond, 0x11c5
br_misp_retired.cond_ntaken, 0x10c5
br_misp_retired.cond_taken, 0x1c5
br_misp_retired.indirect, 0x80c5
br_misp_retired.indirect_call, 0x2c5
br_misp_retired.near_taken, 0x20c5
br_misp_retired.ret, 0x8c5
core_power.lvl0_turbo_license, 0x728
core_power.lvl1_turbo_license, 0x1828
core_power.lvl2_turbo_license, 0x2028
core_snoop_response.i_fwd_fe, 0x20ef
core_snoop_response.i_fwd_m, 0x10ef
core_snoop_response.i_hit_fse, 0x2ef
core_snoop_response.miss, 0x1ef
core_snoop_response.s_fwd_fe, 0x40ef
core_snoop_response.s_fwd_m, 0x8ef
core_snoop_response.s_hit_fse, 0x4ef
cpu_clk_unhalted.distributed, 0x2ec
cpu_clk_unhalted.one_thread_active, 0x23c
cpu_clk_unhalted.ref_distributed, 0x83c
cpu_clk_unhalted.ref_xclk, 0x13c
cpu_clk_unhalted.thread_p, 0x3c
cycle_activity.cycles_l1d_miss, 0x8a3
cycle_activity.cycles_l2_miss, 0x1a3
cycle_activity.cycles_mem_any, 0x10a3
cycle_activity.stalls_l1d_miss, 0xca3
cycle_activity.stalls_l2_miss, 0x5a3
cycle_activity.stalls_l3_miss, 0x6a3
cycle_activity.stalls_mem_any, 0x14a3
cycle_activity.stalls_total, 0x4a3
decode.lcp, 0x187
dsb2mite_switches.count, 0x2ab
dsb2mite_switches.penalty_cycles, 0x2ab
dtlb_load_misses.stlb_hit, 0x2008
dtlb_load_misses.walk_active, 0x1008
dtlb_load_misses.walk_completed, 0xe08
dtlb_load_misses.walk_completed_1g, 0x808
dtlb_load_misses.walk_completed_2m_4m, 0x408
dtlb_load_misses.walk_completed_4k, 0x208
dtlb_load_misses.walk_pending, 0x1008
dtlb_store_misses.stlb_hit, 0x2049
dtlb_store_misses.walk_active, 0x1049
dtlb_store_misses.walk_completed, 0xe49
dtlb_store_misses.walk_completed_1g, 0x849
dtlb_store_misses.walk_completed_2m_4m, 0x449
dtlb_store_misses.walk_completed_4k, 0x249
dtlb_store_misses.walk_pending, 0x1049
exe_activity.1_ports_util, 0x2a6
exe_activity.2_ports_util, 0x4a6
exe_activity.3_ports_util, 0x8a6
exe_activity.4_ports_util, 0x10a6
exe_activity.bound_on_stores, 0x40a6
fp_arith_inst_retired.128b_packed_double, 0x4c7
fp_arith_inst_retired.128b_packed_single, 0x8c7
fp_arith_inst_retired.256b_packed_double, 0x10c7
fp_arith_inst_retired.256b_packed_single, 0x20c7
fp_arith_inst_retired.4_flops, 0x18c7
fp_arith_inst_retired.512b_packed_double, 0x40c7
fp_arith_inst_retired.512b_packed_single, 0x80c7
fp_arith_inst_retired.8_flops, 0x60c7
fp_arith_inst_retired.scalar, 0x3c7
fp_arith_inst_retired.scalar_double, 0x1c7
fp_arith_inst_retired.scalar_single, 0x2c7
fp_arith_inst_retired.vector, 0xfcc7
frontend_retired.any_dsb_miss, 0x1c6, 0x1
frontend_retired.dsb_miss, 0x1c6, 0x11
frontend_retired.itlb_miss, 0x1c6, 0x14
frontend_retired.l1i_miss, 0x1c6, 0x12
frontend_retired.l2_miss, 0x1c6, 0x13
frontend_retired.latency_ge_1, 0x1c6, 0x500106
frontend_retired.latency_ge_128, 0x1c6, 0x508006
frontend_retired.latency_ge_16, 0x1c6, 0x501006
frontend_retired.latency_ge_2, 0x1c6, 0x500206
frontend_retired.latency_ge_256, 0x1c6, 0x510006
frontend_retired.latency_ge_2_bubbles_ge_1, 0x1c6, 0x100206
frontend_retired.latency_ge_32, 0x1c6, 0x502006
frontend_retired.latency_ge_4, 0x1c6, 0x500406
frontend_retired.latency_ge_512, 0x1c6, 0x520006
frontend_retired.latency_ge_64, 0x1c6, 0x504006
frontend_retired.latency_ge_8, 0x1c6, 0x500806
frontend_retired.stlb_miss, 0x1c6, 0x15
icache_16b.ifdata_stall, 0x480
icache_64b.iftag_hit, 0x183
icache_64b.iftag_miss, 0x283
icache_64b.iftag_stall, 0x483
icache_data.stalls, 0x480
icache_tag.stalls, 0x483
idq.dsb_cycles_any, 0x879
idq.dsb_cycles_ok, 0x879
idq.dsb_uops, 0x879
idq.mite_cycles_any, 0x479
idq.mite_cycles_ok, 0x479
idq.mite_uops, 0x479
idq.ms_switches, 0x3079
idq.ms_uops, 0x3079
idq_uops_not_delivered.core, 0x19c
idq_uops_not_delivered.cycles_0_uops_deliv.core, 0x19c
idq_uops_not_delivered.cycles_fe_was_ok, 0x19c
ild_stall.lcp, 0x187
inst_decoded.decoders, 0x155
inst_retired.any_p, 0xc0
inst_retired.nop, 0x2c0
int_misc.all_recovery_cycles, 0x30d
int_misc.clear_resteer_cycles, 0x800d
int_misc.clears_count, 0x10d
int_misc.recovery_cycles, 0x10d
int_misc.uop_dropping, 0x100d
itlb_misses.stlb_hit, 0x2085
itlb_misses.walk_active, 0x1085
itlb_misses.walk_completed, 0xe85
itlb_misses.walk_completed_2m_4m, 0x485
itlb_misses.walk_completed_4k, 0x285
itlb_misses.walk_pending, 0x1085
l1d.replacement, 0x151
l1d_pend_miss.fb_full, 0x248
l1d_pend_miss.fb_full_periods, 0x248
l1d_pend_miss.l2_stall, 0x448
l1d_pend_miss.pending, 0x148
l1d_pend_miss.pending_cycles, 0x148
l2_lines_in.all, 0x1ff1
l2_lines_out.non_silent, 0x2f2
l2_lines_out.silent, 0x1f2
l2_lines_out.useless_hwpf, 0x4f2
l2_rqsts.all_code_rd, 0xe424
l2_rqsts.all_demand_data_rd, 0xe124
l2_rqsts.all_demand_miss, 0x2724
l2_rqsts.all_rfo, 0xe224
l2_rqsts.code_rd_hit, 0xc424
l2_rqsts.code_rd_miss, 0x2424
l2_rqsts.demand_data_rd_hit, 0xc124
l2_rqsts.demand_data_rd_miss, 0x2124
l2_rqsts.rfo_hit, 0xc224
l2_rqsts.rfo_miss, 0x2224
l2_rqsts.swpf_hit, 0xc824
l2_rqsts.swpf_miss, 0x2824
l2_trans.l2_wb, 0x40f0
ld_blocks.no_sr, 0x803
ld_blocks.store_forward, 0x203
ld_blocks_partial.address_alias, 0x107
load_hit_prefetch.swpf, 0x14c
longest_lat_cache.miss, 0x412e
longest_lat_cache.reference, 0x4f2e
lsd.cycles_active, 0x1a8
lsd.cycles_ok, 0x1a8
lsd.uops, 0x1a8
machine_clears.count, 0x1c3
machine_clears.memory_ordering, 0x2c3
machine_clears.smc, 0x4c3
mem_inst_retired.all_loads, 0x81d0
mem_inst_retired.all_stores, 0x82d0
mem_inst_retired.any, 0x83d0
mem_inst_retired.lock_loads, 0x21d0
mem_inst_retired.split_loads, 0x41d0
mem_inst_retired.split_stores, 0x42d0
mem_inst_retired.stlb_miss_loads, 0x11d0
mem_inst_retired.stlb_miss_stores, 0x12d0
mem_load_l3_hit_retired.xsnp_fwd, 0x4d2
mem_load_l3_hit_retired.xsnp_hit, 0x2d2
mem_load_l3_hit_retired.xsnp_hitm, 0x4d2
mem_load_l3_hit_retired.xsnp_miss, 0x1d2
mem_load_l3_hit_retired.xsnp_no_fwd, 0x2d2
mem_load_l3_hit_retired.xsnp_none, 0x8d2
mem_load_l3_miss_retired.local_dram, 0x1d3
mem_load_l3_miss_retired.remote_dram, 0x2d3
mem_load_l3_miss_retired.remote_fwd, 0x8d3
mem_load_l3_miss_retired.remote_hitm, 0x4d3
mem_load_l3_miss_retired.remote_pmm, 0x10d3
mem_load_misc_retired.uc, 0x4d4
mem_load_retired.fb_hit, 0x40d1
mem_load_retired.l1_hit, 0x1d1
mem_load_retired.l1_miss, 0x8d1
mem_load_retired.l2_hit, 0x2d1
mem_load_retired.l2_miss, 0x10d1
mem_load_retired.l3_hit, 0x4d1
mem_load_retired.l3_miss, 0x20d1
mem_load_retired.local_pmm, 0x80d1
mem_trans_retired.load_latency_gt_128, 0x1cd, 0x80
mem_trans_retired.load_latency_gt_16, 0x1cd, 0x10
mem_trans_retired.load_latency_gt_256, 0x1cd, 0x100
mem_trans_retired.load_latency_gt_32, 0x1cd, 0x20
mem_trans_retired.load_latency_gt_4, 0x1cd, 0x4
mem_trans_retired.load_latency_gt_512, 0x1cd, 0x200
mem_trans_retired.load_latency_gt_64, 0x1cd, 0x40
mem_trans_retired.load_latency_gt_8, 0x1cd, 0x8
misc_retired.lbr_inserts, 0x20cc
misc_retired.pause_inst, 0x40cc
ocr.demand_code_rd.any_response_0, 0x1b7, 0x10004
ocr.demand_code_rd.any_response_1, 0x1bb, 0x10004
ocr.demand_code_rd.dram_0, 0x1b7, 0x73c000004
ocr.demand_code_rd.dram_1, 0x1bb, 0x73c000004
ocr.demand_code_rd.l3_hit.snoop_hitm_0, 0x1b7, 0x10003c0004
ocr.demand_code_rd.l3_hit.snoop_hitm_1, 0x1bb, 0x10003c0004
ocr.demand_code_rd.l3_hit_0, 0x1b7, 0x3f803c0004
ocr.demand_code_rd.l3_hit_1, 0x1bb, 0x3f803c0004
ocr.demand_code_rd.l3_miss_0, 0x1b7, 0x3fbfc00004
ocr.demand_code_rd.l3_miss_1, 0x1bb, 0x3fbfc00004
ocr.demand_code_rd.l3_miss_local_0, 0x1b7, 0x3f84400004
ocr.demand_code_rd.l3_miss_local_1, 0x1bb, 0x3f84400004
ocr.demand_code_rd.local_dram_0, 0x1b7, 0x104000004
ocr.demand_code_rd.local_dram_1, 0x1bb, 0x104000004
ocr.demand_code_rd.snc_cache.hit_with_fwd_0, 0x1b7, 0x808000004
ocr.demand_code_rd.snc_cache.hit_with_fwd_1, 0x1bb, 0x808000004
ocr.demand_code_rd.snc_cache.hitm_0, 0x1b7, 0x1008000004
ocr.demand_code_rd.snc_cache.hitm_1, 0x1bb, 0x1008000004
ocr.demand_code_rd.snc_dram_0, 0x1b7, 0x708000004
ocr.demand_code_rd.snc_dram_1, 0x1bb, 0x708000004
ocr.demand_data_rd.any_response_0, 0x1b7, 0x10001
ocr.demand_data_rd.any_response_1, 0x1bb, 0x10001
ocr.demand_data_rd.dram_0, 0x1b7, 0x73c000001
ocr.demand_data_rd.dram_1, 0x1bb, 0x73c000001
ocr.demand_data_rd.l3_hit.snoop_hit_no_fwd_0, 0x1b7, 0x4003c0001
ocr.demand_data_rd.l3_hit.snoop_hit_no_fwd_1, 0x1bb, 0x4003c0001
ocr.demand_data_rd.l3_hit.snoop_hit_with_fwd_0, 0x1b7, 0x8003c0001
ocr.demand_data_rd.l3_hit.snoop_hit_with_fwd_1, 0x1bb, 0x8003c0001
ocr.demand_data_rd.l3_hit.snoop_hitm_0, 0x1b7, 0x10003c0001
ocr.demand_data_rd.l3_hit.snoop_hitm_1, 0x1bb, 0x10003c0001
ocr.demand_data_rd.l3_hit_0, 0x1b7, 0x3f803c0001
ocr.demand_data_rd.l3_hit_1, 0x1bb, 0x3f803c0001
ocr.demand_data_rd.l3_miss_0, 0x1b7, 0x3fbfc00001
ocr.demand_data_rd.l3_miss_1, 0x1bb, 0x3fbfc00001
ocr.demand_data_rd.l3_miss_local_0, 0x1b7, 0x3f84400001
ocr.demand_data_rd.l3_miss_local_1, 0x1bb, 0x3f84400001
ocr.demand_data_rd.local_dram_0, 0x1b7, 0x104000001
ocr.demand_data_rd.local_dram_1, 0x1bb, 0x104000001
ocr.demand_data_rd.local_pmm_0, 0x1b7, 0x100400001
ocr.demand_data_rd.local_pmm_1, 0x1bb, 0x100400001
ocr.demand_data_rd.pmm_0, 0x1b7, 0x703c00001
ocr.demand_data_rd.pmm_1, 0x1bb, 0x703c00001
ocr.demand_data_rd.remote_cache.snoop_hit_with_fwd_0, 0x1b7, 0x830000001
ocr.demand_data_rd.remote_cache.snoop_hit_with_fwd_1, 0x1bb, 0x830000001
ocr.demand_data_rd.remote_cache.snoop_hitm_0, 0x1b7, 0x1030000001
ocr.demand_data_rd.remote_cache.snoop_hitm_1, 0x1bb, 0x1030000001
ocr.demand_data_rd.remote_dram_0, 0x1b7, 0x730000001
ocr.demand_data_rd.remote_dram_1, 0x1bb, 0x730000001
ocr.demand_data_rd.remote_pmm_0, 0x1b7, 0x703000001
ocr.demand_data_rd.remote_pmm_1, 0x1bb, 0x703000001
ocr.demand_data_rd.snc_cache.hit_with_fwd_0, 0x1b7, 0x808000001
ocr.demand_data_rd.snc_cache.hit_with_fwd_1, 0x1bb, 0x808000001
ocr.demand_data_rd.snc_cache.hitm_0, 0x1b7, 0x1008000001
ocr.demand_data_rd.snc_cache.hitm_1, 0x1bb, 0x1008000001
ocr.demand_data_rd.snc_dram_0, 0x1b7, 0x708000001
ocr.demand_data_rd.snc_dram_1, 0x1bb, 0x708000001
ocr.demand_data_rd.snc_pmm_0, 0x1b7, 0x700800001
ocr.demand_data_rd.snc_pmm_1, 0x1bb, 0x700800001
ocr.demand_rfo.any_response_0, 0x1b7, 0x3f3ffc0002
ocr.demand_rfo.any_response_1, 0x1bb, 0x3f3ffc0002
ocr.demand_rfo.dram_0, 0x1b7, 0x73c000002
ocr.demand_rfo.dram_1, 0x1bb, 0x73c000002
ocr.demand_rfo.l3_hit.snoop_hitm_0, 0x1b7, 0x10003c0002
ocr.demand_rfo.l3_hit.snoop_hitm_1, 0x1bb, 0x10003c0002
ocr.demand_rfo.l3_hit_0, 0x1b7, 0x3f803c0002
ocr.demand_rfo.l3_hit_1, 0x1bb, 0x3f803c0002
ocr.demand_rfo.l3_miss_0, 0x1b7, 0x3f3fc00002
ocr.demand_rfo.l3_miss_1, 0x1bb, 0x3f3fc00002
ocr.demand_rfo.l3_miss_local_0, 0x1b7, 0x3f04400002
ocr.demand_rfo.l3_miss_local_1, 0x1bb, 0x3f04400002
ocr.demand_rfo.local_dram_0, 0x1b7, 0x104000002
ocr.demand_rfo.local_dram_1, 0x1bb, 0x104000002
ocr.demand_rfo.local_pmm_0, 0x1b7, 0x100400002
ocr.demand_rfo.local_pmm_1, 0x1bb, 0x100400002
ocr.demand_rfo.pmm_0, 0x1b7, 0x703c00002
ocr.demand_rfo.pmm_1, 0x1bb, 0x703c00002
ocr.demand_rfo.remote_pmm_0, 0x1b7, 0x703000002
ocr.demand_rfo.remote_pmm_1, 0x1bb, 0x703000002
ocr.demand_rfo.snc_cache.hit_with_fwd_0, 0x1b7, 0x808000002
ocr.demand_rfo.snc_cache.hit_with_fwd_1, 0x1bb, 0x808000002
ocr.demand_rfo.snc_cache.hitm_0, 0x1b7, 0x1008000002
ocr.demand_rfo.snc_cache.hitm_1, 0x1bb, 0x1008000002
ocr.demand_rfo.snc_dram_0, 0x1b7, 0x708000002
ocr.demand_rfo.snc_dram_1, 0x1bb, 0x708000002
ocr.demand_rfo.snc_pmm_0, 0x1b7, 0x700800002
ocr.demand_rfo.snc_pmm_1, 0x1bb, 0x700800002
ocr.hwpf_l1d_and_swpf.dram_0, 0x1b7, 0x73c000400
ocr.hwpf_l1d_and_swpf.dram_1, 0x1bb, 0x73c000400
ocr.hwpf_l1d_and_swpf.l3_hit_0, 0x1b7, 0x3f803c0400
ocr.hwpf_l1d_and_swpf.l3_hit_1, 0x1bb, 0x3f803c0400
ocr.hwpf_l1d_and_swpf.l3_miss_0, 0x1b7, 0x3fbfc00400
ocr.hwpf_l1d_and_swpf.l3_miss_1, 0x1bb, 0x3fbfc00400
ocr.hwpf_l1d_and_swpf.l3_miss_local_0, 0x1b7, 0x3f84400400
ocr.hwpf_l1d_and_swpf.l3_miss_local_1, 0x1bb, 0x3f84400400
ocr.hwpf_l1d_and_swpf.local_dram_0, 0x1b7, 0x104000400
ocr.hwpf_l1d_and_swpf.local_dram_1, 0x1bb, 0x104000400
ocr.hwpf_l2.any_response_0, 0x1b7, 0x10070
ocr.hwpf_l2.any_response_1, 0x1bb, 0x10070
ocr.hwpf_l3.any_response_0, 0x1b7, 0x12380
ocr.hwpf_l3.any_response_1, 0x1bb, 0x12380
ocr.hwpf_l3.l3_hit_0, 0x1b7, 0x80082380
ocr.hwpf_l3.l3_hit_1, 0x1bb, 0x80082380
ocr.hwpf_l3.l3_miss_0, 0x1b7, 0x94002380
ocr.hwpf_l3.l3_miss_1, 0x1bb, 0x94002380
ocr.hwpf_l3.l3_miss_local_0, 0x1b7, 0x84002380
ocr.hwpf_l3.l3_miss_local_1, 0x1bb, 0x84002380
ocr.hwpf_l3.remote_0, 0x1b7, 0x90002380
ocr.hwpf_l3.remote_1, 0x1bb, 0x90002380
ocr.itom.l3_miss_local_0, 0x1b7, 0x84000002
ocr.itom.l3_miss_local_1, 0x1bb, 0x84000002
ocr.itom.remote_0, 0x1b7, 0x90000002
ocr.itom.remote_1, 0x1bb, 0x90000002
ocr.other.any_response_0, 0x1b7, 0x18000
ocr.other.any_response_1, 0x1bb, 0x18000
ocr.other.l3_miss_0, 0x1b7, 0x3fbfc08000
ocr.other.l3_miss_1, 0x1bb, 0x3fbfc08000
ocr.other.l3_miss_local_0, 0x1b7, 0x3f84408000
ocr.other.l3_miss_local_1, 0x1bb, 0x3f84408000
ocr.prefetches.l3_hit_0, 0x1b7, 0x3f803c27f0
ocr.prefetches.l3_hit_1, 0x1bb, 0x3f803c27f0
ocr.prefetches.l3_miss_local_0, 0x1b7, 0x3f844027f0
ocr.prefetches.l3_miss_local_1, 0x1bb, 0x3f844027f0
ocr.reads_to_core.any_response_0, 0x1b7, 0x3f3ffc0477
ocr.reads_to_core.any_response_1, 0x1bb, 0x3f3ffc0477
ocr.reads_to_core.dram_0, 0x1b7, 0x73c000477
ocr.reads_to_core.dram_1, 0x1bb, 0x73c000477
ocr.reads_to_core.l3_hit.snoop_hit_no_fwd_0, 0x1b7, 0x4003c0477
ocr.reads_to_core.l3_hit.snoop_hit_no_fwd_1, 0x1bb, 0x4003c0477
ocr.reads_to_core.l3_hit.snoop_hit_with_fwd_0, 0x1b7, 0x8003c0477
ocr.reads_to_core.l3_hit.snoop_hit_with_fwd_1, 0x1bb, 0x8003c0477
ocr.reads_to_core.l3_hit.snoop_hitm_0, 0x1b7, 0x10003c0477
ocr.reads_to_core.l3_hit.snoop_hitm_1, 0x1bb, 0x10003c0477
ocr.reads_to_core.l3_hit_0, 0x1b7, 0x3f003c0477
ocr.reads_to_core.l3_hit_1, 0x1bb, 0x3f003c0477
ocr.reads_to_core.l3_miss_0, 0x1b7, 0x3f3fc00477
ocr.reads_to_core.l3_miss_1, 0x1bb, 0x3f3fc00477
ocr.reads_to_core.l3_miss_local_0, 0x1b7, 0x3f04400477
ocr.reads_to_core.l3_miss_local_1, 0x1bb, 0x3f04400477
ocr.reads_to_core.l3_miss_local_socket_0, 0x1b7, 0x70cc00477
ocr.reads_to_core.l3_miss_local_socket_1, 0x1bb, 0x70cc00477
ocr.reads_to_core.local_dram_0, 0x1b7, 0x104000477
ocr.reads_to_core.local_dram_1, 0x1bb, 0x104000477
ocr.reads_to_core.local_pmm_0, 0x1b7, 0x100400477
ocr.reads_to_core.local_pmm_1, 0x1bb, 0x100400477
ocr.reads_to_core.local_socket_dram_0, 0x1b7, 0x70c000477
ocr.reads_to_core.local_socket_dram_1, 0x1bb, 0x70c000477
ocr.reads_to_core.local_socket_pmm_0, 0x1b7, 0x700c00477
ocr.reads_to_core.local_socket_pmm_1, 0x1bb, 0x700c00477
ocr.reads_to_core.remote_0, 0x1b7, 0x3f33000477
ocr.reads_to_core.remote_1, 0x1bb, 0x3f33000477
ocr.reads_to_core.remote_cache.snoop_fwd_0, 0x1b7, 0x1830000477
ocr.reads_to_core.remote_cache.snoop_fwd_1, 0x1bb, 0x1830000477
ocr.reads_to_core.remote_cache.snoop_hit_with_fwd_0, 0x1b7, 0x830000477
ocr.reads_to_core.remote_cache.snoop_hit_with_fwd_1, 0x1bb, 0x830000477
ocr.reads_to_core.remote_cache.snoop_hitm_0, 0x1b7, 0x1030000477
ocr.reads_to_core.remote_cache.snoop_hitm_1, 0x1bb, 0x1030000477
ocr.reads_to_core.remote_dram_0, 0x1b7, 0x730000477
ocr.reads_to_core.remote_dram_1, 0x1bb, 0x730000477
ocr.reads_to_core.remote_memory_0, 0x1b7, 0x731800477
ocr.reads_to_core.remote_memory_1, 0x1bb, 0x731800477
ocr.reads_to_core.remote_pmm_0, 0x1b7, 0x703000477
ocr.reads_to_core.remote_pmm_1, 0x1bb, 0x703000477
ocr.reads_to_core.snc_cache.hit_with_fwd_0, 0x1b7, 0x808000477
ocr.reads_to_core.snc_cache.hit_with_fwd_1, 0x1bb, 0x808000477
ocr.reads_to_core.snc_cache.hitm_0, 0x1b7, 0x1008000477
ocr.reads_to_core.snc_cache.hitm_1, 0x1bb, 0x1008000477
ocr.reads_to_core.snc_dram_0, 0x1b7, 0x708000477
ocr.reads_to_core.snc_dram_1, 0x1bb, 0x708000477
ocr.reads_to_core.snc_pmm_0, 0x1b7, 0x700800477
ocr.reads_to_core.snc_pmm_1, 0x1bb, 0x700800477
ocr.streaming_wr.any_response_0, 0x1b7, 0x10800
ocr.streaming_wr.any_response_1, 0x1bb, 0x10800
ocr.streaming_wr.l3_hit_0, 0x1b7, 0x80080800
ocr.streaming_wr.l3_hit_1, 0x1bb, 0x80080800
ocr.streaming_wr.l3_miss_0, 0x1b7, 0x94000800
ocr.streaming_wr.l3_miss_1, 0x1bb, 0x94000800
ocr.streaming_wr.l3_miss_local_0, 0x1b7, 0x84000800
ocr.streaming_wr.l3_miss_local_1, 0x1bb, 0x84000800
ocr.write_estimate.memory_0, 0x1b7, 0xfbff80822
ocr.write_estimate.memory_1, 0x1bb, 0xfbff80822
offcore_requests.all_data_rd, 0x8b0
offcore_requests.all_requests, 0x80b0
offcore_requests.demand_code_rd, 0x2b0
offcore_requests.demand_data_rd, 0x1b0
offcore_requests.demand_rfo, 0x4b0
offcore_requests.l3_miss_demand_data_rd, 0x10b0
offcore_requests_outstanding.all_data_rd, 0x860
offcore_requests_outstanding.cycles_with_data_rd, 0x860
offcore_requests_outstanding.cycles_with_demand_code_rd, 0x260
offcore_requests_outstanding.cycles_with_demand_rfo, 0x460
offcore_requests_outstanding.cycles_with_l3_miss_demand_data_rd, 0x1060
offcore_requests_outstanding.demand_code_rd, 0x260
offcore_requests_outstanding.demand_data_rd, 0x160
offcore_requests_outstanding.l3_miss_demand_data_rd, 0x1060
offcore_requests_outstanding.l3_miss_demand_data_rd_ge_6, 0x1060
resource_stalls.sb, 0x8a2
resource_stalls.scoreboard, 0x2a2
rs_events.empty_cycles, 0x15e
rs_events.empty_end, 0x15e
rtm_retired.aborted, 0x4c9
rtm_retired.aborted_events, 0x80c9
rtm_retired.aborted_mem, 0x8c9
rtm_retired.aborted_memtype, 0x40c9
rtm_retired.aborted_unfriendly, 0x20c9
rtm_retired.commit, 0x2c9
rtm_retired.start, 0x1c9
sq_misc.bus_lock, 0x10f4
sq_misc.sq_full, 0x4f4
sw_prefetch_access.any, 0xf32
sw_prefetch_access.nta, 0x132
sw_prefetch_access.prefetchw, 0x832
sw_prefetch_access.t0, 0x232
sw_prefetch_access.t1_t2, 0x432
tlb_flush.dtlb_thread, 0x1bd
tlb_flush.stlb_any, 0x20bd
topdown.backend_bound_slots, 0x2a4
topdown.slots_p, 0x1a4
tx_exec.misc2, 0x25d
tx_exec.misc3, 0x45d
tx_mem.abort_capacity_read, 0x8054
tx_mem.abort_capacity_write, 0x254
tx_mem.abort_conflict, 0x154
unc_cha_2lm_nm_invitox.local, 0x165
unc_cha_2lm_nm_invitox.remote, 0x265
unc_cha_2lm_nm_invitox.setconflict, 0x465
unc_cha_2lm_nm_setconflicts.llc, 0x264
unc_cha_2lm_nm_setconflicts.sf, 0x164
unc_cha_2lm_nm_setconflicts.tor, 0x464
unc_cha_2lm_nm_setconflicts2.memwr, 0x270
unc_cha_2lm_nm_setconflicts2.memwrni, 0x470
unc_cha_ag0_ad_crd_acquired0.tgr0, 0x180
unc_cha_ag0_ad_crd_acquired0.tgr1, 0x280
unc_cha_ag0_ad_crd_acquired0.tgr2, 0x480
unc_cha_ag0_ad_crd_acquired0.tgr3, 0x880
unc_cha_ag0_ad_crd_acquired0.tgr4, 0x1080
unc_cha_ag0_ad_crd_acquired0.tgr5, 0x2080
unc_cha_ag0_ad_crd_acquired0.tgr6, 0x4080
unc_cha_ag0_ad_crd_acquired0.tgr7, 0x8080
unc_cha_ag0_ad_crd_acquired1.tgr10, 0x481
unc_cha_ag0_ad_crd_acquired1.tgr8, 0x181
unc_cha_ag0_ad_crd_acquired1.tgr9, 0x281
unc_cha_ag0_ad_crd_occupancy0.tgr0, 0x182
unc_cha_ag0_ad_crd_occupancy0.tgr1, 0x282
unc_cha_ag0_ad_crd_occupancy0.tgr2, 0x482
unc_cha_ag0_ad_crd_occupancy0.tgr3, 0x882
unc_cha_ag0_ad_crd_occupancy0.tgr4, 0x1082
unc_cha_ag0_ad_crd_occupancy0.tgr5, 0x2082
unc_cha_ag0_ad_crd_occupancy0.tgr6, 0x4082
unc_cha_ag0_ad_crd_occupancy0.tgr7, 0x8082
unc_cha_ag0_ad_crd_occupancy1.tgr10, 0x483
unc_cha_ag0_ad_crd_occupancy1.tgr8, 0x183
unc_cha_ag0_ad_crd_occupancy1.tgr9, 0x283
unc_cha_ag0_bl_crd_acquired0.tgr0, 0x188
unc_cha_ag0_bl_crd_acquired0.tgr1, 0x288
unc_cha_ag0_bl_crd_acquired0.tgr2, 0x488
unc_cha_ag0_bl_crd_acquired0.tgr3, 0x888
unc_cha_ag0_bl_crd_acquired0.tgr4, 0x1088
unc_cha_ag0_bl_crd_acquired0.tgr5, 0x2088
unc_cha_ag0_bl_crd_acquired0.tgr6, 0x4088
unc_cha_ag0_bl_crd_acquired0.tgr7, 0x8088
unc_cha_ag0_bl_crd_acquired1.tgr10, 0x489
unc_cha_ag0_bl_crd_acquired1.tgr8, 0x189
unc_cha_ag0_bl_crd_acquired1.tgr9, 0x289
unc_cha_ag0_bl_crd_occupancy0.tgr0, 0x18a
unc_cha_ag0_bl_crd_occupancy0.tgr1, 0x28a
unc_cha_ag0_bl_crd_occupancy0.tgr2, 0x48a
unc_cha_ag0_bl_crd_occupancy0.tgr3, 0x88a
unc_cha_ag0_bl_crd_occupancy0.tgr4, 0x108a
unc_cha_ag0_bl_crd_occupancy0.tgr5, 0x208a
unc_cha_ag0_bl_crd_occupancy0.tgr6, 0x408a
unc_cha_ag0_bl_crd_occupancy0.tgr7, 0x808a
unc_cha_ag0_bl_crd_occupancy1.tgr10, 0x48b
unc_cha_ag0_bl_crd_occupancy1.tgr8, 0x18b
unc_cha_ag0_bl_crd_occupancy1.tgr9, 0x28b
unc_cha_ag1_ad_crd_acquired0.tgr0, 0x184
unc_cha_ag1_ad_crd_acquired0.tgr1, 0x284
unc_cha_ag1_ad_crd_acquired0.tgr2, 0x484
unc_cha_ag1_ad_crd_acquired0.tgr3, 0x884
unc_cha_ag1_ad_crd_acquired0.tgr4, 0x1084
unc_cha_ag1_ad_crd_acquired0.tgr5, 0x2084
unc_cha_ag1_ad_crd_acquired0.tgr6, 0x4084
unc_cha_ag1_ad_crd_acquired0.tgr7, 0x8084
unc_cha_ag1_ad_crd_acquired1.tgr10, 0x485
unc_cha_ag1_ad_crd_acquired1.tgr8, 0x185
unc_cha_ag1_ad_crd_acquired1.tgr9, 0x285
unc_cha_ag1_ad_crd_occupancy0.tgr0, 0x186
unc_cha_ag1_ad_crd_occupancy0.tgr1, 0x286
unc_cha_ag1_ad_crd_occupancy0.tgr2, 0x486
unc_cha_ag1_ad_crd_occupancy0.tgr3, 0x886
unc_cha_ag1_ad_crd_occupancy0.tgr4, 0x1086
unc_cha_ag1_ad_crd_occupancy0.tgr5, 0x2086
unc_cha_ag1_ad_crd_occupancy0.tgr6, 0x4086
unc_cha_ag1_ad_crd_occupancy0.tgr7, 0x8086
unc_cha_ag1_ad_crd_occupancy1.tgr10, 0x487
unc_cha_ag1_ad_crd_occupancy1.tgr8, 0x187
unc_cha_ag1_ad_crd_occupancy1.tgr9, 0x287
unc_cha_ag1_bl_crd_acquired0.tgr0, 0x18c
unc_cha_ag1_bl_crd_acquired0.tgr1, 0x28c
unc_cha_ag1_bl_crd_acquired0.tgr2, 0x48c
unc_cha_ag1_bl_crd_acquired0.tgr3, 0x88c
unc_cha_ag1_bl_crd_acquired0.tgr4, 0x108c
unc_cha_ag1_bl_crd_acquired0.tgr5, 0x208c
unc_cha_ag1_bl_crd_acquired0.tgr6, 0x408c
unc_cha_ag1_bl_crd_acquired0.tgr7, 0x808c
unc_cha_ag1_bl_crd_acquired1.tgr10, 0x48d
unc_cha_ag1_bl_crd_acquired1.tgr8, 0x18d
unc_cha_ag1_bl_crd_acquired1.tgr9, 0x28d
unc_cha_ag1_bl_crd_occupancy0.tgr0, 0x18e
unc_cha_ag1_bl_crd_occupancy0.tgr1, 0x28e
unc_cha_ag1_bl_crd_occupancy0.tgr2, 0x48e
unc_cha_ag1_bl_crd_occupancy0.tgr3, 0x88e
unc_cha_ag1_bl_crd_occupancy0.tgr4, 0x108e
unc_cha_ag1_bl_crd_occupancy0.tgr5, 0x208e
unc_cha_ag1_bl_crd_occupancy0.tgr6, 0x408e
unc_cha_ag1_bl_crd_occupancy0.tgr7, 0x808e
unc_cha_ag1_bl_crd_occupancy1.tgr10, 0x48f
unc_cha_ag1_bl_crd_occupancy1.tgr8, 0x18f
unc_cha_ag1_bl_crd_occupancy1.tgr9, 0x28f
unc_cha_bypass_cha_imc.intermediate, 0x257
unc_cha_bypass_cha_imc.not_taken, 0x457
unc_cha_bypass_cha_imc.taken, 0x157
unc_cha_cms_clockticks, 0xc0
unc_cha_core_snp.any_gtone, 0xf233
unc_cha_core_snp.any_one, 0xf133
unc_cha_core_snp.core_gtone, 0x4233
unc_cha_core_snp.core_one, 0x4133
unc_cha_core_snp.evict_gtone, 0x8233
unc_cha_core_snp.evict_one, 0x8133
unc_cha_core_snp.ext_gtone, 0x2233
unc_cha_core_snp.ext_one, 0x2133
unc_cha_core_snp.remote_gtone, 0x1233
unc_cha_core_snp.remote_one, 0x1133
unc_cha_counter0_occupancy, 0x1f
unc_cha_dir_lookup.no_snp, 0x253
unc_cha_dir_lookup.snp, 0x153
unc_cha_dir_update.ha, 0x154
unc_cha_dir_update.tor, 0x254
unc_cha_direct_go.ha_suppress_drd, 0x46e
unc_cha_direct_go.ha_suppress_no_d2c, 0x26e
unc_cha_direct_go.ha_tor_dealloc, 0x16e
unc_cha_direct_go_opc.extcmp, 0x16d
unc_cha_direct_go_opc.fast_go, 0x106d
unc_cha_direct_go_opc.fast_go_pull, 0x206d
unc_cha_direct_go_opc.go, 0x46d
unc_cha_direct_go_opc.go_pull, 0x86d
unc_cha_direct_go_opc.idle_due_suppress, 0x806d
unc_cha_direct_go_opc.nop, 0x406d
unc_cha_direct_go_opc.pull, 0x26d
unc_cha_distress_asserted.dpt_local, 0x4af
unc_cha_distress_asserted.dpt_nonlocal, 0x8af
unc_cha_distress_asserted.dpt_stall_iv, 0x40af
unc_cha_distress_asserted.dpt_stall_nocrd, 0x80af
unc_cha_distress_asserted.horz, 0x2af
unc_cha_distress_asserted.pmm_local, 0x10af
unc_cha_distress_asserted.pmm_nonlocal, 0x20af
unc_cha_distress_asserted.vert, 0x1af
unc_cha_egress_ordering.iv_snoopgo_dn, 0x4ba
unc_cha_egress_ordering.iv_snoopgo_up, 0x1ba
unc_cha_hitme_hit.ex_rds, 0x15f
unc_cha_hitme_hit.shared_ownreq, 0x45f
unc_cha_hitme_hit.wbmtoe, 0x85f
unc_cha_hitme_hit.wbmtoi_or_s, 0x105f
unc_cha_hitme_lookup.read, 0x15e
unc_cha_hitme_lookup.write, 0x25e
unc_cha_hitme_miss.notshared_rdinvown, 0x4060
unc_cha_hitme_miss.read_or_inv, 0x8060
unc_cha_hitme_miss.shared_rdinvown, 0x2060
unc_cha_hitme_update.deallocate, 0x1061
unc_cha_hitme_update.deallocate_rspfwdi_loc, 0x161
unc_cha_hitme_update.rdinvown, 0x861
unc_cha_hitme_update.rspfwdi_rem, 0x261
unc_cha_hitme_update.shared, 0x461
unc_cha_horz_ring_ad_in_use.left_even, 0x1b6
unc_cha_horz_ring_ad_in_use.left_odd, 0x2b6
unc_cha_horz_ring_ad_in_use.right_even, 0x4b6
unc_cha_horz_ring_ad_in_use.right_odd, 0x8b6
unc_cha_horz_ring_ak_in_use.left_even, 0x1b7
unc_cha_horz_ring_ak_in_use.left_odd, 0x2b7
unc_cha_horz_ring_ak_in_use.right_even, 0x4b7
unc_cha_horz_ring_ak_in_use.right_odd, 0x8b7
unc_cha_horz_ring_akc_in_use.left_even, 0x1bb
unc_cha_horz_ring_akc_in_use.left_odd, 0x2bb
unc_cha_horz_ring_akc_in_use.right_even, 0x4bb
unc_cha_horz_ring_akc_in_use.right_odd, 0x8bb
unc_cha_horz_ring_bl_in_use.left_even, 0x1b8
unc_cha_horz_ring_bl_in_use.left_odd, 0x2b8
unc_cha_horz_ring_bl_in_use.right_even, 0x4b8
unc_cha_horz_ring_bl_in_use.right_odd, 0x8b8
unc_cha_horz_ring_iv_in_use.left, 0x1b9
unc_cha_horz_ring_iv_in_use.right, 0x4b9
unc_cha_imc_reads_count.normal, 0x159
unc_cha_imc_reads_count.priority, 0x259
unc_cha_imc_writes_count.full, 0x15b
unc_cha_imc_writes_count.full_priority, 0x45b
unc_cha_imc_writes_count.partial, 0x25b
unc_cha_imc_writes_count.partial_priority, 0x85b
unc_cha_llc_lookup.all, 0x1fffff34
unc_cha_llc_lookup.all_remote, 0x1e20ff34
unc_cha_llc_lookup.any_f, 0x34
unc_cha_llc_lookup.code, 0x1bd0ff34
unc_cha_llc_lookup.code_local, 0x19d0ff34
unc_cha_llc_lookup.code_read, 0x1bd0ff34
unc_cha_llc_lookup.code_read_f, 0x34
unc_cha_llc_lookup.code_read_local, 0x19d0ff34
unc_cha_llc_lookup.code_read_miss, 0x1bd00134
unc_cha_llc_lookup.code_read_remote, 0x1a10ff34
unc_cha_llc_lookup.code_remote, 0x1a10ff34
unc_cha_llc_lookup.corepref_or_dmnd_local_f, 0x34
unc_cha_llc_lookup.data_rd, 0x1bc1ff34
unc_cha_llc_lookup.data_read, 0x1bc1ff34
unc_cha_llc_lookup.data_read_all, 0x1fc1ff34
unc_cha_llc_lookup.data_read_f, 0x34
unc_cha_llc_lookup.data_read_local, 0x19c1ff34
unc_cha_llc_lookup.data_read_miss, 0x1bc10134
unc_cha_llc_lookup.data_read_remote, 0x1a01ff34
unc_cha_llc_lookup.dmnd_read_local, 0x841ff34
unc_cha_llc_lookup.e, 0x2034
unc_cha_llc_lookup.f, 0x8034
unc_cha_llc_lookup.flush_inv, 0x1a44ff34
unc_cha_llc_lookup.flush_inv_local, 0x1844ff34
unc_cha_llc_lookup.flush_inv_remote, 0x1a04ff34
unc_cha_llc_lookup.flush_or_inv_f, 0x34
unc_cha_llc_lookup.i, 0x134
unc_cha_llc_lookup.llc_pf_local, 0x189dff34
unc_cha_llc_lookup.llcpref_local, 0x189dff34
unc_cha_llc_lookup.llcpref_local_f, 0x34
unc_cha_llc_lookup.loc_hom, 0xbdfff34
unc_cha_llc_lookup.local_f, 0x34
unc_cha_llc_lookup.locally_homed_address, 0xbdfff34
unc_cha_llc_lookup.m, 0x4034
unc_cha_llc_lookup.miss_all, 0x1fe00134
unc_cha_llc_lookup.other_req_f, 0x34
unc_cha_llc_lookup.pref_or_dmnd_remote_f, 0x34
unc_cha_llc_lookup.read, 0x1bd9ff34
unc_cha_llc_lookup.read_local_loc_hom, 0x9d9ff34
unc_cha_llc_lookup.read_local_rem_hom, 0x11d9ff34
unc_cha_llc_lookup.read_miss, 0x1bd90134
unc_cha_llc_lookup.read_miss_loc_hom, 0xbd90134
unc_cha_llc_lookup.read_miss_rem_hom, 0x13d90134
unc_cha_llc_lookup.read_or_snoop_remote_miss_rem_hom, 0x16190134
unc_cha_llc_lookup.read_remote_loc_hom, 0xa19ff34
unc_cha_llc_lookup.read_sf_hit, 0x1bd90e34
unc_cha_llc_lookup.rem_hom, 0x15dfff34
unc_cha_llc_lookup.remote_f, 0x34
unc_cha_llc_lookup.remote_snoop_f, 0x34
unc_cha_llc_lookup.remote_snp, 0x1c19ff34
unc_cha_llc_lookup.remotely_homed_address, 0x15dfff34
unc_cha_llc_lookup.rfo, 0x1bc8ff34
unc_cha_llc_lookup.rfo_f, 0x34
unc_cha_llc_lookup.rfo_local, 0x19c8ff34
unc_cha_llc_lookup.rfo_miss, 0x1bc80134
unc_cha_llc_lookup.rfo_pref_local, 0x888ff34
unc_cha_llc_lookup.rfo_remote, 0x1a08ff34
unc_cha_llc_lookup.s, 0x1034
unc_cha_llc_lookup.sf_e, 0x434
unc_cha_llc_lookup.sf_h, 0x834
unc_cha_llc_lookup.sf_s, 0x234
unc_cha_llc_lookup.write_local, 0x842ff34
unc_cha_llc_lookup.write_remote, 0x17c2ff34
unc_cha_llc_lookup.writes_and_other, 0x1a42ff34
unc_cha_llc_victims.all, 0xf37
unc_cha_llc_victims.e_state, 0x237
unc_cha_llc_victims.local_all, 0x200f37
unc_cha_llc_victims.local_e, 0x200237
unc_cha_llc_victims.local_m, 0x200137
unc_cha_llc_victims.local_only, 0x37
unc_cha_llc_victims.local_s, 0x200437
unc_cha_llc_victims.m_state, 0x137
unc_cha_llc_victims.remote_all, 0x800f37
unc_cha_llc_victims.remote_e, 0x800237
unc_cha_llc_victims.remote_m, 0x800137
unc_cha_llc_victims.remote_only, 0x37
unc_cha_llc_victims.remote_s, 0x800437
unc_cha_llc_victims.s_state, 0x437
unc_cha_misc.cv0_pref_miss, 0x2039
unc_cha_misc.cv0_pref_vic, 0x1039
unc_cha_misc.rfo_hit_s, 0x839
unc_cha_misc.rspi_was_fse, 0x139
unc_cha_misc.wc_aliasing, 0x239
unc_cha_misc_external.mbe_inst0, 0x1e6
unc_cha_misc_external.mbe_inst1, 0x2e6
unc_cha_osb.local_invitoe, 0x155
unc_cha_osb.local_read, 0x255
unc_cha_osb.off_pwrheuristic, 0x2055
unc_cha_osb.remote_read, 0x455
unc_cha_osb.remote_readinvitoe, 0x855
unc_cha_osb.rfo_hits_snp_bcast, 0x1055
unc_cha_pipe_reject.adegrcredit, 0x42
unc_cha_pipe_reject.akegrcredit, 0x42
unc_cha_pipe_reject.allrsfways_res, 0x42
unc_cha_pipe_reject.blegrcredit, 0x42
unc_cha_pipe_reject.fsf_vicp, 0x42
unc_cha_pipe_reject.gotrack_allowsnp, 0x442
unc_cha_pipe_reject.gotrack_allwayrsv, 0x1042
unc_cha_pipe_reject.gotrack_pamatch, 0x242
unc_cha_pipe_reject.gotrack_waymatch, 0x842
unc_cha_pipe_reject.hacredit, 0x42
unc_cha_pipe_reject.idx_inpipe, 0x42
unc_cha_pipe_reject.ipq_setmatch_vicp, 0x42
unc_cha_pipe_reject.irq_pmm, 0x2042
unc_cha_pipe_reject.irq_setmatch_vicp, 0x42
unc_cha_pipe_reject.ismq_setmatch_vicp, 0x42
unc_cha_pipe_reject.ivegrcredit, 0x42
unc_cha_pipe_reject.llc_ways_res, 0x42
unc_cha_pipe_reject.notallowsnoop, 0x42
unc_cha_pipe_reject.one_fsf_vic, 0x42
unc_cha_pipe_reject.one_rsp_con, 0x42
unc_cha_pipe_reject.pmm_memmode_tor_match, 0x42
unc_cha_pipe_reject.pmm_memmode_tormatch_multi, 0x42
unc_cha_pipe_reject.prq_pmm, 0x4042
unc_cha_pipe_reject.ptl_inpipe, 0x8042
unc_cha_pipe_reject.rmw_setmatch, 0x142
unc_cha_pipe_reject.rrq_setmatch_vicp, 0x42
unc_cha_pipe_reject.setmatchentrywsct, 0x42
unc_cha_pipe_reject.sf_ways_res, 0x42
unc_cha_pipe_reject.topa_match, 0x42
unc_cha_pipe_reject.torid_match_go_p, 0x42
unc_cha_pipe_reject.vn_ad_req, 0x42
unc_cha_pipe_reject.vn_ad_rsp, 0x42
unc_cha_pipe_reject.vn_bl_rsp, 0x42
unc_cha_pipe_reject.way_match, 0x42
unc_cha_pmm_memmode_nm_invitox.local, 0x165
unc_cha_pmm_memmode_nm_invitox.remote, 0x265
unc_cha_pmm_memmode_nm_invitox.setconflict, 0x465
unc_cha_pmm_memmode_nm_setconflicts.llc, 0x264
unc_cha_pmm_memmode_nm_setconflicts.sf, 0x164
unc_cha_pmm_memmode_nm_setconflicts.tor, 0x464
unc_cha_pmm_memmode_nm_setconflicts2.iodc, 0x170
unc_cha_pmm_memmode_nm_setconflicts2.memwr, 0x270
unc_cha_pmm_memmode_nm_setconflicts2.memwrni, 0x470
unc_cha_pmm_qos.ddr4_fast_insert, 0x266
unc_cha_pmm_qos.rej_irq, 0x866
unc_cha_pmm_qos.slow_insert, 0x166
unc_cha_pmm_qos.slowtorq_skip, 0x4066
unc_cha_pmm_qos.throttle, 0x466
unc_cha_pmm_qos.throttle_irq, 0x2066
unc_cha_pmm_qos.throttle_prq, 0x1066
unc_cha_pmm_qos_occupancy.ddr_fast_fifo, 0x267
unc_cha_pmm_qos_occupancy.ddr_slow_fifo, 0x167
unc_cha_read_no_credits.mc0, 0x158
unc_cha_read_no_credits.mc1, 0x258
unc_cha_read_no_credits.mc10, 0x58
unc_cha_read_no_credits.mc11, 0x58
unc_cha_read_no_credits.mc12, 0x58
unc_cha_read_no_credits.mc13, 0x58
unc_cha_read_no_credits.mc2, 0x458
unc_cha_read_no_credits.mc3, 0x858
unc_cha_read_no_credits.mc4, 0x1058
unc_cha_read_no_credits.mc5, 0x2058
unc_cha_read_no_credits.mc6, 0x4058
unc_cha_read_no_credits.mc7, 0x8058
unc_cha_read_no_credits.mc8, 0x58
unc_cha_read_no_credits.mc9, 0x58
unc_cha_requests.invitoe, 0x3050
unc_cha_requests.invitoe_local, 0x1050
unc_cha_requests.invitoe_remote, 0x2050
unc_cha_requests.reads, 0x350
unc_cha_requests.reads_local, 0x150
unc_cha_requests.reads_remote, 0x250
unc_cha_requests.writes, 0xc50
unc_cha_requests.writes_local, 0x450
unc_cha_requests.writes_remote, 0x850
unc_cha_ring_bounces_horz.ad, 0x1ac
unc_cha_ring_bounces_horz.ak, 0x2ac
unc_cha_ring_bounces_horz.bl, 0x4ac
unc_cha_ring_bounces_horz.iv, 0x8ac
unc_cha_ring_bounces_vert.ad, 0x1aa
unc_cha_ring_bounces_vert.ak, 0x2aa
unc_cha_ring_bounces_vert.akc, 0x10aa
unc_cha_ring_bounces_vert.bl, 0x4aa
unc_cha_ring_bounces_vert.iv, 0x8aa
unc_cha_ring_sink_starved_horz.ad, 0x1ad
unc_cha_ring_sink_starved_horz.ak, 0x2ad
unc_cha_ring_sink_starved_horz.ak_ag1, 0x20ad
unc_cha_ring_sink_starved_horz.bl, 0x4ad
unc_cha_ring_sink_starved_horz.iv, 0x8ad
unc_cha_ring_sink_starved_vert.ad, 0x1ab
unc_cha_ring_sink_starved_vert.ak, 0x2ab
unc_cha_ring_sink_starved_vert.akc, 0x10ab
unc_cha_ring_sink_starved_vert.bl, 0x4ab
unc_cha_ring_sink_starved_vert.iv, 0x8ab
unc_cha_ring_src_thrtl, 0xae
unc_cha_rxc_inserts.ipq, 0x413
unc_cha_rxc_inserts.irq, 0x113
unc_cha_rxc_inserts.irq_rej, 0x213
unc_cha_rxc_inserts.prq, 0x1013
unc_cha_rxc_inserts.prq_rej, 0x2013
unc_cha_rxc_inserts.rrq, 0x4013
unc_cha_rxc_inserts.wbq, 0x8013
unc_cha_rxc_ipq0_reject.ad_req_vn0, 0x122
unc_cha_rxc_ipq0_reject.ad_rsp_vn0, 0x222
unc_cha_rxc_ipq0_reject.ak_non_upi, 0x4022
unc_cha_rxc_ipq0_reject.bl_ncb_vn0, 0x1022
unc_cha_rxc_ipq0_reject.bl_ncs_vn0, 0x2022
unc_cha_rxc_ipq0_reject.bl_rsp_vn0, 0x422
unc_cha_rxc_ipq0_reject.bl_wb_vn0, 0x822
unc_cha_rxc_ipq0_reject.iv_non_upi, 0x8022
unc_cha_rxc_ipq1_reject.allow_snp, 0x4023
unc_cha_rxc_ipq1_reject.any0, 0x123
unc_cha_rxc_ipq1_reject.ha, 0x223
unc_cha_rxc_ipq1_reject.llc_or_sf_way, 0x2023
unc_cha_rxc_ipq1_reject.llc_victim, 0x423
unc_cha_rxc_ipq1_reject.pa_match, 0x8023
unc_cha_rxc_ipq1_reject.sf_victim, 0x823
unc_cha_rxc_ipq1_reject.victim, 0x1023
unc_cha_rxc_irq0_reject.ad_req_vn0, 0x118
unc_cha_rxc_irq0_reject.ad_rsp_vn0, 0x218
unc_cha_rxc_irq0_reject.ak_non_upi, 0x4018
unc_cha_rxc_irq0_reject.bl_ncb_vn0, 0x1018
unc_cha_rxc_irq0_reject.bl_ncs_vn0, 0x2018
unc_cha_rxc_irq0_reject.bl_rsp_vn0, 0x418
unc_cha_rxc_irq0_reject.bl_wb_vn0, 0x818
unc_cha_rxc_irq0_reject.iv_non_upi, 0x8018
unc_cha_rxc_irq1_reject.allow_snp, 0x4019
unc_cha_rxc_irq1_reject.any0, 0x119
unc_cha_rxc_irq1_reject.ha, 0x219
unc_cha_rxc_irq1_reject.llc_or_sf_way, 0x2019
unc_cha_rxc_irq1_reject.llc_victim, 0x419
unc_cha_rxc_irq1_reject.pa_match, 0x8019
unc_cha_rxc_irq1_reject.sf_victim, 0x819
unc_cha_rxc_irq1_reject.victim, 0x1019
unc_cha_rxc_ismq0_reject.ad_req_vn0, 0x124
unc_cha_rxc_ismq0_reject.ad_rsp_vn0, 0x224
unc_cha_rxc_ismq0_reject.ak_non_upi, 0x4024
unc_cha_rxc_ismq0_reject.bl_ncb_vn0, 0x1024
unc_cha_rxc_ismq0_reject.bl_ncs_vn0, 0x2024
unc_cha_rxc_ismq0_reject.bl_rsp_vn0, 0x424
unc_cha_rxc_ismq0_reject.bl_wb_vn0, 0x824
unc_cha_rxc_ismq0_reject.iv_non_upi, 0x8024
unc_cha_rxc_ismq0_retry.ad_req_vn0, 0x12c
unc_cha_rxc_ismq0_retry.ad_rsp_vn0, 0x22c
unc_cha_rxc_ismq0_retry.ak_non_upi, 0x402c
unc_cha_rxc_ismq0_retry.bl_ncb_vn0, 0x102c
unc_cha_rxc_ismq0_retry.bl_ncs_vn0, 0x202c
unc_cha_rxc_ismq0_retry.bl_rsp_vn0, 0x42c
unc_cha_rxc_ismq0_retry.bl_wb_vn0, 0x82c
unc_cha_rxc_ismq0_retry.iv_non_upi, 0x802c
unc_cha_rxc_ismq1_reject.any0, 0x125
unc_cha_rxc_ismq1_reject.ha, 0x225
unc_cha_rxc_ismq1_retry.any0, 0x12d
unc_cha_rxc_ismq1_retry.ha, 0x22d
unc_cha_rxc_occupancy.ipq, 0x411
unc_cha_rxc_occupancy.irq, 0x111
unc_cha_rxc_occupancy.rrq, 0x4011
unc_cha_rxc_occupancy.wbq, 0x8011
unc_cha_rxc_other0_retry.ad_req_vn0, 0x12e
unc_cha_rxc_other0_retry.ad_rsp_vn0, 0x22e
unc_cha_rxc_other0_retry.ak_non_upi, 0x402e
unc_cha_rxc_other0_retry.bl_ncb_vn0, 0x102e
unc_cha_rxc_other0_retry.bl_ncs_vn0, 0x202e
unc_cha_rxc_other0_retry.bl_rsp_vn0, 0x42e
unc_cha_rxc_other0_retry.bl_wb_vn0, 0x82e
unc_cha_rxc_other0_retry.iv_non_upi, 0x802e
unc_cha_rxc_other1_retry.allow_snp, 0x402f
unc_cha_rxc_other1_retry.any0, 0x12f
unc_cha_rxc_other1_retry.ha, 0x22f
unc_cha_rxc_other1_retry.llc_or_sf_way, 0x202f
unc_cha_rxc_other1_retry.llc_victim, 0x42f
unc_cha_rxc_other1_retry.pa_match, 0x802f
unc_cha_rxc_other1_retry.sf_victim, 0x82f
unc_cha_rxc_other1_retry.victim, 0x102f
unc_cha_rxc_prq0_reject.ad_req_vn0, 0x120
unc_cha_rxc_prq0_reject.ad_rsp_vn0, 0x220
unc_cha_rxc_prq0_reject.ak_non_upi, 0x4020
unc_cha_rxc_prq0_reject.bl_ncb_vn0, 0x1020
unc_cha_rxc_prq0_reject.bl_ncs_vn0, 0x2020
unc_cha_rxc_prq0_reject.bl_rsp_vn0, 0x420
unc_cha_rxc_prq0_reject.bl_wb_vn0, 0x820
unc_cha_rxc_prq0_reject.iv_non_upi, 0x8020
unc_cha_rxc_prq1_reject.allow_snp, 0x4021
unc_cha_rxc_prq1_reject.any0, 0x121
unc_cha_rxc_prq1_reject.ha, 0x221
unc_cha_rxc_prq1_reject.llc_or_sf_way, 0x2021
unc_cha_rxc_prq1_reject.llc_victim, 0x421
unc_cha_rxc_prq1_reject.pa_match, 0x8021
unc_cha_rxc_prq1_reject.sf_victim, 0x821
unc_cha_rxc_prq1_reject.victim, 0x1021
unc_cha_rxc_req_q0_retry.ad_req_vn0, 0x12a
unc_cha_rxc_req_q0_retry.ad_rsp_vn0, 0x22a
unc_cha_rxc_req_q0_retry.ak_non_upi, 0x402a
unc_cha_rxc_req_q0_retry.bl_ncb_vn0, 0x102a
unc_cha_rxc_req_q0_retry.bl_ncs_vn0, 0x202a
unc_cha_rxc_req_q0_retry.bl_rsp_vn0, 0x42a
unc_cha_rxc_req_q0_retry.bl_wb_vn0, 0x82a
unc_cha_rxc_req_q0_retry.iv_non_upi, 0x802a
unc_cha_rxc_req_q1_retry.allow_snp, 0x402b
unc_cha_rxc_req_q1_retry.any0, 0x12b
unc_cha_rxc_req_q1_retry.ha, 0x22b
unc_cha_rxc_req_q1_retry.llc_or_sf_way, 0x202b
unc_cha_rxc_req_q1_retry.llc_victim, 0x42b
unc_cha_rxc_req_q1_retry.pa_match, 0x802b
unc_cha_rxc_req_q1_retry.sf_victim, 0x82b
unc_cha_rxc_req_q1_retry.victim, 0x102b
unc_cha_rxc_rrq0_reject.ad_req_vn0, 0x126
unc_cha_rxc_rrq0_reject.ad_rsp_vn0, 0x226
unc_cha_rxc_rrq0_reject.ak_non_upi, 0x4026
unc_cha_rxc_rrq0_reject.bl_ncb_vn0, 0x1026
unc_cha_rxc_rrq0_reject.bl_ncs_vn0, 0x2026
unc_cha_rxc_rrq0_reject.bl_rsp_vn0, 0x426
unc_cha_rxc_rrq0_reject.bl_wb_vn0, 0x826
unc_cha_rxc_rrq0_reject.iv_non_upi, 0x8026
unc_cha_rxc_rrq1_reject.allow_snp, 0x4027
unc_cha_rxc_rrq1_reject.any0, 0x127
unc_cha_rxc_rrq1_reject.ha, 0x227
unc_cha_rxc_rrq1_reject.llc_or_sf_way, 0x2027
unc_cha_rxc_rrq1_reject.llc_victim, 0x427
unc_cha_rxc_rrq1_reject.pa_match, 0x8027
unc_cha_rxc_rrq1_reject.sf_victim, 0x827
unc_cha_rxc_rrq1_reject.victim, 0x1027
unc_cha_rxc_wbq0_reject.ad_req_vn0, 0x128
unc_cha_rxc_wbq0_reject.ad_rsp_vn0, 0x228
unc_cha_rxc_wbq0_reject.ak_non_upi, 0x4028
unc_cha_rxc_wbq0_reject.bl_ncb_vn0, 0x1028
unc_cha_rxc_wbq0_reject.bl_ncs_vn0, 0x2028
unc_cha_rxc_wbq0_reject.bl_rsp_vn0, 0x428
unc_cha_rxc_wbq0_reject.bl_wb_vn0, 0x828
unc_cha_rxc_wbq0_reject.iv_non_upi, 0x8028
unc_cha_rxc_wbq1_reject.allow_snp, 0x4029
unc_cha_rxc_wbq1_reject.any0, 0x129
unc_cha_rxc_wbq1_reject.ha, 0x229
unc_cha_rxc_wbq1_reject.llc_or_sf_way, 0x2029
unc_cha_rxc_wbq1_reject.llc_victim, 0x429
unc_cha_rxc_wbq1_reject.pa_match, 0x8029
unc_cha_rxc_wbq1_reject.sf_victim, 0x829
unc_cha_rxc_wbq1_reject.victim, 0x1029
unc_cha_rxr_busy_starved.ad_all, 0x11e5
unc_cha_rxr_busy_starved.ad_crd, 0x10e5
unc_cha_rxr_busy_starved.ad_uncrd, 0x1e5
unc_cha_rxr_busy_starved.bl_all, 0x44e5
unc_cha_rxr_busy_starved.bl_crd, 0x40e5
unc_cha_rxr_busy_starved.bl_uncrd, 0x4e5
unc_cha_rxr_bypass.ad_all, 0x11e2
unc_cha_rxr_bypass.ad_crd, 0x10e2
unc_cha_rxr_bypass.ad_uncrd, 0x1e2
unc_cha_rxr_bypass.ak, 0x2e2
unc_cha_rxr_bypass.akc_uncrd, 0x80e2
unc_cha_rxr_bypass.bl_all, 0x44e2
unc_cha_rxr_bypass.bl_crd, 0x40e2
unc_cha_rxr_bypass.bl_uncrd, 0x4e2
unc_cha_rxr_bypass.iv, 0x8e2
unc_cha_rxr_crd_starved.ad_all, 0x11e3
unc_cha_rxr_crd_starved.ad_crd, 0x10e3
unc_cha_rxr_crd_starved.ad_uncrd, 0x1e3
unc_cha_rxr_crd_starved.ak, 0x2e3
unc_cha_rxr_crd_starved.bl_all, 0x44e3
unc_cha_rxr_crd_starved.bl_crd, 0x40e3
unc_cha_rxr_crd_starved.bl_uncrd, 0x4e3
unc_cha_rxr_crd_starved.ifv, 0x80e3
unc_cha_rxr_crd_starved.iv, 0x8e3
unc_cha_rxr_crd_starved_1, 0xe4
unc_cha_rxr_inserts.ad_all, 0x11e1
unc_cha_rxr_inserts.ad_crd, 0x10e1
unc_cha_rxr_inserts.ad_uncrd, 0x1e1
unc_cha_rxr_inserts.ak, 0x2e1
unc_cha_rxr_inserts.akc_uncrd, 0x80e1
unc_cha_rxr_inserts.bl_all, 0x44e1
unc_cha_rxr_inserts.bl_crd, 0x40e1
unc_cha_rxr_inserts.bl_uncrd, 0x4e1
unc_cha_rxr_inserts.iv, 0x8e1
unc_cha_rxr_occupancy.ad_all, 0x11e0
unc_cha_rxr_occupancy.ad_crd, 0x10e0
unc_cha_rxr_occupancy.ad_uncrd, 0x1e0
unc_cha_rxr_occupancy.ak, 0x2e0
unc_cha_rxr_occupancy.akc_uncrd, 0x80e0
unc_cha_rxr_occupancy.bl_all, 0x44e0
unc_cha_rxr_occupancy.bl_crd, 0x20e0
unc_cha_rxr_occupancy.bl_uncrd, 0x4e0
unc_cha_rxr_occupancy.iv, 0x8e0
unc_cha_sf_eviction.e_state, 0x23d
unc_cha_sf_eviction.m_state, 0x13d
unc_cha_sf_eviction.s_state, 0x43d
unc_cha_snoop_resp.rspcnflct, 0x405c
unc_cha_snoop_resp.rspfwd, 0x805c
unc_cha_snoop_resp.rspfwdwb, 0x205c
unc_cha_snoop_resp.rspi, 0x15c
unc_cha_snoop_resp.rspifwd, 0x45c
unc_cha_snoop_resp.rsps, 0x25c
unc_cha_snoop_resp.rspsfwd, 0x85c
unc_cha_snoop_resp.rspwb, 0x105c
unc_cha_snoop_resp_local.rspcnflct, 0x405d
unc_cha_snoop_resp_local.rspfwd, 0x805d
unc_cha_snoop_resp_local.rspfwdwb, 0x205d
unc_cha_snoop_resp_local.rspi, 0x15d
unc_cha_snoop_resp_local.rspifwd, 0x45d
unc_cha_snoop_resp_local.rsps, 0x25d
unc_cha_snoop_resp_local.rspsfwd, 0x85d
unc_cha_snoop_resp_local.rspwb, 0x105d
unc_cha_snoop_rsp_misc.mtoi_rspdatam, 0x26b
unc_cha_snoop_rsp_misc.mtoi_rspifwdm, 0x16b
unc_cha_snoop_rsp_misc.pulldataptl_hitllc, 0x206b
unc_cha_snoop_rsp_misc.pulldataptl_hitsf, 0x106b
unc_cha_snoop_rsp_misc.rspifwdmptl_hitllc, 0x86b
unc_cha_snoop_rsp_misc.rspifwdmptl_hitsf, 0x46b
unc_cha_snoops_sent.all, 0x151
unc_cha_snoops_sent.bcst_local, 0x1051
unc_cha_snoops_sent.bcst_remote, 0x2051
unc_cha_snoops_sent.direct_local, 0x4051
unc_cha_snoops_sent.direct_remote, 0x8051
unc_cha_snoops_sent.local, 0x451
unc_cha_snoops_sent.remote, 0x851
unc_cha_stall0_no_txr_horz_crd_ad_ag0.tgr0, 0x1d0
unc_cha_stall0_no_txr_horz_crd_ad_ag0.tgr1, 0x2d0
unc_cha_stall0_no_txr_horz_crd_ad_ag0.tgr2, 0x4d0
unc_cha_stall0_no_txr_horz_crd_ad_ag0.tgr3, 0x8d0
unc_cha_stall0_no_txr_horz_crd_ad_ag0.tgr4, 0x10d0
unc_cha_stall0_no_txr_horz_crd_ad_ag0.tgr5, 0x20d0
unc_cha_stall0_no_txr_horz_crd_ad_ag0.tgr6, 0x40d0
unc_cha_stall0_no_txr_horz_crd_ad_ag0.tgr7, 0x80d0
unc_cha_stall0_no_txr_horz_crd_ad_ag1.tgr0, 0x1d2
unc_cha_stall0_no_txr_horz_crd_ad_ag1.tgr1, 0x2d2
unc_cha_stall0_no_txr_horz_crd_ad_ag1.tgr2, 0x4d2
unc_cha_stall0_no_txr_horz_crd_ad_ag1.tgr3, 0x8d2
unc_cha_stall0_no_txr_horz_crd_ad_ag1.tgr4, 0x10d2
unc_cha_stall0_no_txr_horz_crd_ad_ag1.tgr5, 0x20d2
unc_cha_stall0_no_txr_horz_crd_ad_ag1.tgr6, 0x40d2
unc_cha_stall0_no_txr_horz_crd_ad_ag1.tgr7, 0x80d2
unc_cha_stall0_no_txr_horz_crd_bl_ag0.tgr0, 0x1d4
unc_cha_stall0_no_txr_horz_crd_bl_ag0.tgr1, 0x2d4
unc_cha_stall0_no_txr_horz_crd_bl_ag0.tgr2, 0x4d4
unc_cha_stall0_no_txr_horz_crd_bl_ag0.tgr3, 0x8d4
unc_cha_stall0_no_txr_horz_crd_bl_ag0.tgr4, 0x10d4
unc_cha_stall0_no_txr_horz_crd_bl_ag0.tgr5, 0x20d4
unc_cha_stall0_no_txr_horz_crd_bl_ag0.tgr6, 0x40d4
unc_cha_stall0_no_txr_horz_crd_bl_ag0.tgr7, 0x80d4
unc_cha_stall0_no_txr_horz_crd_bl_ag1.tgr0, 0x1d6
unc_cha_stall0_no_txr_horz_crd_bl_ag1.tgr1, 0x2d6
unc_cha_stall0_no_txr_horz_crd_bl_ag1.tgr2, 0x4d6
unc_cha_stall0_no_txr_horz_crd_bl_ag1.tgr3, 0x8d6
unc_cha_stall0_no_txr_horz_crd_bl_ag1.tgr4, 0x10d6
unc_cha_stall0_no_txr_horz_crd_bl_ag1.tgr5, 0x20d6
unc_cha_stall0_no_txr_horz_crd_bl_ag1.tgr6, 0x40d6
unc_cha_stall0_no_txr_horz_crd_bl_ag1.tgr7, 0x80d6
unc_cha_stall1_no_txr_horz_crd_ad_ag0.tgr10, 0x4d1
unc_cha_stall1_no_txr_horz_crd_ad_ag0.tgr8, 0x1d1
unc_cha_stall1_no_txr_horz_crd_ad_ag0.tgr9, 0x2d1
unc_cha_stall1_no_txr_horz_crd_ad_ag1_1.tgr10, 0x4d3
unc_cha_stall1_no_txr_horz_crd_ad_ag1_1.tgr8, 0x1d3
unc_cha_stall1_no_txr_horz_crd_ad_ag1_1.tgr9, 0x2d3
unc_cha_stall1_no_txr_horz_crd_bl_ag0_1.tgr10, 0x4d5
unc_cha_stall1_no_txr_horz_crd_bl_ag0_1.tgr8, 0x1d5
unc_cha_stall1_no_txr_horz_crd_bl_ag0_1.tgr9, 0x2d5
unc_cha_stall1_no_txr_horz_crd_bl_ag1_1.tgr10, 0x4d7
unc_cha_stall1_no_txr_horz_crd_bl_ag1_1.tgr8, 0x1d7
unc_cha_stall1_no_txr_horz_crd_bl_ag1_1.tgr9, 0x2d7
unc_cha_tor_inserts.all, 0xc001ffff35
unc_cha_tor_inserts.ddr, 0x35
unc_cha_tor_inserts.ddr4, 0x35
unc_cha_tor_inserts.evict, 0x235
unc_cha_tor_inserts.hit, 0x35
unc_cha_tor_inserts.ia, 0xc001ff0135
unc_cha_tor_inserts.ia_clflush, 0xc8c7ff0135
unc_cha_tor_inserts.ia_clflushopt, 0xc8d7ff0135
unc_cha_tor_inserts.ia_crd, 0xc80fff0135
unc_cha_tor_inserts.ia_crd_pref, 0xc88fff0135
unc_cha_tor_inserts.ia_drd, 0xc817ff0135
unc_cha_tor_inserts.ia_drd_opt, 0xc827ff0135
unc_cha_tor_inserts.ia_drd_opt_pref, 0xc8a7ff0135
unc_cha_tor_inserts.ia_drd_pref, 0xc897ff0135
unc_cha_tor_inserts.ia_drdpte, 0xc837ff0135
unc_cha_tor_inserts.ia_hit, 0xc001fd0135
unc_cha_tor_inserts.ia_hit_crd, 0xc80ffd0135
unc_cha_tor_inserts.ia_hit_crd_pref, 0xc88ffd0135
unc_cha_tor_inserts.ia_hit_drd, 0xc817fd0135
unc_cha_tor_inserts.ia_hit_drd_opt, 0xc827fd0135
unc_cha_tor_inserts.ia_hit_drd_opt_pref, 0xc8a7fd0135
unc_cha_tor_inserts.ia_hit_drd_pref, 0xc897fd0135
unc_cha_tor_inserts.ia_hit_drdpte, 0xc837fd0135
unc_cha_tor_inserts.ia_hit_itom, 0xcc47fd0135
unc_cha_tor_inserts.ia_hit_llcprefcode, 0xcccffd0135
unc_cha_tor_inserts.ia_hit_llcprefcrd, 0xcccffd0135
unc_cha_tor_inserts.ia_hit_llcprefdata, 0xccd7fd0135
unc_cha_tor_inserts.ia_hit_llcprefdrd, 0xccd7fd0135
unc_cha_tor_inserts.ia_hit_llcprefrfo, 0xccc7fd0135
unc_cha_tor_inserts.ia_hit_rfo, 0xc807fd0135
unc_cha_tor_inserts.ia_hit_rfo_pref, 0xc887fd0135
unc_cha_tor_inserts.ia_hit_specitom, 0xcc57fd0135
unc_cha_tor_inserts.ia_itom, 0xcc47ff0135
unc_cha_tor_inserts.ia_itomcachenear, 0xcd47ff0135
unc_cha_tor_inserts.ia_llcprefcode, 0xcccfff0135
unc_cha_tor_inserts.ia_llcprefdata, 0xccd7ff0135
unc_cha_tor_inserts.ia_llcprefrfo, 0xccc7ff0135
unc_cha_tor_inserts.ia_miss, 0xc001fe0135
unc_cha_tor_inserts.ia_miss_crd, 0xc80ffe0135
unc_cha_tor_inserts.ia_miss_crd_local, 0xc80efe0135
unc_cha_tor_inserts.ia_miss_crd_pref, 0xc88ffe0135
unc_cha_tor_inserts.ia_miss_crd_pref_local, 0xc88efe0135
unc_cha_tor_inserts.ia_miss_crd_pref_remote, 0xc88f7e0135
unc_cha_tor_inserts.ia_miss_crd_remote, 0xc80f7e0135
unc_cha_tor_inserts.ia_miss_drd, 0xc817fe0135
unc_cha_tor_inserts.ia_miss_drd_ddr, 0xc817860135
unc_cha_tor_inserts.ia_miss_drd_local, 0xc816fe0135
unc_cha_tor_inserts.ia_miss_drd_local_ddr, 0xc816860135
unc_cha_tor_inserts.ia_miss_drd_local_pmm, 0xc8168a0135
unc_cha_tor_inserts.ia_miss_drd_opt, 0xc827fe0135
unc_cha_tor_inserts.ia_miss_drd_opt_pref, 0xc8a7fe0135
unc_cha_tor_inserts.ia_miss_drd_pmm, 0xc8178a0135
unc_cha_tor_inserts.ia_miss_drd_pref, 0xc897fe0135
unc_cha_tor_inserts.ia_miss_drd_pref_ddr, 0xc897860135
unc_cha_tor_inserts.ia_miss_drd_pref_local, 0xc896fe0135
unc_cha_tor_inserts.ia_miss_drd_pref_local_ddr, 0xc896860135
unc_cha_tor_inserts.ia_miss_drd_pref_local_pmm, 0xc8968a0135
unc_cha_tor_inserts.ia_miss_drd_pref_pmm, 0xc8978a0135
unc_cha_tor_inserts.ia_miss_drd_pref_remote, 0xc8977e0135
unc_cha_tor_inserts.ia_miss_drd_pref_remote_ddr, 0xc897060135
unc_cha_tor_inserts.ia_miss_drd_pref_remote_pmm, 0xc8970a0135
unc_cha_tor_inserts.ia_miss_drd_remote, 0xc8177e0135
unc_cha_tor_inserts.ia_miss_drd_remote_ddr, 0xc817060135
unc_cha_tor_inserts.ia_miss_drd_remote_pmm, 0xc8170a0135
unc_cha_tor_inserts.ia_miss_drdpte, 0xc837fe0135
unc_cha_tor_inserts.ia_miss_full_streaming_wr, 0xc867fe0135
unc_cha_tor_inserts.ia_miss_full_streaming_wr_ddr, 0xc867860135
unc_cha_tor_inserts.ia_miss_full_streaming_wr_dram, 0xc867860135
unc_cha_tor_inserts.ia_miss_full_streaming_wr_local_ddr, 0xc866860135
unc_cha_tor_inserts.ia_miss_full_streaming_wr_local_dram, 0xc866860135
unc_cha_tor_inserts.ia_miss_full_streaming_wr_local_pmm, 0xc8668a0135
unc_cha_tor_inserts.ia_miss_full_streaming_wr_pmm, 0xc8678a0135
unc_cha_tor_inserts.ia_miss_full_streaming_wr_remote_ddr, 0xc867060135
unc_cha_tor_inserts.ia_miss_full_streaming_wr_remote_dram, 0xc867060135
unc_cha_tor_inserts.ia_miss_full_streaming_wr_remote_pmm, 0xc8670a0135
unc_cha_tor_inserts.ia_miss_itom, 0xcc47fe0135
unc_cha_tor_inserts.ia_miss_llcprefcode, 0xcccffe0135
unc_cha_tor_inserts.ia_miss_llcprefdata, 0xccd7fe0135
unc_cha_tor_inserts.ia_miss_llcprefrfo, 0xccc7fe0135
unc_cha_tor_inserts.ia_miss_local_wcil_ddr, 0xc86e860135
unc_cha_tor_inserts.ia_miss_local_wcil_pmm, 0xc86e8a0135
unc_cha_tor_inserts.ia_miss_local_wcilf_ddr, 0xc866860135
unc_cha_tor_inserts.ia_miss_local_wcilf_pmm, 0xc8668a0135
unc_cha_tor_inserts.ia_miss_partial_streaming_wr, 0xc86ffe0135
unc_cha_tor_inserts.ia_miss_partial_streaming_wr_ddr, 0xc86f860135
unc_cha_tor_inserts.ia_miss_partial_streaming_wr_dram, 0xc86f860135
unc_cha_tor_inserts.ia_miss_partial_streaming_wr_local_ddr, 0xc86e860135
unc_cha_tor_inserts.ia_miss_partial_streaming_wr_local_dram, 0xc86e860135
unc_cha_tor_inserts.ia_miss_partial_streaming_wr_local_pmm, 0xc86e8a0135
unc_cha_tor_inserts.ia_miss_partial_streaming_wr_pmm, 0xc86f8a0135
unc_cha_tor_inserts.ia_miss_partial_streaming_wr_remote_ddr, 0xc86f060135
unc_cha_tor_inserts.ia_miss_partial_streaming_wr_remote_dram, 0xc86f060135
unc_cha_tor_inserts.ia_miss_partial_streaming_wr_remote_pmm, 0xc86f0a0135
unc_cha_tor_inserts.ia_miss_remote_wcil_ddr, 0xc86f060135
unc_cha_tor_inserts.ia_miss_remote_wcil_pmm, 0xc86f0a0135
unc_cha_tor_inserts.ia_miss_remote_wcilf_ddr, 0xc867060135
unc_cha_tor_inserts.ia_miss_remote_wcilf_pmm, 0xc8670a0135
unc_cha_tor_inserts.ia_miss_rfo, 0xc807fe0135
unc_cha_tor_inserts.ia_miss_rfo_local, 0xc806fe0135
unc_cha_tor_inserts.ia_miss_rfo_pref, 0xc887fe0135
unc_cha_tor_inserts.ia_miss_rfo_pref_local, 0xc886fe0135
unc_cha_tor_inserts.ia_miss_rfo_pref_remote, 0xc8877e0135
unc_cha_tor_inserts.ia_miss_rfo_remote, 0xc8077e0135
unc_cha_tor_inserts.ia_miss_specitom, 0xcc57fe0135
unc_cha_tor_inserts.ia_miss_ucrdf, 0xc877de0135
unc_cha_tor_inserts.ia_miss_wcil, 0xc86ffe0135
unc_cha_tor_inserts.ia_miss_wcil_ddr, 0xc86f860135
unc_cha_tor_inserts.ia_miss_wcil_pmm, 0xc86f8a0135
unc_cha_tor_inserts.ia_miss_wcilf, 0xc867fe0135
unc_cha_tor_inserts.ia_miss_wcilf_ddr, 0xc867860135
unc_cha_tor_inserts.ia_miss_wcilf_pmm, 0xc8678a0135
unc_cha_tor_inserts.ia_miss_wil, 0xc87fde0135
unc_cha_tor_inserts.ia_rfo, 0xc807ff0135
unc_cha_tor_inserts.ia_rfo_pref, 0xc887ff0135
unc_cha_tor_inserts.ia_specitom, 0xcc57ff0135
unc_cha_tor_inserts.ia_wbeftoe, 0xcc3fff0135
unc_cha_tor_inserts.ia_wbeftoi, 0xcc37ff0135
unc_cha_tor_inserts.ia_wbmtoe, 0xcc2fff0135
unc_cha_tor_inserts.ia_wbmtoi, 0xcc27ff0135
unc_cha_tor_inserts.ia_wbstoi, 0xcc67ff0135
unc_cha_tor_inserts.ia_wcil, 0xc86fff0135
unc_cha_tor_inserts.ia_wcilf, 0xc867ff0135
unc_cha_tor_inserts.io, 0xc001ff0435
unc_cha_tor_inserts.io_clflush, 0xc8c3ff0435
unc_cha_tor_inserts.io_hit, 0xc001fd0435
unc_cha_tor_inserts.io_hit_itom, 0xcc43fd0435
unc_cha_tor_inserts.io_hit_itomcachenear, 0xcd43fd0435
unc_cha_tor_inserts.io_hit_pcirdcur, 0xc8f3fd0435
unc_cha_tor_inserts.io_hit_rfo, 0xc803fd0435
unc_cha_tor_inserts.io_itom, 0xcc43ff0435
unc_cha_tor_inserts.io_itom_local, 0xcc42ff0435
unc_cha_tor_inserts.io_itom_remote, 0xcc437f0435
unc_cha_tor_inserts.io_itomcachenear, 0xcd43ff0435
unc_cha_tor_inserts.io_itomcachenear_local, 0xcd42ff0435
unc_cha_tor_inserts.io_itomcachenear_remote, 0xcd437f0435
unc_cha_tor_inserts.io_miss, 0xc001fe0435
unc_cha_tor_inserts.io_miss_itom, 0xcc43fe0435
unc_cha_tor_inserts.io_miss_itomcachenear, 0xcd43fe0435
unc_cha_tor_inserts.io_miss_pcirdcur, 0xc8f3fe0435
unc_cha_tor_inserts.io_miss_rfo, 0xc803fe0435
unc_cha_tor_inserts.io_pcirdcur, 0xc8f3ff0435
unc_cha_tor_inserts.io_pcirdcur_local, 0xc8f2ff0435
unc_cha_tor_inserts.io_pcirdcur_remote, 0xc8f37f0435
unc_cha_tor_inserts.io_rfo, 0xc803ff0435
unc_cha_tor_inserts.io_wbmtoi, 0xcc23ff0435
unc_cha_tor_inserts.ipq, 0x835
unc_cha_tor_inserts.irq_ia, 0x135
unc_cha_tor_inserts.irq_non_ia, 0x1035
unc_cha_tor_inserts.isoc, 0x35
unc_cha_tor_inserts.loc_all, 0xc000ff0535
unc_cha_tor_inserts.loc_ia, 0xc000ff0135
unc_cha_tor_inserts.loc_io, 0xc000ff0435
unc_cha_tor_inserts.local_tgt, 0x35
unc_cha_tor_inserts.match_opc, 0x35
unc_cha_tor_inserts.miss, 0x35
unc_cha_tor_inserts.mmcfg, 0x35
unc_cha_tor_inserts.nearmem, 0x35
unc_cha_tor_inserts.noncoh, 0x35
unc_cha_tor_inserts.not_nearmem, 0x35
unc_cha_tor_inserts.pmm, 0x35
unc_cha_tor_inserts.premorph_opc, 0x35
unc_cha_tor_inserts.prq_iosf, 0x435
unc_cha_tor_inserts.prq_non_iosf, 0x2035
unc_cha_tor_inserts.remote_tgt, 0x35
unc_cha_tor_inserts.rrq, 0x4035
unc_cha_tor_inserts.wbq, 0x8035
unc_cha_tor_occupancy.ddr, 0x36
unc_cha_tor_occupancy.evict, 0x236
unc_cha_tor_occupancy.hit, 0x36
unc_cha_tor_occupancy.ia, 0xc001ff0136
unc_cha_tor_occupancy.ia_clflush, 0xc8c7ff0136
unc_cha_tor_occupancy.ia_clflushopt, 0xc8d7ff0136
unc_cha_tor_occupancy.ia_crd, 0xc80fff0136
unc_cha_tor_occupancy.ia_crd_pref, 0xc88fff0136
unc_cha_tor_occupancy.ia_drd, 0xc817ff0136
unc_cha_tor_occupancy.ia_drd_opt, 0xc827ff0136
unc_cha_tor_occupancy.ia_drd_opt_pref, 0xc8a7ff0136
unc_cha_tor_occupancy.ia_drd_pref, 0xc897ff0136
unc_cha_tor_occupancy.ia_drdpte, 0xc837ff0136
unc_cha_tor_occupancy.ia_hit, 0xc001fd0136
unc_cha_tor_occupancy.ia_hit_crd, 0xc80ffd0136
unc_cha_tor_occupancy.ia_hit_crd_pref, 0xc88ffd0136
unc_cha_tor_occupancy.ia_hit_drd, 0xc817fd0136
unc_cha_tor_occupancy.ia_hit_drd_opt, 0xc827fd0136
unc_cha_tor_occupancy.ia_hit_drd_opt_pref, 0xc8a7fd0136
unc_cha_tor_occupancy.ia_hit_drd_pref, 0xc897fd0136
unc_cha_tor_occupancy.ia_hit_drdpte, 0xc837fd0136
unc_cha_tor_occupancy.ia_hit_itom, 0xcc47fd0136
unc_cha_tor_occupancy.ia_hit_llcprefcode, 0xcccffd0136
unc_cha_tor_occupancy.ia_hit_llcprefdata, 0xccd7fd0136
unc_cha_tor_occupancy.ia_hit_llcprefrfo, 0xccc7fd0136
unc_cha_tor_occupancy.ia_hit_rfo, 0xc807fd0136
unc_cha_tor_occupancy.ia_hit_rfo_pref, 0xc887fd0136
unc_cha_tor_occupancy.ia_itom, 0xcc47ff0136
unc_cha_tor_occupancy.ia_itomcachenear, 0xcd47ff0136
unc_cha_tor_occupancy.ia_llcprefcode, 0xcccfff0136
unc_cha_tor_occupancy.ia_llcprefdata, 0xccd7ff0136
unc_cha_tor_occupancy.ia_llcprefrfo, 0xccc7ff0136
unc_cha_tor_occupancy.ia_miss, 0xc001fe0136
unc_cha_tor_occupancy.ia_miss_crd, 0xc80ffe0136
unc_cha_tor_occupancy.ia_miss_crd_local, 0xc80efe0136
unc_cha_tor_occupancy.ia_miss_crd_pref, 0xc88ffe0136
unc_cha_tor_occupancy.ia_miss_crd_pref_local, 0xc88efe0136
unc_cha_tor_occupancy.ia_miss_crd_pref_remote, 0xc88f7e0136
unc_cha_tor_occupancy.ia_miss_crd_remote, 0xc80f7e0136
unc_cha_tor_occupancy.ia_miss_drd, 0xc817fe0136
unc_cha_tor_occupancy.ia_miss_drd_ddr, 0xc817860136
unc_cha_tor_occupancy.ia_miss_drd_local, 0xc816fe0136
unc_cha_tor_occupancy.ia_miss_drd_local_ddr, 0xc816860136
unc_cha_tor_occupancy.ia_miss_drd_local_pmm, 0xc8168a0136
unc_cha_tor_occupancy.ia_miss_drd_opt, 0xc827fe0136
unc_cha_tor_occupancy.ia_miss_drd_opt_pref, 0xc8a7fe0136
unc_cha_tor_occupancy.ia_miss_drd_pmm, 0xc8178a0136
unc_cha_tor_occupancy.ia_miss_drd_pref, 0xc897fe0136
unc_cha_tor_occupancy.ia_miss_drd_pref_ddr, 0xc897860136
unc_cha_tor_occupancy.ia_miss_drd_pref_local, 0xc896fe0136
unc_cha_tor_occupancy.ia_miss_drd_pref_local_ddr, 0xc896860136
unc_cha_tor_occupancy.ia_miss_drd_pref_local_pmm, 0xc8968a0136
unc_cha_tor_occupancy.ia_miss_drd_pref_pmm, 0xc8978a0136
unc_cha_tor_occupancy.ia_miss_drd_pref_remote, 0xc8977e0136
unc_cha_tor_occupancy.ia_miss_drd_pref_remote_ddr, 0xc897060136
unc_cha_tor_occupancy.ia_miss_drd_pref_remote_pmm, 0xc8970a0136
unc_cha_tor_occupancy.ia_miss_drd_remote, 0xc8177e0136
unc_cha_tor_occupancy.ia_miss_drd_remote_ddr, 0xc817060136
unc_cha_tor_occupancy.ia_miss_drd_remote_pmm, 0xc8170a0136
unc_cha_tor_occupancy.ia_miss_drdpte, 0xc837fe0136
unc_cha_tor_occupancy.ia_miss_full_streaming_wr, 0xc867fe0136
unc_cha_tor_occupancy.ia_miss_full_streaming_wr_ddr, 0xc867860136
unc_cha_tor_occupancy.ia_miss_full_streaming_wr_local_ddr, 0xc866860136
unc_cha_tor_occupancy.ia_miss_full_streaming_wr_local_pmm, 0xc8668a0136
unc_cha_tor_occupancy.ia_miss_full_streaming_wr_pmm, 0xc8678a0136
unc_cha_tor_occupancy.ia_miss_full_streaming_wr_remote_ddr, 0xc867060136
unc_cha_tor_occupancy.ia_miss_full_streaming_wr_remote_pmm, 0xc8670a0136
unc_cha_tor_occupancy.ia_miss_itom, 0xcc47fe0136
unc_cha_tor_occupancy.ia_miss_llcprefcode, 0xcccffe0136
unc_cha_tor_occupancy.ia_miss_llcprefdata, 0xccd7fe0136
unc_cha_tor_occupancy.ia_miss_llcprefrfo, 0xccc7fe0136
unc_cha_tor_occupancy.ia_miss_local_wcil_ddr, 0xc86e860136
unc_cha_tor_occupancy.ia_miss_local_wcil_pmm, 0xc86e8a0136
unc_cha_tor_occupancy.ia_miss_local_wcilf_ddr, 0xc866860136
unc_cha_tor_occupancy.ia_miss_local_wcilf_pmm, 0xc8668a0136
unc_cha_tor_occupancy.ia_miss_partial_streaming_wr, 0xc86ffe0136
unc_cha_tor_occupancy.ia_miss_partial_streaming_wr_ddr, 0xc86f860136
unc_cha_tor_occupancy.ia_miss_partial_streaming_wr_local_ddr, 0xc86e860136
unc_cha_tor_occupancy.ia_miss_partial_streaming_wr_local_pmm, 0xc86e8a0136
unc_cha_tor_occupancy.ia_miss_partial_streaming_wr_pmm, 0xc86f8a0136
unc_cha_tor_occupancy.ia_miss_partial_streaming_wr_remote_ddr, 0xc86f060136
unc_cha_tor_occupancy.ia_miss_partial_streaming_wr_remote_pmm, 0xc86f0a0136
unc_cha_tor_occupancy.ia_miss_remote_wcil_ddr, 0xc86f060136
unc_cha_tor_occupancy.ia_miss_remote_wcil_pmm, 0xc86f0a0136
unc_cha_tor_occupancy.ia_miss_remote_wcilf_ddr, 0xc867060136
unc_cha_tor_occupancy.ia_miss_remote_wcilf_pmm, 0xc8670a0136
unc_cha_tor_occupancy.ia_miss_rfo, 0xc807fe0136
unc_cha_tor_occupancy.ia_miss_rfo_local, 0xc806fe0136
unc_cha_tor_occupancy.ia_miss_rfo_pref, 0xc887fe0136
unc_cha_tor_occupancy.ia_miss_rfo_pref_local, 0xc886fe0136
unc_cha_tor_occupancy.ia_miss_rfo_pref_remote, 0xc8877e0136
unc_cha_tor_occupancy.ia_miss_rfo_remote, 0xc8077e0136
unc_cha_tor_occupancy.ia_miss_specitom, 0xcc57fe0136
unc_cha_tor_occupancy.ia_miss_ucrdf, 0xc877de0136
unc_cha_tor_occupancy.ia_miss_wcil, 0xc86ffe0136
unc_cha_tor_occupancy.ia_miss_wcil_ddr, 0xc86f860136
unc_cha_tor_occupancy.ia_miss_wcil_pmm, 0xc86f8a0136
unc_cha_tor_occupancy.ia_miss_wcilf, 0xc867fe0136
unc_cha_tor_occupancy.ia_miss_wcilf_ddr, 0xc867860136
unc_cha_tor_occupancy.ia_miss_wcilf_pmm, 0xc8678a0136
unc_cha_tor_occupancy.ia_miss_wil, 0xc87fde0136
unc_cha_tor_occupancy.ia_rfo, 0xc807ff0136
unc_cha_tor_occupancy.ia_rfo_pref, 0xc887ff0136
unc_cha_tor_occupancy.ia_specitom, 0xcc57ff0136
unc_cha_tor_occupancy.ia_wbmtoi, 0xcc27ff0136
unc_cha_tor_occupancy.ia_wcil, 0xc86fff0136
unc_cha_tor_occupancy.ia_wcilf, 0xc867ff0136
unc_cha_tor_occupancy.io, 0xc001ff0436
unc_cha_tor_occupancy.io_clflush, 0xc8c3ff0436
unc_cha_tor_occupancy.io_hit, 0xc001fd0436
unc_cha_tor_occupancy.io_hit_itom, 0xcc43fd0436
unc_cha_tor_occupancy.io_hit_itomcachenear, 0xcd43fd0436
unc_cha_tor_occupancy.io_hit_pcirdcur, 0xc8f3fd0436
unc_cha_tor_occupancy.io_hit_rfo, 0xc803fd0436
unc_cha_tor_occupancy.io_itom, 0xcc43ff0436
unc_cha_tor_occupancy.io_itomcachenear, 0xcd43ff0436
unc_cha_tor_occupancy.io_miss, 0xc001fe0436
unc_cha_tor_occupancy.io_miss_itom, 0xcc43fe0436
unc_cha_tor_occupancy.io_miss_itomcachenear, 0xcd43fe0436
unc_cha_tor_occupancy.io_miss_pcirdcur, 0xc8f3fe0436
unc_cha_tor_occupancy.io_miss_rfo, 0xc803fe0436
unc_cha_tor_occupancy.io_pcirdcur, 0xc8f3ff0436
unc_cha_tor_occupancy.io_rfo, 0xc803ff0436
unc_cha_tor_occupancy.io_wbmtoi, 0xcc23ff0436
unc_cha_tor_occupancy.ipq, 0x836
unc_cha_tor_occupancy.irq_ia, 0x136
unc_cha_tor_occupancy.irq_non_ia, 0x1036
unc_cha_tor_occupancy.isoc, 0x36
unc_cha_tor_occupancy.loc_all, 0xc000ff0536
unc_cha_tor_occupancy.loc_ia, 0xc000ff0136
unc_cha_tor_occupancy.loc_io, 0xc000ff0436
unc_cha_tor_occupancy.local_tgt, 0x36
unc_cha_tor_occupancy.match_opc, 0x36
unc_cha_tor_occupancy.miss, 0x36
unc_cha_tor_occupancy.mmcfg, 0x36
unc_cha_tor_occupancy.nearmem, 0x36
unc_cha_tor_occupancy.noncoh, 0x36
unc_cha_tor_occupancy.not_nearmem, 0x36
unc_cha_tor_occupancy.pmm, 0x36
unc_cha_tor_occupancy.premorph_opc, 0x36
unc_cha_tor_occupancy.prq, 0x436
unc_cha_tor_occupancy.prq_non_iosf, 0x2036
unc_cha_tor_occupancy.remote_tgt, 0x36
unc_cha_txr_horz_ads_used.ad_all, 0x11a6
unc_cha_txr_horz_ads_used.ad_crd, 0x10a6
unc_cha_txr_horz_ads_used.ad_uncrd, 0x1a6
unc_cha_txr_horz_ads_used.bl_all, 0x44a6
unc_cha_txr_horz_ads_used.bl_crd, 0x40a6
unc_cha_txr_horz_ads_used.bl_uncrd, 0x4a6
unc_cha_txr_horz_bypass.ad_all, 0x11a7
unc_cha_txr_horz_bypass.ad_crd, 0x10a7
unc_cha_txr_horz_bypass.ad_uncrd, 0x1a7
unc_cha_txr_horz_bypass.ak, 0x2a7
unc_cha_txr_horz_bypass.akc_uncrd, 0x80a7
unc_cha_txr_horz_bypass.bl_all, 0x44a7
unc_cha_txr_horz_bypass.bl_crd, 0x40a7
unc_cha_txr_horz_bypass.bl_uncrd, 0x4a7
unc_cha_txr_horz_bypass.iv, 0x8a7
unc_cha_txr_horz_cycles_full.ad_all, 0x11a2
unc_cha_txr_horz_cycles_full.ad_crd, 0x10a2
unc_cha_txr_horz_cycles_full.ad_uncrd, 0x1a2
unc_cha_txr_horz_cycles_full.ak, 0x2a2
unc_cha_txr_horz_cycles_full.akc_uncrd, 0x80a2
unc_cha_txr_horz_cycles_full.bl_all, 0x44a2
unc_cha_txr_horz_cycles_full.bl_crd, 0x40a2
unc_cha_txr_horz_cycles_full.bl_uncrd, 0x4a2
unc_cha_txr_horz_cycles_full.iv, 0x8a2
unc_cha_txr_horz_cycles_ne.ad_all, 0x11a3
unc_cha_txr_horz_cycles_ne.ad_crd, 0x10a3
unc_cha_txr_horz_cycles_ne.ad_uncrd, 0x1a3
unc_cha_txr_horz_cycles_ne.ak, 0x2a3
unc_cha_txr_horz_cycles_ne.akc_uncrd, 0x80a3
unc_cha_txr_horz_cycles_ne.bl_all, 0x44a3
unc_cha_txr_horz_cycles_ne.bl_crd, 0x40a3
unc_cha_txr_horz_cycles_ne.bl_uncrd, 0x4a3
unc_cha_txr_horz_cycles_ne.iv, 0x8a3
unc_cha_txr_horz_inserts.ad_all, 0x11a1
unc_cha_txr_horz_inserts.ad_crd, 0x10a1
unc_cha_txr_horz_inserts.ad_uncrd, 0x1a1
unc_cha_txr_horz_inserts.ak, 0x2a1
unc_cha_txr_horz_inserts.akc_uncrd, 0x80a1
unc_cha_txr_horz_inserts.bl_all, 0x44a1
unc_cha_txr_horz_inserts.bl_crd, 0x40a1
unc_cha_txr_horz_inserts.bl_uncrd, 0x4a1
unc_cha_txr_horz_inserts.iv, 0x8a1
unc_cha_txr_horz_nack.ad_all, 0x11a4
unc_cha_txr_horz_nack.ad_crd, 0x10a4
unc_cha_txr_horz_nack.ad_uncrd, 0x1a4
unc_cha_txr_horz_nack.ak, 0x2a4
unc_cha_txr_horz_nack.akc_uncrd, 0x80a4
unc_cha_txr_horz_nack.bl_all, 0x44a4
unc_cha_txr_horz_nack.bl_crd, 0x40a4
unc_cha_txr_horz_nack.bl_uncrd, 0x4a4
unc_cha_txr_horz_nack.iv, 0x8a4
unc_cha_txr_horz_occupancy.ad_all, 0x11a0
unc_cha_txr_horz_occupancy.ad_crd, 0x10a0
unc_cha_txr_horz_occupancy.ad_uncrd, 0x1a0
unc_cha_txr_horz_occupancy.ak, 0x2a0
unc_cha_txr_horz_occupancy.akc_uncrd, 0x80a0
unc_cha_txr_horz_occupancy.bl_all, 0x44a0
unc_cha_txr_horz_occupancy.bl_crd, 0x40a0
unc_cha_txr_horz_occupancy.bl_uncrd, 0x4a0
unc_cha_txr_horz_occupancy.iv, 0x8a0
unc_cha_txr_horz_starved.ad_all, 0x1a5
unc_cha_txr_horz_starved.ad_uncrd, 0x1a5
unc_cha_txr_horz_starved.ak, 0x2a5
unc_cha_txr_horz_starved.akc_uncrd, 0x80a5
unc_cha_txr_horz_starved.bl_all, 0x4a5
unc_cha_txr_horz_starved.bl_uncrd, 0x4a5
unc_cha_txr_horz_starved.iv, 0x8a5
unc_cha_txr_vert_ads_used.ad_ag0, 0x19c
unc_cha_txr_vert_ads_used.ad_ag1, 0x109c
unc_cha_txr_vert_ads_used.bl_ag0, 0x49c
unc_cha_txr_vert_ads_used.bl_ag1, 0x409c
unc_cha_txr_vert_bypass.ad_ag0, 0x19d
unc_cha_txr_vert_bypass.ad_ag1, 0x109d
unc_cha_txr_vert_bypass.ak_ag0, 0x29d
unc_cha_txr_vert_bypass.ak_ag1, 0x209d
unc_cha_txr_vert_bypass.bl_ag0, 0x49d
unc_cha_txr_vert_bypass.bl_ag1, 0x409d
unc_cha_txr_vert_bypass.iv_ag1, 0x89d
unc_cha_txr_vert_bypass_1.akc_ag0, 0x19e
unc_cha_txr_vert_bypass_1.akc_ag1, 0x29e
unc_cha_txr_vert_cycles_full0.ad_ag0, 0x194
unc_cha_txr_vert_cycles_full0.ad_ag1, 0x1094
unc_cha_txr_vert_cycles_full0.ak_ag0, 0x294
unc_cha_txr_vert_cycles_full0.ak_ag1, 0x2094
unc_cha_txr_vert_cycles_full0.bl_ag0, 0x494
unc_cha_txr_vert_cycles_full0.bl_ag1, 0x4094
unc_cha_txr_vert_cycles_full0.iv_ag0, 0x894
unc_cha_txr_vert_cycles_full1.akc_ag0, 0x195
unc_cha_txr_vert_cycles_full1.akc_ag1, 0x295
unc_cha_txr_vert_cycles_ne0.ad_ag0, 0x196
unc_cha_txr_vert_cycles_ne0.ad_ag1, 0x1096
unc_cha_txr_vert_cycles_ne0.ak_ag0, 0x296
unc_cha_txr_vert_cycles_ne0.ak_ag1, 0x2096
unc_cha_txr_vert_cycles_ne0.bl_ag0, 0x496
unc_cha_txr_vert_cycles_ne0.bl_ag1, 0x4096
unc_cha_txr_vert_cycles_ne0.iv_ag0, 0x896
unc_cha_txr_vert_cycles_ne1.akc_ag0, 0x197
unc_cha_txr_vert_cycles_ne1.akc_ag1, 0x297
unc_cha_txr_vert_inserts0.ad_ag0, 0x192
unc_cha_txr_vert_inserts0.ad_ag1, 0x1092
unc_cha_txr_vert_inserts0.ak_ag0, 0x292
unc_cha_txr_vert_inserts0.ak_ag1, 0x2092
unc_cha_txr_vert_inserts0.bl_ag0, 0x492
unc_cha_txr_vert_inserts0.bl_ag1, 0x4092
unc_cha_txr_vert_inserts0.iv_ag0, 0x892
unc_cha_txr_vert_inserts1.akc_ag0, 0x193
unc_cha_txr_vert_inserts1.akc_ag1, 0x293
unc_cha_txr_vert_nack0.ad_ag0, 0x198
unc_cha_txr_vert_nack0.ad_ag1, 0x1098
unc_cha_txr_vert_nack0.ak_ag0, 0x298
unc_cha_txr_vert_nack0.ak_ag1, 0x2098
unc_cha_txr_vert_nack0.bl_ag0, 0x498
unc_cha_txr_vert_nack0.bl_ag1, 0x4098
unc_cha_txr_vert_nack0.iv_ag0, 0x898
unc_cha_txr_vert_nack1.akc_ag0, 0x199
unc_cha_txr_vert_nack1.akc_ag1, 0x299
unc_cha_txr_vert_occupancy0.ad_ag0, 0x190
unc_cha_txr_vert_occupancy0.ad_ag1, 0x1090
unc_cha_txr_vert_occupancy0.ak_ag0, 0x290
unc_cha_txr_vert_occupancy0.ak_ag1, 0x2090
unc_cha_txr_vert_occupancy0.bl_ag0, 0x490
unc_cha_txr_vert_occupancy0.bl_ag1, 0x4090
unc_cha_txr_vert_occupancy0.iv_ag0, 0x890
unc_cha_txr_vert_occupancy1.akc_ag0, 0x191
unc_cha_txr_vert_occupancy1.akc_ag1, 0x291
unc_cha_txr_vert_starved0.ad_ag0, 0x19a
unc_cha_txr_vert_starved0.ad_ag1, 0x109a
unc_cha_txr_vert_starved0.ak_ag0, 0x29a
unc_cha_txr_vert_starved0.ak_ag1, 0x209a
unc_cha_txr_vert_starved0.bl_ag0, 0x49a
unc_cha_txr_vert_starved0.bl_ag1, 0x409a
unc_cha_txr_vert_starved0.iv_ag0, 0x89a
unc_cha_txr_vert_starved1.akc_ag0, 0x19b
unc_cha_txr_vert_starved1.akc_ag1, 0x29b
unc_cha_txr_vert_starved1.tgc, 0x49b
unc_cha_vert_ring_ad_in_use.dn_even, 0x4b0
unc_cha_vert_ring_ad_in_use.dn_odd, 0x8b0
unc_cha_vert_ring_ad_in_use.up_even, 0x1b0
unc_cha_vert_ring_ad_in_use.up_odd, 0x2b0
unc_cha_vert_ring_ak_in_use.dn_even, 0x4b1
unc_cha_vert_ring_ak_in_use.dn_odd, 0x8b1
unc_cha_vert_ring_ak_in_use.up_even, 0x1b1
unc_cha_vert_ring_ak_in_use.up_odd, 0x2b1
unc_cha_vert_ring_akc_in_use.dn_even, 0x4b4
unc_cha_vert_ring_akc_in_use.dn_odd, 0x8b4
unc_cha_vert_ring_akc_in_use.up_even, 0x1b4
unc_cha_vert_ring_akc_in_use.up_odd, 0x2b4
unc_cha_vert_ring_bl_in_use.dn_even, 0x4b2
unc_cha_vert_ring_bl_in_use.dn_odd, 0x8b2
unc_cha_vert_ring_bl_in_use.up_even, 0x1b2
unc_cha_vert_ring_bl_in_use.up_odd, 0x2b2
unc_cha_vert_ring_iv_in_use.dn, 0x4b3
unc_cha_vert_ring_iv_in_use.up, 0x1b3
unc_cha_vert_ring_tgc_in_use.dn_even, 0x4b5
unc_cha_vert_ring_tgc_in_use.dn_odd, 0x8b5
unc_cha_vert_ring_tgc_in_use.up_even, 0x1b5
unc_cha_vert_ring_tgc_in_use.up_odd, 0x2b5
unc_cha_wb_push_mtoi.llc, 0x156
unc_cha_wb_push_mtoi.mem, 0x256
unc_cha_write_no_credits.mc0, 0x15a
unc_cha_write_no_credits.mc1, 0x25a
unc_cha_write_no_credits.mc10, 0x5a
unc_cha_write_no_credits.mc11, 0x5a
unc_cha_write_no_credits.mc12, 0x5a
unc_cha_write_no_credits.mc13, 0x5a
unc_cha_write_no_credits.mc2, 0x45a
unc_cha_write_no_credits.mc3, 0x85a
unc_cha_write_no_credits.mc4, 0x105a
unc_cha_write_no_credits.mc5, 0x205a
unc_cha_write_no_credits.mc6, 0x405a
unc_cha_write_no_credits.mc7, 0x805a
unc_cha_write_no_credits.mc8, 0x5a
unc_cha_write_no_credits.mc9, 0x5a
unc_cha_xpt_pref.drop0_conflict, 0x86f
unc_cha_xpt_pref.drop0_nocrd, 0x46f
unc_cha_xpt_pref.drop1_conflict, 0x806f
unc_cha_xpt_pref.drop1_nocrd, 0x406f
unc_cha_xpt_pref.sent0, 0x16f
unc_cha_xpt_pref.sent1, 0x106f
unc_i_cache_total_occupancy.any, 0x10f
unc_i_cache_total_occupancy.iv_q, 0x20f
unc_i_cache_total_occupancy.mem, 0x40f
unc_i_clockticks, 0x1
unc_i_coherent_ops.clflush, 0x8010
unc_i_coherent_ops.pcitom, 0x1010
unc_i_coherent_ops.rfo, 0x810
unc_i_coherent_ops.wbmtoi, 0x4010
unc_i_faf_full, 0x17
unc_i_faf_inserts, 0x18
unc_i_faf_occupancy, 0x19
unc_i_faf_transactions, 0x16
unc_i_irp_all.evicts, 0x420
unc_i_irp_all.inbound_inserts, 0x120
unc_i_irp_all.outbound_inserts, 0x220
unc_i_misc0.2nd_atomic_insert, 0x101e
unc_i_misc0.2nd_rd_insert, 0x41e
unc_i_misc0.2nd_wr_insert, 0x81e
unc_i_misc0.fast_rej, 0x21e
unc_i_misc0.fast_req, 0x11e
unc_i_misc0.fast_xfer, 0x201e
unc_i_misc0.pf_ack_hint, 0x401e
unc_i_misc0.slowpath_fwpf_no_prf, 0x801e
unc_i_misc1.lost_fwd, 0x101f
unc_i_misc1.sec_rcvd_invld, 0x201f
unc_i_misc1.sec_rcvd_vld, 0x401f
unc_i_misc1.slow_e, 0x41f
unc_i_misc1.slow_i, 0x11f
unc_i_misc1.slow_m, 0x81f
unc_i_misc1.slow_s, 0x21f
unc_i_p2p_inserts, 0x14
unc_i_p2p_occupancy, 0x15
unc_i_p2p_transactions.cmpl, 0x813
unc_i_p2p_transactions.loc, 0x4013
unc_i_p2p_transactions.loc_and_tgt_match, 0x8013
unc_i_p2p_transactions.msg, 0x413
unc_i_p2p_transactions.rd, 0x113
unc_i_p2p_transactions.rem, 0x1013
unc_i_p2p_transactions.rem_and_tgt_match, 0x2013
unc_i_p2p_transactions.wr, 0x213
unc_i_snoop_resp.all_hit, 0x7e12
unc_i_snoop_resp.all_hit_es, 0x7412
unc_i_snoop_resp.all_hit_i, 0x7212
unc_i_snoop_resp.all_hit_m, 0x7812
unc_i_snoop_resp.all_miss, 0x7112
unc_i_snoop_resp.hit_es, 0x412
unc_i_snoop_resp.hit_i, 0x212
unc_i_snoop_resp.hit_m, 0x812
unc_i_snoop_resp.miss, 0x112
unc_i_snoop_resp.snpcode, 0x1012
unc_i_snoop_resp.snpdata, 0x2012
unc_i_snoop_resp.snpinv, 0x4012
unc_i_transactions.atomic, 0x1011
unc_i_transactions.other, 0x2011
unc_i_transactions.wr_pref, 0x811
unc_i_transactions.writes, 0x211
unc_i_txc_ak_inserts, 0xb
unc_i_txc_bl_drs_cycles_full, 0x5
unc_i_txc_bl_drs_inserts, 0x2
unc_i_txc_bl_drs_occupancy, 0x8
unc_i_txc_bl_ncb_cycles_full, 0x6
unc_i_txc_bl_ncb_inserts, 0x3
unc_i_txc_bl_ncb_occupancy, 0x9
unc_i_txc_bl_ncs_cycles_full, 0x7
unc_i_txc_bl_ncs_inserts, 0x4
unc_i_txc_bl_ncs_occupancy, 0xa
unc_i_txr2_ad01_stall_credit_cycles, 0x1c
unc_i_txr2_ad0_stall_credit_cycles, 0x1a
unc_i_txr2_ad1_stall_credit_cycles, 0x1b
unc_i_txr2_bl_stall_credit_cycles, 0x1d
unc_i_txs_data_inserts_ncb, 0xd
unc_i_txs_data_inserts_ncs, 0xe
unc_i_txs_request_occupancy, 0xc
unc_iio_bandwidth_in.part0_freerun, 0x20ff
unc_iio_bandwidth_in.part1_freerun, 0x21ff
unc_iio_bandwidth_in.part2_freerun, 0x22ff
unc_iio_bandwidth_in.part3_freerun, 0x23ff
unc_iio_bandwidth_in.part4_freerun, 0x24ff
unc_iio_bandwidth_in.part5_freerun, 0x25ff
unc_iio_bandwidth_in.part6_freerun, 0x26ff
unc_iio_bandwidth_in.part7_freerun, 0x27ff
unc_iio_clockticks, 0x1
unc_iio_clockticks_freerun, 0x10ff
unc_iio_comp_buf_inserts.cmpd.all, 0x3c2
unc_iio_comp_buf_inserts.cmpd.all_parts, 0x3c2
unc_iio_comp_buf_inserts.cmpd.part0, 0x3c2
unc_iio_comp_buf_inserts.cmpd.part1, 0x3c2
unc_iio_comp_buf_inserts.cmpd.part2, 0x3c2
unc_iio_comp_buf_inserts.cmpd.part3, 0x3c2
unc_iio_comp_buf_inserts.cmpd.part4, 0x3c2
unc_iio_comp_buf_inserts.cmpd.part5, 0x3c2
unc_iio_comp_buf_inserts.cmpd.part6, 0x3c2
unc_iio_comp_buf_inserts.cmpd.part7, 0x3c2
unc_iio_comp_buf_occupancy.cmpd.all, 0xffd5
unc_iio_comp_buf_occupancy.cmpd.all_parts, 0xffd5
unc_iio_comp_buf_occupancy.cmpd.part0, 0x1d5
unc_iio_comp_buf_occupancy.cmpd.part1, 0x2d5
unc_iio_comp_buf_occupancy.cmpd.part2, 0x4d5
unc_iio_comp_buf_occupancy.cmpd.part3, 0x8d5
unc_iio_comp_buf_occupancy.cmpd.part4, 0x10d5
unc_iio_comp_buf_occupancy.cmpd.part5, 0x20d5
unc_iio_comp_buf_occupancy.cmpd.part6, 0x40d5
unc_iio_comp_buf_occupancy.cmpd.part7, 0x80d5
unc_iio_data_req_by_cpu.cfg_read.iommu0, 0x40c0
unc_iio_data_req_by_cpu.cfg_read.iommu1, 0x40c0
unc_iio_data_req_by_cpu.cfg_read.part0, 0x40c0
unc_iio_data_req_by_cpu.cfg_read.part1, 0x40c0
unc_iio_data_req_by_cpu.cfg_read.part2, 0x40c0
unc_iio_data_req_by_cpu.cfg_read.part3, 0x40c0
unc_iio_data_req_by_cpu.cfg_read.part4, 0x40c0
unc_iio_data_req_by_cpu.cfg_read.part5, 0x40c0
unc_iio_data_req_by_cpu.cfg_read.part6, 0x40c0
unc_iio_data_req_by_cpu.cfg_read.part7, 0x40c0
unc_iio_data_req_by_cpu.cfg_write.iommu0, 0x10c0
unc_iio_data_req_by_cpu.cfg_write.iommu1, 0x10c0
unc_iio_data_req_by_cpu.cfg_write.part0, 0x10c0
unc_iio_data_req_by_cpu.cfg_write.part1, 0x10c0
unc_iio_data_req_by_cpu.cfg_write.part2, 0x10c0
unc_iio_data_req_by_cpu.cfg_write.part3, 0x10c0
unc_iio_data_req_by_cpu.cfg_write.part4, 0x10c0
unc_iio_data_req_by_cpu.cfg_write.part5, 0x10c0
unc_iio_data_req_by_cpu.cfg_write.part6, 0x10c0
unc_iio_data_req_by_cpu.cfg_write.part7, 0x10c0
unc_iio_data_req_by_cpu.io_read.iommu0, 0x80c0
unc_iio_data_req_by_cpu.io_read.iommu1, 0x80c0
unc_iio_data_req_by_cpu.io_read.part0, 0x80c0
unc_iio_data_req_by_cpu.io_read.part1, 0x80c0
unc_iio_data_req_by_cpu.io_read.part2, 0x80c0
unc_iio_data_req_by_cpu.io_read.part3, 0x80c0
unc_iio_data_req_by_cpu.io_read.part4, 0x80c0
unc_iio_data_req_by_cpu.io_read.part5, 0x80c0
unc_iio_data_req_by_cpu.io_read.part6, 0x80c0
unc_iio_data_req_by_cpu.io_read.part7, 0x80c0
unc_iio_data_req_by_cpu.io_write.iommu0, 0x20c0
unc_iio_data_req_by_cpu.io_write.iommu1, 0x20c0
unc_iio_data_req_by_cpu.io_write.part0, 0x20c0
unc_iio_data_req_by_cpu.io_write.part1, 0x20c0
unc_iio_data_req_by_cpu.io_write.part2, 0x20c0
unc_iio_data_req_by_cpu.io_write.part3, 0x20c0
unc_iio_data_req_by_cpu.io_write.part4, 0x20c0
unc_iio_data_req_by_cpu.io_write.part5, 0x20c0
unc_iio_data_req_by_cpu.io_write.part6, 0x20c0
unc_iio_data_req_by_cpu.io_write.part7, 0x20c0
unc_iio_data_req_by_cpu.mem_read.iommu0, 0x4c0
unc_iio_data_req_by_cpu.mem_read.iommu1, 0x4c0
unc_iio_data_req_by_cpu.mem_read.part0, 0x4c0
unc_iio_data_req_by_cpu.mem_read.part1, 0x4c0
unc_iio_data_req_by_cpu.mem_read.part2, 0x4c0
unc_iio_data_req_by_cpu.mem_read.part3, 0x4c0
unc_iio_data_req_by_cpu.mem_read.part4, 0x4c0
unc_iio_data_req_by_cpu.mem_read.part5, 0x4c0
unc_iio_data_req_by_cpu.mem_read.part6, 0x4c0
unc_iio_data_req_by_cpu.mem_read.part7, 0x4c0
unc_iio_data_req_by_cpu.mem_write.iommu0, 0x1c0
unc_iio_data_req_by_cpu.mem_write.iommu1, 0x1c0
unc_iio_data_req_by_cpu.mem_write.part0, 0x1c0
unc_iio_data_req_by_cpu.mem_write.part1, 0x1c0
unc_iio_data_req_by_cpu.mem_write.part2, 0x1c0
unc_iio_data_req_by_cpu.mem_write.part3, 0x1c0
unc_iio_data_req_by_cpu.mem_write.part4, 0x1c0
unc_iio_data_req_by_cpu.mem_write.part5, 0x1c0
unc_iio_data_req_by_cpu.mem_write.part6, 0x1c0
unc_iio_data_req_by_cpu.mem_write.part7, 0x1c0
unc_iio_data_req_by_cpu.peer_read.iommu0, 0x8c0
unc_iio_data_req_by_cpu.peer_read.iommu1, 0x8c0
unc_iio_data_req_by_cpu.peer_read.part0, 0x8c0
unc_iio_data_req_by_cpu.peer_read.part1, 0x8c0
unc_iio_data_req_by_cpu.peer_read.part2, 0x8c0
unc_iio_data_req_by_cpu.peer_read.part3, 0x8c0
unc_iio_data_req_by_cpu.peer_read.part4, 0x8c0
unc_iio_data_req_by_cpu.peer_read.part5, 0x8c0
unc_iio_data_req_by_cpu.peer_read.part6, 0x8c0
unc_iio_data_req_by_cpu.peer_read.part7, 0x8c0
unc_iio_data_req_by_cpu.peer_write.iommu0, 0x2c0
unc_iio_data_req_by_cpu.peer_write.iommu1, 0x2c0
unc_iio_data_req_by_cpu.peer_write.part0, 0x2c0
unc_iio_data_req_by_cpu.peer_write.part1, 0x2c0
unc_iio_data_req_by_cpu.peer_write.part2, 0x2c0
unc_iio_data_req_by_cpu.peer_write.part3, 0x2c0
unc_iio_data_req_by_cpu.peer_write.part4, 0x2c0
unc_iio_data_req_by_cpu.peer_write.part5, 0x2c0
unc_iio_data_req_by_cpu.peer_write.part6, 0x2c0
unc_iio_data_req_by_cpu.peer_write.part7, 0x2c0
unc_iio_data_req_of_cpu.atomic.iommu0, 0x1083
unc_iio_data_req_of_cpu.atomic.iommu1, 0x1083
unc_iio_data_req_of_cpu.atomic.part0, 0x1083
unc_iio_data_req_of_cpu.atomic.part1, 0x1083
unc_iio_data_req_of_cpu.atomic.part2, 0x1083
unc_iio_data_req_of_cpu.atomic.part3, 0x1083
unc_iio_data_req_of_cpu.atomic.part4, 0x1083
unc_iio_data_req_of_cpu.atomic.part5, 0x1083
unc_iio_data_req_of_cpu.atomic.part6, 0x1083
unc_iio_data_req_of_cpu.atomic.part7, 0x1083
unc_iio_data_req_of_cpu.cmpd.iommu0, 0x8083
unc_iio_data_req_of_cpu.cmpd.iommu1, 0x8083
unc_iio_data_req_of_cpu.cmpd.part0, 0x8083
unc_iio_data_req_of_cpu.cmpd.part1, 0x8083
unc_iio_data_req_of_cpu.cmpd.part2, 0x8083
unc_iio_data_req_of_cpu.cmpd.part3, 0x8083
unc_iio_data_req_of_cpu.cmpd.part4, 0x8083
unc_iio_data_req_of_cpu.cmpd.part5, 0x8083
unc_iio_data_req_of_cpu.cmpd.part6, 0x8083
unc_iio_data_req_of_cpu.cmpd.part7, 0x8083
unc_iio_data_req_of_cpu.mem_read.iommu0, 0x483
unc_iio_data_req_of_cpu.mem_read.iommu1, 0x483
unc_iio_data_req_of_cpu.mem_read.part0, 0x483
unc_iio_data_req_of_cpu.mem_read.part1, 0x483
unc_iio_data_req_of_cpu.mem_read.part2, 0x483
unc_iio_data_req_of_cpu.mem_read.part3, 0x483
unc_iio_data_req_of_cpu.mem_read.part4, 0x483
unc_iio_data_req_of_cpu.mem_read.part5, 0x483
unc_iio_data_req_of_cpu.mem_read.part6, 0x483
unc_iio_data_req_of_cpu.mem_read.part7, 0x483
unc_iio_data_req_of_cpu.mem_write.iommu0, 0x183
unc_iio_data_req_of_cpu.mem_write.iommu1, 0x183
unc_iio_data_req_of_cpu.mem_write.part0, 0x183
unc_iio_data_req_of_cpu.mem_write.part1, 0x183
unc_iio_data_req_of_cpu.mem_write.part2, 0x183
unc_iio_data_req_of_cpu.mem_write.part3, 0x183
unc_iio_data_req_of_cpu.mem_write.part4, 0x183
unc_iio_data_req_of_cpu.mem_write.part5, 0x183
unc_iio_data_req_of_cpu.mem_write.part6, 0x183
unc_iio_data_req_of_cpu.mem_write.part7, 0x183
unc_iio_data_req_of_cpu.msg.iommu0, 0x4083
unc_iio_data_req_of_cpu.msg.iommu1, 0x4083
unc_iio_data_req_of_cpu.msg.part0, 0x4083
unc_iio_data_req_of_cpu.msg.part1, 0x4083
unc_iio_data_req_of_cpu.msg.part2, 0x4083
unc_iio_data_req_of_cpu.msg.part3, 0x4083
unc_iio_data_req_of_cpu.msg.part4, 0x4083
unc_iio_data_req_of_cpu.msg.part5, 0x4083
unc_iio_data_req_of_cpu.msg.part6, 0x4083
unc_iio_data_req_of_cpu.msg.part7, 0x4083
unc_iio_data_req_of_cpu.peer_read.iommu0, 0x883
unc_iio_data_req_of_cpu.peer_read.iommu1, 0x883
unc_iio_data_req_of_cpu.peer_read.part0, 0x883
unc_iio_data_req_of_cpu.peer_read.part1, 0x883
unc_iio_data_req_of_cpu.peer_read.part2, 0x883
unc_iio_data_req_of_cpu.peer_read.part3, 0x883
unc_iio_data_req_of_cpu.peer_read.part4, 0x883
unc_iio_data_req_of_cpu.peer_read.part5, 0x883
unc_iio_data_req_of_cpu.peer_read.part6, 0x883
unc_iio_data_req_of_cpu.peer_read.part7, 0x883
unc_iio_data_req_of_cpu.peer_write.iommu0, 0x283
unc_iio_data_req_of_cpu.peer_write.iommu1, 0x283
unc_iio_data_req_of_cpu.peer_write.part0, 0x283
unc_iio_data_req_of_cpu.peer_write.part1, 0x283
unc_iio_data_req_of_cpu.peer_write.part2, 0x283
unc_iio_data_req_of_cpu.peer_write.part3, 0x283
unc_iio_data_req_of_cpu.peer_write.part4, 0x283
unc_iio_data_req_of_cpu.peer_write.part5, 0x283
unc_iio_data_req_of_cpu.peer_write.part6, 0x283
unc_iio_data_req_of_cpu.peer_write.part7, 0x283
unc_iio_inbound_arb_req.data, 0x2086
unc_iio_inbound_arb_req.final_rd_wr, 0x886
unc_iio_inbound_arb_req.iommu_hit, 0x286
unc_iio_inbound_arb_req.iommu_req, 0x186
unc_iio_inbound_arb_req.req_own, 0x486
unc_iio_inbound_arb_req.wr, 0x1086
unc_iio_inbound_arb_won.data, 0x2087
unc_iio_inbound_arb_won.final_rd_wr, 0x887
unc_iio_inbound_arb_won.iommu_hit, 0x287
unc_iio_inbound_arb_won.iommu_req, 0x187
unc_iio_inbound_arb_won.req_own, 0x487
unc_iio_inbound_arb_won.wr, 0x1087
unc_iio_iommu0.1g_hits, 0x1040
unc_iio_iommu0.2m_hits, 0x840
unc_iio_iommu0.4k_hits, 0x440
unc_iio_iommu0.all_lookups, 0x240
unc_iio_iommu0.ctxt_cache_hits, 0x8040
unc_iio_iommu0.ctxt_cache_lookups, 0x4040
unc_iio_iommu0.first_lookups, 0x140
unc_iio_iommu0.misses, 0x2040
unc_iio_iommu1.cyc_pwt_full, 0x8041
unc_iio_iommu1.num_mem_accesses, 0x4041
unc_iio_iommu1.pwc_1g_hits, 0x841
unc_iio_iommu1.pwc_2m_hits, 0x441
unc_iio_iommu1.pwc_4k_hits, 0x241
unc_iio_iommu1.pwc_512g_hits, 0x1041
unc_iio_iommu1.pwc_cache_fills, 0x2041
unc_iio_iommu1.pwt_cache_lookups, 0x141
unc_iio_iommu3.int_cache_hits, 0x8043
unc_iio_iommu3.int_cache_lookups, 0x4043
unc_iio_iommu3.num_ctxt_cache_inval_device, 0x2043
unc_iio_iommu3.num_ctxt_cache_inval_domain, 0x1043
unc_iio_iommu3.num_ctxt_cache_inval_gbl, 0x843
unc_iio_iommu3.num_inval_domain, 0x243
unc_iio_iommu3.num_inval_gbl, 0x143
unc_iio_iommu3.num_inval_page, 0x443
unc_iio_mask_match_and.bus0, 0x102
unc_iio_mask_match_and.bus0_bus1, 0x802
unc_iio_mask_match_and.bus0_not_bus1, 0x402
unc_iio_mask_match_and.bus1, 0x202
unc_iio_mask_match_and.not_bus0_bus1, 0x1002
unc_iio_mask_match_and.not_bus0_not_bus1, 0x2002
unc_iio_mask_match_or.bus0, 0x103
unc_iio_mask_match_or.bus0_bus1, 0x803
unc_iio_mask_match_or.bus0_not_bus1, 0x403
unc_iio_mask_match_or.bus1, 0x203
unc_iio_mask_match_or.not_bus0_bus1, 0x1003
unc_iio_mask_match_or.not_bus0_not_bus1, 0x2003
unc_iio_nothing, 0x80
unc_iio_num_oustanding_req_from_cpu.to_io, 0x8c5
unc_iio_num_outstanding_req_of_cpu.data, 0x2088
unc_iio_num_outstanding_req_of_cpu.final_rd_wr, 0x888
unc_iio_num_outstanding_req_of_cpu.iommu_hit, 0x288
unc_iio_num_outstanding_req_of_cpu.iommu_req, 0x188
unc_iio_num_outstanding_req_of_cpu.req_own, 0x488
unc_iio_num_outstanding_req_of_cpu.wr, 0x1088
unc_iio_num_req_from_cpu.itc, 0x2c2
unc_iio_num_req_from_cpu.prealloc, 0x4c2
unc_iio_num_req_of_cpu.all.drop, 0x285
unc_iio_num_req_of_cpu.commit.all, 0x185
unc_iio_num_req_of_cpu_by_tgt.abort, 0x808e
unc_iio_num_req_of_cpu_by_tgt.confined_p2p, 0x408e
unc_iio_num_req_of_cpu_by_tgt.loc_p2p, 0x208e
unc_iio_num_req_of_cpu_by_tgt.mcast, 0x28e
unc_iio_num_req_of_cpu_by_tgt.mem, 0x88e
unc_iio_num_req_of_cpu_by_tgt.msgb, 0x18e
unc_iio_num_req_of_cpu_by_tgt.rem_p2p, 0x108e
unc_iio_num_req_of_cpu_by_tgt.ubox, 0x48e
unc_iio_num_tgt_matched_req_of_cpu, 0x8f
unc_iio_outbound_cl_reqs_issued.to_io, 0x8d0
unc_iio_outbound_tlp_reqs_issued.to_io, 0x8d1
unc_iio_pwt_occupancy, 0x42
unc_iio_req_from_pcie_cl_cmpl.data, 0x2091
unc_iio_req_from_pcie_cl_cmpl.final_rd_wr, 0x891
unc_iio_req_from_pcie_cl_cmpl.req_own, 0x491
unc_iio_req_from_pcie_cl_cmpl.wr, 0x1091
unc_iio_req_from_pcie_cmpl.data, 0x2092
unc_iio_req_from_pcie_cmpl.final_rd_wr, 0x892
unc_iio_req_from_pcie_cmpl.iommu_hit, 0x292
unc_iio_req_from_pcie_cmpl.iommu_req, 0x192
unc_iio_req_from_pcie_cmpl.req_own, 0x492
unc_iio_req_from_pcie_cmpl.wr, 0x1092
unc_iio_req_from_pcie_pass_cmpl.data, 0x2090
unc_iio_req_from_pcie_pass_cmpl.final_rd_wr, 0x890
unc_iio_req_from_pcie_pass_cmpl.req_own, 0x490
unc_iio_req_from_pcie_pass_cmpl.wr, 0x1090
unc_iio_symbol_times, 0x82
unc_iio_txn_req_by_cpu.cfg_read.iommu0, 0x40c1
unc_iio_txn_req_by_cpu.cfg_read.iommu1, 0x40c1
unc_iio_txn_req_by_cpu.cfg_read.part0, 0x40c1
unc_iio_txn_req_by_cpu.cfg_read.part1, 0x40c1
unc_iio_txn_req_by_cpu.cfg_read.part2, 0x40c1
unc_iio_txn_req_by_cpu.cfg_read.part3, 0x40c1
unc_iio_txn_req_by_cpu.cfg_read.part4, 0x40c1
unc_iio_txn_req_by_cpu.cfg_read.part5, 0x40c1
unc_iio_txn_req_by_cpu.cfg_read.part6, 0x40c1
unc_iio_txn_req_by_cpu.cfg_read.part7, 0x40c1
unc_iio_txn_req_by_cpu.cfg_write.iommu0, 0x10c1
unc_iio_txn_req_by_cpu.cfg_write.iommu1, 0x10c1
unc_iio_txn_req_by_cpu.cfg_write.part0, 0x10c1
unc_iio_txn_req_by_cpu.cfg_write.part1, 0x10c1
unc_iio_txn_req_by_cpu.cfg_write.part2, 0x10c1
unc_iio_txn_req_by_cpu.cfg_write.part3, 0x10c1
unc_iio_txn_req_by_cpu.cfg_write.part4, 0x10c1
unc_iio_txn_req_by_cpu.cfg_write.part5, 0x10c1
unc_iio_txn_req_by_cpu.cfg_write.part6, 0x10c1
unc_iio_txn_req_by_cpu.cfg_write.part7, 0x10c1
unc_iio_txn_req_by_cpu.io_read.iommu0, 0x80c1
unc_iio_txn_req_by_cpu.io_read.iommu1, 0x80c1
unc_iio_txn_req_by_cpu.io_read.part0, 0x80c1
unc_iio_txn_req_by_cpu.io_read.part1, 0x80c1
unc_iio_txn_req_by_cpu.io_read.part2, 0x80c1
unc_iio_txn_req_by_cpu.io_read.part3, 0x80c1
unc_iio_txn_req_by_cpu.io_read.part4, 0x80c1
unc_iio_txn_req_by_cpu.io_read.part5, 0x80c1
unc_iio_txn_req_by_cpu.io_read.part6, 0x80c1
unc_iio_txn_req_by_cpu.io_read.part7, 0x80c1
unc_iio_txn_req_by_cpu.io_write.iommu0, 0x20c1
unc_iio_txn_req_by_cpu.io_write.iommu1, 0x20c1
unc_iio_txn_req_by_cpu.io_write.part0, 0x20c1
unc_iio_txn_req_by_cpu.io_write.part1, 0x20c1
unc_iio_txn_req_by_cpu.io_write.part2, 0x20c1
unc_iio_txn_req_by_cpu.io_write.part3, 0x20c1
unc_iio_txn_req_by_cpu.io_write.part4, 0x20c1
unc_iio_txn_req_by_cpu.io_write.part5, 0x20c1
unc_iio_txn_req_by_cpu.io_write.part6, 0x20c1
unc_iio_txn_req_by_cpu.io_write.part7, 0x20c1
unc_iio_txn_req_by_cpu.mem_read.iommu0, 0x4c1
unc_iio_txn_req_by_cpu.mem_read.iommu1, 0x4c1
unc_iio_txn_req_by_cpu.mem_read.part0, 0x4c1
unc_iio_txn_req_by_cpu.mem_read.part1, 0x4c1
unc_iio_txn_req_by_cpu.mem_read.part2, 0x4c1
unc_iio_txn_req_by_cpu.mem_read.part3, 0x4c1
unc_iio_txn_req_by_cpu.mem_read.part4, 0x4c1
unc_iio_txn_req_by_cpu.mem_read.part5, 0x4c1
unc_iio_txn_req_by_cpu.mem_read.part6, 0x4c1
unc_iio_txn_req_by_cpu.mem_read.part7, 0x4c1
unc_iio_txn_req_by_cpu.mem_write.iommu0, 0x1c1
unc_iio_txn_req_by_cpu.mem_write.iommu1, 0x1c1
unc_iio_txn_req_by_cpu.mem_write.part0, 0x1c1
unc_iio_txn_req_by_cpu.mem_write.part1, 0x1c1
unc_iio_txn_req_by_cpu.mem_write.part2, 0x1c1
unc_iio_txn_req_by_cpu.mem_write.part3, 0x1c1
unc_iio_txn_req_by_cpu.mem_write.part4, 0x1c1
unc_iio_txn_req_by_cpu.mem_write.part5, 0x1c1
unc_iio_txn_req_by_cpu.mem_write.part6, 0x1c1
unc_iio_txn_req_by_cpu.mem_write.part7, 0x1c1
unc_iio_txn_req_by_cpu.peer_read.iommu0, 0x8c1
unc_iio_txn_req_by_cpu.peer_read.iommu1, 0x8c1
unc_iio_txn_req_by_cpu.peer_read.part0, 0x8c1
unc_iio_txn_req_by_cpu.peer_read.part1, 0x8c1
unc_iio_txn_req_by_cpu.peer_read.part2, 0x8c1
unc_iio_txn_req_by_cpu.peer_read.part3, 0x8c1
unc_iio_txn_req_by_cpu.peer_read.part4, 0x8c1
unc_iio_txn_req_by_cpu.peer_read.part5, 0x8c1
unc_iio_txn_req_by_cpu.peer_read.part6, 0x8c1
unc_iio_txn_req_by_cpu.peer_read.part7, 0x8c1
unc_iio_txn_req_by_cpu.peer_write.iommu0, 0x2c1
unc_iio_txn_req_by_cpu.peer_write.part0, 0x2c1
unc_iio_txn_req_by_cpu.peer_write.part1, 0x2c1
unc_iio_txn_req_by_cpu.peer_write.part2, 0x2c1
unc_iio_txn_req_by_cpu.peer_write.part3, 0x2c1
unc_iio_txn_req_by_cpu.peer_write.part4, 0x2c1
unc_iio_txn_req_by_cpu.peer_write.part5, 0x2c1
unc_iio_txn_req_by_cpu.peer_write.part6, 0x2c1
unc_iio_txn_req_by_cpu.peer_write.part7, 0x2c1
unc_iio_txn_req_of_cpu.atomic.iommu0, 0x1084
unc_iio_txn_req_of_cpu.atomic.iommu1, 0x1084
unc_iio_txn_req_of_cpu.atomic.part0, 0x1084
unc_iio_txn_req_of_cpu.atomic.part1, 0x1084
unc_iio_txn_req_of_cpu.atomic.part2, 0x1084
unc_iio_txn_req_of_cpu.atomic.part3, 0x1084
unc_iio_txn_req_of_cpu.atomic.part4, 0x1084
unc_iio_txn_req_of_cpu.atomic.part5, 0x1084
unc_iio_txn_req_of_cpu.atomic.part6, 0x1084
unc_iio_txn_req_of_cpu.atomic.part7, 0x1084
unc_iio_txn_req_of_cpu.cmpd.iommu0, 0x8084
unc_iio_txn_req_of_cpu.cmpd.iommu1, 0x8084
unc_iio_txn_req_of_cpu.cmpd.part0, 0x8084
unc_iio_txn_req_of_cpu.cmpd.part1, 0x8084
unc_iio_txn_req_of_cpu.cmpd.part2, 0x8084
unc_iio_txn_req_of_cpu.cmpd.part3, 0x8084
unc_iio_txn_req_of_cpu.cmpd.part4, 0x8084
unc_iio_txn_req_of_cpu.cmpd.part5, 0x8084
unc_iio_txn_req_of_cpu.cmpd.part6, 0x8084
unc_iio_txn_req_of_cpu.cmpd.part7, 0x8084
unc_iio_txn_req_of_cpu.mem_read.iommu0, 0x484
unc_iio_txn_req_of_cpu.mem_read.iommu1, 0x484
unc_iio_txn_req_of_cpu.mem_read.part0, 0x484
unc_iio_txn_req_of_cpu.mem_read.part1, 0x484
unc_iio_txn_req_of_cpu.mem_read.part2, 0x484
unc_iio_txn_req_of_cpu.mem_read.part3, 0x484
unc_iio_txn_req_of_cpu.mem_read.part4, 0x484
unc_iio_txn_req_of_cpu.mem_read.part5, 0x484
unc_iio_txn_req_of_cpu.mem_read.part6, 0x484
unc_iio_txn_req_of_cpu.mem_read.part7, 0x484
unc_iio_txn_req_of_cpu.mem_write.iommu0, 0x184
unc_iio_txn_req_of_cpu.mem_write.iommu1, 0x184
unc_iio_txn_req_of_cpu.mem_write.part0, 0x184
unc_iio_txn_req_of_cpu.mem_write.part1, 0x184
unc_iio_txn_req_of_cpu.mem_write.part2, 0x184
unc_iio_txn_req_of_cpu.mem_write.part3, 0x184
unc_iio_txn_req_of_cpu.mem_write.part4, 0x184
unc_iio_txn_req_of_cpu.mem_write.part5, 0x184
unc_iio_txn_req_of_cpu.mem_write.part6, 0x184
unc_iio_txn_req_of_cpu.mem_write.part7, 0x184
unc_iio_txn_req_of_cpu.msg.iommu0, 0x4084
unc_iio_txn_req_of_cpu.msg.iommu1, 0x4084
unc_iio_txn_req_of_cpu.msg.part0, 0x4084
unc_iio_txn_req_of_cpu.msg.part1, 0x4084
unc_iio_txn_req_of_cpu.msg.part2, 0x4084
unc_iio_txn_req_of_cpu.msg.part3, 0x4084
unc_iio_txn_req_of_cpu.msg.part4, 0x4084
unc_iio_txn_req_of_cpu.msg.part5, 0x4084
unc_iio_txn_req_of_cpu.msg.part6, 0x4084
unc_iio_txn_req_of_cpu.msg.part7, 0x4084
unc_iio_txn_req_of_cpu.peer_read.iommu0, 0x884
unc_iio_txn_req_of_cpu.peer_read.iommu1, 0x884
unc_iio_txn_req_of_cpu.peer_read.part0, 0x884
unc_iio_txn_req_of_cpu.peer_read.part1, 0x884
unc_iio_txn_req_of_cpu.peer_read.part2, 0x884
unc_iio_txn_req_of_cpu.peer_read.part3, 0x884
unc_iio_txn_req_of_cpu.peer_read.part4, 0x884
unc_iio_txn_req_of_cpu.peer_read.part5, 0x884
unc_iio_txn_req_of_cpu.peer_read.part6, 0x884
unc_iio_txn_req_of_cpu.peer_read.part7, 0x884
unc_iio_txn_req_of_cpu.peer_write.iommu0, 0x284
unc_iio_txn_req_of_cpu.peer_write.iommu1, 0x284
unc_iio_txn_req_of_cpu.peer_write.part0, 0x284
unc_iio_txn_req_of_cpu.peer_write.part1, 0x284
unc_iio_txn_req_of_cpu.peer_write.part2, 0x284
unc_iio_txn_req_of_cpu.peer_write.part3, 0x284
unc_iio_txn_req_of_cpu.peer_write.part4, 0x284
unc_iio_txn_req_of_cpu.peer_write.part5, 0x284
unc_iio_txn_req_of_cpu.peer_write.part6, 0x284
unc_iio_txn_req_of_cpu.peer_write.part7, 0x284
unc_m2m_ag0_ad_crd_acquired0.tgr0, 0x180
unc_m2m_ag0_ad_crd_acquired0.tgr1, 0x280
unc_m2m_ag0_ad_crd_acquired0.tgr2, 0x480
unc_m2m_ag0_ad_crd_acquired0.tgr3, 0x880
unc_m2m_ag0_ad_crd_acquired0.tgr4, 0x1080
unc_m2m_ag0_ad_crd_acquired0.tgr5, 0x2080
unc_m2m_ag0_ad_crd_acquired0.tgr6, 0x4080
unc_m2m_ag0_ad_crd_acquired0.tgr7, 0x8080
unc_m2m_ag0_ad_crd_acquired1.tgr10, 0x481
unc_m2m_ag0_ad_crd_acquired1.tgr8, 0x181
unc_m2m_ag0_ad_crd_acquired1.tgr9, 0x281
unc_m2m_ag0_ad_crd_occupancy0.tgr0, 0x182
unc_m2m_ag0_ad_crd_occupancy0.tgr1, 0x282
unc_m2m_ag0_ad_crd_occupancy0.tgr2, 0x482
unc_m2m_ag0_ad_crd_occupancy0.tgr3, 0x882
unc_m2m_ag0_ad_crd_occupancy0.tgr4, 0x1082
unc_m2m_ag0_ad_crd_occupancy0.tgr5, 0x2082
unc_m2m_ag0_ad_crd_occupancy0.tgr6, 0x4082
unc_m2m_ag0_ad_crd_occupancy0.tgr7, 0x8082
unc_m2m_ag0_ad_crd_occupancy1.tgr10, 0x483
unc_m2m_ag0_ad_crd_occupancy1.tgr8, 0x183
unc_m2m_ag0_ad_crd_occupancy1.tgr9, 0x283
unc_m2m_ag0_bl_crd_acquired0.tgr0, 0x188
unc_m2m_ag0_bl_crd_acquired0.tgr1, 0x288
unc_m2m_ag0_bl_crd_acquired0.tgr2, 0x488
unc_m2m_ag0_bl_crd_acquired0.tgr3, 0x888
unc_m2m_ag0_bl_crd_acquired0.tgr4, 0x1088
unc_m2m_ag0_bl_crd_acquired0.tgr5, 0x2088
unc_m2m_ag0_bl_crd_acquired0.tgr6, 0x4088
unc_m2m_ag0_bl_crd_acquired0.tgr7, 0x8088
unc_m2m_ag0_bl_crd_acquired1.tgr10, 0x489
unc_m2m_ag0_bl_crd_acquired1.tgr8, 0x189
unc_m2m_ag0_bl_crd_acquired1.tgr9, 0x289
unc_m2m_ag0_bl_crd_occupancy0.tgr0, 0x18a
unc_m2m_ag0_bl_crd_occupancy0.tgr1, 0x28a
unc_m2m_ag0_bl_crd_occupancy0.tgr2, 0x48a
unc_m2m_ag0_bl_crd_occupancy0.tgr3, 0x88a
unc_m2m_ag0_bl_crd_occupancy0.tgr4, 0x108a
unc_m2m_ag0_bl_crd_occupancy0.tgr5, 0x208a
unc_m2m_ag0_bl_crd_occupancy0.tgr6, 0x408a
unc_m2m_ag0_bl_crd_occupancy0.tgr7, 0x808a
unc_m2m_ag0_bl_crd_occupancy1.tgr10, 0x48b
unc_m2m_ag0_bl_crd_occupancy1.tgr8, 0x18b
unc_m2m_ag0_bl_crd_occupancy1.tgr9, 0x28b
unc_m2m_ag1_ad_crd_acquired0.tgr0, 0x184
unc_m2m_ag1_ad_crd_acquired0.tgr1, 0x284
unc_m2m_ag1_ad_crd_acquired0.tgr2, 0x484
unc_m2m_ag1_ad_crd_acquired0.tgr3, 0x884
unc_m2m_ag1_ad_crd_acquired0.tgr4, 0x1084
unc_m2m_ag1_ad_crd_acquired0.tgr5, 0x2084
unc_m2m_ag1_ad_crd_acquired0.tgr6, 0x4084
unc_m2m_ag1_ad_crd_acquired0.tgr7, 0x8084
unc_m2m_ag1_ad_crd_acquired1.tgr10, 0x485
unc_m2m_ag1_ad_crd_acquired1.tgr8, 0x185
unc_m2m_ag1_ad_crd_acquired1.tgr9, 0x285
unc_m2m_ag1_ad_crd_occupancy0.tgr0, 0x186
unc_m2m_ag1_ad_crd_occupancy0.tgr1, 0x286
unc_m2m_ag1_ad_crd_occupancy0.tgr2, 0x486
unc_m2m_ag1_ad_crd_occupancy0.tgr3, 0x886
unc_m2m_ag1_ad_crd_occupancy0.tgr4, 0x1086
unc_m2m_ag1_ad_crd_occupancy0.tgr5, 0x2086
unc_m2m_ag1_ad_crd_occupancy0.tgr6, 0x4086
unc_m2m_ag1_ad_crd_occupancy0.tgr7, 0x8086
unc_m2m_ag1_ad_crd_occupancy1.tgr10, 0x487
unc_m2m_ag1_ad_crd_occupancy1.tgr8, 0x187
unc_m2m_ag1_ad_crd_occupancy1.tgr9, 0x287
unc_m2m_ag1_bl_crd_acquired0.tgr0, 0x18c
unc_m2m_ag1_bl_crd_acquired0.tgr1, 0x28c
unc_m2m_ag1_bl_crd_acquired0.tgr2, 0x48c
unc_m2m_ag1_bl_crd_acquired0.tgr3, 0x88c
unc_m2m_ag1_bl_crd_acquired0.tgr4, 0x108c
unc_m2m_ag1_bl_crd_acquired0.tgr5, 0x208c
unc_m2m_ag1_bl_crd_acquired0.tgr6, 0x408c
unc_m2m_ag1_bl_crd_acquired0.tgr7, 0x808c
unc_m2m_ag1_bl_crd_acquired1.tgr10, 0x48d
unc_m2m_ag1_bl_crd_acquired1.tgr8, 0x18d
unc_m2m_ag1_bl_crd_acquired1.tgr9, 0x28d
unc_m2m_ag1_bl_crd_occupancy0.tgr0, 0x18e
unc_m2m_ag1_bl_crd_occupancy0.tgr1, 0x28e
unc_m2m_ag1_bl_crd_occupancy0.tgr2, 0x48e
unc_m2m_ag1_bl_crd_occupancy0.tgr3, 0x88e
unc_m2m_ag1_bl_crd_occupancy0.tgr4, 0x108e
unc_m2m_ag1_bl_crd_occupancy0.tgr5, 0x208e
unc_m2m_ag1_bl_crd_occupancy0.tgr6, 0x408e
unc_m2m_ag1_bl_crd_occupancy0.tgr7, 0x808e
unc_m2m_ag1_bl_crd_occupancy1.tgr10, 0x48f
unc_m2m_ag1_bl_crd_occupancy1.tgr8, 0x18f
unc_m2m_ag1_bl_crd_occupancy1.tgr9, 0x28f
unc_m2m_bypass_m2m_egress.not_taken, 0x222
unc_m2m_bypass_m2m_egress.taken, 0x122
unc_m2m_bypass_m2m_ingress.not_taken, 0x221
unc_m2m_bypass_m2m_ingress.taken, 0x121
unc_m2m_cms_clockticks, 0xc0
unc_m2m_direct2core_not_taken_dirstate, 0x24
unc_m2m_direct2core_not_taken_notforked, 0x60
unc_m2m_direct2core_txn_override, 0x25
unc_m2m_direct2upi_not_taken_credits, 0x28
unc_m2m_direct2upi_not_taken_dirstate, 0x27
unc_m2m_direct2upi_txn_override, 0x29
unc_m2m_directory_hit.clean_a, 0x802a
unc_m2m_directory_hit.clean_i, 0x102a
unc_m2m_directory_hit.clean_p, 0x402a
unc_m2m_directory_hit.clean_s, 0x202a
unc_m2m_directory_hit.dirty_a, 0x82a
unc_m2m_directory_hit.dirty_i, 0x12a
unc_m2m_directory_hit.dirty_p, 0x42a
unc_m2m_directory_hit.dirty_s, 0x22a
unc_m2m_directory_lookup.any, 0x12d
unc_m2m_directory_lookup.state_a, 0x82d
unc_m2m_directory_lookup.state_i, 0x22d
unc_m2m_directory_lookup.state_s, 0x42d
unc_m2m_directory_miss.clean_a, 0x802b
unc_m2m_directory_miss.clean_i, 0x102b
unc_m2m_directory_miss.clean_p, 0x402b
unc_m2m_directory_miss.clean_s, 0x202b
unc_m2m_directory_miss.dirty_a, 0x82b
unc_m2m_directory_miss.dirty_i, 0x12b
unc_m2m_directory_miss.dirty_p, 0x42b
unc_m2m_directory_miss.dirty_s, 0x22b
unc_m2m_directory_update.any, 0x12e
unc_m2m_distress_asserted.dpt_local, 0x4af
unc_m2m_distress_asserted.dpt_nonlocal, 0x8af
unc_m2m_distress_asserted.dpt_stall_iv, 0x40af
unc_m2m_distress_asserted.dpt_stall_nocrd, 0x80af
unc_m2m_distress_asserted.horz, 0x2af
unc_m2m_distress_asserted.pmm_local, 0x10af
unc_m2m_distress_asserted.pmm_nonlocal, 0x20af
unc_m2m_distress_asserted.vert, 0x1af
unc_m2m_distress_pmm, 0xf2
unc_m2m_distress_pmm_memmode, 0xf1
unc_m2m_egress_ordering.iv_snoopgo_dn, 0x4ba
unc_m2m_egress_ordering.iv_snoopgo_up, 0x1ba
unc_m2m_horz_ring_ad_in_use.left_even, 0x1b6
unc_m2m_horz_ring_ad_in_use.left_odd, 0x2b6
unc_m2m_horz_ring_ad_in_use.right_even, 0x4b6
unc_m2m_horz_ring_ad_in_use.right_odd, 0x8b6
unc_m2m_horz_ring_ak_in_use.left_even, 0x1b7
unc_m2m_horz_ring_ak_in_use.left_odd, 0x2b7
unc_m2m_horz_ring_ak_in_use.right_even, 0x4b7
unc_m2m_horz_ring_ak_in_use.right_odd, 0x8b7
unc_m2m_horz_ring_akc_in_use.left_even, 0x1bb
unc_m2m_horz_ring_akc_in_use.left_odd, 0x2bb
unc_m2m_horz_ring_akc_in_use.right_even, 0x4bb
unc_m2m_horz_ring_akc_in_use.right_odd, 0x8bb
unc_m2m_horz_ring_bl_in_use.left_even, 0x1b8
unc_m2m_horz_ring_bl_in_use.left_odd, 0x2b8
unc_m2m_horz_ring_bl_in_use.right_even, 0x4b8
unc_m2m_horz_ring_bl_in_use.right_odd, 0x8b8
unc_m2m_horz_ring_iv_in_use.left, 0x1b9
unc_m2m_horz_ring_iv_in_use.right, 0x4b9
unc_m2m_imc_reads.all, 0x70437
unc_m2m_imc_reads.ch0_all, 0x10437
unc_m2m_imc_reads.ch0_from_tgr, 0x14037
unc_m2m_imc_reads.ch0_isoch, 0x10237
unc_m2m_imc_reads.ch0_normal, 0x10137
unc_m2m_imc_reads.ch0_to_ddr_as_cache, 0x11037
unc_m2m_imc_reads.ch0_to_ddr_as_mem, 0x10837
unc_m2m_imc_reads.ch0_to_pmm, 0x12037
unc_m2m_imc_reads.ch1_all, 0x20437
unc_m2m_imc_reads.ch1_from_tgr, 0x24037
unc_m2m_imc_reads.ch1_isoch, 0x20237
unc_m2m_imc_reads.ch1_normal, 0x20137
unc_m2m_imc_reads.ch1_to_ddr_as_cache, 0x21037
unc_m2m_imc_reads.ch1_to_ddr_as_mem, 0x20837
unc_m2m_imc_reads.ch1_to_pmm, 0x22037
unc_m2m_imc_reads.ch2_from_tgr, 0x44037
unc_m2m_imc_reads.from_tgr, 0x74037
unc_m2m_imc_reads.isoch, 0x70237
unc_m2m_imc_reads.normal, 0x70137
unc_m2m_imc_reads.to_ddr_as_cache, 0x71037
unc_m2m_imc_reads.to_ddr_as_mem, 0x70837
unc_m2m_imc_reads.to_pmm, 0x72037
unc_m2m_imc_writes.all, 0x1c1038
unc_m2m_imc_writes.ch0_all, 0x41038
unc_m2m_imc_writes.ch0_from_tgr, 0x38
unc_m2m_imc_writes.ch0_full, 0x40138
unc_m2m_imc_writes.ch0_full_isoch, 0x40438
unc_m2m_imc_writes.ch0_ni, 0x38
unc_m2m_imc_writes.ch0_ni_miss, 0x38
unc_m2m_imc_writes.ch0_partial, 0x40238
unc_m2m_imc_writes.ch0_partial_isoch, 0x40838
unc_m2m_imc_writes.ch0_to_ddr_as_cache, 0x44038
unc_m2m_imc_writes.ch0_to_ddr_as_mem, 0x42038
unc_m2m_imc_writes.ch0_to_pmm, 0x48038
unc_m2m_imc_writes.ch1_all, 0x81038
unc_m2m_imc_writes.ch1_from_tgr, 0x38
unc_m2m_imc_writes.ch1_full, 0x80138
unc_m2m_imc_writes.ch1_full_isoch, 0x80438
unc_m2m_imc_writes.ch1_ni, 0x38
unc_m2m_imc_writes.ch1_ni_miss, 0x38
unc_m2m_imc_writes.ch1_partial, 0x80238
unc_m2m_imc_writes.ch1_partial_isoch, 0x80838
unc_m2m_imc_writes.ch1_to_ddr_as_cache, 0x84038
unc_m2m_imc_writes.ch1_to_ddr_as_mem, 0x82038
unc_m2m_imc_writes.ch1_to_pmm, 0x88038
unc_m2m_imc_writes.from_tgr, 0x38
unc_m2m_imc_writes.full, 0x1c0138
unc_m2m_imc_writes.full_isoch, 0x1c0438
unc_m2m_imc_writes.ni, 0x38
unc_m2m_imc_writes.ni_miss, 0x38
unc_m2m_imc_writes.partial, 0x1c0238
unc_m2m_imc_writes.partial_isoch, 0x1c0838
unc_m2m_imc_writes.to_ddr_as_cache, 0x1c4038
unc_m2m_imc_writes.to_ddr_as_mem, 0x1c2038
unc_m2m_imc_writes.to_pmm, 0x1c8038
unc_m2m_mirr_wrq_inserts, 0x64
unc_m2m_mirr_wrq_occupancy, 0x65
unc_m2m_misc_external.mbe_inst0, 0x1e6
unc_m2m_misc_external.mbe_inst1, 0x2e6
unc_m2m_pkt_match.mc, 0x24c
unc_m2m_pkt_match.mesh, 0x14c
unc_m2m_prefcam_cis_drops, 0x73
unc_m2m_prefcam_cycles_full.allch, 0x76b
unc_m2m_prefcam_cycles_full.ch0, 0x16b
unc_m2m_prefcam_cycles_full.ch1, 0x26b
unc_m2m_prefcam_cycles_full.ch2, 0x46b
unc_m2m_prefcam_cycles_ne.allch, 0x76c
unc_m2m_prefcam_cycles_ne.ch0, 0x16c
unc_m2m_prefcam_cycles_ne.ch1, 0x26c
unc_m2m_prefcam_cycles_ne.ch2, 0x46c
unc_m2m_prefcam_deallocs.ch0_hita0_inval, 0x16e
unc_m2m_prefcam_deallocs.ch0_hita1_inval, 0x26e
unc_m2m_prefcam_deallocs.ch0_miss_inval, 0x46e
unc_m2m_prefcam_deallocs.ch0_rsp_pdreset, 0x86e
unc_m2m_prefcam_deallocs.ch1_hita0_inval, 0x106e
unc_m2m_prefcam_deallocs.ch1_hita1_inval, 0x206e
unc_m2m_prefcam_deallocs.ch1_miss_inval, 0x406e
unc_m2m_prefcam_deallocs.ch1_rsp_pdreset, 0x806e
unc_m2m_prefcam_deallocs.ch2_hita0_inval, 0x6e
unc_m2m_prefcam_deallocs.ch2_hita1_inval, 0x6e
unc_m2m_prefcam_deallocs.ch2_miss_inval, 0x6e
unc_m2m_prefcam_deallocs.ch2_rsp_pdreset, 0x6e
unc_m2m_prefcam_demand_drops.ch0_upi, 0x26f
unc_m2m_prefcam_demand_drops.ch0_xpt, 0x16f
unc_m2m_prefcam_demand_drops.ch1_upi, 0x86f
unc_m2m_prefcam_demand_drops.ch1_xpt, 0x46f
unc_m2m_prefcam_demand_drops.ch2_upi, 0x206f
unc_m2m_prefcam_demand_drops.ch2_xpt, 0x106f
unc_m2m_prefcam_demand_drops.upi_allch, 0x2a6f
unc_m2m_prefcam_demand_drops.xpt_allch, 0x156f
unc_m2m_prefcam_demand_merge.ch0_xptupi, 0x174
unc_m2m_prefcam_demand_merge.ch1_xptupi, 0x474
unc_m2m_prefcam_demand_merge.ch2_xptupi, 0x1074
unc_m2m_prefcam_demand_merge.xptupi_allch, 0x1574
unc_m2m_prefcam_demand_no_merge.ch0_xptupi, 0x175
unc_m2m_prefcam_demand_no_merge.ch1_xptupi, 0x475
unc_m2m_prefcam_demand_no_merge.ch2_xptupi, 0x1075
unc_m2m_prefcam_demand_no_merge.xptupi_allch, 0x1575
unc_m2m_prefcam_drop_reasons_ch0.errorblk_rxc, 0x1070
unc_m2m_prefcam_drop_reasons_ch0.not_pf_sad_region, 0x270
unc_m2m_prefcam_drop_reasons_ch0.pf_ad_crd, 0x2070
unc_m2m_prefcam_drop_reasons_ch0.pf_cam_full, 0x4070
unc_m2m_prefcam_drop_reasons_ch0.pf_cam_hit, 0x470
unc_m2m_prefcam_drop_reasons_ch0.pf_secure_drop, 0x170
unc_m2m_prefcam_drop_reasons_ch0.rpq_proxy, 0x70
unc_m2m_prefcam_drop_reasons_ch0.stop_b2b, 0x870
unc_m2m_prefcam_drop_reasons_ch0.upi_thresh, 0x70
unc_m2m_prefcam_drop_reasons_ch0.wpq_proxy, 0x8070
unc_m2m_prefcam_drop_reasons_ch0.xpt_thresh, 0x70
unc_m2m_prefcam_drop_reasons_ch1.errorblk_rxc, 0x1071
unc_m2m_prefcam_drop_reasons_ch1.not_pf_sad_region, 0x271
unc_m2m_prefcam_drop_reasons_ch1.pf_ad_crd, 0x2071
unc_m2m_prefcam_drop_reasons_ch1.pf_cam_full, 0x4071
unc_m2m_prefcam_drop_reasons_ch1.pf_cam_hit, 0x471
unc_m2m_prefcam_drop_reasons_ch1.pf_secure_drop, 0x171
unc_m2m_prefcam_drop_reasons_ch1.rpq_proxy, 0x71
unc_m2m_prefcam_drop_reasons_ch1.stop_b2b, 0x871
unc_m2m_prefcam_drop_reasons_ch1.upi_thresh, 0x71
unc_m2m_prefcam_drop_reasons_ch1.wpq_proxy, 0x8071
unc_m2m_prefcam_drop_reasons_ch1.xpt_thresh, 0x71
unc_m2m_prefcam_drop_reasons_ch2.errorblk_rxc, 0x1072
unc_m2m_prefcam_drop_reasons_ch2.not_pf_sad_region, 0x272
unc_m2m_prefcam_drop_reasons_ch2.pf_ad_crd, 0x2072
unc_m2m_prefcam_drop_reasons_ch2.pf_cam_full, 0x4072
unc_m2m_prefcam_drop_reasons_ch2.pf_cam_hit, 0x472
unc_m2m_prefcam_drop_reasons_ch2.pf_secure_drop, 0x172
unc_m2m_prefcam_drop_reasons_ch2.rpq_proxy, 0x72
unc_m2m_prefcam_drop_reasons_ch2.stop_b2b, 0x872
unc_m2m_prefcam_drop_reasons_ch2.upi_thresh, 0x72
unc_m2m_prefcam_drop_reasons_ch2.wpq_proxy, 0x8072
unc_m2m_prefcam_drop_reasons_ch2.xpt_thresh, 0x72
unc_m2m_prefcam_inserts.ch0_upi, 0x26d
unc_m2m_prefcam_inserts.ch0_xpt, 0x16d
unc_m2m_prefcam_inserts.ch1_upi, 0x86d
unc_m2m_prefcam_inserts.ch1_xpt, 0x46d
unc_m2m_prefcam_inserts.ch2_upi, 0x206d
unc_m2m_prefcam_inserts.ch2_xpt, 0x106d
unc_m2m_prefcam_inserts.upi_allch, 0x2a6d
unc_m2m_prefcam_inserts.xpt_allch, 0x156d
unc_m2m_prefcam_occupancy.allch, 0x76a
unc_m2m_prefcam_occupancy.ch0, 0x16a
unc_m2m_prefcam_occupancy.ch1, 0x26a
unc_m2m_prefcam_occupancy.ch2, 0x46a
unc_m2m_prefcam_resp_miss.allch, 0x776
unc_m2m_prefcam_resp_miss.ch0, 0x176
unc_m2m_prefcam_resp_miss.ch1, 0x276
unc_m2m_prefcam_resp_miss.ch2, 0x476
unc_m2m_prefcam_rxc_cycles_ne, 0x79
unc_m2m_prefcam_rxc_deallocs.1lm_posted, 0x27a
unc_m2m_prefcam_rxc_deallocs.cis, 0x87a
unc_m2m_prefcam_rxc_deallocs.pmm_memmode_accept, 0x47a
unc_m2m_prefcam_rxc_deallocs.squashed, 0x17a
unc_m2m_prefcam_rxc_inserts, 0x78
unc_m2m_prefcam_rxc_occupancy, 0x77
unc_m2m_ring_bounces_horz.ad, 0x1ac
unc_m2m_ring_bounces_horz.ak, 0x2ac
unc_m2m_ring_bounces_horz.bl, 0x4ac
unc_m2m_ring_bounces_horz.iv, 0x8ac
unc_m2m_ring_bounces_vert.ad, 0x1aa
unc_m2m_ring_bounces_vert.ak, 0x2aa
unc_m2m_ring_bounces_vert.akc, 0x10aa
unc_m2m_ring_bounces_vert.bl, 0x4aa
unc_m2m_ring_bounces_vert.iv, 0x8aa
unc_m2m_ring_sink_starved_horz.ad, 0x1ad
unc_m2m_ring_sink_starved_horz.ak, 0x2ad
unc_m2m_ring_sink_starved_horz.ak_ag1, 0x20ad
unc_m2m_ring_sink_starved_horz.bl, 0x4ad
unc_m2m_ring_sink_starved_horz.iv, 0x8ad
unc_m2m_ring_sink_starved_vert.ad, 0x1ab
unc_m2m_ring_sink_starved_vert.ak, 0x2ab
unc_m2m_ring_sink_starved_vert.akc, 0x10ab
unc_m2m_ring_sink_starved_vert.bl, 0x4ab
unc_m2m_ring_sink_starved_vert.iv, 0x8ab
unc_m2m_ring_src_thrtl, 0xae
unc_m2m_rpq_no_reg_crd.ch0, 0x143
unc_m2m_rpq_no_reg_crd.ch1, 0x243
unc_m2m_rpq_no_reg_crd.ch2, 0x443
unc_m2m_rpq_no_reg_crd_pmm.chn0, 0x14f
unc_m2m_rpq_no_reg_crd_pmm.chn1, 0x24f
unc_m2m_rpq_no_reg_crd_pmm.chn2, 0x44f
unc_m2m_rpq_no_spec_crd.ch0, 0x144
unc_m2m_rpq_no_spec_crd.ch1, 0x244
unc_m2m_rpq_no_spec_crd.ch2, 0x444
unc_m2m_rxc_ad_cycles_full, 0x4
unc_m2m_rxc_ad_cycles_ne, 0x3
unc_m2m_rxc_ad_inserts, 0x1
unc_m2m_rxc_ad_occupancy, 0x2
unc_m2m_rxc_ad_pref_occupancy, 0x77
unc_m2m_rxc_ak_wr_cmp, 0x5c
unc_m2m_rxc_bl_cycles_full, 0x8
unc_m2m_rxc_bl_cycles_ne, 0x7
unc_m2m_rxc_bl_inserts, 0x5
unc_m2m_rxc_bl_occupancy, 0x6
unc_m2m_rxr_busy_starved.ad_all, 0x11e5
unc_m2m_rxr_busy_starved.ad_crd, 0x10e5
unc_m2m_rxr_busy_starved.ad_uncrd, 0x1e5
unc_m2m_rxr_busy_starved.bl_all, 0x44e5
unc_m2m_rxr_busy_starved.bl_crd, 0x40e5
unc_m2m_rxr_busy_starved.bl_uncrd, 0x4e5
unc_m2m_rxr_bypass.ad_all, 0x11e2
unc_m2m_rxr_bypass.ad_crd, 0x10e2
unc_m2m_rxr_bypass.ad_uncrd, 0x1e2
unc_m2m_rxr_bypass.ak, 0x2e2
unc_m2m_rxr_bypass.akc_uncrd, 0x80e2
unc_m2m_rxr_bypass.bl_all, 0x44e2
unc_m2m_rxr_bypass.bl_crd, 0x40e2
unc_m2m_rxr_bypass.bl_uncrd, 0x4e2
unc_m2m_rxr_bypass.iv, 0x8e2
unc_m2m_rxr_crd_starved.ad_all, 0x11e3
unc_m2m_rxr_crd_starved.ad_crd, 0x10e3
unc_m2m_rxr_crd_starved.ad_uncrd, 0x1e3
unc_m2m_rxr_crd_starved.ak, 0x2e3
unc_m2m_rxr_crd_starved.bl_all, 0x44e3
unc_m2m_rxr_crd_starved.bl_crd, 0x40e3
unc_m2m_rxr_crd_starved.bl_uncrd, 0x4e3
unc_m2m_rxr_crd_starved.ifv, 0x80e3
unc_m2m_rxr_crd_starved.iv, 0x8e3
unc_m2m_rxr_crd_starved_1, 0xe4
unc_m2m_rxr_inserts.ad_all, 0x11e1
unc_m2m_rxr_inserts.ad_crd, 0x10e1
unc_m2m_rxr_inserts.ad_uncrd, 0x1e1
unc_m2m_rxr_inserts.ak, 0x2e1
unc_m2m_rxr_inserts.akc_uncrd, 0x80e1
unc_m2m_rxr_inserts.bl_all, 0x44e1
unc_m2m_rxr_inserts.bl_crd, 0x40e1
unc_m2m_rxr_inserts.bl_uncrd, 0x4e1
unc_m2m_rxr_inserts.iv, 0x8e1
unc_m2m_rxr_occupancy.ad_all, 0x11e0
unc_m2m_rxr_occupancy.ad_crd, 0x10e0
unc_m2m_rxr_occupancy.ad_uncrd, 0x1e0
unc_m2m_rxr_occupancy.ak, 0x2e0
unc_m2m_rxr_occupancy.akc_uncrd, 0x80e0
unc_m2m_rxr_occupancy.bl_all, 0x44e0
unc_m2m_rxr_occupancy.bl_crd, 0x20e0
unc_m2m_rxr_occupancy.bl_uncrd, 0x4e0
unc_m2m_rxr_occupancy.iv, 0x8e0
unc_m2m_scoreboard_ad_retry_accepts, 0x33
unc_m2m_scoreboard_ad_retry_rejects, 0x34
unc_m2m_scoreboard_bl_retry_accepts, 0x35
unc_m2m_scoreboard_bl_retry_rejects, 0x36
unc_m2m_scoreboard_rd_accepts, 0x2f
unc_m2m_scoreboard_rd_rejects, 0x30
unc_m2m_scoreboard_wr_accepts, 0x31
unc_m2m_scoreboard_wr_rejects, 0x32
unc_m2m_stall0_no_txr_horz_crd_ad_ag0.tgr0, 0x1d0
unc_m2m_stall0_no_txr_horz_crd_ad_ag0.tgr1, 0x2d0
unc_m2m_stall0_no_txr_horz_crd_ad_ag0.tgr2, 0x4d0
unc_m2m_stall0_no_txr_horz_crd_ad_ag0.tgr3, 0x8d0
unc_m2m_stall0_no_txr_horz_crd_ad_ag0.tgr4, 0x10d0
unc_m2m_stall0_no_txr_horz_crd_ad_ag0.tgr5, 0x20d0
unc_m2m_stall0_no_txr_horz_crd_ad_ag0.tgr6, 0x40d0
unc_m2m_stall0_no_txr_horz_crd_ad_ag0.tgr7, 0x80d0
unc_m2m_stall0_no_txr_horz_crd_ad_ag1.tgr0, 0x1d2
unc_m2m_stall0_no_txr_horz_crd_ad_ag1.tgr1, 0x2d2
unc_m2m_stall0_no_txr_horz_crd_ad_ag1.tgr2, 0x4d2
unc_m2m_stall0_no_txr_horz_crd_ad_ag1.tgr3, 0x8d2
unc_m2m_stall0_no_txr_horz_crd_ad_ag1.tgr4, 0x10d2
unc_m2m_stall0_no_txr_horz_crd_ad_ag1.tgr5, 0x20d2
unc_m2m_stall0_no_txr_horz_crd_ad_ag1.tgr6, 0x40d2
unc_m2m_stall0_no_txr_horz_crd_ad_ag1.tgr7, 0x80d2
unc_m2m_stall0_no_txr_horz_crd_bl_ag0.tgr0, 0x1d4
unc_m2m_stall0_no_txr_horz_crd_bl_ag0.tgr1, 0x2d4
unc_m2m_stall0_no_txr_horz_crd_bl_ag0.tgr2, 0x4d4
unc_m2m_stall0_no_txr_horz_crd_bl_ag0.tgr3, 0x8d4
unc_m2m_stall0_no_txr_horz_crd_bl_ag0.tgr4, 0x10d4
unc_m2m_stall0_no_txr_horz_crd_bl_ag0.tgr5, 0x20d4
unc_m2m_stall0_no_txr_horz_crd_bl_ag0.tgr6, 0x40d4
unc_m2m_stall0_no_txr_horz_crd_bl_ag0.tgr7, 0x80d4
unc_m2m_stall0_no_txr_horz_crd_bl_ag1.tgr0, 0x1d6
unc_m2m_stall0_no_txr_horz_crd_bl_ag1.tgr1, 0x2d6
unc_m2m_stall0_no_txr_horz_crd_bl_ag1.tgr2, 0x4d6
unc_m2m_stall0_no_txr_horz_crd_bl_ag1.tgr3, 0x8d6
unc_m2m_stall0_no_txr_horz_crd_bl_ag1.tgr4, 0x10d6
unc_m2m_stall0_no_txr_horz_crd_bl_ag1.tgr5, 0x20d6
unc_m2m_stall0_no_txr_horz_crd_bl_ag1.tgr6, 0x40d6
unc_m2m_stall0_no_txr_horz_crd_bl_ag1.tgr7, 0x80d6
unc_m2m_stall1_no_txr_horz_crd_ad_ag0.tgr10, 0x4d1
unc_m2m_stall1_no_txr_horz_crd_ad_ag0.tgr8, 0x1d1
unc_m2m_stall1_no_txr_horz_crd_ad_ag0.tgr9, 0x2d1
unc_m2m_stall1_no_txr_horz_crd_ad_ag1_1.tgr10, 0x4d3
unc_m2m_stall1_no_txr_horz_crd_ad_ag1_1.tgr8, 0x1d3
unc_m2m_stall1_no_txr_horz_crd_ad_ag1_1.tgr9, 0x2d3
unc_m2m_stall1_no_txr_horz_crd_bl_ag0_1.tgr10, 0x4d5
unc_m2m_stall1_no_txr_horz_crd_bl_ag0_1.tgr8, 0x1d5
unc_m2m_stall1_no_txr_horz_crd_bl_ag0_1.tgr9, 0x2d5
unc_m2m_stall1_no_txr_horz_crd_bl_ag1_1.tgr10, 0x4d7
unc_m2m_stall1_no_txr_horz_crd_bl_ag1_1.tgr8, 0x1d7
unc_m2m_stall1_no_txr_horz_crd_bl_ag1_1.tgr9, 0x2d7
unc_m2m_tag_hit.nm_rd_hit_clean, 0x12c
unc_m2m_tag_hit.nm_rd_hit_dirty, 0x22c
unc_m2m_tag_hit.nm_ufill_hit_clean, 0x42c
unc_m2m_tag_hit.nm_ufill_hit_dirty, 0x82c
unc_m2m_tag_miss, 0x61
unc_m2m_tgr_ad_credits, 0x41
unc_m2m_tgr_bl_credits, 0x42
unc_m2m_tracker_full.ch0, 0x145
unc_m2m_tracker_full.ch1, 0x245
unc_m2m_tracker_full.ch2, 0x445
unc_m2m_tracker_inserts.ch0, 0x149
unc_m2m_tracker_inserts.ch1, 0x249
unc_m2m_tracker_inserts.ch2, 0x449
unc_m2m_tracker_ne.ch0, 0x146
unc_m2m_tracker_ne.ch1, 0x246
unc_m2m_tracker_ne.ch2, 0x446
unc_m2m_tracker_occupancy.ch0, 0x147
unc_m2m_tracker_occupancy.ch1, 0x247
unc_m2m_tracker_occupancy.ch2, 0x447
unc_m2m_txc_ad_credit_occupancy, 0xe
unc_m2m_txc_ad_credits_acquired, 0xd
unc_m2m_txc_ad_cycles_full, 0xc
unc_m2m_txc_ad_cycles_ne, 0xb
unc_m2m_txc_ad_inserts, 0x9
unc_m2m_txc_ad_no_credit_cycles, 0xf
unc_m2m_txc_ad_no_credit_stalled, 0x10
unc_m2m_txc_ad_occupancy, 0xa
unc_m2m_txc_ak.crd_cbo, 0x239
unc_m2m_txc_ak.ndr, 0x139
unc_m2m_txc_ak_credits_acquired.cms0, 0x11d
unc_m2m_txc_ak_credits_acquired.cms1, 0x21d
unc_m2m_txc_ak_cycles_full.all, 0x314
unc_m2m_txc_ak_cycles_full.cms0, 0x114
unc_m2m_txc_ak_cycles_full.cms1, 0x214
unc_m2m_txc_ak_cycles_full.rdcrd0, 0x814
unc_m2m_txc_ak_cycles_full.rdcrd1, 0x8814
unc_m2m_txc_ak_cycles_full.wrcmp0, 0x2014
unc_m2m_txc_ak_cycles_full.wrcmp1, 0xa014
unc_m2m_txc_ak_cycles_full.wrcrd0, 0x1014
unc_m2m_txc_ak_cycles_full.wrcrd1, 0x9014
unc_m2m_txc_ak_cycles_ne.all, 0x313
unc_m2m_txc_ak_cycles_ne.cms0, 0x113
unc_m2m_txc_ak_cycles_ne.cms1, 0x213
unc_m2m_txc_ak_cycles_ne.rdcrd, 0x813
unc_m2m_txc_ak_cycles_ne.wrcmp, 0x2013
unc_m2m_txc_ak_cycles_ne.wrcrd, 0x1013
unc_m2m_txc_ak_inserts.all, 0x311
unc_m2m_txc_ak_inserts.cms0, 0x111
unc_m2m_txc_ak_inserts.cms1, 0x211
unc_m2m_txc_ak_inserts.pref_rd_cam_hit, 0x4011
unc_m2m_txc_ak_inserts.rdcrd, 0x811
unc_m2m_txc_ak_inserts.wrcmp, 0x2011
unc_m2m_txc_ak_inserts.wrcrd, 0x1011
unc_m2m_txc_ak_no_credit_cycles.cms0, 0x11f
unc_m2m_txc_ak_no_credit_cycles.cms1, 0x21f
unc_m2m_txc_ak_no_credit_stalled.cms0, 0x120
unc_m2m_txc_ak_no_credit_stalled.cms1, 0x220
unc_m2m_txc_ak_occupancy.all, 0x312
unc_m2m_txc_ak_occupancy.cms0, 0x112
unc_m2m_txc_ak_occupancy.cms1, 0x212
unc_m2m_txc_ak_occupancy.rdcrd, 0x812
unc_m2m_txc_ak_occupancy.wrcmp, 0x2012
unc_m2m_txc_ak_occupancy.wrcrd, 0x1012
unc_m2m_txc_akc_credits, 0x5f
unc_m2m_txc_bl.drs_cache, 0x140
unc_m2m_txc_bl.drs_core, 0x240
unc_m2m_txc_bl.drs_upi, 0x440
unc_m2m_txc_bl_credits_acquired.cms0, 0x119
unc_m2m_txc_bl_credits_acquired.cms1, 0x219
unc_m2m_txc_bl_cycles_full.all, 0x318
unc_m2m_txc_bl_cycles_full.cms0, 0x118
unc_m2m_txc_bl_cycles_full.cms1, 0x218
unc_m2m_txc_bl_cycles_ne.all, 0x317
unc_m2m_txc_bl_cycles_ne.cms0, 0x117
unc_m2m_txc_bl_cycles_ne.cms1, 0x217
unc_m2m_txc_bl_inserts.all, 0x315
unc_m2m_txc_bl_inserts.cms0, 0x115
unc_m2m_txc_bl_inserts.cms1, 0x215
unc_m2m_txc_bl_no_credit_cycles.cms0, 0x11b
unc_m2m_txc_bl_no_credit_cycles.cms1, 0x21b
unc_m2m_txc_bl_no_credit_stalled.cms0, 0x11c
unc_m2m_txc_bl_no_credit_stalled.cms1, 0x21c
unc_m2m_txr_horz_ads_used.ad_all, 0x11a6
unc_m2m_txr_horz_ads_used.ad_crd, 0x10a6
unc_m2m_txr_horz_ads_used.ad_uncrd, 0x1a6
unc_m2m_txr_horz_ads_used.bl_all, 0x44a6
unc_m2m_txr_horz_ads_used.bl_crd, 0x40a6
unc_m2m_txr_horz_ads_used.bl_uncrd, 0x4a6
unc_m2m_txr_horz_bypass.ad_all, 0x11a7
unc_m2m_txr_horz_bypass.ad_crd, 0x10a7
unc_m2m_txr_horz_bypass.ad_uncrd, 0x1a7
unc_m2m_txr_horz_bypass.ak, 0x2a7
unc_m2m_txr_horz_bypass.akc_uncrd, 0x80a7
unc_m2m_txr_horz_bypass.bl_all, 0x44a7
unc_m2m_txr_horz_bypass.bl_crd, 0x40a7
unc_m2m_txr_horz_bypass.bl_uncrd, 0x4a7
unc_m2m_txr_horz_bypass.iv, 0x8a7
unc_m2m_txr_horz_cycles_full.ad_all, 0x11a2
unc_m2m_txr_horz_cycles_full.ad_crd, 0x10a2
unc_m2m_txr_horz_cycles_full.ad_uncrd, 0x1a2
unc_m2m_txr_horz_cycles_full.ak, 0x2a2
unc_m2m_txr_horz_cycles_full.akc_uncrd, 0x80a2
unc_m2m_txr_horz_cycles_full.bl_all, 0x44a2
unc_m2m_txr_horz_cycles_full.bl_crd, 0x40a2
unc_m2m_txr_horz_cycles_full.bl_uncrd, 0x4a2
unc_m2m_txr_horz_cycles_full.iv, 0x8a2
unc_m2m_txr_horz_cycles_ne.ad_all, 0x11a3
unc_m2m_txr_horz_cycles_ne.ad_crd, 0x10a3
unc_m2m_txr_horz_cycles_ne.ad_uncrd, 0x1a3
unc_m2m_txr_horz_cycles_ne.ak, 0x2a3
unc_m2m_txr_horz_cycles_ne.akc_uncrd, 0x80a3
unc_m2m_txr_horz_cycles_ne.bl_all, 0x44a3
unc_m2m_txr_horz_cycles_ne.bl_crd, 0x40a3
unc_m2m_txr_horz_cycles_ne.bl_uncrd, 0x4a3
unc_m2m_txr_horz_cycles_ne.iv, 0x8a3
unc_m2m_txr_horz_inserts.ad_all, 0x11a1
unc_m2m_txr_horz_inserts.ad_crd, 0x10a1
unc_m2m_txr_horz_inserts.ad_uncrd, 0x1a1
unc_m2m_txr_horz_inserts.ak, 0x2a1
unc_m2m_txr_horz_inserts.akc_uncrd, 0x80a1
unc_m2m_txr_horz_inserts.bl_all, 0x44a1
unc_m2m_txr_horz_inserts.bl_crd, 0x40a1
unc_m2m_txr_horz_inserts.bl_uncrd, 0x4a1
unc_m2m_txr_horz_inserts.iv, 0x8a1
unc_m2m_txr_horz_nack.ad_all, 0x11a4
unc_m2m_txr_horz_nack.ad_crd, 0x10a4
unc_m2m_txr_horz_nack.ad_uncrd, 0x1a4
unc_m2m_txr_horz_nack.ak, 0x2a4
unc_m2m_txr_horz_nack.akc_uncrd, 0x80a4
unc_m2m_txr_horz_nack.bl_all, 0x44a4
unc_m2m_txr_horz_nack.bl_crd, 0x40a4
unc_m2m_txr_horz_nack.bl_uncrd, 0x4a4
unc_m2m_txr_horz_nack.iv, 0x8a4
unc_m2m_txr_horz_occupancy.ad_all, 0x11a0
unc_m2m_txr_horz_occupancy.ad_crd, 0x10a0
unc_m2m_txr_horz_occupancy.ad_uncrd, 0x1a0
unc_m2m_txr_horz_occupancy.ak, 0x2a0
unc_m2m_txr_horz_occupancy.akc_uncrd, 0x80a0
unc_m2m_txr_horz_occupancy.bl_all, 0x44a0
unc_m2m_txr_horz_occupancy.bl_crd, 0x40a0
unc_m2m_txr_horz_occupancy.bl_uncrd, 0x4a0
unc_m2m_txr_horz_occupancy.iv, 0x8a0
unc_m2m_txr_horz_starved.ad_all, 0x1a5
unc_m2m_txr_horz_starved.ad_uncrd, 0x1a5
unc_m2m_txr_horz_starved.ak, 0x2a5
unc_m2m_txr_horz_starved.akc_uncrd, 0x80a5
unc_m2m_txr_horz_starved.bl_all, 0x4a5
unc_m2m_txr_horz_starved.bl_uncrd, 0x4a5
unc_m2m_txr_horz_starved.iv, 0x8a5
unc_m2m_txr_vert_ads_used.ad_ag0, 0x19c
unc_m2m_txr_vert_ads_used.ad_ag1, 0x109c
unc_m2m_txr_vert_ads_used.bl_ag0, 0x49c
unc_m2m_txr_vert_ads_used.bl_ag1, 0x409c
unc_m2m_txr_vert_bypass.ad_ag0, 0x19d
unc_m2m_txr_vert_bypass.ad_ag1, 0x109d
unc_m2m_txr_vert_bypass.ak_ag0, 0x29d
unc_m2m_txr_vert_bypass.ak_ag1, 0x209d
unc_m2m_txr_vert_bypass.bl_ag0, 0x49d
unc_m2m_txr_vert_bypass.bl_ag1, 0x409d
unc_m2m_txr_vert_bypass.iv_ag1, 0x89d
unc_m2m_txr_vert_bypass_1.akc_ag0, 0x19e
unc_m2m_txr_vert_bypass_1.akc_ag1, 0x29e
unc_m2m_txr_vert_cycles_full0.ad_ag0, 0x194
unc_m2m_txr_vert_cycles_full0.ad_ag1, 0x1094
unc_m2m_txr_vert_cycles_full0.ak_ag0, 0x294
unc_m2m_txr_vert_cycles_full0.ak_ag1, 0x2094
unc_m2m_txr_vert_cycles_full0.bl_ag0, 0x494
unc_m2m_txr_vert_cycles_full0.bl_ag1, 0x4094
unc_m2m_txr_vert_cycles_full0.iv_ag0, 0x894
unc_m2m_txr_vert_cycles_full1.akc_ag0, 0x195
unc_m2m_txr_vert_cycles_full1.akc_ag1, 0x295
unc_m2m_txr_vert_cycles_ne0.ad_ag0, 0x196
unc_m2m_txr_vert_cycles_ne0.ad_ag1, 0x1096
unc_m2m_txr_vert_cycles_ne0.ak_ag0, 0x296
unc_m2m_txr_vert_cycles_ne0.ak_ag1, 0x2096
unc_m2m_txr_vert_cycles_ne0.bl_ag0, 0x496
unc_m2m_txr_vert_cycles_ne0.bl_ag1, 0x4096
unc_m2m_txr_vert_cycles_ne0.iv_ag0, 0x896
unc_m2m_txr_vert_cycles_ne1.akc_ag0, 0x197
unc_m2m_txr_vert_cycles_ne1.akc_ag1, 0x297
unc_m2m_txr_vert_inserts0.ad_ag0, 0x192
unc_m2m_txr_vert_inserts0.ad_ag1, 0x1092
unc_m2m_txr_vert_inserts0.ak_ag0, 0x292
unc_m2m_txr_vert_inserts0.ak_ag1, 0x2092
unc_m2m_txr_vert_inserts0.bl_ag0, 0x492
unc_m2m_txr_vert_inserts0.bl_ag1, 0x4092
unc_m2m_txr_vert_inserts0.iv_ag0, 0x892
unc_m2m_txr_vert_inserts1.akc_ag0, 0x193
unc_m2m_txr_vert_inserts1.akc_ag1, 0x293
unc_m2m_txr_vert_nack0.ad_ag0, 0x198
unc_m2m_txr_vert_nack0.ad_ag1, 0x1098
unc_m2m_txr_vert_nack0.ak_ag0, 0x298
unc_m2m_txr_vert_nack0.ak_ag1, 0x2098
unc_m2m_txr_vert_nack0.bl_ag0, 0x498
unc_m2m_txr_vert_nack0.bl_ag1, 0x4098
unc_m2m_txr_vert_nack0.iv_ag0, 0x898
unc_m2m_txr_vert_nack1.akc_ag0, 0x199
unc_m2m_txr_vert_nack1.akc_ag1, 0x299
unc_m2m_txr_vert_occupancy0.ad_ag0, 0x190
unc_m2m_txr_vert_occupancy0.ad_ag1, 0x1090
unc_m2m_txr_vert_occupancy0.ak_ag0, 0x290
unc_m2m_txr_vert_occupancy0.ak_ag1, 0x2090
unc_m2m_txr_vert_occupancy0.bl_ag0, 0x490
unc_m2m_txr_vert_occupancy0.bl_ag1, 0x4090
unc_m2m_txr_vert_occupancy0.iv_ag0, 0x890
unc_m2m_txr_vert_occupancy1.akc_ag0, 0x191
unc_m2m_txr_vert_occupancy1.akc_ag1, 0x291
unc_m2m_txr_vert_starved0.ad_ag0, 0x19a
unc_m2m_txr_vert_starved0.ad_ag1, 0x109a
unc_m2m_txr_vert_starved0.ak_ag0, 0x29a
unc_m2m_txr_vert_starved0.ak_ag1, 0x209a
unc_m2m_txr_vert_starved0.bl_ag0, 0x49a
unc_m2m_txr_vert_starved0.bl_ag1, 0x409a
unc_m2m_txr_vert_starved0.iv_ag0, 0x89a
unc_m2m_txr_vert_starved1.akc_ag0, 0x19b
unc_m2m_txr_vert_starved1.akc_ag1, 0x29b
unc_m2m_txr_vert_starved1.tgc, 0x49b
unc_m2m_vert_ring_ad_in_use.dn_even, 0x4b0
unc_m2m_vert_ring_ad_in_use.dn_odd, 0x8b0
unc_m2m_vert_ring_ad_in_use.up_even, 0x1b0
unc_m2m_vert_ring_ad_in_use.up_odd, 0x2b0
unc_m2m_vert_ring_ak_in_use.dn_even, 0x4b1
unc_m2m_vert_ring_ak_in_use.dn_odd, 0x8b1
unc_m2m_vert_ring_ak_in_use.up_even, 0x1b1
unc_m2m_vert_ring_ak_in_use.up_odd, 0x2b1
unc_m2m_vert_ring_akc_in_use.dn_even, 0x4b4
unc_m2m_vert_ring_akc_in_use.dn_odd, 0x8b4
unc_m2m_vert_ring_akc_in_use.up_even, 0x1b4
unc_m2m_vert_ring_akc_in_use.up_odd, 0x2b4
unc_m2m_vert_ring_bl_in_use.dn_even, 0x4b2
unc_m2m_vert_ring_bl_in_use.dn_odd, 0x8b2
unc_m2m_vert_ring_bl_in_use.up_even, 0x1b2
unc_m2m_vert_ring_bl_in_use.up_odd, 0x2b2
unc_m2m_vert_ring_iv_in_use.dn, 0x4b3
unc_m2m_vert_ring_iv_in_use.up, 0x1b3
unc_m2m_vert_ring_tgc_in_use.dn_even, 0x4b5
unc_m2m_vert_ring_tgc_in_use.dn_odd, 0x8b5
unc_m2m_vert_ring_tgc_in_use.up_even, 0x1b5
unc_m2m_vert_ring_tgc_in_use.up_odd, 0x2b5
unc_m2m_wpq_flush.ch0, 0x158
unc_m2m_wpq_flush.ch1, 0x258
unc_m2m_wpq_flush.ch2, 0x458
unc_m2m_wpq_no_reg_crd.chn0, 0x14d
unc_m2m_wpq_no_reg_crd.chn1, 0x24d
unc_m2m_wpq_no_reg_crd.chn2, 0x44d
unc_m2m_wpq_no_reg_crd_pmm.chn0, 0x151
unc_m2m_wpq_no_reg_crd_pmm.chn1, 0x251
unc_m2m_wpq_no_reg_crd_pmm.chn2, 0x451
unc_m2m_wpq_no_spec_crd.chn0, 0x14e
unc_m2m_wpq_no_spec_crd.chn1, 0x24e
unc_m2m_wpq_no_spec_crd.chn2, 0x44e
unc_m2m_wr_tracker_full.ch0, 0x14a
unc_m2m_wr_tracker_full.ch1, 0x24a
unc_m2m_wr_tracker_full.ch2, 0x44a
unc_m2m_wr_tracker_full.mirr, 0x84a
unc_m2m_wr_tracker_inserts.ch0, 0x156
unc_m2m_wr_tracker_inserts.ch1, 0x256
unc_m2m_wr_tracker_inserts.ch2, 0x456
unc_m2m_wr_tracker_ne.ch0, 0x14b
unc_m2m_wr_tracker_ne.ch1, 0x24b
unc_m2m_wr_tracker_ne.ch2, 0x44b
unc_m2m_wr_tracker_ne.mirr, 0x84b
unc_m2m_wr_tracker_ne.mirr_nontgr, 0x104b
unc_m2m_wr_tracker_ne.mirr_pwr, 0x204b
unc_m2m_wr_tracker_nonposted_inserts.ch0, 0x163
unc_m2m_wr_tracker_nonposted_inserts.ch1, 0x263
unc_m2m_wr_tracker_nonposted_inserts.ch2, 0x463
unc_m2m_wr_tracker_nonposted_occupancy.ch0, 0x162
unc_m2m_wr_tracker_nonposted_occupancy.ch1, 0x262
unc_m2m_wr_tracker_nonposted_occupancy.ch2, 0x462
unc_m2m_wr_tracker_occupancy.ch0, 0x155
unc_m2m_wr_tracker_occupancy.ch1, 0x255
unc_m2m_wr_tracker_occupancy.ch2, 0x455
unc_m2m_wr_tracker_occupancy.mirr, 0x855
unc_m2m_wr_tracker_occupancy.mirr_nontgr, 0x1055
unc_m2m_wr_tracker_occupancy.mirr_pwr, 0x2055
unc_m2m_wr_tracker_posted_inserts.ch0, 0x15e
unc_m2m_wr_tracker_posted_inserts.ch1, 0x25e
unc_m2m_wr_tracker_posted_inserts.ch2, 0x45e
unc_m2m_wr_tracker_posted_occupancy.ch0, 0x15d
unc_m2m_wr_tracker_posted_occupancy.ch1, 0x25d
unc_m2m_wr_tracker_posted_occupancy.ch2, 0x45d
unc_m2p_ag0_ad_crd_acquired0.tgr0, 0x180
unc_m2p_ag0_ad_crd_acquired0.tgr1, 0x280
unc_m2p_ag0_ad_crd_acquired0.tgr2, 0x480
unc_m2p_ag0_ad_crd_acquired0.tgr3, 0x880
unc_m2p_ag0_ad_crd_acquired0.tgr4, 0x1080
unc_m2p_ag0_ad_crd_acquired0.tgr5, 0x2080
unc_m2p_ag0_ad_crd_acquired0.tgr6, 0x4080
unc_m2p_ag0_ad_crd_acquired0.tgr7, 0x8080
unc_m2p_ag0_ad_crd_acquired1.tgr10, 0x481
unc_m2p_ag0_ad_crd_acquired1.tgr8, 0x181
unc_m2p_ag0_ad_crd_acquired1.tgr9, 0x281
unc_m2p_ag0_ad_crd_occupancy0.tgr0, 0x182
unc_m2p_ag0_ad_crd_occupancy0.tgr1, 0x282
unc_m2p_ag0_ad_crd_occupancy0.tgr2, 0x482
unc_m2p_ag0_ad_crd_occupancy0.tgr3, 0x882
unc_m2p_ag0_ad_crd_occupancy0.tgr4, 0x1082
unc_m2p_ag0_ad_crd_occupancy0.tgr5, 0x2082
unc_m2p_ag0_ad_crd_occupancy0.tgr6, 0x4082
unc_m2p_ag0_ad_crd_occupancy0.tgr7, 0x8082
unc_m2p_ag0_ad_crd_occupancy1.tgr10, 0x483
unc_m2p_ag0_ad_crd_occupancy1.tgr8, 0x183
unc_m2p_ag0_ad_crd_occupancy1.tgr9, 0x283
unc_m2p_ag0_bl_crd_acquired0.tgr0, 0x188
unc_m2p_ag0_bl_crd_acquired0.tgr1, 0x288
unc_m2p_ag0_bl_crd_acquired0.tgr2, 0x488
unc_m2p_ag0_bl_crd_acquired0.tgr3, 0x888
unc_m2p_ag0_bl_crd_acquired0.tgr4, 0x1088
unc_m2p_ag0_bl_crd_acquired0.tgr5, 0x2088
unc_m2p_ag0_bl_crd_acquired0.tgr6, 0x4088
unc_m2p_ag0_bl_crd_acquired0.tgr7, 0x8088
unc_m2p_ag0_bl_crd_acquired1.tgr10, 0x489
unc_m2p_ag0_bl_crd_acquired1.tgr8, 0x189
unc_m2p_ag0_bl_crd_acquired1.tgr9, 0x289
unc_m2p_ag0_bl_crd_occupancy0.tgr0, 0x18a
unc_m2p_ag0_bl_crd_occupancy0.tgr1, 0x28a
unc_m2p_ag0_bl_crd_occupancy0.tgr2, 0x48a
unc_m2p_ag0_bl_crd_occupancy0.tgr3, 0x88a
unc_m2p_ag0_bl_crd_occupancy0.tgr4, 0x108a
unc_m2p_ag0_bl_crd_occupancy0.tgr5, 0x208a
unc_m2p_ag0_bl_crd_occupancy0.tgr6, 0x408a
unc_m2p_ag0_bl_crd_occupancy0.tgr7, 0x808a
unc_m2p_ag0_bl_crd_occupancy1.tgr10, 0x48b
unc_m2p_ag0_bl_crd_occupancy1.tgr8, 0x18b
unc_m2p_ag0_bl_crd_occupancy1.tgr9, 0x28b
unc_m2p_ag1_ad_crd_acquired0.tgr0, 0x184
unc_m2p_ag1_ad_crd_acquired0.tgr1, 0x284
unc_m2p_ag1_ad_crd_acquired0.tgr2, 0x484
unc_m2p_ag1_ad_crd_acquired0.tgr3, 0x884
unc_m2p_ag1_ad_crd_acquired0.tgr4, 0x1084
unc_m2p_ag1_ad_crd_acquired0.tgr5, 0x2084
unc_m2p_ag1_ad_crd_acquired0.tgr6, 0x4084
unc_m2p_ag1_ad_crd_acquired0.tgr7, 0x8084
unc_m2p_ag1_ad_crd_acquired1.tgr10, 0x485
unc_m2p_ag1_ad_crd_acquired1.tgr8, 0x185
unc_m2p_ag1_ad_crd_acquired1.tgr9, 0x285
unc_m2p_ag1_ad_crd_occupancy0.tgr0, 0x186
unc_m2p_ag1_ad_crd_occupancy0.tgr1, 0x286
unc_m2p_ag1_ad_crd_occupancy0.tgr2, 0x486
unc_m2p_ag1_ad_crd_occupancy0.tgr3, 0x886
unc_m2p_ag1_ad_crd_occupancy0.tgr4, 0x1086
unc_m2p_ag1_ad_crd_occupancy0.tgr5, 0x2086
unc_m2p_ag1_ad_crd_occupancy0.tgr6, 0x4086
unc_m2p_ag1_ad_crd_occupancy0.tgr7, 0x8086
unc_m2p_ag1_ad_crd_occupancy1.tgr10, 0x487
unc_m2p_ag1_ad_crd_occupancy1.tgr8, 0x187
unc_m2p_ag1_ad_crd_occupancy1.tgr9, 0x287
unc_m2p_ag1_bl_crd_acquired0.tgr0, 0x18c
unc_m2p_ag1_bl_crd_acquired0.tgr1, 0x28c
unc_m2p_ag1_bl_crd_acquired0.tgr2, 0x48c
unc_m2p_ag1_bl_crd_acquired0.tgr3, 0x88c
unc_m2p_ag1_bl_crd_acquired0.tgr4, 0x108c
unc_m2p_ag1_bl_crd_acquired0.tgr5, 0x208c
unc_m2p_ag1_bl_crd_acquired0.tgr6, 0x408c
unc_m2p_ag1_bl_crd_acquired0.tgr7, 0x808c
unc_m2p_ag1_bl_crd_acquired1.tgr10, 0x48d
unc_m2p_ag1_bl_crd_acquired1.tgr8, 0x18d
unc_m2p_ag1_bl_crd_acquired1.tgr9, 0x28d
unc_m2p_ag1_bl_crd_occupancy0.tgr0, 0x18e
unc_m2p_ag1_bl_crd_occupancy0.tgr1, 0x28e
unc_m2p_ag1_bl_crd_occupancy0.tgr2, 0x48e
unc_m2p_ag1_bl_crd_occupancy0.tgr3, 0x88e
unc_m2p_ag1_bl_crd_occupancy0.tgr4, 0x108e
unc_m2p_ag1_bl_crd_occupancy0.tgr5, 0x208e
unc_m2p_ag1_bl_crd_occupancy0.tgr6, 0x408e
unc_m2p_ag1_bl_crd_occupancy0.tgr7, 0x808e
unc_m2p_ag1_bl_crd_occupancy1.tgr10, 0x48f
unc_m2p_ag1_bl_crd_occupancy1.tgr8, 0x18f
unc_m2p_ag1_bl_crd_occupancy1.tgr9, 0x28f
unc_m2p_clockticks, 0x1
unc_m2p_cms_clockticks, 0xc0
unc_m2p_distress_asserted.dpt_local, 0x4af
unc_m2p_distress_asserted.dpt_nonlocal, 0x8af
unc_m2p_distress_asserted.dpt_stall_iv, 0x40af
unc_m2p_distress_asserted.dpt_stall_nocrd, 0x80af
unc_m2p_distress_asserted.horz, 0x2af
unc_m2p_distress_asserted.pmm_local, 0x10af
unc_m2p_distress_asserted.pmm_nonlocal, 0x20af
unc_m2p_distress_asserted.vert, 0x1af
unc_m2p_egress_ordering.iv_snoopgo_dn, 0x4ba
unc_m2p_egress_ordering.iv_snoopgo_up, 0x1ba
unc_m2p_horz_ring_ad_in_use.left_even, 0x1b6
unc_m2p_horz_ring_ad_in_use.left_odd, 0x2b6
unc_m2p_horz_ring_ad_in_use.right_even, 0x4b6
unc_m2p_horz_ring_ad_in_use.right_odd, 0x8b6
unc_m2p_horz_ring_ak_in_use.left_even, 0x1b7
unc_m2p_horz_ring_ak_in_use.left_odd, 0x2b7
unc_m2p_horz_ring_ak_in_use.right_even, 0x4b7
unc_m2p_horz_ring_ak_in_use.right_odd, 0x8b7
unc_m2p_horz_ring_akc_in_use.left_even, 0x1bb
unc_m2p_horz_ring_akc_in_use.left_odd, 0x2bb
unc_m2p_horz_ring_akc_in_use.right_even, 0x4bb
unc_m2p_horz_ring_akc_in_use.right_odd, 0x8bb
unc_m2p_horz_ring_bl_in_use.left_even, 0x1b8
unc_m2p_horz_ring_bl_in_use.left_odd, 0x2b8
unc_m2p_horz_ring_bl_in_use.right_even, 0x4b8
unc_m2p_horz_ring_bl_in_use.right_odd, 0x8b8
unc_m2p_horz_ring_iv_in_use.left, 0x1b9
unc_m2p_horz_ring_iv_in_use.right, 0x4b9
unc_m2p_iio_credits_acquired.drs_0, 0x133
unc_m2p_iio_credits_acquired.drs_1, 0x233
unc_m2p_iio_credits_acquired.ncb_0, 0x433
unc_m2p_iio_credits_acquired.ncb_1, 0x833
unc_m2p_iio_credits_acquired.ncs_0, 0x1033
unc_m2p_iio_credits_acquired.ncs_1, 0x2033
unc_m2p_iio_credits_reject.drs, 0x834
unc_m2p_iio_credits_reject.ncb, 0x1034
unc_m2p_iio_credits_reject.ncs, 0x2034
unc_m2p_iio_credits_used.drs_0, 0x132
unc_m2p_iio_credits_used.drs_1, 0x232
unc_m2p_iio_credits_used.ncb_0, 0x432
unc_m2p_iio_credits_used.ncb_1, 0x832
unc_m2p_iio_credits_used.ncs_0, 0x1032
unc_m2p_iio_credits_used.ncs_1, 0x2032
unc_m2p_local_ded_p2p_crd_taken_0.m2iosf0_ncb, 0x146
unc_m2p_local_ded_p2p_crd_taken_0.m2iosf0_ncs, 0x246
unc_m2p_local_ded_p2p_crd_taken_0.m2iosf1_ncb, 0x446
unc_m2p_local_ded_p2p_crd_taken_0.m2iosf1_ncs, 0x846
unc_m2p_local_ded_p2p_crd_taken_0.m2iosf2_ncb, 0x1046
unc_m2p_local_ded_p2p_crd_taken_0.m2iosf2_ncs, 0x2046
unc_m2p_local_ded_p2p_crd_taken_0.m2iosf3_ncb, 0x4046
unc_m2p_local_ded_p2p_crd_taken_0.m2iosf3_ncs, 0x8046
unc_m2p_local_ded_p2p_crd_taken_1.m2iosf4_ncb, 0x147
unc_m2p_local_ded_p2p_crd_taken_1.m2iosf4_ncs, 0x247
unc_m2p_local_ded_p2p_crd_taken_1.m2iosf5_ncb, 0x447
unc_m2p_local_ded_p2p_crd_taken_1.m2iosf5_ncs, 0x847
unc_m2p_local_p2p_ded_returned_0.ms2iosf0_ncb, 0x119
unc_m2p_local_p2p_ded_returned_0.ms2iosf0_ncs, 0x219
unc_m2p_local_p2p_ded_returned_0.ms2iosf1_ncb, 0x419
unc_m2p_local_p2p_ded_returned_0.ms2iosf1_ncs, 0x819
unc_m2p_local_p2p_ded_returned_0.ms2iosf2_ncb, 0x1019
unc_m2p_local_p2p_ded_returned_0.ms2iosf2_ncs, 0x2019
unc_m2p_local_p2p_ded_returned_0.ms2iosf3_ncb, 0x1019
unc_m2p_local_p2p_ded_returned_0.ms2iosf3_ncs, 0x2019
unc_m2p_local_p2p_ded_returned_1.ms2iosf4_ncb, 0x11a
unc_m2p_local_p2p_ded_returned_1.ms2iosf4_ncs, 0x21a
unc_m2p_local_p2p_ded_returned_1.ms2iosf5_ncb, 0x41a
unc_m2p_local_p2p_ded_returned_1.ms2iosf5_ncs, 0x81a
unc_m2p_local_p2p_shar_returned.agent_0, 0x117
unc_m2p_local_p2p_shar_returned.agent_1, 0x217
unc_m2p_local_p2p_shar_returned.agent_2, 0x417
unc_m2p_local_shar_p2p_crd_returned.agent_0, 0x144
unc_m2p_local_shar_p2p_crd_returned.agent_1, 0x244
unc_m2p_local_shar_p2p_crd_returned.agent_2, 0x444
unc_m2p_local_shar_p2p_crd_returned.agent_3, 0x844
unc_m2p_local_shar_p2p_crd_returned.agent_4, 0x1044
unc_m2p_local_shar_p2p_crd_returned.agent_5, 0x2044
unc_m2p_local_shar_p2p_crd_taken_0.m2iosf0_ncb, 0x140
unc_m2p_local_shar_p2p_crd_taken_0.m2iosf0_ncs, 0x240
unc_m2p_local_shar_p2p_crd_taken_0.m2iosf1_ncb, 0x440
unc_m2p_local_shar_p2p_crd_taken_0.m2iosf1_ncs, 0x840
unc_m2p_local_shar_p2p_crd_taken_0.m2iosf2_ncb, 0x1040
unc_m2p_local_shar_p2p_crd_taken_0.m2iosf2_ncs, 0x2040
unc_m2p_local_shar_p2p_crd_taken_0.m2iosf3_ncb, 0x4040
unc_m2p_local_shar_p2p_crd_taken_0.m2iosf3_ncs, 0x8040
unc_m2p_local_shar_p2p_crd_taken_1.m2iosf4_ncb, 0x141
unc_m2p_local_shar_p2p_crd_taken_1.m2iosf4_ncs, 0x241
unc_m2p_local_shar_p2p_crd_taken_1.m2iosf5_ncb, 0x441
unc_m2p_local_shar_p2p_crd_taken_1.m2iosf5_ncs, 0x841
unc_m2p_local_shar_p2p_crd_wait_0.m2iosf0_ncb, 0x14a
unc_m2p_local_shar_p2p_crd_wait_0.m2iosf0_ncs, 0x24a
unc_m2p_local_shar_p2p_crd_wait_0.m2iosf1_ncb, 0x44a
unc_m2p_local_shar_p2p_crd_wait_0.m2iosf1_ncs, 0x84a
unc_m2p_local_shar_p2p_crd_wait_0.m2iosf2_ncb, 0x104a
unc_m2p_local_shar_p2p_crd_wait_0.m2iosf2_ncs, 0x204a
unc_m2p_local_shar_p2p_crd_wait_0.m2iosf3_ncb, 0x404a
unc_m2p_local_shar_p2p_crd_wait_0.m2iosf3_ncs, 0x804a
unc_m2p_local_shar_p2p_crd_wait_1.m2iosf4_ncb, 0x14b
unc_m2p_local_shar_p2p_crd_wait_1.m2iosf4_ncs, 0x24b
unc_m2p_local_shar_p2p_crd_wait_1.m2iosf5_ncb, 0x44b
unc_m2p_local_shar_p2p_crd_wait_1.m2iosf5_ncs, 0x84b
unc_m2p_misc_external.mbe_inst0, 0x1e6
unc_m2p_misc_external.mbe_inst1, 0x2e6
unc_m2p_p2p_crd_occupancy.all, 0x1014
unc_m2p_p2p_crd_occupancy.local_ncb, 0x114
unc_m2p_p2p_crd_occupancy.local_ncs, 0x214
unc_m2p_p2p_crd_occupancy.remote_ncb, 0x414
unc_m2p_p2p_crd_occupancy.remote_ncs, 0x814
unc_m2p_p2p_ded_received.all, 0x1016
unc_m2p_p2p_ded_received.local_ncb, 0x116
unc_m2p_p2p_ded_received.local_ncs, 0x216
unc_m2p_p2p_ded_received.remote_ncb, 0x416
unc_m2p_p2p_ded_received.remote_ncs, 0x816
unc_m2p_p2p_shar_received.all, 0x1015
unc_m2p_p2p_shar_received.local_ncb, 0x115
unc_m2p_p2p_shar_received.local_ncs, 0x215
unc_m2p_p2p_shar_received.remote_ncb, 0x415
unc_m2p_p2p_shar_received.remote_ncs, 0x815
unc_m2p_remote_ded_p2p_crd_taken_0.upi0_drs, 0x148
unc_m2p_remote_ded_p2p_crd_taken_0.upi0_ncb, 0x248
unc_m2p_remote_ded_p2p_crd_taken_0.upi0_ncs, 0x448
unc_m2p_remote_ded_p2p_crd_taken_0.upi1_drs, 0x848
unc_m2p_remote_ded_p2p_crd_taken_0.upi1_ncb, 0x1048
unc_m2p_remote_ded_p2p_crd_taken_0.upi1_ncs, 0x2048
unc_m2p_remote_ded_p2p_crd_taken_1.upi2_drs, 0x149
unc_m2p_remote_ded_p2p_crd_taken_1.upi2_ncb, 0x249
unc_m2p_remote_ded_p2p_crd_taken_1.upi2_ncs, 0x449
unc_m2p_remote_p2p_ded_returned.upi0_ncb, 0x11b
unc_m2p_remote_p2p_ded_returned.upi0_ncs, 0x21b
unc_m2p_remote_p2p_ded_returned.upi1_ncb, 0x41b
unc_m2p_remote_p2p_ded_returned.upi1_ncs, 0x81b
unc_m2p_remote_p2p_ded_returned.upi2_ncb, 0x101b
unc_m2p_remote_p2p_ded_returned.upi2_ncs, 0x201b
unc_m2p_remote_p2p_shar_returned.agent_0, 0x118
unc_m2p_remote_p2p_shar_returned.agent_1, 0x218
unc_m2p_remote_p2p_shar_returned.agent_2, 0x418
unc_m2p_remote_shar_p2p_crd_returned.agent_0, 0x145
unc_m2p_remote_shar_p2p_crd_returned.agent_1, 0x245
unc_m2p_remote_shar_p2p_crd_returned.agent_2, 0x445
unc_m2p_remote_shar_p2p_crd_taken_0.upi0_drs, 0x142
unc_m2p_remote_shar_p2p_crd_taken_0.upi0_ncb, 0x242
unc_m2p_remote_shar_p2p_crd_taken_0.upi0_ncs, 0x442
unc_m2p_remote_shar_p2p_crd_taken_0.upi1_drs, 0x842
unc_m2p_remote_shar_p2p_crd_taken_0.upi1_ncb, 0x1042
unc_m2p_remote_shar_p2p_crd_taken_0.upi1_ncs, 0x2042
unc_m2p_remote_shar_p2p_crd_taken_1.upi2_drs, 0x143
unc_m2p_remote_shar_p2p_crd_taken_1.upi2_ncb, 0x243
unc_m2p_remote_shar_p2p_crd_taken_1.upi2_ncs, 0x443
unc_m2p_remote_shar_p2p_crd_wait_0.upi0_drs, 0x14c
unc_m2p_remote_shar_p2p_crd_wait_0.upi0_ncb, 0x24c
unc_m2p_remote_shar_p2p_crd_wait_0.upi0_ncs, 0x44c
unc_m2p_remote_shar_p2p_crd_wait_0.upi1_drs, 0x84c
unc_m2p_remote_shar_p2p_crd_wait_0.upi1_ncb, 0x104c
unc_m2p_remote_shar_p2p_crd_wait_0.upi1_ncs, 0x204c
unc_m2p_remote_shar_p2p_crd_wait_1.upi2_drs, 0x14d
unc_m2p_remote_shar_p2p_crd_wait_1.upi2_ncb, 0x24d
unc_m2p_remote_shar_p2p_crd_wait_1.upi2_ncs, 0x44d
unc_m2p_ring_bounces_horz.ad, 0x1ac
unc_m2p_ring_bounces_horz.ak, 0x2ac
unc_m2p_ring_bounces_horz.bl, 0x4ac
unc_m2p_ring_bounces_horz.iv, 0x8ac
unc_m2p_ring_bounces_vert.ad, 0x1aa
unc_m2p_ring_bounces_vert.ak, 0x2aa
unc_m2p_ring_bounces_vert.akc, 0x10aa
unc_m2p_ring_bounces_vert.bl, 0x4aa
unc_m2p_ring_bounces_vert.iv, 0x8aa
unc_m2p_ring_sink_starved_horz.ad, 0x1ad
unc_m2p_ring_sink_starved_horz.ak, 0x2ad
unc_m2p_ring_sink_starved_horz.ak_ag1, 0x20ad
unc_m2p_ring_sink_starved_horz.bl, 0x4ad
unc_m2p_ring_sink_starved_horz.iv, 0x8ad
unc_m2p_ring_sink_starved_vert.ad, 0x1ab
unc_m2p_ring_sink_starved_vert.ak, 0x2ab
unc_m2p_ring_sink_starved_vert.akc, 0x10ab
unc_m2p_ring_sink_starved_vert.bl, 0x4ab
unc_m2p_ring_sink_starved_vert.iv, 0x8ab
unc_m2p_ring_src_thrtl, 0xae
unc_m2p_rxc_cycles_ne.all, 0x8010
unc_m2p_rxc_cycles_ne.cha_idi, 0x110
unc_m2p_rxc_cycles_ne.cha_ncb, 0x210
unc_m2p_rxc_cycles_ne.cha_ncs, 0x410
unc_m2p_rxc_cycles_ne.iio_ncb, 0x2010
unc_m2p_rxc_cycles_ne.iio_ncs, 0x4010
unc_m2p_rxc_cycles_ne.upi_ncb, 0x810
unc_m2p_rxc_cycles_ne.upi_ncs, 0x1010
unc_m2p_rxc_inserts.all, 0x8011
unc_m2p_rxc_inserts.cha_idi, 0x111
unc_m2p_rxc_inserts.cha_ncb, 0x211
unc_m2p_rxc_inserts.cha_ncs, 0x411
unc_m2p_rxc_inserts.iio_ncb, 0x2011
unc_m2p_rxc_inserts.iio_ncs, 0x4011
unc_m2p_rxc_inserts.upi_ncb, 0x811
unc_m2p_rxc_inserts.upi_ncs, 0x1011
unc_m2p_rxr_busy_starved.ad_all, 0x11e5
unc_m2p_rxr_busy_starved.ad_crd, 0x10e5
unc_m2p_rxr_busy_starved.ad_uncrd, 0x1e5
unc_m2p_rxr_busy_starved.bl_all, 0x44e5
unc_m2p_rxr_busy_starved.bl_crd, 0x40e5
unc_m2p_rxr_busy_starved.bl_uncrd, 0x4e5
unc_m2p_rxr_bypass.ad_all, 0x11e2
unc_m2p_rxr_bypass.ad_crd, 0x10e2
unc_m2p_rxr_bypass.ad_uncrd, 0x1e2
unc_m2p_rxr_bypass.ak, 0x2e2
unc_m2p_rxr_bypass.akc_uncrd, 0x80e2
unc_m2p_rxr_bypass.bl_all, 0x44e2
unc_m2p_rxr_bypass.bl_crd, 0x40e2
unc_m2p_rxr_bypass.bl_uncrd, 0x4e2
unc_m2p_rxr_bypass.iv, 0x8e2
unc_m2p_rxr_crd_starved.ad_all, 0x11e3
unc_m2p_rxr_crd_starved.ad_crd, 0x10e3
unc_m2p_rxr_crd_starved.ad_uncrd, 0x1e3
unc_m2p_rxr_crd_starved.ak, 0x2e3
unc_m2p_rxr_crd_starved.bl_all, 0x44e3
unc_m2p_rxr_crd_starved.bl_crd, 0x40e3
unc_m2p_rxr_crd_starved.bl_uncrd, 0x4e3
unc_m2p_rxr_crd_starved.ifv, 0x80e3
unc_m2p_rxr_crd_starved.iv, 0x8e3
unc_m2p_rxr_crd_starved_1, 0xe4
unc_m2p_rxr_inserts.ad_all, 0x11e1
unc_m2p_rxr_inserts.ad_crd, 0x10e1
unc_m2p_rxr_inserts.ad_uncrd, 0x1e1
unc_m2p_rxr_inserts.ak, 0x2e1
unc_m2p_rxr_inserts.akc_uncrd, 0x80e1
unc_m2p_rxr_inserts.bl_all, 0x44e1
unc_m2p_rxr_inserts.bl_crd, 0x40e1
unc_m2p_rxr_inserts.bl_uncrd, 0x4e1
unc_m2p_rxr_inserts.iv, 0x8e1
unc_m2p_rxr_occupancy.ad_all, 0x11e0
unc_m2p_rxr_occupancy.ad_crd, 0x10e0
unc_m2p_rxr_occupancy.ad_uncrd, 0x1e0
unc_m2p_rxr_occupancy.ak, 0x2e0
unc_m2p_rxr_occupancy.akc_uncrd, 0x80e0
unc_m2p_rxr_occupancy.bl_all, 0x44e0
unc_m2p_rxr_occupancy.bl_crd, 0x20e0
unc_m2p_rxr_occupancy.bl_uncrd, 0x4e0
unc_m2p_rxr_occupancy.iv, 0x8e0
unc_m2p_stall0_no_txr_horz_crd_ad_ag0.tgr0, 0x1d0
unc_m2p_stall0_no_txr_horz_crd_ad_ag0.tgr1, 0x2d0
unc_m2p_stall0_no_txr_horz_crd_ad_ag0.tgr2, 0x4d0
unc_m2p_stall0_no_txr_horz_crd_ad_ag0.tgr3, 0x8d0
unc_m2p_stall0_no_txr_horz_crd_ad_ag0.tgr4, 0x10d0
unc_m2p_stall0_no_txr_horz_crd_ad_ag0.tgr5, 0x20d0
unc_m2p_stall0_no_txr_horz_crd_ad_ag0.tgr6, 0x40d0
unc_m2p_stall0_no_txr_horz_crd_ad_ag0.tgr7, 0x80d0
unc_m2p_stall0_no_txr_horz_crd_ad_ag1.tgr0, 0x1d2
unc_m2p_stall0_no_txr_horz_crd_ad_ag1.tgr1, 0x2d2
unc_m2p_stall0_no_txr_horz_crd_ad_ag1.tgr2, 0x4d2
unc_m2p_stall0_no_txr_horz_crd_ad_ag1.tgr3, 0x8d2
unc_m2p_stall0_no_txr_horz_crd_ad_ag1.tgr4, 0x10d2
unc_m2p_stall0_no_txr_horz_crd_ad_ag1.tgr5, 0x20d2
unc_m2p_stall0_no_txr_horz_crd_ad_ag1.tgr6, 0x40d2
unc_m2p_stall0_no_txr_horz_crd_ad_ag1.tgr7, 0x80d2
unc_m2p_stall0_no_txr_horz_crd_bl_ag0.tgr0, 0x1d4
unc_m2p_stall0_no_txr_horz_crd_bl_ag0.tgr1, 0x2d4
unc_m2p_stall0_no_txr_horz_crd_bl_ag0.tgr2, 0x4d4
unc_m2p_stall0_no_txr_horz_crd_bl_ag0.tgr3, 0x8d4
unc_m2p_stall0_no_txr_horz_crd_bl_ag0.tgr4, 0x10d4
unc_m2p_stall0_no_txr_horz_crd_bl_ag0.tgr5, 0x20d4
unc_m2p_stall0_no_txr_horz_crd_bl_ag0.tgr6, 0x40d4
unc_m2p_stall0_no_txr_horz_crd_bl_ag0.tgr7, 0x80d4
unc_m2p_stall0_no_txr_horz_crd_bl_ag1.tgr0, 0x1d6
unc_m2p_stall0_no_txr_horz_crd_bl_ag1.tgr1, 0x2d6
unc_m2p_stall0_no_txr_horz_crd_bl_ag1.tgr2, 0x4d6
unc_m2p_stall0_no_txr_horz_crd_bl_ag1.tgr3, 0x8d6
unc_m2p_stall0_no_txr_horz_crd_bl_ag1.tgr4, 0x10d6
unc_m2p_stall0_no_txr_horz_crd_bl_ag1.tgr5, 0x20d6
unc_m2p_stall0_no_txr_horz_crd_bl_ag1.tgr6, 0x40d6
unc_m2p_stall0_no_txr_horz_crd_bl_ag1.tgr7, 0x80d6
unc_m2p_stall1_no_txr_horz_crd_ad_ag0.tgr10, 0x4d1
unc_m2p_stall1_no_txr_horz_crd_ad_ag0.tgr8, 0x1d1
unc_m2p_stall1_no_txr_horz_crd_ad_ag0.tgr9, 0x2d1
unc_m2p_stall1_no_txr_horz_crd_ad_ag1_1.tgr10, 0x4d3
unc_m2p_stall1_no_txr_horz_crd_ad_ag1_1.tgr8, 0x1d3
unc_m2p_stall1_no_txr_horz_crd_ad_ag1_1.tgr9, 0x2d3
unc_m2p_stall1_no_txr_horz_crd_bl_ag0_1.tgr10, 0x4d5
unc_m2p_stall1_no_txr_horz_crd_bl_ag0_1.tgr8, 0x1d5
unc_m2p_stall1_no_txr_horz_crd_bl_ag0_1.tgr9, 0x2d5
unc_m2p_stall1_no_txr_horz_crd_bl_ag1_1.tgr10, 0x4d7
unc_m2p_stall1_no_txr_horz_crd_bl_ag1_1.tgr8, 0x1d7
unc_m2p_stall1_no_txr_horz_crd_bl_ag1_1.tgr9, 0x2d7
unc_m2p_txc_credits.pmm, 0x22d
unc_m2p_txc_credits.prq, 0x12d
unc_m2p_txc_cycles_full.ad_0, 0x125
unc_m2p_txc_cycles_full.ad_1, 0x1025
unc_m2p_txc_cycles_full.ak_0, 0x225
unc_m2p_txc_cycles_full.ak_1, 0x2025
unc_m2p_txc_cycles_full.bl_0, 0x425
unc_m2p_txc_cycles_full.bl_1, 0x4025
unc_m2p_txc_cycles_full.pmm_block_0, 0x8025
unc_m2p_txc_cycles_full.pmm_block_1, 0x825
unc_m2p_txc_cycles_ne.ad_0, 0x123
unc_m2p_txc_cycles_ne.ad_1, 0x1023
unc_m2p_txc_cycles_ne.ak_0, 0x223
unc_m2p_txc_cycles_ne.ak_1, 0x2023
unc_m2p_txc_cycles_ne.bl_0, 0x423
unc_m2p_txc_cycles_ne.bl_1, 0x4023
unc_m2p_txc_cycles_ne.pmm_distress_0, 0x8023
unc_m2p_txc_cycles_ne.pmm_distress_1, 0x823
unc_m2p_txc_inserts.ad_0, 0x124
unc_m2p_txc_inserts.ad_1, 0x1024
unc_m2p_txc_inserts.ak_crd_0, 0x824
unc_m2p_txc_inserts.ak_crd_1, 0x8024
unc_m2p_txc_inserts.bl_0, 0x424
unc_m2p_txc_inserts.bl_1, 0x4024
unc_m2p_txr_horz_ads_used.ad_all, 0x11a6
unc_m2p_txr_horz_ads_used.ad_crd, 0x10a6
unc_m2p_txr_horz_ads_used.ad_uncrd, 0x1a6
unc_m2p_txr_horz_ads_used.bl_all, 0x44a6
unc_m2p_txr_horz_ads_used.bl_crd, 0x40a6
unc_m2p_txr_horz_ads_used.bl_uncrd, 0x4a6
unc_m2p_txr_horz_bypass.ad_all, 0x11a7
unc_m2p_txr_horz_bypass.ad_crd, 0x10a7
unc_m2p_txr_horz_bypass.ad_uncrd, 0x1a7
unc_m2p_txr_horz_bypass.ak, 0x2a7
unc_m2p_txr_horz_bypass.akc_uncrd, 0x80a7
unc_m2p_txr_horz_bypass.bl_all, 0x44a7
unc_m2p_txr_horz_bypass.bl_crd, 0x40a7
unc_m2p_txr_horz_bypass.bl_uncrd, 0x4a7
unc_m2p_txr_horz_bypass.iv, 0x8a7
unc_m2p_txr_horz_cycles_full.ad_all, 0x11a2
unc_m2p_txr_horz_cycles_full.ad_crd, 0x10a2
unc_m2p_txr_horz_cycles_full.ad_uncrd, 0x1a2
unc_m2p_txr_horz_cycles_full.ak, 0x2a2
unc_m2p_txr_horz_cycles_full.akc_uncrd, 0x80a2
unc_m2p_txr_horz_cycles_full.bl_all, 0x44a2
unc_m2p_txr_horz_cycles_full.bl_crd, 0x40a2
unc_m2p_txr_horz_cycles_full.bl_uncrd, 0x4a2
unc_m2p_txr_horz_cycles_full.iv, 0x8a2
unc_m2p_txr_horz_cycles_ne.ad_all, 0x11a3
unc_m2p_txr_horz_cycles_ne.ad_crd, 0x10a3
unc_m2p_txr_horz_cycles_ne.ad_uncrd, 0x1a3
unc_m2p_txr_horz_cycles_ne.ak, 0x2a3
unc_m2p_txr_horz_cycles_ne.akc_uncrd, 0x80a3
unc_m2p_txr_horz_cycles_ne.bl_all, 0x44a3
unc_m2p_txr_horz_cycles_ne.bl_crd, 0x40a3
unc_m2p_txr_horz_cycles_ne.bl_uncrd, 0x4a3
unc_m2p_txr_horz_cycles_ne.iv, 0x8a3
unc_m2p_txr_horz_inserts.ad_all, 0x11a1
unc_m2p_txr_horz_inserts.ad_crd, 0x10a1
unc_m2p_txr_horz_inserts.ad_uncrd, 0x1a1
unc_m2p_txr_horz_inserts.ak, 0x2a1
unc_m2p_txr_horz_inserts.akc_uncrd, 0x80a1
unc_m2p_txr_horz_inserts.bl_all, 0x44a1
unc_m2p_txr_horz_inserts.bl_crd, 0x40a1
unc_m2p_txr_horz_inserts.bl_uncrd, 0x4a1
unc_m2p_txr_horz_inserts.iv, 0x8a1
unc_m2p_txr_horz_nack.ad_all, 0x11a4
unc_m2p_txr_horz_nack.ad_crd, 0x10a4
unc_m2p_txr_horz_nack.ad_uncrd, 0x1a4
unc_m2p_txr_horz_nack.ak, 0x2a4
unc_m2p_txr_horz_nack.akc_uncrd, 0x80a4
unc_m2p_txr_horz_nack.bl_all, 0x44a4
unc_m2p_txr_horz_nack.bl_crd, 0x40a4
unc_m2p_txr_horz_nack.bl_uncrd, 0x4a4
unc_m2p_txr_horz_nack.iv, 0x8a4
unc_m2p_txr_horz_occupancy.ad_all, 0x11a0
unc_m2p_txr_horz_occupancy.ad_crd, 0x10a0
unc_m2p_txr_horz_occupancy.ad_uncrd, 0x1a0
unc_m2p_txr_horz_occupancy.ak, 0x2a0
unc_m2p_txr_horz_occupancy.akc_uncrd, 0x80a0
unc_m2p_txr_horz_occupancy.bl_all, 0x44a0
unc_m2p_txr_horz_occupancy.bl_crd, 0x40a0
unc_m2p_txr_horz_occupancy.bl_uncrd, 0x4a0
unc_m2p_txr_horz_occupancy.iv, 0x8a0
unc_m2p_txr_horz_starved.ad_all, 0x1a5
unc_m2p_txr_horz_starved.ad_uncrd, 0x1a5
unc_m2p_txr_horz_starved.ak, 0x2a5
unc_m2p_txr_horz_starved.akc_uncrd, 0x80a5
unc_m2p_txr_horz_starved.bl_all, 0x4a5
unc_m2p_txr_horz_starved.bl_uncrd, 0x4a5
unc_m2p_txr_horz_starved.iv, 0x8a5
unc_m2p_txr_vert_ads_used.ad_ag0, 0x19c
unc_m2p_txr_vert_ads_used.ad_ag1, 0x109c
unc_m2p_txr_vert_ads_used.bl_ag0, 0x49c
unc_m2p_txr_vert_ads_used.bl_ag1, 0x409c
unc_m2p_txr_vert_bypass.ad_ag0, 0x19d
unc_m2p_txr_vert_bypass.ad_ag1, 0x109d
unc_m2p_txr_vert_bypass.ak_ag0, 0x29d
unc_m2p_txr_vert_bypass.ak_ag1, 0x209d
unc_m2p_txr_vert_bypass.bl_ag0, 0x49d
unc_m2p_txr_vert_bypass.bl_ag1, 0x409d
unc_m2p_txr_vert_bypass.iv_ag1, 0x89d
unc_m2p_txr_vert_bypass_1.akc_ag0, 0x19e
unc_m2p_txr_vert_bypass_1.akc_ag1, 0x29e
unc_m2p_txr_vert_cycles_full0.ad_ag0, 0x194
unc_m2p_txr_vert_cycles_full0.ad_ag1, 0x1094
unc_m2p_txr_vert_cycles_full0.ak_ag0, 0x294
unc_m2p_txr_vert_cycles_full0.ak_ag1, 0x2094
unc_m2p_txr_vert_cycles_full0.bl_ag0, 0x494
unc_m2p_txr_vert_cycles_full0.bl_ag1, 0x4094
unc_m2p_txr_vert_cycles_full0.iv_ag0, 0x894
unc_m2p_txr_vert_cycles_full1.akc_ag0, 0x195
unc_m2p_txr_vert_cycles_full1.akc_ag1, 0x295
unc_m2p_txr_vert_cycles_ne0.ad_ag0, 0x196
unc_m2p_txr_vert_cycles_ne0.ad_ag1, 0x1096
unc_m2p_txr_vert_cycles_ne0.ak_ag0, 0x296
unc_m2p_txr_vert_cycles_ne0.ak_ag1, 0x2096
unc_m2p_txr_vert_cycles_ne0.bl_ag0, 0x496
unc_m2p_txr_vert_cycles_ne0.bl_ag1, 0x4096
unc_m2p_txr_vert_cycles_ne0.iv_ag0, 0x896
unc_m2p_txr_vert_cycles_ne1.akc_ag0, 0x197
unc_m2p_txr_vert_cycles_ne1.akc_ag1, 0x297
unc_m2p_txr_vert_inserts0.ad_ag0, 0x192
unc_m2p_txr_vert_inserts0.ad_ag1, 0x1092
unc_m2p_txr_vert_inserts0.ak_ag0, 0x292
unc_m2p_txr_vert_inserts0.ak_ag1, 0x2092
unc_m2p_txr_vert_inserts0.bl_ag0, 0x492
unc_m2p_txr_vert_inserts0.bl_ag1, 0x4092
unc_m2p_txr_vert_inserts0.iv_ag0, 0x892
unc_m2p_txr_vert_inserts1.akc_ag0, 0x193
unc_m2p_txr_vert_inserts1.akc_ag1, 0x293
unc_m2p_txr_vert_nack0.ad_ag0, 0x198
unc_m2p_txr_vert_nack0.ad_ag1, 0x1098
unc_m2p_txr_vert_nack0.ak_ag0, 0x298
unc_m2p_txr_vert_nack0.ak_ag1, 0x2098
unc_m2p_txr_vert_nack0.bl_ag0, 0x498
unc_m2p_txr_vert_nack0.bl_ag1, 0x4098
unc_m2p_txr_vert_nack0.iv_ag0, 0x898
unc_m2p_txr_vert_nack1.akc_ag0, 0x199
unc_m2p_txr_vert_nack1.akc_ag1, 0x299
unc_m2p_txr_vert_occupancy0.ad_ag0, 0x190
unc_m2p_txr_vert_occupancy0.ad_ag1, 0x1090
unc_m2p_txr_vert_occupancy0.ak_ag0, 0x290
unc_m2p_txr_vert_occupancy0.ak_ag1, 0x2090
unc_m2p_txr_vert_occupancy0.bl_ag0, 0x490
unc_m2p_txr_vert_occupancy0.bl_ag1, 0x4090
unc_m2p_txr_vert_occupancy0.iv_ag0, 0x890
unc_m2p_txr_vert_occupancy1.akc_ag0, 0x191
unc_m2p_txr_vert_occupancy1.akc_ag1, 0x291
unc_m2p_txr_vert_starved0.ad_ag0, 0x19a
unc_m2p_txr_vert_starved0.ad_ag1, 0x109a
unc_m2p_txr_vert_starved0.ak_ag0, 0x29a
unc_m2p_txr_vert_starved0.ak_ag1, 0x209a
unc_m2p_txr_vert_starved0.bl_ag0, 0x49a
unc_m2p_txr_vert_starved0.bl_ag1, 0x409a
unc_m2p_txr_vert_starved0.iv_ag0, 0x89a
unc_m2p_txr_vert_starved1.akc_ag0, 0x19b
unc_m2p_txr_vert_starved1.akc_ag1, 0x29b
unc_m2p_txr_vert_starved1.tgc, 0x49b
unc_m2p_vert_ring_ad_in_use.dn_even, 0x4b0
unc_m2p_vert_ring_ad_in_use.dn_odd, 0x8b0
unc_m2p_vert_ring_ad_in_use.up_even, 0x1b0
unc_m2p_vert_ring_ad_in_use.up_odd, 0x2b0
unc_m2p_vert_ring_ak_in_use.dn_even, 0x4b1
unc_m2p_vert_ring_ak_in_use.dn_odd, 0x8b1
unc_m2p_vert_ring_ak_in_use.up_even, 0x1b1
unc_m2p_vert_ring_ak_in_use.up_odd, 0x2b1
unc_m2p_vert_ring_akc_in_use.dn_even, 0x4b4
unc_m2p_vert_ring_akc_in_use.dn_odd, 0x8b4
unc_m2p_vert_ring_akc_in_use.up_even, 0x1b4
unc_m2p_vert_ring_akc_in_use.up_odd, 0x2b4
unc_m2p_vert_ring_bl_in_use.dn_even, 0x4b2
unc_m2p_vert_ring_bl_in_use.dn_odd, 0x8b2
unc_m2p_vert_ring_bl_in_use.up_even, 0x1b2
unc_m2p_vert_ring_bl_in_use.up_odd, 0x2b2
unc_m2p_vert_ring_iv_in_use.dn, 0x4b3
unc_m2p_vert_ring_iv_in_use.up, 0x1b3
unc_m2p_vert_ring_tgc_in_use.dn_even, 0x4b5
unc_m2p_vert_ring_tgc_in_use.dn_odd, 0x8b5
unc_m2p_vert_ring_tgc_in_use.up_even, 0x1b5
unc_m2p_vert_ring_tgc_in_use.up_odd, 0x2b5
unc_m3upi_ag0_ad_crd_acquired0.tgr0, 0x180
unc_m3upi_ag0_ad_crd_acquired0.tgr1, 0x280
unc_m3upi_ag0_ad_crd_acquired0.tgr2, 0x480
unc_m3upi_ag0_ad_crd_acquired0.tgr3, 0x880
unc_m3upi_ag0_ad_crd_acquired0.tgr4, 0x1080
unc_m3upi_ag0_ad_crd_acquired0.tgr5, 0x2080
unc_m3upi_ag0_ad_crd_acquired0.tgr6, 0x4080
unc_m3upi_ag0_ad_crd_acquired0.tgr7, 0x8080
unc_m3upi_ag0_ad_crd_acquired1.tgr10, 0x481
unc_m3upi_ag0_ad_crd_acquired1.tgr8, 0x181
unc_m3upi_ag0_ad_crd_acquired1.tgr9, 0x281
unc_m3upi_ag0_ad_crd_occupancy0.tgr0, 0x182
unc_m3upi_ag0_ad_crd_occupancy0.tgr1, 0x282
unc_m3upi_ag0_ad_crd_occupancy0.tgr2, 0x482
unc_m3upi_ag0_ad_crd_occupancy0.tgr3, 0x882
unc_m3upi_ag0_ad_crd_occupancy0.tgr4, 0x1082
unc_m3upi_ag0_ad_crd_occupancy0.tgr5, 0x2082
unc_m3upi_ag0_ad_crd_occupancy0.tgr6, 0x4082
unc_m3upi_ag0_ad_crd_occupancy0.tgr7, 0x8082
unc_m3upi_ag0_ad_crd_occupancy1.tgr10, 0x483
unc_m3upi_ag0_ad_crd_occupancy1.tgr8, 0x183
unc_m3upi_ag0_ad_crd_occupancy1.tgr9, 0x283
unc_m3upi_ag0_bl_crd_acquired0.tgr0, 0x188
unc_m3upi_ag0_bl_crd_acquired0.tgr1, 0x288
unc_m3upi_ag0_bl_crd_acquired0.tgr2, 0x488
unc_m3upi_ag0_bl_crd_acquired0.tgr3, 0x888
unc_m3upi_ag0_bl_crd_acquired0.tgr4, 0x1088
unc_m3upi_ag0_bl_crd_acquired0.tgr5, 0x2088
unc_m3upi_ag0_bl_crd_acquired0.tgr6, 0x4088
unc_m3upi_ag0_bl_crd_acquired0.tgr7, 0x8088
unc_m3upi_ag0_bl_crd_acquired1.tgr10, 0x489
unc_m3upi_ag0_bl_crd_acquired1.tgr8, 0x189
unc_m3upi_ag0_bl_crd_acquired1.tgr9, 0x289
unc_m3upi_ag0_bl_crd_occupancy0.tgr0, 0x18a
unc_m3upi_ag0_bl_crd_occupancy0.tgr1, 0x28a
unc_m3upi_ag0_bl_crd_occupancy0.tgr2, 0x48a
unc_m3upi_ag0_bl_crd_occupancy0.tgr3, 0x88a
unc_m3upi_ag0_bl_crd_occupancy0.tgr4, 0x108a
unc_m3upi_ag0_bl_crd_occupancy0.tgr5, 0x208a
unc_m3upi_ag0_bl_crd_occupancy0.tgr6, 0x408a
unc_m3upi_ag0_bl_crd_occupancy0.tgr7, 0x808a
unc_m3upi_ag0_bl_crd_occupancy1.tgr10, 0x48b
unc_m3upi_ag0_bl_crd_occupancy1.tgr8, 0x18b
unc_m3upi_ag0_bl_crd_occupancy1.tgr9, 0x28b
unc_m3upi_ag1_ad_crd_acquired0.tgr0, 0x184
unc_m3upi_ag1_ad_crd_acquired0.tgr1, 0x284
unc_m3upi_ag1_ad_crd_acquired0.tgr2, 0x484
unc_m3upi_ag1_ad_crd_acquired0.tgr3, 0x884
unc_m3upi_ag1_ad_crd_acquired0.tgr4, 0x1084
unc_m3upi_ag1_ad_crd_acquired0.tgr5, 0x2084
unc_m3upi_ag1_ad_crd_acquired0.tgr6, 0x4084
unc_m3upi_ag1_ad_crd_acquired0.tgr7, 0x8084
unc_m3upi_ag1_ad_crd_acquired1.tgr10, 0x485
unc_m3upi_ag1_ad_crd_acquired1.tgr8, 0x185
unc_m3upi_ag1_ad_crd_acquired1.tgr9, 0x285
unc_m3upi_ag1_ad_crd_occupancy0.tgr0, 0x186
unc_m3upi_ag1_ad_crd_occupancy0.tgr1, 0x286
unc_m3upi_ag1_ad_crd_occupancy0.tgr2, 0x486
unc_m3upi_ag1_ad_crd_occupancy0.tgr3, 0x886
unc_m3upi_ag1_ad_crd_occupancy0.tgr4, 0x1086
unc_m3upi_ag1_ad_crd_occupancy0.tgr5, 0x2086
unc_m3upi_ag1_ad_crd_occupancy0.tgr6, 0x4086
unc_m3upi_ag1_ad_crd_occupancy0.tgr7, 0x8086
unc_m3upi_ag1_ad_crd_occupancy1.tgr10, 0x487
unc_m3upi_ag1_ad_crd_occupancy1.tgr8, 0x187
unc_m3upi_ag1_ad_crd_occupancy1.tgr9, 0x287
unc_m3upi_ag1_bl_crd_acquired0.tgr0, 0x18c
unc_m3upi_ag1_bl_crd_acquired0.tgr1, 0x28c
unc_m3upi_ag1_bl_crd_acquired0.tgr2, 0x48c
unc_m3upi_ag1_bl_crd_acquired0.tgr3, 0x88c
unc_m3upi_ag1_bl_crd_acquired0.tgr4, 0x108c
unc_m3upi_ag1_bl_crd_acquired0.tgr5, 0x208c
unc_m3upi_ag1_bl_crd_acquired0.tgr6, 0x408c
unc_m3upi_ag1_bl_crd_acquired0.tgr7, 0x808c
unc_m3upi_ag1_bl_crd_acquired1.tgr10, 0x48d
unc_m3upi_ag1_bl_crd_acquired1.tgr8, 0x18d
unc_m3upi_ag1_bl_crd_acquired1.tgr9, 0x28d
unc_m3upi_ag1_bl_crd_occupancy0.tgr0, 0x18e
unc_m3upi_ag1_bl_crd_occupancy0.tgr1, 0x28e
unc_m3upi_ag1_bl_crd_occupancy0.tgr2, 0x48e
unc_m3upi_ag1_bl_crd_occupancy0.tgr3, 0x88e
unc_m3upi_ag1_bl_crd_occupancy0.tgr4, 0x108e
unc_m3upi_ag1_bl_crd_occupancy0.tgr5, 0x208e
unc_m3upi_ag1_bl_crd_occupancy0.tgr6, 0x408e
unc_m3upi_ag1_bl_crd_occupancy0.tgr7, 0x808e
unc_m3upi_ag1_bl_crd_occupancy1.tgr10, 0x48f
unc_m3upi_ag1_bl_crd_occupancy1.tgr8, 0x18f
unc_m3upi_ag1_bl_crd_occupancy1.tgr9, 0x28f
unc_m3upi_cha_ad_credits_empty.req, 0x422
unc_m3upi_cha_ad_credits_empty.snp, 0x822
unc_m3upi_cha_ad_credits_empty.vna, 0x122
unc_m3upi_cha_ad_credits_empty.wb, 0x222
unc_m3upi_clockticks, 0x1
unc_m3upi_cms_clockticks, 0xc0
unc_m3upi_d2c_sent, 0x2b
unc_m3upi_d2u_sent, 0x2a
unc_m3upi_distress_asserted.dpt_local, 0x4af
unc_m3upi_distress_asserted.dpt_nonlocal, 0x8af
unc_m3upi_distress_asserted.dpt_stall_iv, 0x40af
unc_m3upi_distress_asserted.dpt_stall_nocrd, 0x80af
unc_m3upi_distress_asserted.horz, 0x2af
unc_m3upi_distress_asserted.pmm_local, 0x10af
unc_m3upi_distress_asserted.pmm_nonlocal, 0x20af
unc_m3upi_distress_asserted.vert, 0x1af
unc_m3upi_egress_ordering.iv_snoopgo_dn, 0x4ba
unc_m3upi_egress_ordering.iv_snoopgo_up, 0x1ba
unc_m3upi_horz_ring_ad_in_use.left_even, 0x1b6
unc_m3upi_horz_ring_ad_in_use.left_odd, 0x2b6
unc_m3upi_horz_ring_ad_in_use.right_even, 0x4b6
unc_m3upi_horz_ring_ad_in_use.right_odd, 0x8b6
unc_m3upi_horz_ring_ak_in_use.left_even, 0x1b7
unc_m3upi_horz_ring_ak_in_use.left_odd, 0x2b7
unc_m3upi_horz_ring_ak_in_use.right_even, 0x4b7
unc_m3upi_horz_ring_ak_in_use.right_odd, 0x8b7
unc_m3upi_horz_ring_akc_in_use.left_even, 0x1bb
unc_m3upi_horz_ring_akc_in_use.left_odd, 0x2bb
unc_m3upi_horz_ring_akc_in_use.right_even, 0x4bb
unc_m3upi_horz_ring_akc_in_use.right_odd, 0x8bb
unc_m3upi_horz_ring_bl_in_use.left_even, 0x1b8
unc_m3upi_horz_ring_bl_in_use.left_odd, 0x2b8
unc_m3upi_horz_ring_bl_in_use.right_even, 0x4b8
unc_m3upi_horz_ring_bl_in_use.right_odd, 0x8b8
unc_m3upi_horz_ring_iv_in_use.left, 0x1b9
unc_m3upi_horz_ring_iv_in_use.right, 0x4b9
unc_m3upi_m2_bl_credits_empty.iio1_ncb, 0x123
unc_m3upi_m2_bl_credits_empty.iio2_ncb, 0x223
unc_m3upi_m2_bl_credits_empty.iio3_ncb, 0x423
unc_m3upi_m2_bl_credits_empty.iio4_ncb, 0x823
unc_m3upi_m2_bl_credits_empty.iio5_ncb, 0x1023
unc_m3upi_m2_bl_credits_empty.ncs, 0x4023
unc_m3upi_m2_bl_credits_empty.ncs_sel, 0x8023
unc_m3upi_m2_bl_credits_empty.ubox_ncb, 0x2023
unc_m3upi_misc_external.mbe_inst0, 0x1e6
unc_m3upi_misc_external.mbe_inst1, 0x2e6
unc_m3upi_multi_slot_rcvd.ad_slot0, 0x13e
unc_m3upi_multi_slot_rcvd.ad_slot1, 0x23e
unc_m3upi_multi_slot_rcvd.ad_slot2, 0x43e
unc_m3upi_multi_slot_rcvd.ak_slot0, 0x103e
unc_m3upi_multi_slot_rcvd.ak_slot2, 0x203e
unc_m3upi_multi_slot_rcvd.bl_slot0, 0x83e
unc_m3upi_ring_bounces_horz.ad, 0x1ac
unc_m3upi_ring_bounces_horz.ak, 0x2ac
unc_m3upi_ring_bounces_horz.bl, 0x4ac
unc_m3upi_ring_bounces_horz.iv, 0x8ac
unc_m3upi_ring_bounces_vert.ad, 0x1aa
unc_m3upi_ring_bounces_vert.ak, 0x2aa
unc_m3upi_ring_bounces_vert.akc, 0x10aa
unc_m3upi_ring_bounces_vert.bl, 0x4aa
unc_m3upi_ring_bounces_vert.iv, 0x8aa
unc_m3upi_ring_sink_starved_horz.ad, 0x1ad
unc_m3upi_ring_sink_starved_horz.ak, 0x2ad
unc_m3upi_ring_sink_starved_horz.ak_ag1, 0x20ad
unc_m3upi_ring_sink_starved_horz.bl, 0x4ad
unc_m3upi_ring_sink_starved_horz.iv, 0x8ad
unc_m3upi_ring_sink_starved_vert.ad, 0x1ab
unc_m3upi_ring_sink_starved_vert.ak, 0x2ab
unc_m3upi_ring_sink_starved_vert.akc, 0x10ab
unc_m3upi_ring_sink_starved_vert.bl, 0x4ab
unc_m3upi_ring_sink_starved_vert.iv, 0x8ab
unc_m3upi_ring_src_thrtl, 0xae
unc_m3upi_rxc_arb_lost_vn0.ad_req, 0x14b
unc_m3upi_rxc_arb_lost_vn0.ad_rsp, 0x44b
unc_m3upi_rxc_arb_lost_vn0.ad_snp, 0x24b
unc_m3upi_rxc_arb_lost_vn0.bl_ncb, 0x204b
unc_m3upi_rxc_arb_lost_vn0.bl_ncs, 0x404b
unc_m3upi_rxc_arb_lost_vn0.bl_rsp, 0x84b
unc_m3upi_rxc_arb_lost_vn0.bl_wb, 0x104b
unc_m3upi_rxc_arb_lost_vn1.ad_req, 0x14c
unc_m3upi_rxc_arb_lost_vn1.ad_rsp, 0x44c
unc_m3upi_rxc_arb_lost_vn1.ad_snp, 0x24c
unc_m3upi_rxc_arb_lost_vn1.bl_ncb, 0x204c
unc_m3upi_rxc_arb_lost_vn1.bl_ncs, 0x404c
unc_m3upi_rxc_arb_lost_vn1.bl_rsp, 0x84c
unc_m3upi_rxc_arb_lost_vn1.bl_wb, 0x104c
unc_m3upi_rxc_arb_misc.adbl_parallel_win_vn0, 0x104d
unc_m3upi_rxc_arb_misc.adbl_parallel_win_vn1, 0x204d
unc_m3upi_rxc_arb_misc.all_parallel_win, 0x804d
unc_m3upi_rxc_arb_misc.no_prog_ad_vn0, 0x14d
unc_m3upi_rxc_arb_misc.no_prog_ad_vn1, 0x24d
unc_m3upi_rxc_arb_misc.no_prog_bl_vn0, 0x44d
unc_m3upi_rxc_arb_misc.no_prog_bl_vn1, 0x84d
unc_m3upi_rxc_arb_misc.vn01_parallel_win, 0x404d
unc_m3upi_rxc_arb_nocrd_vn0.ad_req, 0x147
unc_m3upi_rxc_arb_nocrd_vn0.ad_rsp, 0x447
unc_m3upi_rxc_arb_nocrd_vn0.ad_snp, 0x247
unc_m3upi_rxc_arb_nocrd_vn0.bl_ncb, 0x2047
unc_m3upi_rxc_arb_nocrd_vn0.bl_ncs, 0x4047
unc_m3upi_rxc_arb_nocrd_vn0.bl_rsp, 0x847
unc_m3upi_rxc_arb_nocrd_vn0.bl_wb, 0x1047
unc_m3upi_rxc_arb_nocrd_vn1.ad_req, 0x148
unc_m3upi_rxc_arb_nocrd_vn1.ad_rsp, 0x448
unc_m3upi_rxc_arb_nocrd_vn1.ad_snp, 0x248
unc_m3upi_rxc_arb_nocrd_vn1.bl_ncb, 0x2048
unc_m3upi_rxc_arb_nocrd_vn1.bl_ncs, 0x4048
unc_m3upi_rxc_arb_nocrd_vn1.bl_rsp, 0x848
unc_m3upi_rxc_arb_nocrd_vn1.bl_wb, 0x1048
unc_m3upi_rxc_arb_noreq_vn0.ad_req, 0x149
unc_m3upi_rxc_arb_noreq_vn0.ad_rsp, 0x449
unc_m3upi_rxc_arb_noreq_vn0.ad_snp, 0x249
unc_m3upi_rxc_arb_noreq_vn0.bl_ncb, 0x2049
unc_m3upi_rxc_arb_noreq_vn0.bl_ncs, 0x4049
unc_m3upi_rxc_arb_noreq_vn0.bl_rsp, 0x849
unc_m3upi_rxc_arb_noreq_vn0.bl_wb, 0x1049
unc_m3upi_rxc_arb_noreq_vn1.ad_req, 0x14a
unc_m3upi_rxc_arb_noreq_vn1.ad_rsp, 0x44a
unc_m3upi_rxc_arb_noreq_vn1.ad_snp, 0x24a
unc_m3upi_rxc_arb_noreq_vn1.bl_ncb, 0x204a
unc_m3upi_rxc_arb_noreq_vn1.bl_ncs, 0x404a
unc_m3upi_rxc_arb_noreq_vn1.bl_rsp, 0x84a
unc_m3upi_rxc_arb_noreq_vn1.bl_wb, 0x104a
unc_m3upi_rxc_bypassed.ad_s0_bl_arb, 0x240
unc_m3upi_rxc_bypassed.ad_s0_idle, 0x140
unc_m3upi_rxc_bypassed.ad_s1_bl_slot, 0x440
unc_m3upi_rxc_bypassed.ad_s2_bl_slot, 0x840
unc_m3upi_rxc_crd_misc.any_bgf_fifo, 0x15f
unc_m3upi_rxc_crd_misc.any_bgf_path, 0x25f
unc_m3upi_rxc_crd_misc.lt1_for_d2k, 0x105f
unc_m3upi_rxc_crd_misc.lt2_for_d2k, 0x205f
unc_m3upi_rxc_crd_misc.vn0_no_d2k_for_arb, 0x45f
unc_m3upi_rxc_crd_misc.vn1_no_d2k_for_arb, 0x85f
unc_m3upi_rxc_crd_occ.consumed, 0x8060
unc_m3upi_rxc_crd_occ.d2k_crd, 0x1060
unc_m3upi_rxc_crd_occ.flits_in_fifo, 0x260
unc_m3upi_rxc_crd_occ.flits_in_path, 0x460
unc_m3upi_rxc_crd_occ.p1p_fifo, 0x4060
unc_m3upi_rxc_crd_occ.p1p_total, 0x2060
unc_m3upi_rxc_crd_occ.txq_crd, 0x860
unc_m3upi_rxc_crd_occ.vna_in_use, 0x160
unc_m3upi_rxc_cycles_ne_vn0.ad_req, 0x143
unc_m3upi_rxc_cycles_ne_vn0.ad_rsp, 0x443
unc_m3upi_rxc_cycles_ne_vn0.ad_snp, 0x243
unc_m3upi_rxc_cycles_ne_vn0.bl_ncb, 0x2043
unc_m3upi_rxc_cycles_ne_vn0.bl_ncs, 0x4043
unc_m3upi_rxc_cycles_ne_vn0.bl_rsp, 0x843
unc_m3upi_rxc_cycles_ne_vn0.bl_wb, 0x1043
unc_m3upi_rxc_cycles_ne_vn1.ad_req, 0x144
unc_m3upi_rxc_cycles_ne_vn1.ad_rsp, 0x444
unc_m3upi_rxc_cycles_ne_vn1.ad_snp, 0x244
unc_m3upi_rxc_cycles_ne_vn1.bl_ncb, 0x2044
unc_m3upi_rxc_cycles_ne_vn1.bl_ncs, 0x4044
unc_m3upi_rxc_cycles_ne_vn1.bl_rsp, 0x844
unc_m3upi_rxc_cycles_ne_vn1.bl_wb, 0x1044
unc_m3upi_rxc_data_flits_not_sent.all, 0x155
unc_m3upi_rxc_data_flits_not_sent.no_bgf, 0x855
unc_m3upi_rxc_data_flits_not_sent.no_txq, 0x1055
unc_m3upi_rxc_data_flits_not_sent.tsv_hi, 0x255
unc_m3upi_rxc_data_flits_not_sent.valid_for_flit, 0x455
unc_m3upi_rxc_flit_gen_hdr1.accum, 0x151
unc_m3upi_rxc_flit_gen_hdr1.accum_read, 0x251
unc_m3upi_rxc_flit_gen_hdr1.accum_wasted, 0x451
unc_m3upi_rxc_flit_gen_hdr1.ahead_blocked, 0x851
unc_m3upi_rxc_flit_gen_hdr1.ahead_msg1_after, 0x8051
unc_m3upi_rxc_flit_gen_hdr1.ahead_msg1_during, 0x1051
unc_m3upi_rxc_flit_gen_hdr1.ahead_msg2_after, 0x2051
unc_m3upi_rxc_flit_gen_hdr1.ahead_msg2_sent, 0x4051
unc_m3upi_rxc_flit_gen_hdr2.par, 0x452
unc_m3upi_rxc_flit_gen_hdr2.par_flit, 0x1052
unc_m3upi_rxc_flit_gen_hdr2.par_msg, 0x852
unc_m3upi_rxc_flit_gen_hdr2.rmstall, 0x152
unc_m3upi_rxc_flit_gen_hdr2.rmstall_nomsg, 0x252
unc_m3upi_rxc_flits_gen_bl.p0_wait, 0x157
unc_m3upi_rxc_flits_gen_bl.p1_wait, 0x257
unc_m3upi_rxc_flits_gen_bl.p1p_at_limit, 0x1057
unc_m3upi_rxc_flits_gen_bl.p1p_busy, 0x857
unc_m3upi_rxc_flits_gen_bl.p1p_fifo_full, 0x4057
unc_m3upi_rxc_flits_gen_bl.p1p_hold_p0, 0x2057
unc_m3upi_rxc_flits_gen_bl.p1p_to_limbo, 0x457
unc_m3upi_rxc_flits_misc.s2req_in_holdoff, 0x458
unc_m3upi_rxc_flits_misc.s2req_in_service, 0x858
unc_m3upi_rxc_flits_misc.s2req_received, 0x158
unc_m3upi_rxc_flits_misc.s2req_withdrawn, 0x258
unc_m3upi_rxc_flits_slot_bl.all, 0x156
unc_m3upi_rxc_flits_slot_bl.need_data, 0x256
unc_m3upi_rxc_flits_slot_bl.p0_wait, 0x456
unc_m3upi_rxc_flits_slot_bl.p1_not_req, 0x1056
unc_m3upi_rxc_flits_slot_bl.p1_not_req_but_bubble, 0x2056
unc_m3upi_rxc_flits_slot_bl.p1_not_req_not_avail, 0x4056
unc_m3upi_rxc_flits_slot_bl.p1_wait, 0x856
unc_m3upi_rxc_hdr_flit_not_sent.all, 0x153
unc_m3upi_rxc_hdr_flit_not_sent.no_bgf_crd, 0x853
unc_m3upi_rxc_hdr_flit_not_sent.no_bgf_no_msg, 0x2053
unc_m3upi_rxc_hdr_flit_not_sent.no_txq_crd, 0x1053
unc_m3upi_rxc_hdr_flit_not_sent.no_txq_no_msg, 0x4053
unc_m3upi_rxc_hdr_flit_not_sent.tsv_hi, 0x253
unc_m3upi_rxc_hdr_flit_not_sent.valid_for_flit, 0x453
unc_m3upi_rxc_hdr_flits_sent.1_msg, 0x154
unc_m3upi_rxc_hdr_flits_sent.1_msg_vnx, 0x854
unc_m3upi_rxc_hdr_flits_sent.2_msgs, 0x254
unc_m3upi_rxc_hdr_flits_sent.3_msgs, 0x454
unc_m3upi_rxc_hdr_flits_sent.slots_1, 0x1054
unc_m3upi_rxc_hdr_flits_sent.slots_2, 0x2054
unc_m3upi_rxc_hdr_flits_sent.slots_3, 0x4054
unc_m3upi_rxc_held.cant_slot_ad, 0x1050
unc_m3upi_rxc_held.cant_slot_bl, 0x2050
unc_m3upi_rxc_held.parallel_attempt, 0x450
unc_m3upi_rxc_held.parallel_success, 0x850
unc_m3upi_rxc_held.vn0, 0x150
unc_m3upi_rxc_held.vn1, 0x250
unc_m3upi_rxc_inserts_vn0.ad_req, 0x141
unc_m3upi_rxc_inserts_vn0.ad_rsp, 0x441
unc_m3upi_rxc_inserts_vn0.ad_snp, 0x241
unc_m3upi_rxc_inserts_vn0.bl_ncb, 0x2041
unc_m3upi_rxc_inserts_vn0.bl_ncs, 0x4041
unc_m3upi_rxc_inserts_vn0.bl_rsp, 0x841
unc_m3upi_rxc_inserts_vn0.bl_wb, 0x1041
unc_m3upi_rxc_inserts_vn1.ad_req, 0x142
unc_m3upi_rxc_inserts_vn1.ad_rsp, 0x442
unc_m3upi_rxc_inserts_vn1.ad_snp, 0x242
unc_m3upi_rxc_inserts_vn1.bl_ncb, 0x2042
unc_m3upi_rxc_inserts_vn1.bl_ncs, 0x4042
unc_m3upi_rxc_inserts_vn1.bl_rsp, 0x842
unc_m3upi_rxc_inserts_vn1.bl_wb, 0x1042
unc_m3upi_rxc_occupancy_vn0.ad_req, 0x145
unc_m3upi_rxc_occupancy_vn0.ad_rsp, 0x445
unc_m3upi_rxc_occupancy_vn0.ad_snp, 0x245
unc_m3upi_rxc_occupancy_vn0.bl_ncb, 0x2045
unc_m3upi_rxc_occupancy_vn0.bl_ncs, 0x4045
unc_m3upi_rxc_occupancy_vn0.bl_rsp, 0x845
unc_m3upi_rxc_occupancy_vn0.bl_wb, 0x1045
unc_m3upi_rxc_occupancy_vn1.ad_req, 0x146
unc_m3upi_rxc_occupancy_vn1.ad_rsp, 0x446
unc_m3upi_rxc_occupancy_vn1.ad_snp, 0x246
unc_m3upi_rxc_occupancy_vn1.bl_ncb, 0x2046
unc_m3upi_rxc_occupancy_vn1.bl_ncs, 0x4046
unc_m3upi_rxc_occupancy_vn1.bl_rsp, 0x846
unc_m3upi_rxc_occupancy_vn1.bl_wb, 0x1046
unc_m3upi_rxc_packing_miss_vn0.ad_req, 0x14e
unc_m3upi_rxc_packing_miss_vn0.ad_rsp, 0x44e
unc_m3upi_rxc_packing_miss_vn0.ad_snp, 0x24e
unc_m3upi_rxc_packing_miss_vn0.bl_ncb, 0x204e
unc_m3upi_rxc_packing_miss_vn0.bl_ncs, 0x404e
unc_m3upi_rxc_packing_miss_vn0.bl_rsp, 0x84e
unc_m3upi_rxc_packing_miss_vn0.bl_wb, 0x104e
unc_m3upi_rxc_packing_miss_vn1.ad_req, 0x14f
unc_m3upi_rxc_packing_miss_vn1.ad_rsp, 0x44f
unc_m3upi_rxc_packing_miss_vn1.ad_snp, 0x24f
unc_m3upi_rxc_packing_miss_vn1.bl_ncb, 0x204f
unc_m3upi_rxc_packing_miss_vn1.bl_ncs, 0x404f
unc_m3upi_rxc_packing_miss_vn1.bl_rsp, 0x84f
unc_m3upi_rxc_packing_miss_vn1.bl_wb, 0x104f
unc_m3upi_rxc_vna_crd.any_in_use, 0x205a
unc_m3upi_rxc_vna_crd.corrected, 0x15a
unc_m3upi_rxc_vna_crd.lt1, 0x25a
unc_m3upi_rxc_vna_crd.lt10, 0x105a
unc_m3upi_rxc_vna_crd.lt4, 0x45a
unc_m3upi_rxc_vna_crd.lt5, 0x85a
unc_m3upi_rxc_vna_crd_misc.req_adbl_alloc_l5, 0x259
unc_m3upi_rxc_vna_crd_misc.req_vn01_alloc_lt10, 0x159
unc_m3upi_rxc_vna_crd_misc.vn0_just_ad, 0x1059
unc_m3upi_rxc_vna_crd_misc.vn0_just_bl, 0x2059
unc_m3upi_rxc_vna_crd_misc.vn0_only, 0x459
unc_m3upi_rxc_vna_crd_misc.vn1_just_ad, 0x4059
unc_m3upi_rxc_vna_crd_misc.vn1_just_bl, 0x8059
unc_m3upi_rxc_vna_crd_misc.vn1_only, 0x859
unc_m3upi_rxr_busy_starved.ad_all, 0x11e5
unc_m3upi_rxr_busy_starved.ad_crd, 0x10e5
unc_m3upi_rxr_busy_starved.ad_uncrd, 0x1e5
unc_m3upi_rxr_busy_starved.bl_all, 0x44e5
unc_m3upi_rxr_busy_starved.bl_crd, 0x40e5
unc_m3upi_rxr_busy_starved.bl_uncrd, 0x4e5
unc_m3upi_rxr_bypass.ad_all, 0x11e2
unc_m3upi_rxr_bypass.ad_crd, 0x10e2
unc_m3upi_rxr_bypass.ad_uncrd, 0x1e2
unc_m3upi_rxr_bypass.ak, 0x2e2
unc_m3upi_rxr_bypass.akc_uncrd, 0x80e2
unc_m3upi_rxr_bypass.bl_all, 0x44e2
unc_m3upi_rxr_bypass.bl_crd, 0x40e2
unc_m3upi_rxr_bypass.bl_uncrd, 0x4e2
unc_m3upi_rxr_bypass.iv, 0x8e2
unc_m3upi_rxr_crd_starved.ad_all, 0x11e3
unc_m3upi_rxr_crd_starved.ad_crd, 0x10e3
unc_m3upi_rxr_crd_starved.ad_uncrd, 0x1e3
unc_m3upi_rxr_crd_starved.ak, 0x2e3
unc_m3upi_rxr_crd_starved.bl_all, 0x44e3
unc_m3upi_rxr_crd_starved.bl_crd, 0x40e3
unc_m3upi_rxr_crd_starved.bl_uncrd, 0x4e3
unc_m3upi_rxr_crd_starved.ifv, 0x80e3
unc_m3upi_rxr_crd_starved.iv, 0x8e3
unc_m3upi_rxr_crd_starved_1, 0xe4
unc_m3upi_rxr_inserts.ad_all, 0x11e1
unc_m3upi_rxr_inserts.ad_crd, 0x10e1
unc_m3upi_rxr_inserts.ad_uncrd, 0x1e1
unc_m3upi_rxr_inserts.ak, 0x2e1
unc_m3upi_rxr_inserts.akc_uncrd, 0x80e1
unc_m3upi_rxr_inserts.bl_all, 0x44e1
unc_m3upi_rxr_inserts.bl_crd, 0x40e1
unc_m3upi_rxr_inserts.bl_uncrd, 0x4e1
unc_m3upi_rxr_inserts.iv, 0x8e1
unc_m3upi_rxr_occupancy.ad_all, 0x11e0
unc_m3upi_rxr_occupancy.ad_crd, 0x10e0
unc_m3upi_rxr_occupancy.ad_uncrd, 0x1e0
unc_m3upi_rxr_occupancy.ak, 0x2e0
unc_m3upi_rxr_occupancy.akc_uncrd, 0x80e0
unc_m3upi_rxr_occupancy.bl_all, 0x44e0
unc_m3upi_rxr_occupancy.bl_crd, 0x20e0
unc_m3upi_rxr_occupancy.bl_uncrd, 0x4e0
unc_m3upi_rxr_occupancy.iv, 0x8e0
unc_m3upi_stall0_no_txr_horz_crd_ad_ag0.tgr0, 0x1d0
unc_m3upi_stall0_no_txr_horz_crd_ad_ag0.tgr1, 0x2d0
unc_m3upi_stall0_no_txr_horz_crd_ad_ag0.tgr2, 0x4d0
unc_m3upi_stall0_no_txr_horz_crd_ad_ag0.tgr3, 0x8d0
unc_m3upi_stall0_no_txr_horz_crd_ad_ag0.tgr4, 0x10d0
unc_m3upi_stall0_no_txr_horz_crd_ad_ag0.tgr5, 0x20d0
unc_m3upi_stall0_no_txr_horz_crd_ad_ag0.tgr6, 0x40d0
unc_m3upi_stall0_no_txr_horz_crd_ad_ag0.tgr7, 0x80d0
unc_m3upi_stall0_no_txr_horz_crd_ad_ag1.tgr0, 0x1d2
unc_m3upi_stall0_no_txr_horz_crd_ad_ag1.tgr1, 0x2d2
unc_m3upi_stall0_no_txr_horz_crd_ad_ag1.tgr2, 0x4d2
unc_m3upi_stall0_no_txr_horz_crd_ad_ag1.tgr3, 0x8d2
unc_m3upi_stall0_no_txr_horz_crd_ad_ag1.tgr4, 0x10d2
unc_m3upi_stall0_no_txr_horz_crd_ad_ag1.tgr5, 0x20d2
unc_m3upi_stall0_no_txr_horz_crd_ad_ag1.tgr6, 0x40d2
unc_m3upi_stall0_no_txr_horz_crd_ad_ag1.tgr7, 0x80d2
unc_m3upi_stall0_no_txr_horz_crd_bl_ag0.tgr0, 0x1d4
unc_m3upi_stall0_no_txr_horz_crd_bl_ag0.tgr1, 0x2d4
unc_m3upi_stall0_no_txr_horz_crd_bl_ag0.tgr2, 0x4d4
unc_m3upi_stall0_no_txr_horz_crd_bl_ag0.tgr3, 0x8d4
unc_m3upi_stall0_no_txr_horz_crd_bl_ag0.tgr4, 0x10d4
unc_m3upi_stall0_no_txr_horz_crd_bl_ag0.tgr5, 0x20d4
unc_m3upi_stall0_no_txr_horz_crd_bl_ag0.tgr6, 0x40d4
unc_m3upi_stall0_no_txr_horz_crd_bl_ag0.tgr7, 0x80d4
unc_m3upi_stall0_no_txr_horz_crd_bl_ag1.tgr0, 0x1d6
unc_m3upi_stall0_no_txr_horz_crd_bl_ag1.tgr1, 0x2d6
unc_m3upi_stall0_no_txr_horz_crd_bl_ag1.tgr2, 0x4d6
unc_m3upi_stall0_no_txr_horz_crd_bl_ag1.tgr3, 0x8d6
unc_m3upi_stall0_no_txr_horz_crd_bl_ag1.tgr4, 0x10d6
unc_m3upi_stall0_no_txr_horz_crd_bl_ag1.tgr5, 0x20d6
unc_m3upi_stall0_no_txr_horz_crd_bl_ag1.tgr6, 0x40d6
unc_m3upi_stall0_no_txr_horz_crd_bl_ag1.tgr7, 0x80d6
unc_m3upi_stall1_no_txr_horz_crd_ad_ag0.tgr10, 0x4d1
unc_m3upi_stall1_no_txr_horz_crd_ad_ag0.tgr8, 0x1d1
unc_m3upi_stall1_no_txr_horz_crd_ad_ag0.tgr9, 0x2d1
unc_m3upi_stall1_no_txr_horz_crd_ad_ag1_1.tgr10, 0x4d3
unc_m3upi_stall1_no_txr_horz_crd_ad_ag1_1.tgr8, 0x1d3
unc_m3upi_stall1_no_txr_horz_crd_ad_ag1_1.tgr9, 0x2d3
unc_m3upi_stall1_no_txr_horz_crd_bl_ag0_1.tgr10, 0x4d5
unc_m3upi_stall1_no_txr_horz_crd_bl_ag0_1.tgr8, 0x1d5
unc_m3upi_stall1_no_txr_horz_crd_bl_ag0_1.tgr9, 0x2d5
unc_m3upi_stall1_no_txr_horz_crd_bl_ag1_1.tgr10, 0x4d7
unc_m3upi_stall1_no_txr_horz_crd_bl_ag1_1.tgr8, 0x1d7
unc_m3upi_stall1_no_txr_horz_crd_bl_ag1_1.tgr9, 0x2d7
unc_m3upi_txc_ad_arb_fail.vn0_req, 0x130
unc_m3upi_txc_ad_arb_fail.vn0_rsp, 0x430
unc_m3upi_txc_ad_arb_fail.vn0_snp, 0x230
unc_m3upi_txc_ad_arb_fail.vn0_wb, 0x830
unc_m3upi_txc_ad_arb_fail.vn1_req, 0x1030
unc_m3upi_txc_ad_arb_fail.vn1_rsp, 0x4030
unc_m3upi_txc_ad_arb_fail.vn1_snp, 0x2030
unc_m3upi_txc_ad_arb_fail.vn1_wb, 0x8030
unc_m3upi_txc_ad_flq_bypass.ad_slot0, 0x12c
unc_m3upi_txc_ad_flq_bypass.ad_slot1, 0x22c
unc_m3upi_txc_ad_flq_bypass.ad_slot2, 0x42c
unc_m3upi_txc_ad_flq_bypass.bl_early_rsp, 0x82c
unc_m3upi_txc_ad_flq_cycles_ne.vn0_req, 0x127
unc_m3upi_txc_ad_flq_cycles_ne.vn0_rsp, 0x427
unc_m3upi_txc_ad_flq_cycles_ne.vn0_snp, 0x227
unc_m3upi_txc_ad_flq_cycles_ne.vn0_wb, 0x827
unc_m3upi_txc_ad_flq_cycles_ne.vn1_req, 0x1027
unc_m3upi_txc_ad_flq_cycles_ne.vn1_rsp, 0x4027
unc_m3upi_txc_ad_flq_cycles_ne.vn1_snp, 0x2027
unc_m3upi_txc_ad_flq_cycles_ne.vn1_wb, 0x8027
unc_m3upi_txc_ad_flq_inserts.vn0_req, 0x12d
unc_m3upi_txc_ad_flq_inserts.vn0_rsp, 0x42d
unc_m3upi_txc_ad_flq_inserts.vn0_snp, 0x22d
unc_m3upi_txc_ad_flq_inserts.vn0_wb, 0x82d
unc_m3upi_txc_ad_flq_inserts.vn1_req, 0x102d
unc_m3upi_txc_ad_flq_inserts.vn1_rsp, 0x402d
unc_m3upi_txc_ad_flq_inserts.vn1_snp, 0x202d
unc_m3upi_txc_ad_flq_occupancy.vn0_req, 0x11c
unc_m3upi_txc_ad_flq_occupancy.vn0_rsp, 0x41c
unc_m3upi_txc_ad_flq_occupancy.vn0_snp, 0x21c
unc_m3upi_txc_ad_flq_occupancy.vn0_wb, 0x81c
unc_m3upi_txc_ad_flq_occupancy.vn1_req, 0x101c
unc_m3upi_txc_ad_flq_occupancy.vn1_rsp, 0x401c
unc_m3upi_txc_ad_flq_occupancy.vn1_snp, 0x201c
unc_m3upi_txc_ak_flq_inserts, 0x2f
unc_m3upi_txc_ak_flq_occupancy, 0x1e
unc_m3upi_txc_bl_arb_fail.vn0_ncb, 0x435
unc_m3upi_txc_bl_arb_fail.vn0_ncs, 0x835
unc_m3upi_txc_bl_arb_fail.vn0_rsp, 0x135
unc_m3upi_txc_bl_arb_fail.vn0_wb, 0x235
unc_m3upi_txc_bl_arb_fail.vn1_ncb, 0x4035
unc_m3upi_txc_bl_arb_fail.vn1_ncs, 0x8035
unc_m3upi_txc_bl_arb_fail.vn1_rsp, 0x1035
unc_m3upi_txc_bl_arb_fail.vn1_wb, 0x2035
unc_m3upi_txc_bl_flq_cycles_ne.vn0_req, 0x128
unc_m3upi_txc_bl_flq_cycles_ne.vn0_rsp, 0x428
unc_m3upi_txc_bl_flq_cycles_ne.vn0_snp, 0x228
unc_m3upi_txc_bl_flq_cycles_ne.vn0_wb, 0x828
unc_m3upi_txc_bl_flq_cycles_ne.vn1_req, 0x1028
unc_m3upi_txc_bl_flq_cycles_ne.vn1_rsp, 0x4028
unc_m3upi_txc_bl_flq_cycles_ne.vn1_snp, 0x2028
unc_m3upi_txc_bl_flq_cycles_ne.vn1_wb, 0x8028
unc_m3upi_txc_bl_flq_inserts.vn0_ncb, 0x12e
unc_m3upi_txc_bl_flq_inserts.vn0_ncs, 0x22e
unc_m3upi_txc_bl_flq_inserts.vn0_rsp, 0x82e
unc_m3upi_txc_bl_flq_inserts.vn0_wb, 0x42e
unc_m3upi_txc_bl_flq_inserts.vn1_ncb, 0x102e
unc_m3upi_txc_bl_flq_inserts.vn1_ncs, 0x202e
unc_m3upi_txc_bl_flq_inserts.vn1_rsp, 0x802e
unc_m3upi_txc_bl_flq_inserts.vn1_wb, 0x402e
unc_m3upi_txc_bl_flq_occupancy.vn0_ncb, 0x41d
unc_m3upi_txc_bl_flq_occupancy.vn0_ncs, 0x81d
unc_m3upi_txc_bl_flq_occupancy.vn0_rsp, 0x11d
unc_m3upi_txc_bl_flq_occupancy.vn0_wb, 0x21d
unc_m3upi_txc_bl_flq_occupancy.vn1_ncb, 0x401d
unc_m3upi_txc_bl_flq_occupancy.vn1_ncs, 0x801d
unc_m3upi_txc_bl_flq_occupancy.vn1_rsp, 0x101d
unc_m3upi_txc_bl_flq_occupancy.vn1_wb, 0x201d
unc_m3upi_txc_bl_wb_flq_occupancy.vn0_local, 0x11f
unc_m3upi_txc_bl_wb_flq_occupancy.vn0_through, 0x21f
unc_m3upi_txc_bl_wb_flq_occupancy.vn0_wrpull, 0x41f
unc_m3upi_txc_bl_wb_flq_occupancy.vn1_local, 0x101f
unc_m3upi_txc_bl_wb_flq_occupancy.vn1_through, 0x201f
unc_m3upi_txc_bl_wb_flq_occupancy.vn1_wrpull, 0x401f
unc_m3upi_txr_horz_ads_used.ad_all, 0x11a6
unc_m3upi_txr_horz_ads_used.ad_crd, 0x10a6
unc_m3upi_txr_horz_ads_used.ad_uncrd, 0x1a6
unc_m3upi_txr_horz_ads_used.bl_all, 0x44a6
unc_m3upi_txr_horz_ads_used.bl_crd, 0x40a6
unc_m3upi_txr_horz_ads_used.bl_uncrd, 0x4a6
unc_m3upi_txr_horz_bypass.ad_all, 0x11a7
unc_m3upi_txr_horz_bypass.ad_crd, 0x10a7
unc_m3upi_txr_horz_bypass.ad_uncrd, 0x1a7
unc_m3upi_txr_horz_bypass.ak, 0x2a7
unc_m3upi_txr_horz_bypass.akc_uncrd, 0x80a7
unc_m3upi_txr_horz_bypass.bl_all, 0x44a7
unc_m3upi_txr_horz_bypass.bl_crd, 0x40a7
unc_m3upi_txr_horz_bypass.bl_uncrd, 0x4a7
unc_m3upi_txr_horz_bypass.iv, 0x8a7
unc_m3upi_txr_horz_cycles_full.ad_all, 0x11a2
unc_m3upi_txr_horz_cycles_full.ad_crd, 0x10a2
unc_m3upi_txr_horz_cycles_full.ad_uncrd, 0x1a2
unc_m3upi_txr_horz_cycles_full.ak, 0x2a2
unc_m3upi_txr_horz_cycles_full.akc_uncrd, 0x80a2
unc_m3upi_txr_horz_cycles_full.bl_all, 0x44a2
unc_m3upi_txr_horz_cycles_full.bl_crd, 0x40a2
unc_m3upi_txr_horz_cycles_full.bl_uncrd, 0x4a2
unc_m3upi_txr_horz_cycles_full.iv, 0x8a2
unc_m3upi_txr_horz_cycles_ne.ad_all, 0x11a3
unc_m3upi_txr_horz_cycles_ne.ad_crd, 0x10a3
unc_m3upi_txr_horz_cycles_ne.ad_uncrd, 0x1a3
unc_m3upi_txr_horz_cycles_ne.ak, 0x2a3
unc_m3upi_txr_horz_cycles_ne.akc_uncrd, 0x80a3
unc_m3upi_txr_horz_cycles_ne.bl_all, 0x44a3
unc_m3upi_txr_horz_cycles_ne.bl_crd, 0x40a3
unc_m3upi_txr_horz_cycles_ne.bl_uncrd, 0x4a3
unc_m3upi_txr_horz_cycles_ne.iv, 0x8a3
unc_m3upi_txr_horz_inserts.ad_all, 0x11a1
unc_m3upi_txr_horz_inserts.ad_crd, 0x10a1
unc_m3upi_txr_horz_inserts.ad_uncrd, 0x1a1
unc_m3upi_txr_horz_inserts.ak, 0x2a1
unc_m3upi_txr_horz_inserts.akc_uncrd, 0x80a1
unc_m3upi_txr_horz_inserts.bl_all, 0x44a1
unc_m3upi_txr_horz_inserts.bl_crd, 0x40a1
unc_m3upi_txr_horz_inserts.bl_uncrd, 0x4a1
unc_m3upi_txr_horz_inserts.iv, 0x8a1
unc_m3upi_txr_horz_nack.ad_all, 0x11a4
unc_m3upi_txr_horz_nack.ad_crd, 0x10a4
unc_m3upi_txr_horz_nack.ad_uncrd, 0x1a4
unc_m3upi_txr_horz_nack.ak, 0x2a4
unc_m3upi_txr_horz_nack.akc_uncrd, 0x80a4
unc_m3upi_txr_horz_nack.bl_all, 0x44a4
unc_m3upi_txr_horz_nack.bl_crd, 0x40a4
unc_m3upi_txr_horz_nack.bl_uncrd, 0x4a4
unc_m3upi_txr_horz_nack.iv, 0x8a4
unc_m3upi_txr_horz_occupancy.ad_all, 0x11a0
unc_m3upi_txr_horz_occupancy.ad_crd, 0x10a0
unc_m3upi_txr_horz_occupancy.ad_uncrd, 0x1a0
unc_m3upi_txr_horz_occupancy.ak, 0x2a0
unc_m3upi_txr_horz_occupancy.akc_uncrd, 0x80a0
unc_m3upi_txr_horz_occupancy.bl_all, 0x44a0
unc_m3upi_txr_horz_occupancy.bl_crd, 0x40a0
unc_m3upi_txr_horz_occupancy.bl_uncrd, 0x4a0
unc_m3upi_txr_horz_occupancy.iv, 0x8a0
unc_m3upi_txr_horz_starved.ad_all, 0x1a5
unc_m3upi_txr_horz_starved.ad_uncrd, 0x1a5
unc_m3upi_txr_horz_starved.ak, 0x2a5
unc_m3upi_txr_horz_starved.akc_uncrd, 0x80a5
unc_m3upi_txr_horz_starved.bl_all, 0x4a5
unc_m3upi_txr_horz_starved.bl_uncrd, 0x4a5
unc_m3upi_txr_horz_starved.iv, 0x8a5
unc_m3upi_txr_vert_ads_used.ad_ag0, 0x19c
unc_m3upi_txr_vert_ads_used.ad_ag1, 0x109c
unc_m3upi_txr_vert_ads_used.bl_ag0, 0x49c
unc_m3upi_txr_vert_ads_used.bl_ag1, 0x409c
unc_m3upi_txr_vert_bypass.ad_ag0, 0x19d
unc_m3upi_txr_vert_bypass.ad_ag1, 0x109d
unc_m3upi_txr_vert_bypass.ak_ag0, 0x29d
unc_m3upi_txr_vert_bypass.ak_ag1, 0x209d
unc_m3upi_txr_vert_bypass.bl_ag0, 0x49d
unc_m3upi_txr_vert_bypass.bl_ag1, 0x409d
unc_m3upi_txr_vert_bypass.iv_ag1, 0x89d
unc_m3upi_txr_vert_bypass_1.akc_ag0, 0x19e
unc_m3upi_txr_vert_bypass_1.akc_ag1, 0x29e
unc_m3upi_txr_vert_cycles_full0.ad_ag0, 0x194
unc_m3upi_txr_vert_cycles_full0.ad_ag1, 0x1094
unc_m3upi_txr_vert_cycles_full0.ak_ag0, 0x294
unc_m3upi_txr_vert_cycles_full0.ak_ag1, 0x2094
unc_m3upi_txr_vert_cycles_full0.bl_ag0, 0x494
unc_m3upi_txr_vert_cycles_full0.bl_ag1, 0x4094
unc_m3upi_txr_vert_cycles_full0.iv_ag0, 0x894
unc_m3upi_txr_vert_cycles_full1.akc_ag0, 0x195
unc_m3upi_txr_vert_cycles_full1.akc_ag1, 0x295
unc_m3upi_txr_vert_cycles_ne0.ad_ag0, 0x196
unc_m3upi_txr_vert_cycles_ne0.ad_ag1, 0x1096
unc_m3upi_txr_vert_cycles_ne0.ak_ag0, 0x296
unc_m3upi_txr_vert_cycles_ne0.ak_ag1, 0x2096
unc_m3upi_txr_vert_cycles_ne0.bl_ag0, 0x496
unc_m3upi_txr_vert_cycles_ne0.bl_ag1, 0x4096
unc_m3upi_txr_vert_cycles_ne0.iv_ag0, 0x896
unc_m3upi_txr_vert_cycles_ne1.akc_ag0, 0x197
unc_m3upi_txr_vert_cycles_ne1.akc_ag1, 0x297
unc_m3upi_txr_vert_inserts0.ad_ag0, 0x192
unc_m3upi_txr_vert_inserts0.ad_ag1, 0x1092
unc_m3upi_txr_vert_inserts0.ak_ag0, 0x292
unc_m3upi_txr_vert_inserts0.ak_ag1, 0x2092
unc_m3upi_txr_vert_inserts0.bl_ag0, 0x492
unc_m3upi_txr_vert_inserts0.bl_ag1, 0x4092
unc_m3upi_txr_vert_inserts0.iv_ag0, 0x892
unc_m3upi_txr_vert_inserts1.akc_ag0, 0x193
unc_m3upi_txr_vert_inserts1.akc_ag1, 0x293
unc_m3upi_txr_vert_nack0.ad_ag0, 0x198
unc_m3upi_txr_vert_nack0.ad_ag1, 0x1098
unc_m3upi_txr_vert_nack0.ak_ag0, 0x298
unc_m3upi_txr_vert_nack0.ak_ag1, 0x2098
unc_m3upi_txr_vert_nack0.bl_ag0, 0x498
unc_m3upi_txr_vert_nack0.bl_ag1, 0x4098
unc_m3upi_txr_vert_nack0.iv_ag0, 0x898
unc_m3upi_txr_vert_nack1.akc_ag0, 0x199
unc_m3upi_txr_vert_nack1.akc_ag1, 0x299
unc_m3upi_txr_vert_occupancy0.ad_ag0, 0x190
unc_m3upi_txr_vert_occupancy0.ad_ag1, 0x1090
unc_m3upi_txr_vert_occupancy0.ak_ag0, 0x290
unc_m3upi_txr_vert_occupancy0.ak_ag1, 0x2090
unc_m3upi_txr_vert_occupancy0.bl_ag0, 0x490
unc_m3upi_txr_vert_occupancy0.bl_ag1, 0x4090
unc_m3upi_txr_vert_occupancy0.iv_ag0, 0x890
unc_m3upi_txr_vert_occupancy1.akc_ag0, 0x191
unc_m3upi_txr_vert_occupancy1.akc_ag1, 0x291
unc_m3upi_txr_vert_starved0.ad_ag0, 0x19a
unc_m3upi_txr_vert_starved0.ad_ag1, 0x109a
unc_m3upi_txr_vert_starved0.ak_ag0, 0x29a
unc_m3upi_txr_vert_starved0.ak_ag1, 0x209a
unc_m3upi_txr_vert_starved0.bl_ag0, 0x49a
unc_m3upi_txr_vert_starved0.bl_ag1, 0x409a
unc_m3upi_txr_vert_starved0.iv_ag0, 0x89a
unc_m3upi_txr_vert_starved1.akc_ag0, 0x19b
unc_m3upi_txr_vert_starved1.akc_ag1, 0x29b
unc_m3upi_txr_vert_starved1.tgc, 0x49b
unc_m3upi_upi_peer_ad_credits_empty.vn0_req, 0x220
unc_m3upi_upi_peer_ad_credits_empty.vn0_rsp, 0x820
unc_m3upi_upi_peer_ad_credits_empty.vn0_snp, 0x420
unc_m3upi_upi_peer_ad_credits_empty.vn1_req, 0x1020
unc_m3upi_upi_peer_ad_credits_empty.vn1_rsp, 0x4020
unc_m3upi_upi_peer_ad_credits_empty.vn1_snp, 0x2020
unc_m3upi_upi_peer_ad_credits_empty.vna, 0x120
unc_m3upi_upi_peer_bl_credits_empty.vn0_ncs_ncb, 0x421
unc_m3upi_upi_peer_bl_credits_empty.vn0_rsp, 0x221
unc_m3upi_upi_peer_bl_credits_empty.vn0_wb, 0x821
unc_m3upi_upi_peer_bl_credits_empty.vn1_ncs_ncb, 0x2021
unc_m3upi_upi_peer_bl_credits_empty.vn1_rsp, 0x1021
unc_m3upi_upi_peer_bl_credits_empty.vn1_wb, 0x4021
unc_m3upi_upi_peer_bl_credits_empty.vna, 0x121
unc_m3upi_upi_prefetch_spawn, 0x29
unc_m3upi_vert_ring_ad_in_use.dn_even, 0x4b0
unc_m3upi_vert_ring_ad_in_use.dn_odd, 0x8b0
unc_m3upi_vert_ring_ad_in_use.up_even, 0x1b0
unc_m3upi_vert_ring_ad_in_use.up_odd, 0x2b0
unc_m3upi_vert_ring_ak_in_use.dn_even, 0x4b1
unc_m3upi_vert_ring_ak_in_use.dn_odd, 0x8b1
unc_m3upi_vert_ring_ak_in_use.up_even, 0x1b1
unc_m3upi_vert_ring_ak_in_use.up_odd, 0x2b1
unc_m3upi_vert_ring_akc_in_use.dn_even, 0x4b4
unc_m3upi_vert_ring_akc_in_use.dn_odd, 0x8b4
unc_m3upi_vert_ring_akc_in_use.up_even, 0x1b4
unc_m3upi_vert_ring_akc_in_use.up_odd, 0x2b4
unc_m3upi_vert_ring_bl_in_use.dn_even, 0x4b2
unc_m3upi_vert_ring_bl_in_use.dn_odd, 0x8b2
unc_m3upi_vert_ring_bl_in_use.up_even, 0x1b2
unc_m3upi_vert_ring_bl_in_use.up_odd, 0x2b2
unc_m3upi_vert_ring_iv_in_use.dn, 0x4b3
unc_m3upi_vert_ring_iv_in_use.up, 0x1b3
unc_m3upi_vert_ring_tgc_in_use.dn_even, 0x4b5
unc_m3upi_vert_ring_tgc_in_use.dn_odd, 0x8b5
unc_m3upi_vert_ring_tgc_in_use.up_even, 0x1b5
unc_m3upi_vert_ring_tgc_in_use.up_odd, 0x2b5
unc_m3upi_vn0_credits_used.ncb, 0x105b
unc_m3upi_vn0_credits_used.ncs, 0x205b
unc_m3upi_vn0_credits_used.req, 0x15b
unc_m3upi_vn0_credits_used.rsp, 0x45b
unc_m3upi_vn0_credits_used.snp, 0x25b
unc_m3upi_vn0_credits_used.wb, 0x85b
unc_m3upi_vn0_no_credits.ncb, 0x105d
unc_m3upi_vn0_no_credits.ncs, 0x205d
unc_m3upi_vn0_no_credits.req, 0x15d
unc_m3upi_vn0_no_credits.rsp, 0x45d
unc_m3upi_vn0_no_credits.snp, 0x25d
unc_m3upi_vn0_no_credits.wb, 0x85d
unc_m3upi_vn1_credits_used.ncb, 0x105c
unc_m3upi_vn1_credits_used.ncs, 0x205c
unc_m3upi_vn1_credits_used.req, 0x15c
unc_m3upi_vn1_credits_used.rsp, 0x45c
unc_m3upi_vn1_credits_used.snp, 0x25c
unc_m3upi_vn1_credits_used.wb, 0x85c
unc_m3upi_vn1_no_credits.ncb, 0x105e
unc_m3upi_vn1_no_credits.ncs, 0x205e
unc_m3upi_vn1_no_credits.req, 0x15e
unc_m3upi_vn1_no_credits.rsp, 0x45e
unc_m3upi_vn1_no_credits.snp, 0x25e
unc_m3upi_vn1_no_credits.wb, 0x85e
unc_m3upi_wb_occ_compare.bothnonzero_rt_eq_localdest_vn0, 0x827e
unc_m3upi_wb_occ_compare.bothnonzero_rt_eq_localdest_vn1, 0xa07e
unc_m3upi_wb_occ_compare.bothnonzero_rt_gt_localdest_vn0, 0x817e
unc_m3upi_wb_occ_compare.bothnonzero_rt_gt_localdest_vn1, 0x907e
unc_m3upi_wb_occ_compare.bothnonzero_rt_lt_localdest_vn0, 0x847e
unc_m3upi_wb_occ_compare.bothnonzero_rt_lt_localdest_vn1, 0xc07e
unc_m3upi_wb_occ_compare.rt_eq_localdest_vn0, 0x27e
unc_m3upi_wb_occ_compare.rt_eq_localdest_vn1, 0x207e
unc_m3upi_wb_occ_compare.rt_gt_localdest_vn0, 0x17e
unc_m3upi_wb_occ_compare.rt_gt_localdest_vn1, 0x107e
unc_m3upi_wb_occ_compare.rt_lt_localdest_vn0, 0x47e
unc_m3upi_wb_occ_compare.rt_lt_localdest_vn1, 0x407e
unc_m3upi_wb_pending.local_and_rt_vn0, 0x47d
unc_m3upi_wb_pending.local_and_rt_vn1, 0x407d
unc_m3upi_wb_pending.localdest_vn0, 0x17d
unc_m3upi_wb_pending.localdest_vn1, 0x107d
unc_m3upi_wb_pending.routethru_vn0, 0x27d
unc_m3upi_wb_pending.routethru_vn1, 0x207d
unc_m3upi_wb_pending.waiting4pull_vn0, 0x87d
unc_m3upi_wb_pending.waiting4pull_vn1, 0x807d
unc_m3upi_xpt_pftch.arb, 0x461
unc_m3upi_xpt_pftch.arrived, 0x161
unc_m3upi_xpt_pftch.bypass, 0x261
unc_m3upi_xpt_pftch.flitted, 0x1061
unc_m3upi_xpt_pftch.lost_arb, 0x861
unc_m3upi_xpt_pftch.lost_old, 0x2061
unc_m3upi_xpt_pftch.lost_qfull, 0x2061
unc_m_act_count.all, 0xb01
unc_m_act_count.byp, 0x801
unc_m_cas_count.all, 0x3f04
unc_m_cas_count.rd, 0xf04
unc_m_cas_count.rd_pre_reg, 0x204
unc_m_cas_count.rd_pre_underfill, 0x804
unc_m_cas_count.rd_reg, 0x104
unc_m_cas_count.rd_underfill, 0x404
unc_m_cas_count.wr, 0x3004
unc_m_cas_count.wr_nonpre, 0x1004
unc_m_cas_count.wr_pre, 0x2004
unc_m_clockticks_freerun, 0x10ff
unc_m_dram_pre_all, 0x44
unc_m_dram_refresh.high, 0x445
unc_m_dram_refresh.opportunistic, 0x145
unc_m_dram_refresh.panic, 0x245
unc_m_hclockticks, 0xff
unc_m_parity_errors, 0x2c
unc_m_pcls.rd, 0x1a0
unc_m_pcls.total, 0x4a0
unc_m_pcls.wr, 0x2a0
unc_m_pmm_cmd1.all, 0x1ea
unc_m_pmm_cmd1.misc, 0x80ea
unc_m_pmm_cmd1.misc_gnt, 0x40ea
unc_m_pmm_cmd1.rd, 0x2ea
unc_m_pmm_cmd1.rpq_gnts, 0x10ea
unc_m_pmm_cmd1.ufill_rd, 0x8ea
unc_m_pmm_cmd1.wpq_gnts, 0x20ea
unc_m_pmm_cmd1.wr, 0x4ea
unc_m_pmm_cmd2.nodata_exp, 0x2eb
unc_m_pmm_cmd2.nodata_unexp, 0x4eb
unc_m_pmm_cmd2.opp_rd, 0x1eb
unc_m_pmm_cmd2.pmm_ecc_error, 0x20eb
unc_m_pmm_cmd2.pmm_erid_error, 0x40eb
unc_m_pmm_cmd2.pmm_erid_starved, 0x80eb
unc_m_pmm_cmd2.reqs_slot0, 0x8eb
unc_m_pmm_cmd2.reqs_slot1, 0x10eb
unc_m_pmm_rpq_cycles_full, 0xe2
unc_m_pmm_rpq_cycles_ne, 0xe1
unc_m_pmm_rpq_inserts, 0xe3
unc_m_pmm_rpq_occupancy.all, 0x1e0
unc_m_pmm_rpq_occupancy.gnt_wait, 0x4e0
unc_m_pmm_rpq_occupancy.no_gnt, 0x2e0
unc_m_pmm_wpq_cycles_full, 0xe6
unc_m_pmm_wpq_cycles_ne, 0xe5
unc_m_pmm_wpq_flush, 0xe8
unc_m_pmm_wpq_flush_cyc, 0xe9
unc_m_pmm_wpq_inserts, 0xe7
unc_m_pmm_wpq_occupancy.all, 0x1e4
unc_m_pmm_wpq_occupancy.cas, 0x2e4
unc_m_pmm_wpq_occupancy.pwr, 0x4e4
unc_m_power_channel_ppd, 0x85
unc_m_power_cke_cycles.low_0, 0x147
unc_m_power_cke_cycles.low_1, 0x247
unc_m_power_cke_cycles.low_2, 0x447
unc_m_power_cke_cycles.low_3, 0x847
unc_m_power_crit_throttle_cycles.slot0, 0x186
unc_m_power_crit_throttle_cycles.slot1, 0x286
unc_m_power_self_refresh, 0x43
unc_m_power_throttle_cycles.slot0, 0x146
unc_m_power_throttle_cycles.slot1, 0x246
unc_m_pre_count.all, 0x1c02
unc_m_pre_count.page_miss, 0xc02
unc_m_pre_count.pgt, 0x1002
unc_m_pre_count.rd, 0x402
unc_m_pre_count.wr, 0x802
unc_m_rdb_full, 0x19
unc_m_rdb_inserts, 0x17
unc_m_rdb_not_empty, 0x18
unc_m_rdb_occupancy, 0x1a
unc_m_rpq_cycles_full_pch0, 0x12
unc_m_rpq_cycles_full_pch1, 0x15
unc_m_rpq_cycles_ne.pch0, 0x111
unc_m_rpq_cycles_ne.pch1, 0x211
unc_m_rpq_inserts.pch0, 0x110
unc_m_rpq_inserts.pch1, 0x210
unc_m_rpq_occupancy_pch0, 0x80
unc_m_rpq_occupancy_pch1, 0x81
unc_m_sb_accesses.accepts, 0x5d2
unc_m_sb_accesses.fm_rd_cmps, 0x40d2
unc_m_sb_accesses.fm_wr_cmps, 0x80d2
unc_m_sb_accesses.fmrd_cmps, 0x40d2
unc_m_sb_accesses.fmwr_cmps, 0x80d2
unc_m_sb_accesses.nm_rd_cmps, 0x10d2
unc_m_sb_accesses.nm_wr_cmps, 0x20d2
unc_m_sb_accesses.nmrd_cmps, 0x10d2
unc_m_sb_accesses.nmwr_cmps, 0x20d2
unc_m_sb_accesses.rd_accepts, 0x1d2
unc_m_sb_accesses.rd_rejects, 0x2d2
unc_m_sb_accesses.rejects, 0xad2
unc_m_sb_accesses.wr_accepts, 0x4d2
unc_m_sb_accesses.wr_rejects, 0x8d2
unc_m_sb_canary.alloc, 0x1d9
unc_m_sb_canary.dealloc, 0x2d9
unc_m_sb_canary.fm_rd_starved, 0x20d9
unc_m_sb_canary.fm_tgr_wr_starved, 0x80d9
unc_m_sb_canary.fm_wr_starved, 0x40d9
unc_m_sb_canary.fmrd_starved, 0x20d9
unc_m_sb_canary.fmtgrwr_starved, 0x80d9
unc_m_sb_canary.fmwr_starved, 0x40d9
unc_m_sb_canary.nm_rd_starved, 0x8d9
unc_m_sb_canary.nm_wr_starved, 0x10d9
unc_m_sb_canary.nmrd_starved, 0x8d9
unc_m_sb_canary.nmwr_starved, 0x10d9
unc_m_sb_canary.vld, 0x4d9
unc_m_sb_cycles_full, 0xd1
unc_m_sb_cycles_ne, 0xd0
unc_m_sb_inserts.block_rds, 0x10d6
unc_m_sb_inserts.block_wrs, 0x20d6
unc_m_sb_inserts.pmm_rds, 0x4d6
unc_m_sb_inserts.pmm_wrs, 0x8d6
unc_m_sb_inserts.rds, 0x1d6
unc_m_sb_inserts.wrs, 0x2d6
unc_m_sb_occupancy.block_rds, 0x20d5
unc_m_sb_occupancy.block_wrs, 0x40d5
unc_m_sb_occupancy.pmm_rds, 0x4d5
unc_m_sb_occupancy.pmm_wrs, 0x8d5
unc_m_sb_occupancy.rds, 0x1d5
unc_m_sb_pref_inserts.all, 0x1da
unc_m_sb_pref_inserts.ddr, 0x2da
unc_m_sb_pref_inserts.pmm, 0x4da
unc_m_sb_pref_occupancy.all, 0x1db
unc_m_sb_pref_occupancy.ddr, 0x2db
unc_m_sb_pref_occupancy.pmem, 0x4db
unc_m_sb_pref_occupancy.pmm, 0x4db
unc_m_sb_reject.canary, 0x8d4
unc_m_sb_reject.ddr_early_cmp, 0x20d4
unc_m_sb_reject.fm_addr_cnflt, 0x2d4
unc_m_sb_reject.nm_set_cnflt, 0x1d4
unc_m_sb_reject.patrol_set_cnflt, 0x4d4
unc_m_sb_strv_alloc.fm_rd, 0x2d7
unc_m_sb_strv_alloc.fm_tgr, 0x10d7
unc_m_sb_strv_alloc.fm_wr, 0x8d7
unc_m_sb_strv_alloc.fmrd, 0x2d7
unc_m_sb_strv_alloc.fmtgr, 0x10d7
unc_m_sb_strv_alloc.fmwr, 0x8d7
unc_m_sb_strv_alloc.nm_rd, 0x1d7
unc_m_sb_strv_alloc.nm_wr, 0x4d7
unc_m_sb_strv_alloc.nmrd, 0x1d7
unc_m_sb_strv_alloc.nmwr, 0x4d7
unc_m_sb_strv_dealloc.fm_rd, 0x2de
unc_m_sb_strv_dealloc.fm_tgr, 0x10de
unc_m_sb_strv_dealloc.fm_wr, 0x8de
unc_m_sb_strv_dealloc.fmrd, 0x2de
unc_m_sb_strv_dealloc.fmtgr, 0x10de
unc_m_sb_strv_dealloc.fmwr, 0x8de
unc_m_sb_strv_dealloc.nm_rd, 0x1de
unc_m_sb_strv_dealloc.nm_wr, 0x4de
unc_m_sb_strv_dealloc.nmrd, 0x1de
unc_m_sb_strv_dealloc.nmwr, 0x4de
unc_m_sb_strv_occ.fm_rd, 0x2d8
unc_m_sb_strv_occ.fm_tgr, 0x10d8
unc_m_sb_strv_occ.fm_wr, 0x8d8
unc_m_sb_strv_occ.fmrd, 0x2d8
unc_m_sb_strv_occ.fmtgr, 0x10d8
unc_m_sb_strv_occ.fmwr, 0x8d8
unc_m_sb_strv_occ.nm_rd, 0x1d8
unc_m_sb_strv_occ.nm_wr, 0x4d8
unc_m_sb_strv_occ.nmrd, 0x1d8
unc_m_sb_strv_occ.nmwr, 0x4d8
unc_m_sb_tagged.ddr4_cmp, 0x8dd
unc_m_sb_tagged.new, 0x1dd
unc_m_sb_tagged.occ, 0x80dd
unc_m_sb_tagged.pmm0_cmp, 0x10dd
unc_m_sb_tagged.pmm1_cmp, 0x20dd
unc_m_sb_tagged.pmm2_cmp, 0x40dd
unc_m_sb_tagged.rd_hit, 0x2dd
unc_m_sb_tagged.rd_miss, 0x4dd
unc_m_tagchk.hit, 0x1d3
unc_m_tagchk.miss_clean, 0x2d3
unc_m_tagchk.miss_dirty, 0x4d3
unc_m_tagchk.nm_rd_hit, 0x8d3
unc_m_tagchk.nm_wr_hit, 0x10d3
unc_m_wpq_cycles_full_pch0, 0x22
unc_m_wpq_cycles_full_pch1, 0x16
unc_m_wpq_cycles_ne.pch0, 0x121
unc_m_wpq_cycles_ne.pch1, 0x221
unc_m_wpq_inserts.pch0, 0x120
unc_m_wpq_inserts.pch1, 0x220
unc_m_wpq_occupancy_pch0, 0x82
unc_m_wpq_occupancy_pch1, 0x83
unc_m_wpq_read_hit.pch0, 0x123
unc_m_wpq_read_hit.pch1, 0x223
unc_m_wpq_write_hit.pch0, 0x124
unc_m_wpq_write_hit.pch1, 0x224
unc_p_core_transition_cycles, 0x60
unc_p_demotions, 0x30
unc_p_fivr_ps_ps0_cycles, 0x75
unc_p_fivr_ps_ps1_cycles, 0x76
unc_p_fivr_ps_ps2_cycles, 0x77
unc_p_fivr_ps_ps3_cycles, 0x78
unc_p_freq_clip_avx256, 0x49
unc_p_freq_clip_avx512, 0x4a
unc_p_freq_max_limit_thermal_cycles, 0x4
unc_p_freq_max_power_cycles, 0x5
unc_p_freq_min_io_p_cycles, 0x73
unc_p_freq_trans_cycles, 0x74
unc_p_memory_phase_shedding_cycles, 0x2f
unc_p_pkg_residency_c0_cycles, 0x2a
unc_p_pkg_residency_c2e_cycles, 0x2b
unc_p_pkg_residency_c3_cycles, 0x2c
unc_p_pkg_residency_c6_cycles, 0x2d
unc_p_pmax_throttled_cycles, 0x6
unc_p_power_state_occupancy.cores_c0, 0x4080
unc_p_power_state_occupancy.cores_c3, 0x8080
unc_p_power_state_occupancy.cores_c6, 0xc080
unc_p_prochot_external_cycles, 0xa
unc_p_prochot_internal_cycles, 0x9
unc_p_total_transition_cycles, 0x72
unc_p_vr_hot_cycles, 0x42
unc_u_clockticks, 0xff
unc_u_event_msg.doorbell_rcvd, 0x842
unc_u_event_msg.int_prio, 0x1042
unc_u_event_msg.ipi_rcvd, 0x442
unc_u_event_msg.msi_rcvd, 0x242
unc_u_event_msg.vlw_rcvd, 0x142
unc_u_lock_cycles, 0x44
unc_u_m2u_misc1.rxc_cycles_ne_cbo_ncb, 0x14d
unc_u_m2u_misc1.rxc_cycles_ne_cbo_ncs, 0x24d
unc_u_m2u_misc1.rxc_cycles_ne_upi_ncb, 0x44d
unc_u_m2u_misc1.rxc_cycles_ne_upi_ncs, 0x84d
unc_u_m2u_misc1.txc_cycles_crd_ovf_cbo_ncb, 0x104d
unc_u_m2u_misc1.txc_cycles_crd_ovf_cbo_ncs, 0x204d
unc_u_m2u_misc1.txc_cycles_crd_ovf_upi_ncb, 0x404d
unc_u_m2u_misc1.txc_cycles_crd_ovf_upi_ncs, 0x804d
unc_u_m2u_misc2.rxc_cycles_empty_bl, 0x24e
unc_u_m2u_misc2.rxc_cycles_full_bl, 0x14e
unc_u_m2u_misc2.txc_cycles_crd_ovf_vn0_ncb, 0x44e
unc_u_m2u_misc2.txc_cycles_crd_ovf_vn0_ncs, 0x84e
unc_u_m2u_misc2.txc_cycles_empty_ak, 0x204e
unc_u_m2u_misc2.txc_cycles_empty_akc, 0x404e
unc_u_m2u_misc2.txc_cycles_empty_bl, 0x104e
unc_u_m2u_misc2.txc_cycles_full_bl, 0x804e
unc_u_m2u_misc3.txc_cycles_full_ak, 0x14f
unc_u_m2u_misc3.txc_cycles_full_akc, 0x24f
unc_u_phold_cycles.assert_to_ack, 0x145
unc_u_racu_drng.pftch_buf_empty, 0x44c
unc_u_racu_drng.rdrand, 0x14c
unc_u_racu_drng.rdseed, 0x24c
unc_u_racu_requests, 0x46
unc_upi_clockticks, 0x1
unc_upi_direct_attempts.d2c, 0x112
unc_upi_direct_attempts.d2k, 0x212
unc_upi_flowq_no_vna_crd.ad_vna_eq0, 0x118
unc_upi_flowq_no_vna_crd.ad_vna_eq1, 0x218
unc_upi_flowq_no_vna_crd.ad_vna_eq2, 0x418
unc_upi_flowq_no_vna_crd.ak_vna_eq0, 0x1018
unc_upi_flowq_no_vna_crd.ak_vna_eq1, 0x2018
unc_upi_flowq_no_vna_crd.ak_vna_eq2, 0x4018
unc_upi_flowq_no_vna_crd.ak_vna_eq3, 0x8018
unc_upi_flowq_no_vna_crd.bl_vna_eq0, 0x818
unc_upi_l1_power_cycles, 0x21
unc_upi_m3_byp_blocked.bgf_crd, 0x814
unc_upi_m3_byp_blocked.flowq_ad_vna_le2, 0x114
unc_upi_m3_byp_blocked.flowq_ak_vna_le3, 0x414
unc_upi_m3_byp_blocked.flowq_bl_vna_eq0, 0x214
unc_upi_m3_byp_blocked.gv_block, 0x1014
unc_upi_m3_crd_return_blocked, 0x16
unc_upi_m3_rxq_blocked.bgf_crd, 0x2015
unc_upi_m3_rxq_blocked.flowq_ad_vna_btw_2_thresh, 0x215
unc_upi_m3_rxq_blocked.flowq_ad_vna_le2, 0x115
unc_upi_m3_rxq_blocked.flowq_ak_vna_le3, 0x1015
unc_upi_m3_rxq_blocked.flowq_bl_vna_btw_0_thresh, 0x815
unc_upi_m3_rxq_blocked.flowq_bl_vna_eq0, 0x415
unc_upi_m3_rxq_blocked.gv_block, 0x4015
unc_upi_phy_init_cycles, 0x20
unc_upi_power_l1_nack, 0x23
unc_upi_power_l1_req, 0x22
unc_upi_req_slot2_from_m3.ack, 0x846
unc_upi_req_slot2_from_m3.vn0, 0x246
unc_upi_req_slot2_from_m3.vn1, 0x446
unc_upi_req_slot2_from_m3.vna, 0x146
unc_upi_rxl0_power_cycles, 0x24
unc_upi_rxl0p_power_cycles, 0x25
unc_upi_rxl_basic_hdr_match.ncb, 0xe05
unc_upi_rxl_basic_hdr_match.ncb_opc, 0x10e05
unc_upi_rxl_basic_hdr_match.ncs, 0xf05
unc_upi_rxl_basic_hdr_match.ncs_opc, 0x10f05
unc_upi_rxl_basic_hdr_match.req, 0x805
unc_upi_rxl_basic_hdr_match.req_opc, 0x10805
unc_upi_rxl_basic_hdr_match.rsp_data, 0xc05
unc_upi_rxl_basic_hdr_match.rsp_data_opc, 0x10c05
unc_upi_rxl_basic_hdr_match.rsp_nodata, 0xa05
unc_upi_rxl_basic_hdr_match.rsp_nodata_opc, 0x10a05
unc_upi_rxl_basic_hdr_match.rspcnflt, 0x1aa05
unc_upi_rxl_basic_hdr_match.rspi, 0x12a05
unc_upi_rxl_basic_hdr_match.snp, 0x905
unc_upi_rxl_basic_hdr_match.snp_opc, 0x10905
unc_upi_rxl_basic_hdr_match.wb, 0xd05
unc_upi_rxl_basic_hdr_match.wb_opc, 0x10d05
unc_upi_rxl_bypassed.slot0, 0x131
unc_upi_rxl_bypassed.slot1, 0x231
unc_upi_rxl_bypassed.slot2, 0x431
unc_upi_rxl_crc_errors, 0xb
unc_upi_rxl_crc_llr_req_transmit, 0x8
unc_upi_rxl_credits_consumed_vn0, 0x39
unc_upi_rxl_credits_consumed_vn1, 0x3a
unc_upi_rxl_credits_consumed_vna, 0x38
unc_upi_rxl_flits.all_data, 0xf03
unc_upi_rxl_flits.all_null, 0x2703
unc_upi_rxl_flits.data, 0x803
unc_upi_rxl_flits.idle, 0x4703
unc_upi_rxl_flits.llcrd, 0x1003
unc_upi_rxl_flits.llctrl, 0x4003
unc_upi_rxl_flits.non_data, 0x9703
unc_upi_rxl_flits.null, 0x2003
unc_upi_rxl_flits.prothdr, 0x8003
unc_upi_rxl_flits.slot0, 0x103
unc_upi_rxl_flits.slot1, 0x203
unc_upi_rxl_flits.slot2, 0x403
unc_upi_rxl_inserts.slot0, 0x130
unc_upi_rxl_inserts.slot1, 0x230
unc_upi_rxl_inserts.slot2, 0x430
unc_upi_rxl_occupancy.slot0, 0x132
unc_upi_rxl_occupancy.slot1, 0x232
unc_upi_rxl_occupancy.slot2, 0x432
unc_upi_rxl_slot_bypass.s0_rxq1, 0x133
unc_upi_rxl_slot_bypass.s0_rxq2, 0x233
unc_upi_rxl_slot_bypass.s1_rxq0, 0x433
unc_upi_rxl_slot_bypass.s1_rxq2, 0x833
unc_upi_rxl_slot_bypass.s2_rxq0, 0x1033
unc_upi_rxl_slot_bypass.s2_rxq1, 0x2033
unc_upi_txl0_power_cycles, 0x26
unc_upi_txl0p_clk_active.cfg_ctl, 0x12a
unc_upi_txl0p_clk_active.dfx, 0x402a
unc_upi_txl0p_clk_active.retry, 0x202a
unc_upi_txl0p_clk_active.rxq, 0x22a
unc_upi_txl0p_clk_active.rxq_bypass, 0x42a
unc_upi_txl0p_clk_active.rxq_cred, 0x82a
unc_upi_txl0p_clk_active.spare, 0x802a
unc_upi_txl0p_clk_active.txq, 0x102a
unc_upi_txl0p_power_cycles, 0x27
unc_upi_txl0p_power_cycles_ll_enter, 0x28
unc_upi_txl0p_power_cycles_m3_exit, 0x29
unc_upi_txl_basic_hdr_match.ncb, 0xe04
unc_upi_txl_basic_hdr_match.ncb_opc, 0x10e04
unc_upi_txl_basic_hdr_match.ncs, 0xf04
unc_upi_txl_basic_hdr_match.ncs_opc, 0x10f04
unc_upi_txl_basic_hdr_match.req, 0x804
unc_upi_txl_basic_hdr_match.req_opc, 0x10804
unc_upi_txl_basic_hdr_match.rsp_data, 0xc04
unc_upi_txl_basic_hdr_match.rsp_data_opc, 0x10c04
unc_upi_txl_basic_hdr_match.rsp_nodata, 0xa04
unc_upi_txl_basic_hdr_match.rsp_nodata_opc, 0x10a04
unc_upi_txl_basic_hdr_match.rspcnflt, 0x1aa04
unc_upi_txl_basic_hdr_match.rspi, 0x12a04
unc_upi_txl_basic_hdr_match.snp, 0x904
unc_upi_txl_basic_hdr_match.snp_opc, 0x10904
unc_upi_txl_basic_hdr_match.wb, 0xd04
unc_upi_txl_basic_hdr_match.wb_opc, 0x10d04
unc_upi_txl_bypassed, 0x41
unc_upi_txl_flits.all_data, 0xf02
unc_upi_txl_flits.all_null, 0x2702
unc_upi_txl_flits.data, 0x802
unc_upi_txl_flits.idle, 0x4702
unc_upi_txl_flits.llcrd, 0x1002
unc_upi_txl_flits.llctrl, 0x4002
unc_upi_txl_flits.non_data, 0x9702
unc_upi_txl_flits.null, 0x2002
unc_upi_txl_flits.prothdr, 0x8002
unc_upi_txl_flits.slot0, 0x102
unc_upi_txl_flits.slot1, 0x202
unc_upi_txl_flits.slot2, 0x402
unc_upi_txl_inserts, 0x40
unc_upi_txl_occupancy, 0x42
unc_upi_vna_credit_return_blocked_vn01, 0x45
unc_upi_vna_credit_return_occupancy, 0x44
uops_decoded.dec0, 0x156
uops_dispatched.port_0, 0x1a1
uops_dispatched.port_1, 0x2a1
uops_dispatched.port_2_3, 0x4a1
uops_dispatched.port_4_9, 0x10a1
uops_dispatched.port_5, 0x20a1
uops_dispatched.port_6, 0x40a1
uops_dispatched.port_7_8, 0x80a1
uops_executed.core_cycles_ge_1, 0x2b1
uops_executed.core_cycles_ge_2, 0x2b1
uops_executed.core_cycles_ge_3, 0x2b1
uops_executed.core_cycles_ge_4, 0x2b1
uops_executed.cycles_ge_1, 0x1b1
uops_executed.cycles_ge_2, 0x1b1
uops_executed.cycles_ge_3, 0x1b1
uops_executed.cycles_ge_4, 0x1b1
uops_executed.stall_cycles, 0x1b1
uops_executed.thread, 0x1b1
uops_executed.x87, 0x10b1
uops_issued.any, 0x10e
uops_issued.stall_cycles, 0x10e
uops_issued.vector_width_mismatch, 0x20e
uops_retired.slots, 0x2c2
uops_retired.stall_cycles, 0x2c2
uops_retired.total_cycles, 0x2c2
